steam_appid,name,steam_release_date,release_month,release_date_source,in_vndb,in_steam_visual_novel_tag,set_category,in_target_scope,exclusion_reason,vndb_ids,vndb_release_ids,vndb_titles,vndb_rtypes,vndb_official,steam_title,price_text,is_free,store_url,vndb_url
1326860,Asterism - Demo,2020-01-02,2020-01,vndb_steam_release,True,False,VNDB_ONLY,True,,v23770,r58607,Asterism,trial,True,,,,https://store.steampowered.com/app/1326860/,https://vndb.org/v23770
1126320,Being a DIK: Season 1,2020-01-10,2020-01,vndb_steam_release,True,False,VNDB_ONLY,True,,v25288,r62141,Being a DIK,partial,True,,,,https://store.steampowered.com/app/1126320/,https://vndb.org/v25288
1215420,STARS ERA:LOST STARS Demo,2020-01-13,2020-01,vndb_steam_release,True,False,VNDB_ONLY,True,,v27680,r68927,Qunxing Zhan Ji: Yishi de Xingchen,trial,True,,,,https://store.steampowered.com/app/1215420/,https://vndb.org/v27680
1211080,Trials of Harmony ~ A Found Phone Mystery Visual Novel Demo,2020-01-15,2020-01,vndb_steam_release,True,False,VNDB_ONLY,True,,v26577,r76499,Trials of Harmony,trial,True,,,,https://store.steampowered.com/app/1211080/,https://vndb.org/v26577
1179100,Oppaidius: Tropical Cruise!,2020-01-16,2020-01,vndb_steam_release,True,False,VNDB_ONLY,True,,v26772,r66996,Oppaidius: Tropical Cruise!,complete,True,,,,https://store.steampowered.com/app/1179100/,https://vndb.org/v26772
1198630,Customer Cums First!,2020-01-17,2020-01,vndb_steam_release,True,False,VNDB_ONLY,True,,v13956,r68719;r86147,Haramasete ♪ Hitozuma Shoutengai ~Yari Houdai Hame Houdai Nakadashi Kanshasai Kaisai Chu ♪~,complete,True,,,,https://store.steampowered.com/app/1198630/,https://vndb.org/v13956
1274780,Kamonegi-go ga Mahou Ken de Ippai ni Naru - Trial Edition,2020-01-17,2020-01,vndb_steam_release,True,False,VNDB_ONLY,True,,v29914,r89934,Kamonegi-go ga Mahou Ken de Ippai ni Naru,trial,True,,,,https://store.steampowered.com/app/1274780/,https://vndb.org/v29914
1215680,LVN Fake News - Adult Patch,2020-01-17,2020-01,vndb_steam_release,True,False,VNDB_ONLY,True,,v24006,r68988,LVN Fake News,complete,True,,,,https://store.steampowered.com/app/1215680/,https://vndb.org/v24006
1221010,Senren * Banka - Trial Edition,2020-01-17,2020-01,vndb_steam_release,True,False,VNDB_ONLY,True,,v19073,r68983,Senren * Banka,trial,True,,,,https://store.steampowered.com/app/1221010/,https://vndb.org/v19073
1123190,Yuzhong Cun,2020-01-24,2020-01,vndb_steam_release,True,False,VNDB_ONLY,True,,v23154,r69113,Youkoso Tanetsuke Mura e ~Itsudemo Doko mo Demo Hitozuma-tachi to Haramase Koubi Dekiru Risou no Slow Life~,complete,True,,,,https://store.steampowered.com/app/1123190/,https://vndb.org/v23154
1165920,Lives so Sweet,2020-01-26,2020-01,vndb_steam_release,True,False,VNDB_ONLY,True,,v26393,r65652,Lives so Sweet,complete,True,,,,https://store.steampowered.com/app/1165920/,https://vndb.org/v26393
2205000,Talk To Me,2020-01-29,2020-01,vndb_steam_release,True,False,VNDB_ONLY,True,,v19449,r46391,Talk To Me,complete,True,,,,https://store.steampowered.com/app/2205000/,https://vndb.org/v19449
1078980,Demonheart - Demo,2020-01-30,2020-01,vndb_steam_release,True,False,VNDB_ONLY,True,,v19627,r69302,Demonheart,trial,True,,,,https://store.steampowered.com/app/1078980/,https://vndb.org/v19627
1209330,Sakura Knight,2020-01-31,2020-01,vndb_steam_release,True,False,VNDB_ONLY,True,,v27835,r69317,Sakura Knight,complete,True,,,,https://store.steampowered.com/app/1209330/,https://vndb.org/v27835
1235380,Heng Ye Shijie de Mofa Shaonü - Demo,2020-02-03,2020-02,vndb_steam_release,True,False,VNDB_ONLY,True,,v33226,r85826,Heng Ye Shijie de Mofa Shaonü,trial,True,,,,https://store.steampowered.com/app/1235380/,https://vndb.org/v33226
1253890,Heart Fragment Demo,2020-02-11,2020-02,vndb_steam_release,True,False,VNDB_ONLY,True,,v27919,r69529,Heart Fragment,trial,True,,,,https://store.steampowered.com/app/1253890/,https://vndb.org/v27919
1118910,Sunflower,2020-02-12,2020-02,vndb_steam_release,True,False,VNDB_ONLY,True,,v26172,r65038,Sunflower,complete,True,,,,https://store.steampowered.com/app/1118910/,https://vndb.org/v26172
1171270,TroubleDays,2020-02-13,2020-02,vndb_steam_release,True,False,VNDB_ONLY,True,,v27751,r69108,TroubleDays,complete,True,,,,https://store.steampowered.com/app/1171270/,https://vndb.org/v27751
1247700,Witch College 2 - 18+ Patch,2020-02-13,2020-02,vndb_steam_release,True,False,VNDB_ONLY,True,,v26858,r69566,Witch College 2,complete,True,,,,https://store.steampowered.com/app/1247700/,https://vndb.org/v26858
1776720,"Begi, kotik! - Furri vizual'naja novella [Demo]",2020-02-14,2020-02,vndb_steam_release,True,False,VNDB_ONLY,True,,v28206,r70621,"Begi, kotik!",trial,True,,,,https://store.steampowered.com/app/1776720/,https://vndb.org/v28206
1220260,Dialtown: Phone Dating Sim - Demo,2020-02-14,2020-02,vndb_steam_release,True,False,VNDB_ONLY,True,,v30546,r78192,Dialtown: Phone Dating Sim,trial,True,,,,https://store.steampowered.com/app/1220260/,https://vndb.org/v30546
1167790,Juéwàng Jiānláo,2020-02-14,2020-02,vndb_steam_release,True,False,VNDB_ONLY,True,,v43332,r105074,Zetsubou Prison,complete,True,,,,https://store.steampowered.com/app/1167790/,https://vndb.org/v43332
1218760,Moe Moe World War II-3 Deluxe Edition,2020-02-14,2020-02,vndb_steam_release,True,False,VNDB_ONLY,True,,v23492,r69584,Moe Moe Niji Taisen (Ryaku) 3,complete,True,,,,https://store.steampowered.com/app/1218760/,https://vndb.org/v23492
1251820,Oshi no Love yori Koi no Love - Trial Version,2020-02-14,2020-02,vndb_steam_release,True,False,VNDB_ONLY,True,,v27236,r69587,Oshi no Love yori Koi no Love,trial,True,,,,https://store.steampowered.com/app/1251820/,https://vndb.org/v27236
1235950,Introvert,2020-02-17,2020-02,vndb_steam_release,True,False,VNDB_ONLY,True,,v27971,r69649,Introvert,complete,True,,,,https://store.steampowered.com/app/1235950/,https://vndb.org/v27971
944050,Sixth Night,2020-02-20,2020-02,vndb_steam_release,True,False,VNDB_ONLY,True,,v27975,r69675,Sixth Night,complete,True,,,,https://store.steampowered.com/app/944050/,https://vndb.org/v27975
973550,Yuuki's Party Night,2020-02-21,2020-02,vndb_steam_release,True,False,VNDB_ONLY,True,,v27985,r69725,Yuuki's Party Night,complete,True,,,,https://store.steampowered.com/app/973550/,https://vndb.org/v27985
1223810,Full Service - Download Edition,2020-02-22,2020-02,vndb_steam_release,True,False,VNDB_ONLY,True,,v20443,r49559,Full Service,complete,True,,,,https://store.steampowered.com/app/1223810/,https://vndb.org/v20443
1730670,A Day in the Park,2020-02-23,2020-02,vndb_steam_release,True,False,VNDB_ONLY,True,,v27928,r83485,A Day in the Park,complete,True,,,,https://store.steampowered.com/app/1730670/,https://vndb.org/v27928
980430,HOT FIT! Complete version,2020-02-24,2020-02,vndb_steam_release,True,False,VNDB_ONLY,True,,v20369,r69784,Fit Shichao! ~Toshiue Josei to Asedaku Lesson Hatsutaiken~,complete,True,,,,https://store.steampowered.com/app/980430/,https://vndb.org/v20369
1342290,Himeko Maid,2020-02-28,2020-02,vndb_steam_release,True,False,VNDB_ONLY,True,,v28087,r70066,Himeko Maid,complete,True,,,,https://store.steampowered.com/app/1342290/,https://vndb.org/v28087
1292440,Night and Day;Night and Day - Demo,2020-03-02,2020-03,vndb_steam_release,True,False,VNDB_ONLY,True,,v29707,r76009;r77110,Night and Day,complete;trial,True,,,,https://store.steampowered.com/app/1292440/,https://vndb.org/v29707
1252620,Revenant March - Demo,2020-03-02,2020-03,vndb_steam_release,True,False,VNDB_ONLY,True,,v27702,r95401,Revenant March,trial,True,,,,https://store.steampowered.com/app/1252620/,https://vndb.org/v27702
1123140,Mother Daughter Pleasure Pets,2020-03-05,2020-03,vndb_steam_release,True,False,VNDB_ONLY,True,,v19765,r123234,Mesu Inu Haramase Oyakodon ~Oba to Itoko o Aherase Meromero na Yari Makuri Pet Shiiku ♪~,complete,True,,,,https://store.steampowered.com/app/1123140/,https://vndb.org/v19765
1263480,Mister Versatile - Demo,2020-03-07,2020-03,vndb_steam_release,True,False,VNDB_ONLY,True,,v28190,r70558,Mister Versatile,trial,True,,,,https://store.steampowered.com/app/1263480/,https://vndb.org/v28190
1156260,Mahou Mating - Demo,2020-03-08,2020-03,vndb_steam_release,True,False,VNDB_ONLY,True,,v26832,r70055,Mahou Mating,trial,True,,,,https://store.steampowered.com/app/1156260/,https://vndb.org/v26832
1249980,Cupid Bistro!! Max,2020-03-09,2020-03,vndb_steam_release,True,False,VNDB_ONLY,True,,v21143,r80697,Cupid Bistro!!,complete,True,,,,https://store.steampowered.com/app/1249980/,https://vndb.org/v21143
1123700,"Bloody Chronicles Act1 - IF MODE ""Kaoru""",2020-03-10,2020-03,vndb_steam_release,True,False,VNDB_ONLY,True,,v18773,r67225,Bloody Chronicles - New Cycle of Death,partial,True,,,,https://store.steampowered.com/app/1123700/,https://vndb.org/v18773
1182540,"Bloody Chronicles Act1 - IF MODE ""Kaoru"" R18",2020-03-10,2020-03,vndb_steam_release,True,False,VNDB_ONLY,True,,v18773,r67226,Bloody Chronicles - New Cycle of Death,partial,True,,,,https://store.steampowered.com/app/1182540/,https://vndb.org/v18773
1161180,Funbag Fantasy: Sideboob Story 2,2020-03-12,2020-03,vndb_steam_release,True,False,VNDB_ONLY,True,,v13083,r64812,Kyonyuu Fantasy Gaiden 2,complete,True,,,,https://store.steampowered.com/app/1161180/,https://vndb.org/v13083
1241360,Lasting Solstice Demo,2020-03-12,2020-03,vndb_steam_release,True,False,VNDB_ONLY,True,,v28589,r77788,Lasting Solstice,trial,True,,,,https://store.steampowered.com/app/1241360/,https://vndb.org/v28589
1207230,Seduce Me: The Complete Story,2020-03-14,2020-03,vndb_steam_release,True,False,VNDB_ONLY,True,,v14711;v16931;v17993;v19556;v19697;v19901;v20099;v20516;v21010;v22320;v22444;v22575;v24651;v27880,r70001,Seduce Me;Seduce Me 2: The Demon War;Seduce Me: A Lesson In Romance;Seduce Me: A Succubus's Sacrifice;Seduce Me: City Lights;Seduce Me: Happily Ever After;Seduce Me: My Princess;Seduce Me: Purrfect Service;Seduce Me: Shall We Dance?;Seduce Me: Simon's Revenge;Seduce Me: The Beach Episode;Seduce Me: The Harem Episode;Seduce Me: The Holiday Episode;Seduce Me: The Prince vs the Brute,complete,True,,,,https://store.steampowered.com/app/1207230/,https://vndb.org/v14711
1048740,Half Past Fate,2020-03-20,2020-03,vndb_steam_release,True,False,VNDB_ONLY,True,,v51707,r125151,Half Past Fate,complete,True,,,,https://store.steampowered.com/app/1048740/,https://vndb.org/v51707
1216240,Moka Meilian! Ling zhi Biannianshi,2020-03-20,2020-03,vndb_steam_release,True,False,VNDB_ONLY,True,,v11857,r70123,Magical Charming!,trial,True,,,,https://store.steampowered.com/app/1216240/,https://vndb.org/v11857
1201930,Mori Lin Xiao/The Dawn,2020-03-20,2020-03,vndb_steam_release,True,False,VNDB_ONLY,True,,v28132,r70287,Mori Lin Xiao,complete,True,,,,https://store.steampowered.com/app/1201930/,https://vndb.org/v28132
1251680,Rescue Elves,2020-03-21,2020-03,vndb_steam_release,True,False,VNDB_ONLY,True,,v54706,r131797,Rescue Elves,complete,True,,,,https://store.steampowered.com/app/1251680/,https://vndb.org/v54706
1276610,My Cute Roommate,2020-03-26,2020-03,vndb_steam_release,True,False,VNDB_ONLY,True,,v31299,r80229,My Cute Roommate,complete,True,,,,https://store.steampowered.com/app/1276610/,https://vndb.org/v31299
1587230,Ghost or Trick - Demo,2020-03-27,2020-03,vndb_steam_release,True,False,VNDB_ONLY,True,,v28281,r79389;r79390,Ghost or Trick,trial,True,,,,https://store.steampowered.com/app/1587230/,https://vndb.org/v28281
1181030,Forest Guardian,2020-03-30,2020-03,vndb_steam_release,True,False,VNDB_ONLY,True,,v28170,r70459,Forest Guardian,complete,True,,,,https://store.steampowered.com/app/1181030/,https://vndb.org/v28170
4033380,Love and Submission v0.08,2020-03-30,2020-03,vndb_steam_release,True,False,VNDB_ONLY,True,,v22083,r54305,Love and Submission,partial,True,,,,https://store.steampowered.com/app/4033380/,https://vndb.org/v22083
1262700,Gothic Murder -Unmei o Kaeru Adventure- Demo,2020-03-31,2020-03,vndb_steam_release,True,False,VNDB_ONLY,True,,v27932,r70511,Gothic Murder -Unmei o Kaeru Adventure-,trial,True,,,,https://store.steampowered.com/app/1262700/,https://vndb.org/v27932
1262710,Inuwashi ~Urabure Tantei to Ojousama Keiji no Ikebukuro Jiken File~ Demo,2020-03-31,2020-03,vndb_steam_release,True,False,VNDB_ONLY,True,,v28019,r70510,Inuwashi ~Urabure Tantei to Ojousama Keiji no Ikebukuro Jiken File~,trial,True,,,,https://store.steampowered.com/app/1262710/,https://vndb.org/v28019
1255120,Planet Stronghold 2 - Uncensor Patch,2020-03-31,2020-03,vndb_steam_release,True,False,VNDB_ONLY,True,,v38204,r95676,Planet Stronghold 2,complete,True,,,,https://store.steampowered.com/app/1255120/,https://vndb.org/v38204
1580670,Ghost or Trick,2020-04-03,2020-04,vndb_steam_release,True,False,VNDB_ONLY,True,,v28281,r70912;r79388,Ghost or Trick,complete,True,,,,https://store.steampowered.com/app/1580670/,https://vndb.org/v28281
1192050,Iveri: The 1.000 Story,2020-04-04,2020-04,vndb_steam_release,True,False,VNDB_ONLY,True,,v28113,r83903,Iveri: The 1.000 Story,complete,True,,,,https://store.steampowered.com/app/1192050/,https://vndb.org/v28113
1174540,Adventure or Normality?,2020-04-06,2020-04,vndb_steam_release,True,False,VNDB_ONLY,True,,v26836,r77213,Adventure or Normality?,complete,True,,,,https://store.steampowered.com/app/1174540/,https://vndb.org/v26836
1661190,Wildfire - Ticket to Rock Demo,2020-04-08,2020-04,vndb_steam_release,True,False,VNDB_ONLY,True,,v28670,r72721,Wildfire - Ticket to Rock,trial,True,,,,https://store.steampowered.com/app/1661190/,https://vndb.org/v28670
1251260,Tomomi: Steam Demo,2020-04-09,2020-04,vndb_steam_release,True,False,VNDB_ONLY,True,,v27947,r69601,Tomomi,trial,True,,,,https://store.steampowered.com/app/1251260/,https://vndb.org/v27947
1269350,Neuronaut,2020-04-10,2020-04,vndb_steam_release,True,False,VNDB_ONLY,True,,v28257,r70791,Neuronaut,complete,True,,,,https://store.steampowered.com/app/1269350/,https://vndb.org/v28257
1295980,Café Rouge,2020-04-12,2020-04,vndb_steam_release,True,False,VNDB_ONLY,True,,v28700,r82322,Café Rouge,trial,True,,,,https://store.steampowered.com/app/1295980/,https://vndb.org/v28700
1210110,Midnight Ride;Midnight Ride v1.0.5,2020-04-12,2020-04,vndb_steam_release,True,False,VNDB_ONLY,True,,v25023,r70856;r75404,Midnight Ride,complete,True,,,,https://store.steampowered.com/app/1210110/,https://vndb.org/v25023
1562170,Starlight Shores - Demo,2020-04-13,2020-04,vndb_steam_release,True,False,VNDB_ONLY,True,,v28271,r70872,Starlight Shores,trial,True,,,,https://store.steampowered.com/app/1562170/,https://vndb.org/v28271
1290810,Taren Shijie Mo - Demo,2020-04-16,2020-04,vndb_steam_release,True,False,VNDB_ONLY,True,,v28315,r71072,Taren Shijie Mo,trial,True,,,,https://store.steampowered.com/app/1290810/,https://vndb.org/v28315
1180330,Youma Shoukan e Youkoso♥,2020-04-17,2020-04,vndb_steam_release,True,False,VNDB_ONLY,True,,v19608,r69933,Youma Shoukan e Youkoso♥,complete,True,,,,https://store.steampowered.com/app/1180330/,https://vndb.org/v19608
1726600,Zen: A Gay Sequel - Demo,2020-04-18,2020-04,vndb_steam_release,True,False,VNDB_ONLY,True,,v31506,r80970,Zen: A Gay Sequel,trial,True,,,,https://store.steampowered.com/app/1726600/,https://vndb.org/v31506
1058960,Huayu: Baihe - Diary1,2020-04-20,2020-04,vndb_steam_release,True,False,VNDB_ONLY,True,,v22541,r71046,Huayu: Baihe,complete,True,,,,https://store.steampowered.com/app/1058960/,https://vndb.org/v22541
1231060,A Summer's End - Hong Kong 1986 - Adult Patch,2020-04-23,2020-04,vndb_steam_release,True,False,VNDB_ONLY,True,,v26444,r71128,A Summer's End - Hong Kong 1986,complete,True,,,,https://store.steampowered.com/app/1231060/,https://vndb.org/v26444
1259530,Cherry Kisses - Version 2,2020-04-23,2020-04,vndb_steam_release,True,False,VNDB_ONLY,True,,v28625,r72485,Cherry Kisses,complete,True,,,,https://store.steampowered.com/app/1259530/,https://vndb.org/v28625
1142250,Familiar Travels - Volume Two,2020-04-23,2020-04,vndb_steam_release,True,False,VNDB_ONLY,True,,v26360,r71201,Familiar Travels,partial,True,,,,https://store.steampowered.com/app/1142250/,https://vndb.org/v26360
989080,My Goddess of Love,2020-04-23,2020-04,vndb_steam_release,True,False,VNDB_ONLY,True,,v28324,r71129,My Goddess of Love,complete,True,,,,https://store.steampowered.com/app/989080/,https://vndb.org/v28324
1136910,Lily's Handmaid,2020-04-24,2020-04,vndb_steam_release,True,False,VNDB_ONLY,True,,v27684,r68943,Lily's Handmaid,complete,True,,,,https://store.steampowered.com/app/1136910/,https://vndb.org/v27684
1292950,Silverio Ragnarok -  15+ Download Edition,2020-04-24,2020-04,vndb_steam_release,True,False,VNDB_ONLY,True,,v26785,r70125,Silverio Ragnarok,complete,True,,,,https://store.steampowered.com/app/1292950/,https://vndb.org/v26785
1288880,Solace State - Demo,2020-04-24,2020-04,vndb_steam_release,True,False,VNDB_ONLY,True,,v30536,r88498,Solace State,trial,True,,,,https://store.steampowered.com/app/1288880/,https://vndb.org/v30536
1280010,Welcome to Pussy Paradise,2020-04-24,2020-04,vndb_steam_release,True,False,VNDB_ONLY,True,,v19039,r70760;r86144,Haramase no Kuni ♪ Tanetsuke Park e Youkoso!,complete,True,,,,https://store.steampowered.com/app/1280010/,https://vndb.org/v19039
1110930,Detective Butler: Maiden Voyage Murder - Choices DLC,2020-04-27,2020-04,vndb_steam_release,True,False,VNDB_ONLY,True,,v13130,r83663,Detective Butler: Maiden Voyage Murder,complete,True,,,,https://store.steampowered.com/app/1110930/,https://vndb.org/v13130
1263470,ATRI -My Dear Moments- Demo,2020-05-01,2020-05,vndb_steam_release,True,False,VNDB_ONLY,True,,v27448,r71389,ATRI -My Dear Moments-,trial,True,,,,https://store.steampowered.com/app/1263470/,https://vndb.org/v27448
1263380,Adabana Itan - Trial Edition,2020-05-01,2020-05,vndb_steam_release,True,False,VNDB_ONLY,True,,v27457,r71401,Adabana Itan,trial,True,,,,https://store.steampowered.com/app/1263380/,https://vndb.org/v27457
1307360,Lost Colors - Download Edition Demo,2020-05-01,2020-05,vndb_steam_release,True,False,VNDB_ONLY,True,,v6270,r153773,Lost Colors,trial,True,,,,https://store.steampowered.com/app/1307360/,https://vndb.org/v6270
1289610,Traumatic Syndrome - Investigative Horror Visual Novel,2020-05-01,2020-05,vndb_steam_release,True,False,VNDB_ONLY,True,,v28373,r71419,Traumatic Syndrome,complete,True,,,,https://store.steampowered.com/app/1289610/,https://vndb.org/v28373
1310750,Yi Lian Demo,2020-05-07,2020-05,vndb_steam_release,True,False,VNDB_ONLY,True,,v25807,r71546,Yi Lian,trial,True,,,,https://store.steampowered.com/app/1310750/,https://vndb.org/v25807
1173650,SWEET MILF,2020-05-08,2020-05,vndb_steam_release,True,False,VNDB_ONLY,True,,v14593,r71150,"Shukubo no Uzuki ~Hitozuma, Miboujin no Ureta Karada to Amai Toiki~",partial,True,,,,https://store.steampowered.com/app/1173650/,https://vndb.org/v14593
1195030,SWEET MILF -Episode Manami-,2020-05-08,2020-05,vndb_steam_release,True,False,VNDB_ONLY,True,,v14593,r71151,"Shukubo no Uzuki ~Hitozuma, Miboujin no Ureta Karada to Amai Toiki~",partial,True,,,,https://store.steampowered.com/app/1195030/,https://vndb.org/v14593
1195040,SWEET MILF -Episode Rie-,2020-05-08,2020-05,vndb_steam_release,True,False,VNDB_ONLY,True,,v14593,r71152,"Shukubo no Uzuki ~Hitozuma, Miboujin no Ureta Karada to Amai Toiki~",partial,True,,,,https://store.steampowered.com/app/1195040/,https://vndb.org/v14593
1195060,SWEET MILF -Episode Rumiko-,2020-05-08,2020-05,vndb_steam_release,True,False,VNDB_ONLY,True,,v14593,r71154,"Shukubo no Uzuki ~Hitozuma, Miboujin no Ureta Karada to Amai Toiki~",partial,True,,,,https://store.steampowered.com/app/1195060/,https://vndb.org/v14593
1195050,SWEET MILF -Episode Sizue-,2020-05-08,2020-05,vndb_steam_release,True,False,VNDB_ONLY,True,,v14593,r71153,"Shukubo no Uzuki ~Hitozuma, Miboujin no Ureta Karada to Amai Toiki~",partial,True,,,,https://store.steampowered.com/app/1195050/,https://vndb.org/v14593
1571170,Summer with Mia Season 1,2020-05-09,2020-05,vndb_steam_release,True,False,VNDB_ONLY,True,,v22158,r54515,Summer with Mia,complete,True,,,,https://store.steampowered.com/app/1571170/,https://vndb.org/v22158
947750,Ne no Kami: The Two Princess Knights of Kyoto - 18+ DLC,2020-05-11,2020-05,vndb_steam_release,True,False,VNDB_ONLY,True,,v17588,r47797,Ne no Kami - Kyou no Miyako to Futari no Hime Kishi,partial,True,,,,https://store.steampowered.com/app/947750/,https://vndb.org/v17588
1214200,Miwu Kongcheng/The Mist City,2020-05-12,2020-05,vndb_steam_release,True,False,VNDB_ONLY,True,,v28434,r71712,Miwu Kongcheng,complete,True,,,,https://store.steampowered.com/app/1214200/,https://vndb.org/v28434
1240340,Alpha Hole Prison - Demo,2020-05-13,2020-05,vndb_steam_release,True,False,VNDB_ONLY,True,,v29602,r75773,Alpha Hole Prison,trial,True,,,,https://store.steampowered.com/app/1240340/,https://vndb.org/v29602
1300550,Song of sheep gathering in Philia,2020-05-13,2020-05,vndb_steam_release,True,False,VNDB_ONLY,True,,v25395,r71338,Philia ni Tsudou Hitsuji-tachi no Uta,complete,True,,,,https://store.steampowered.com/app/1300550/,https://vndb.org/v25395
1093740,Binlin Shaonümen de Qiuhun Da Zuozhan - Demo,2020-05-14,2020-05,vndb_steam_release,True,False,VNDB_ONLY,True,,v41456,r101510,Binlin Shaonümen de Qiuhun Da Zuozhan,trial,True,,,,https://store.steampowered.com/app/1093740/,https://vndb.org/v41456
1258340,KukkoroDays,2020-05-14,2020-05,vndb_steam_release,True,False,VNDB_ONLY,True,,v28345,r71237,KukkoroDays,complete,True,,,,https://store.steampowered.com/app/1258340/,https://vndb.org/v28345
1160580,Model Melissa,2020-05-15,2020-05,vndb_steam_release,True,False,VNDB_ONLY,True,,v28463,r71837,Model Melissa,complete,True,,,,https://store.steampowered.com/app/1160580/,https://vndb.org/v28463
1318320,SWEET MILF -Complete version-,2020-05-15,2020-05,vndb_steam_release,True,False,VNDB_ONLY,True,,v14593,r71833,"Shukubo no Uzuki ~Hitozuma, Miboujin no Ureta Karada to Amai Toiki~",complete,True,,,,https://store.steampowered.com/app/1318320/,https://vndb.org/v14593
1299840,The Legend of Zuri,2020-05-20,2020-05,vndb_steam_release,True,False,VNDB_ONLY,True,,v28506,r71944,The Legend of Zuri,complete,True,,,,https://store.steampowered.com/app/1299840/,https://vndb.org/v28506
927340,Viktor Crysworth,2020-05-20,2020-05,vndb_steam_release,True,False,VNDB_ONLY,True,,v30043,r76977,Viktor Crysworth,complete,True,,,,https://store.steampowered.com/app/927340/,https://vndb.org/v30043
491950,Orwell: Keeping an Eye On You,2020-05-25,2020-05,vndb_steam_release,True,False,VNDB_ONLY,True,,v28587,r72360,Orwell: Keeping an Eye On You,complete,True,,,,https://store.steampowered.com/app/491950/,https://vndb.org/v28587
1210300,Shan Gui: Definitive Edition,2020-05-25,2020-05,vndb_steam_release,True,False,VNDB_ONLY,True,,v15972,r108960,Shan Gui,complete,True,,,,https://store.steampowered.com/app/1210300/,https://vndb.org/v15972
952150,Mingyun Jiu Chongzou,2020-05-27,2020-05,vndb_steam_release,True,False,VNDB_ONLY,True,,v11179,r59112,Norn9 ~Norn + Nonette~,complete,True,,,,https://store.steampowered.com/app/952150/,https://vndb.org/v11179
956490,Lucy Got Problems - Uncensored Patch,2020-05-29,2020-05,vndb_steam_release,True,False,VNDB_ONLY,True,,v23208,r59925,Lucy Got Problems,complete,True,,,,https://store.steampowered.com/app/956490/,https://vndb.org/v23208
1334710,Santa Monica Paradise - R18 Patch,2020-05-29,2020-05,vndb_steam_release,True,False,VNDB_ONLY,True,,v28453,r72161,Santa Monica Paradise,complete,True,,,,https://store.steampowered.com/app/1334710/,https://vndb.org/v28453
1288010,The Coroner Saga: Episode 3 - Deadly Truth,2020-05-29,2020-05,vndb_steam_release,True,False,VNDB_ONLY,True,,v25927,r91461,The Coroner Saga,partial,True,,,,https://store.steampowered.com/app/1288010/,https://vndb.org/v25927
1302060,Yi Shijie de Wulitou Shenghuo - H Version,2020-05-29,2020-05,vndb_steam_release,True,False,VNDB_ONLY,True,,v28547,r72159,Yi Shijie de Wulitou Shenghuo,complete,True,,,,https://store.steampowered.com/app/1302060/,https://vndb.org/v28547
440640,Sweet F. Cake,2020-05-30,2020-05,vndb_steam_release,True,False,VNDB_ONLY,True,,v28553,r72198,Sladkij keksik,complete,True,,,,https://store.steampowered.com/app/440640/,https://vndb.org/v28553
1289120,A.I-Mnemosyne Jiyi Nushen,2020-05-31,2020-05,vndb_steam_release,True,False,VNDB_ONLY,True,,v28554,r72200,A.I-Mnemosyne Jiyi Nushen,complete,True,,,,https://store.steampowered.com/app/1289120/,https://vndb.org/v28554
1321260,Show for Lovers Demoversija,2020-06-01,2020-06,vndb_steam_release,True,False,VNDB_ONLY,True,,v30375,r105298,Show for Lovers,trial,True,,,,https://store.steampowered.com/app/1321260/,https://vndb.org/v30375
1306660,Miwu Zhi Xia - The Vigilant Villa Demo,2020-06-05,2020-06,vndb_steam_release,True,False,VNDB_ONLY,True,,v28580,r72285,Miwu Zhi Xia,trial,True,,,,https://store.steampowered.com/app/1306660/,https://vndb.org/v28580
1343220,LINGERING,2020-06-07,2020-06,vndb_steam_release,True,False,VNDB_ONLY,True,,v28582,r72299,LINGERING,complete,True,,,,https://store.steampowered.com/app/1343220/,https://vndb.org/v28582
1326180,Syntherapy - Demo,2020-06-08,2020-06,vndb_steam_release,True,False,VNDB_ONLY,True,,v29377,r75086,Syntherapy,trial,True,,,,https://store.steampowered.com/app/1326180/,https://vndb.org/v29377
1265730,Welcome To... Chichester OVN 3 : The Mysterious Affair At The Violet Hotel,2020-06-08,2020-06,vndb_steam_release,True,False,VNDB_ONLY,True,,v27935,r70618,Welcome To... Chichester OVN 3 : The Mysterious Affair At The Violet Hotel,complete,True,,,,https://store.steampowered.com/app/1265730/,https://vndb.org/v27935
1351760,Student Union - Demo,2020-06-09,2020-06,vndb_steam_release,True,False,VNDB_ONLY,True,,v28593,r72343,Student Union,trial,True,,,,https://store.steampowered.com/app/1351760/,https://vndb.org/v28593
1132290,Eldritch University,2020-06-12,2020-06,vndb_steam_release,True,False,VNDB_ONLY,True,,v25731,r72227,Eldritch University,complete,True,,,,https://store.steampowered.com/app/1132290/,https://vndb.org/v25731
1310150,Uranus,2020-06-12,2020-06,vndb_steam_release,True,False,VNDB_ONLY,True,,v28599,r72387,Uranus,complete,True,,,,https://store.steampowered.com/app/1310150/,https://vndb.org/v28599
1349970,Tomai,2020-06-13,2020-06,vndb_steam_release,True,False,VNDB_ONLY,True,,v21592,r72415,Tomai,complete,True,,,,https://store.steampowered.com/app/1349970/,https://vndb.org/v21592
1313980,Ambition: A Minuet in Power - Demo,2020-06-16,2020-06,vndb_steam_release,True,False,VNDB_ONLY,True,,v30890,r79126,Ambition: A Minuet in Power,trial,True,,,,https://store.steampowered.com/app/1313980/,https://vndb.org/v30890
1327460,Best Friend Forever - Demo,2020-06-16,2020-06,vndb_steam_release,True,False,VNDB_ONLY,True,,v28701,r72855,Best Friend Forever,trial,True,,,,https://store.steampowered.com/app/1327460/,https://vndb.org/v28701
1085960,Dinosaur Shakespeare: Oedipus T-Rex,2020-06-16,2020-06,vndb_steam_release,True,False,VNDB_ONLY,True,,v27939,r78172,Dinosaur Shakespeare: To Date or Not to Date?,partial,True,,,,https://store.steampowered.com/app/1085960/,https://vndb.org/v27939
1298250,Gwan Moon Go - Trial Edition,2020-06-16,2020-06,vndb_steam_release,True,False,VNDB_ONLY,True,,v28620,r72468,Gwan Moon Go: The Ghost Gate,trial,True,,,,https://store.steampowered.com/app/1298250/,https://vndb.org/v28620
1315880,Lovingly Evil - Demo,2020-06-16,2020-06,vndb_steam_release,True,False,VNDB_ONLY,True,,v28989,r73803,Lovingly Evil,trial,True,,,,https://store.steampowered.com/app/1315880/,https://vndb.org/v28989
1302100,Milky Way Prince – The Vampire Star - Demo,2020-06-16,2020-06,vndb_steam_release,True,False,VNDB_ONLY,True,,v28970,r73806,Milky Way Prince – The Vampire Star,trial,True,,,,https://store.steampowered.com/app/1302100/,https://vndb.org/v28970
1324520,The Dreamwalkers (Demo),2020-06-16,2020-06,vndb_steam_release,True,False,VNDB_ONLY,True,,v28428,r72471,The Dreamwalkers,trial,True,,,,https://store.steampowered.com/app/1324520/,https://vndb.org/v28428
1317520,Final Frame - Demo,2020-06-17,2020-06,vndb_steam_release,True,False,VNDB_ONLY,True,,v30390,r92398,Final Frame,trial,True,,,,https://store.steampowered.com/app/1317520/,https://vndb.org/v30390
1323010,Crypterion - Pre-Alpha Demo,2020-06-19,2020-06,vndb_steam_release,True,False,VNDB_ONLY,True,,v29297,r74761,Crypterion,trial,True,,,,https://store.steampowered.com/app/1323010/,https://vndb.org/v29297
1336930,Sable's Grimoire: Man And Elf - 18+ Patch,2020-06-19,2020-06,vndb_steam_release,True,False,VNDB_ONLY,True,,v28172,r72551,Sable's Grimoire: Man And Elf,complete,True,,,,https://store.steampowered.com/app/1336930/,https://vndb.org/v28172
1204750,Swing & Miss,2020-06-19,2020-06,vndb_steam_release,True,False,VNDB_ONLY,True,,v22590,r56071,Swing & Miss,complete,True,,,,https://store.steampowered.com/app/1204750/,https://vndb.org/v22590
1273580,Liao Ren - TEMPER MY BLADE,2020-06-22,2020-06,vndb_steam_release,True,False,VNDB_ONLY,True,,v28657,r72634,Liao Ren,complete,True,,,,https://store.steampowered.com/app/1273580/,https://vndb.org/v28657
1323000,Space Court,2020-06-25,2020-06,vndb_steam_release,True,False,VNDB_ONLY,True,,v53838,r129894,Space Court,complete,True,,,,https://store.steampowered.com/app/1323000/,https://vndb.org/v53838
1336870,Freakshow: Season 1 - Episode 2,2020-06-26,2020-06,vndb_steam_release,True,False,VNDB_ONLY,True,,v27468,r76125,Freakshow,partial,True,,,,https://store.steampowered.com/app/1336870/,https://vndb.org/v27468
1319470,Lovely Overseer Demo,2020-06-27,2020-06,vndb_steam_release,True,False,VNDB_ONLY,True,,v30479,r78003,Lovely Overseer,trial,True,,,,https://store.steampowered.com/app/1319470/,https://vndb.org/v30479
1379090,Tokyo Re:Connect - Demo,2020-06-27,2020-06,vndb_steam_release,True,False,VNDB_ONLY,True,,v24599,r60394,Tokyo Re:Connect,trial,True,,,,https://store.steampowered.com/app/1379090/,https://vndb.org/v24599
748480,Wild Romance: Mofu Mofu Edition,2020-06-29,2020-06,vndb_steam_release,True,False,VNDB_ONLY,True,,v19773,r87246,Kemomimi Harem Vacation ~Inaka de Nonbiri Mofumofu Kemonomimi Shoujo-tachi to Kozukuri Zanmai~,complete,True,,,,https://store.steampowered.com/app/748480/,https://vndb.org/v19773
1294680,Café Rouge,2020-07-01,2020-07,vndb_steam_release,True,False,VNDB_ONLY,True,,v28700,r72850,Café Rouge,complete,True,,,,https://store.steampowered.com/app/1294680/,https://vndb.org/v28700
1102440,LOST:SMILE promises,2020-07-03,2020-07,vndb_steam_release,True,False,VNDB_ONLY,True,,v23409,r57968,LOST:SMILE memories + promises,partial,True,,,,https://store.steampowered.com/app/1102440/,https://vndb.org/v23409
1527690,Reanimation Scheme - Updated Demo,2020-07-03,2020-07,vndb_steam_release,True,False,VNDB_ONLY,True,,v26632,r72874,Reanimation Scheme,trial,True,,,,https://store.steampowered.com/app/1527690/,https://vndb.org/v26632
1300160,Yi Shijie de Wulitou Shenghuo,2020-07-04,2020-07,vndb_steam_release,True,False,VNDB_ONLY,True,,v28547,r74487,Yi Shijie de Wulitou Shenghuo,complete,True,,,,https://store.steampowered.com/app/1300160/,https://vndb.org/v28547
1353380,My Silly Life Demo,2020-07-06,2020-07,vndb_steam_release,True,False,VNDB_ONLY,True,,v28872,r73470,My Silly Life,trial,True,,,,https://store.steampowered.com/app/1353380/,https://vndb.org/v28872
1356200,Kirakira Stars Idol Project Ai - Demo,2020-07-07,2020-07,vndb_steam_release,True,False,VNDB_ONLY,True,,v27959,r76497,Kirakira Stars -idol project Ai-,trial,True,,,,https://store.steampowered.com/app/1356200/,https://vndb.org/v27959
1362140,Kirakira Stars Idol Project Nagisa - Demo,2020-07-07,2020-07,vndb_steam_release,True,False,VNDB_ONLY,True,,v28640,r76496,Kirakira Stars -idol project Nagisa-,trial,True,,,,https://store.steampowered.com/app/1362140/,https://vndb.org/v28640
1371660,Time For You - Chapter 01,2020-07-08,2020-07,vndb_steam_release,True,False,VNDB_ONLY,True,,v28885,r73524,Time for You,partial,True,,,,https://store.steampowered.com/app/1371660/,https://vndb.org/v28885
1344320,Duanmu Fei Yiwen Lu: Shenhai Xu Yu,2020-07-09,2020-07,vndb_steam_release,True,False,VNDB_ONLY,True,,v20268,r75451,Duanmu Fei Yiwen Lu,partial,True,,,,https://store.steampowered.com/app/1344320/,https://vndb.org/v20268
1205560,Taimanin Yukikaze 1: Trial,2020-07-09,2020-07,vndb_steam_release,True,False,VNDB_ONLY,True,,v7747,r67983,Taimanin Yukikaze,trial,True,,,,https://store.steampowered.com/app/1205560/,https://vndb.org/v7747
906560,Bare Boob Brawlerz Visual Novel: Vol 1,2020-07-10,2020-07,vndb_steam_release,True,False,VNDB_ONLY,True,,v28743,r73032,Bare Boob Brawlerz Visual Novel: Vol 1,complete,True,,,,https://store.steampowered.com/app/906560/,https://vndb.org/v28743
618010,Volleyball Heaven,2020-07-11,2020-07,vndb_steam_release,True,False,VNDB_ONLY,True,,v28318,r71095,Volleyball Heaven,complete,True,,,,https://store.steampowered.com/app/618010/,https://vndb.org/v28318
1362060,Cross the Moon - Demo,2020-07-15,2020-07,vndb_steam_release,True,False,VNDB_ONLY,True,,v28122,r73462,Cross the Moon,trial,True,,,,https://store.steampowered.com/app/1362060/,https://vndb.org/v28122
1372340,Eternal Pain: Epiphany Demo,2020-07-16,2020-07,vndb_steam_release,True,False,VNDB_ONLY,True,,v28756,r142450,Eternal Pain: Epiphany,trial,True,,,,https://store.steampowered.com/app/1372340/,https://vndb.org/v28756
1254900,Miwu Zhi Xia - The Vigilant Villa,2020-07-16,2020-07,vndb_steam_release,True,False,VNDB_ONLY,True,,v28580,r72286,Miwu Zhi Xia,complete,True,,,,https://store.steampowered.com/app/1254900/,https://vndb.org/v28580
1333360,Jerez's Arena,2020-07-17,2020-07,vndb_steam_release,True,False,VNDB_ONLY,True,,v29054,r74916;r79330,Heleisih de Jyuedouchang,complete,True,,,,https://store.steampowered.com/app/1333360/,https://vndb.org/v29054
1363470,ARISEN: Prologue,2020-07-18,2020-07,vndb_steam_release,True,False,VNDB_ONLY,True,,v27731,r73205,ARISEN - Chronicles of Var'Nagal,trial,True,,,,https://store.steampowered.com/app/1363470/,https://vndb.org/v27731
1872290,Snips & Snails - Demo,2020-07-18,2020-07,vndb_steam_release,True,False,VNDB_ONLY,True,,v29595,r75739,Snips & Snails,trial,True,,,,https://store.steampowered.com/app/1872290/,https://vndb.org/v29595
1358250,City of Broken Dreamers: Book One,2020-07-19,2020-07,vndb_steam_release,True,False,VNDB_ONLY,True,,v25342,r62272,City of Broken Dreamers,partial,True,,,,https://store.steampowered.com/app/1358250/,https://vndb.org/v25342
1376640,Divine Favor,2020-07-20,2020-07,vndb_steam_release,True,False,VNDB_ONLY,True,,v28945,r73693,Divine Favor,complete,True,,,,https://store.steampowered.com/app/1376640/,https://vndb.org/v28945
1363910,Hanapon Princess - 18+ Patch,2020-07-21,2020-07,vndb_steam_release,True,False,VNDB_ONLY,True,,v26859,r85192,Hanapon Princess,complete,True,,,,https://store.steampowered.com/app/1363910/,https://vndb.org/v26859
1368250,Sanguo Luan Chuan - Demo,2020-07-21,2020-07,vndb_steam_release,True,False,VNDB_ONLY,True,,v44083,r106317,Meng De Da Xiaojie Yu Zibao Shaonian,trial,True,,,,https://store.steampowered.com/app/1368250/,https://vndb.org/v44083
1736950,Blankspace - Additional Text Patch,2020-07-23,2020-07,vndb_steam_release,True,False,VNDB_ONLY,True,,v26724,r79202,Blankspace,complete,True,,,,https://store.steampowered.com/app/1736950/,https://vndb.org/v26724
1367390,Tequila Sunrise - R18 Patch,2020-07-23,2020-07,vndb_steam_release,True,False,VNDB_ONLY,True,,v28713,r73299,Tequila Sunrise,complete,True,,,,https://store.steampowered.com/app/1367390/,https://vndb.org/v28713
1177420,Linju Dashu,2020-07-24,2020-07,vndb_steam_release,True,False,VNDB_ONLY,True,,v28647,r87411,Linju Dashu,complete,True,,,,https://store.steampowered.com/app/1177420/,https://vndb.org/v28647
1356710,My Creampie Heaven,2020-07-24,2020-07,vndb_steam_release,True,False,VNDB_ONLY,True,,v2539;v2668;v2669,r72792;r86142,Oinari-sama to Dadaama Kozukurikon ~Nuicha Dame! Takusan Dashite Oneesan no Shikyuu Ippai ni Shite Kudasai ne♪~;Ririshiki Bushin Reiha to Amalove Nakadashi Seikatsu! ~Watashi to Ko o Nashitekure... Ongi ni wa Kono Karada de Seishin Seii Kotaeyou~;Uruwashi no Seimegami Cecil o Sukuu Nakadashi Shinkon Seikatsu! ~Amaete Ii kara... Anata no Kodane o Takusan Shikyuu ni Sosoide?~,complete,True,,,,https://store.steampowered.com/app/1356710/,https://vndb.org/v2539
1376380,Traurig Secrets: Prologue Demo,2020-07-24,2020-07,vndb_steam_release,True,False,VNDB_ONLY,True,,v29065,r74036,Traurig Secrets,trial,True,,,,https://store.steampowered.com/app/1376380/,https://vndb.org/v29065
1379010,Untale: King of Revinia - Demo,2020-07-27,2020-07,vndb_steam_release,True,False,VNDB_ONLY,True,,v28864,r73436,Untale: Korol' Revinii,trial,True,,,,https://store.steampowered.com/app/1379010/,https://vndb.org/v28864
1369930,Bai Jie Guai Yi Yu Jinyu - Demo,2020-07-29,2020-07,vndb_steam_release,True,False,VNDB_ONLY,True,,v28873,r73468,Bai Jie Guai Yi Yu Jinyu,trial,True,,,,https://store.steampowered.com/app/1369930/,https://vndb.org/v28873
1374180,Maid Mansion - Updated Demo,2020-07-29,2020-07,vndb_steam_release,True,False,VNDB_ONLY,True,,v20191,r48617,Maid Mansion,trial,True,,,,https://store.steampowered.com/app/1374180/,https://vndb.org/v20191
1322470,MetaWare High School (Demo) Prototype,2020-07-29,2020-07,vndb_steam_release,True,False,VNDB_ONLY,True,,v28202,r78404,MetaWare High School (Demo),partial,True,,,,https://store.steampowered.com/app/1322470/,https://vndb.org/v28202
1377400,Solar Echoes: The Star Legation - Demo,2020-07-29,2020-07,vndb_steam_release,True,False,VNDB_ONLY,True,,v33220,r85803,Solar Echoes: The Star Legation,trial,True,,,,https://store.steampowered.com/app/1377400/,https://vndb.org/v33220
1331590,7 dnej leta: Youth Sky - Early Access,2020-07-30,2020-07,vndb_steam_release,True,False,VNDB_ONLY,True,,v28660,r72564,7 dnej leta: Youth Sky,partial,True,,,,https://store.steampowered.com/app/1331590/,https://vndb.org/v28660
1284610,Faptastic Journey,2020-07-30,2020-07,vndb_steam_release,True,False,VNDB_ONLY,True,,v28886,r73534,Faptastic Journey,complete,True,,,,https://store.steampowered.com/app/1284610/,https://vndb.org/v28886
1127540,Eden's Ritter: Paladins of Ecstasy,2020-07-31,2020-07,vndb_steam_release,True,False,VNDB_ONLY,True,,v20357;v22187,r127954;r73104,Eden's Ritter - Bangai Hen;Eden's Ritter - In'etsu no Seima Kishi Lucifer Hen,complete,True,,,,https://store.steampowered.com/app/1127540/,https://vndb.org/v20357
1376100,Refraction Demo,2020-07-31,2020-07,vndb_steam_release,True,False,VNDB_ONLY,True,,v29059,r74003,Refraction,trial,True,,,,https://store.steampowered.com/app/1376100/,https://vndb.org/v29059
1374980,SPORTCON - Demo,2020-07-31,2020-07,vndb_steam_release,True,False,VNDB_ONLY,True,,v28961,r122839,Sportcon!,trial,True,,,,https://store.steampowered.com/app/1374980/,https://vndb.org/v28961
1055710,Sable's Grimoire: A Dragon's Treasure - 18+ Patch,2020-07-31,2020-07,vndb_steam_release,True,False,VNDB_ONLY,True,,v28173,r73525,Sable's Grimoire: A Dragon's Treasure,complete,True,,,,https://store.steampowered.com/app/1055710/,https://vndb.org/v28173
1348310,Lian'ai Qitan ~Bu Cunzai de Xiatian~ Demo,2020-08-01,2020-08,vndb_steam_release,True,False,VNDB_ONLY,True,,v29062,r74964,Lian'ai Qitan ~Bu Cunzai de Xiatian~,trial,True,,,,https://store.steampowered.com/app/1348310/,https://vndb.org/v29062
1357940,Pleasure villa - Early Access,2020-08-01,2020-08,vndb_steam_release,True,False,VNDB_ONLY,True,,v29083,r74107,Pleasure villa,partial,True,,,,https://store.steampowered.com/app/1357940/,https://vndb.org/v29083
1384270,My Boyfriend's a Werecat! Demo,2020-08-02,2020-08,vndb_steam_release,True,False,VNDB_ONLY,True,,v30508,r78076,My Boyfriend's a Werecat!,trial,True,,,,https://store.steampowered.com/app/1384270/,https://vndb.org/v30508
1304790,Luoma Zhi Lian,2020-08-04,2020-08,vndb_steam_release,True,False,VNDB_ONLY,True,,v28916,r73614,Luoma Zhi Lian,complete,True,,,,https://store.steampowered.com/app/1304790/,https://vndb.org/v28916
1354760,Room No. 9,2020-08-06,2020-08,vndb_steam_release,True,False,VNDB_ONLY,True,,v19192,r145155;r53015,Room No.9,complete,True,,,,https://store.steampowered.com/app/1354760/,https://vndb.org/v19192
1343090,Kiara And My Ara Ara Adventure,2020-08-07,2020-08,vndb_steam_release,True,False,VNDB_ONLY,True,,v28876,r73480,Kiara And My Ara Ara Adventure,complete,True,,,,https://store.steampowered.com/app/1343090/,https://vndb.org/v28876
1237370,Newton yu Pingguoshu,2020-08-07,2020-08,vndb_steam_release,True,False,VNDB_ONLY,True,,v20330,r60595,Newton to Ringo no Ki,complete,True,,,,https://store.steampowered.com/app/1237370/,https://vndb.org/v20330
1340860,Huijin Xingxing Yu Tianyz Shaonü,2020-08-09,2020-08,vndb_steam_release,True,False,VNDB_ONLY,True,,v28941,r73686,Huijin Xingxing Yu Tianyz Shaonü,complete,True,,,,https://store.steampowered.com/app/1340860/,https://vndb.org/v28941
1346970,Lens Life,2020-08-11,2020-08,vndb_steam_release,True,False,VNDB_ONLY,True,,v28946,r73694,Lens Life,complete,True,,,,https://store.steampowered.com/app/1346970/,https://vndb.org/v28946
1355370,Stories of Submission: Learn Your Place,2020-08-12,2020-08,vndb_steam_release,True,False,VNDB_ONLY,True,,v28948,r73704,Stories of Submission: Learn Your Place,complete,True,,,,https://store.steampowered.com/app/1355370/,https://vndb.org/v28948
1389250,The Divine Speaker - Extended Demo,2020-08-12,2020-08,vndb_steam_release,True,False,VNDB_ONLY,True,,v24649,r73714,The Divine Speaker,trial,True,,,,https://store.steampowered.com/app/1389250/,https://vndb.org/v24649
1160610,Future Girls,2020-08-14,2020-08,vndb_steam_release,True,False,VNDB_ONLY,True,,v28963,r73736,Future Girls,complete,True,,,,https://store.steampowered.com/app/1160610/,https://vndb.org/v28963
1205630,SPORTCON,2020-08-14,2020-08,vndb_steam_release,True,False,VNDB_ONLY,True,,v28961,r73734,Sportcon!,complete,True,,,,https://store.steampowered.com/app/1205630/,https://vndb.org/v28961
1350710,Evenicle 2 - Clinical Trial Edition,2020-08-17,2020-08,vndb_steam_release,True,False,VNDB_ONLY,True,,v23742,r73072,Evenicle 2,trial,True,,,,https://store.steampowered.com/app/1350710/,https://vndb.org/v23742
1266220,Death end re;Quest 2,2020-08-18,2020-08,vndb_steam_release,True,False,VNDB_ONLY,True,,v26773,r70239,Death end re;Quest 2,complete,True,,,,https://store.steampowered.com/app/1266220/,https://vndb.org/v26773
1380390,Dread X Collection 2,2020-08-21,2020-08,vndb_steam_release,True,False,VNDB_ONLY,True,,v30662,r78543,Sucker for Love,partial,True,,,,https://store.steampowered.com/app/1380390/,https://vndb.org/v30662
1306750,Hei Se Hua Yu Hong Shan Yang,2020-08-21,2020-08,vndb_steam_release,True,False,VNDB_ONLY,True,,v37650,r94649,Hei Se Hua Yu Hong Shan Yang,complete,True,,,,https://store.steampowered.com/app/1306750/,https://vndb.org/v37650
1333330,Police hot Tale,2020-08-21,2020-08,vndb_steam_release,True,False,VNDB_ONLY,True,,v29007,r73856,Police hot Tale,complete,True,,,,https://store.steampowered.com/app/1333330/,https://vndb.org/v29007
1399770,Space Bar at the End of the Galaxy - Adults Only 18+ Patch,2020-08-21,2020-08,vndb_steam_release,True,False,VNDB_ONLY,True,,v28870,r75808,Space Bar at the End of the Galaxy,complete,True,,,,https://store.steampowered.com/app/1399770/,https://vndb.org/v28870
1069760,Ethereal Enigma,2020-08-22,2020-08,vndb_steam_release,True,False,VNDB_ONLY,True,,v26010,r64376,Ethereal Enigma,complete,True,,,,https://store.steampowered.com/app/1069760/,https://vndb.org/v26010
1394950,Just Deserts - Valerya Chapter,2020-08-24,2020-08,vndb_steam_release,True,False,VNDB_ONLY,True,,v19751,r73928,Just Deserts,partial,True,,,,https://store.steampowered.com/app/1394950/,https://vndb.org/v19751
1373370,Sakura Dimensions Demo,2020-08-24,2020-08,vndb_steam_release,True,False,VNDB_ONLY,True,,v30542,r78183,Sakura Dimensions,trial,True,,,,https://store.steampowered.com/app/1373370/,https://vndb.org/v30542
1404650,Swordbreaker: Origins - Demo,2020-08-26,2020-08,vndb_steam_release,True,False,VNDB_ONLY,True,,v35479,r90417,Swordbreaker: Origins,trial,True,,,,https://store.steampowered.com/app/1404650/,https://vndb.org/v35479
1381700,Chicken Police Demo,2020-08-28,2020-08,vndb_steam_release,True,False,VNDB_ONLY,True,,v29607,r75800,Chicken Police - Paint it RED!,trial,True,,,,https://store.steampowered.com/app/1381700/,https://vndb.org/v29607
1383780,Coffee with Prescilla,2020-08-28,2020-08,vndb_steam_release,True,False,VNDB_ONLY,True,,v29064,r74032,Coffee with Prescilla,complete,True,,,,https://store.steampowered.com/app/1383780/,https://vndb.org/v29064
1256590,Dragon and Weed: Origins - Episode 1,2020-08-28,2020-08,vndb_steam_release,True,False,VNDB_ONLY,True,,v27740,r74034,BornWild • Versus Season 1,partial,True,,,,https://store.steampowered.com/app/1256590/,https://vndb.org/v27740
1251190,Dragon and Weed: Origins - Prologue,2020-08-28,2020-08,vndb_steam_release,True,False,VNDB_ONLY,True,,v27740,r74033,BornWild • Versus Season 1,partial,True,,,,https://store.steampowered.com/app/1251190/,https://vndb.org/v27740
1386690,Shen Godhrkar de Wan Zhong - Demo,2020-08-28,2020-08,vndb_steam_release,True,False,VNDB_ONLY,True,,v24484,r74981,Sheng Ge De Jia de Wan Zhong,trial,True,,,,https://store.steampowered.com/app/1386690/,https://vndb.org/v24484
1384410,Werewolf: The Apocalypse - Heart of the Forest demo,2020-08-28,2020-08,vndb_steam_release,True,False,VNDB_ONLY,True,,v28855,r74095,Werewolf: The Apocalypse - Heart of the Forest,trial,True,,,,https://store.steampowered.com/app/1384410/,https://vndb.org/v28855
1412090,Mixology - Demo,2020-09-01,2020-09,vndb_steam_release,True,False,VNDB_ONLY,True,,v29142,r74255,Mixology,trial,True,,,,https://store.steampowered.com/app/1412090/,https://vndb.org/v29142
1233710,Elf Breeding Farm,2020-09-04,2020-09,vndb_steam_release,True,False,VNDB_ONLY,True,,v24555,r76193;r86146,Elf Tanezuke Bokujou,complete,True,,,,https://store.steampowered.com/app/1233710/,https://vndb.org/v24555
1573370,Life Changes For Keeley,2020-09-06,2020-09,vndb_steam_release,True,False,VNDB_ONLY,True,,v28782,r74307,Life Changes For Keeley,complete,True,,,,https://store.steampowered.com/app/1573370/,https://vndb.org/v28782
1413690,Huisu Yicun - Trial Edition,2020-09-08,2020-09,vndb_steam_release,True,False,VNDB_ONLY,True,,v30438,r77883,Huisu Yicun,trial,True,,,,https://store.steampowered.com/app/1413690/,https://vndb.org/v30438
1355500,Children of Belgrade Metro - Download Edition,2020-09-11,2020-09,vndb_steam_release,True,False,VNDB_ONLY,True,,v28981,r73787,Children of Belgrade Metro,complete,True,,,,https://store.steampowered.com/app/1355500/,https://vndb.org/v28981
1632010,Pantyhoes,2020-09-11,2020-09,vndb_steam_release,True,False,VNDB_ONLY,True,,v30288,r77548,Pantyhoes,complete,True,,,,https://store.steampowered.com/app/1632010/,https://vndb.org/v30288
1420370,Beyond Eden: Dear Edward Demo,2020-09-14,2020-09,vndb_steam_release,True,False,VNDB_ONLY,True,,v22876,r76751,Eden-ui Neomeo: Dear Edward,trial,True,,,,https://store.steampowered.com/app/1420370/,https://vndb.org/v22876
1394350,Chenmo Zhaoze,2020-09-14,2020-09,vndb_steam_release,True,False,VNDB_ONLY,True,,v29163,r74345,Chenmo Zhaoze,complete,True,,,,https://store.steampowered.com/app/1394350/,https://vndb.org/v29163
1449860,Henchman Story - Demo,2020-09-14,2020-09,vndb_steam_release,True,False,VNDB_ONLY,True,,v29173,r74377,Henchman Story,trial,True,,,,https://store.steampowered.com/app/1449860/,https://vndb.org/v29173
1087930,Christmas Tina -Utakata Toukei- Trial Version,2020-09-15,2020-09,vndb_steam_release,True,False,VNDB_ONLY,True,,v24208,r123312,Christmas Tina -Utakata Toukei-,trial,True,,,,https://store.steampowered.com/app/1087930/,https://vndb.org/v24208
1357840,Salthe - Censored Edition,2020-09-15,2020-09,vndb_steam_release,True,False,VNDB_ONLY,True,,v26999,r74006,Sarute,complete,True,,,,https://store.steampowered.com/app/1357840/,https://vndb.org/v26999
1428930,Cafe Deux Femmes - Adults Only 18+ Patch,2020-09-25,2020-09,vndb_steam_release,True,False,VNDB_ONLY,True,,v29146,r74567,Cafe Deux Femmes,complete,True,,,,https://store.steampowered.com/app/1428930/,https://vndb.org/v29146
1406040,Scarlet Hollow - Episode One,2020-09-25,2020-09,vndb_steam_release,True,False,VNDB_ONLY,True,,v29254,r74615,Scarlet Hollow,trial,True,,,,https://store.steampowered.com/app/1406040/,https://vndb.org/v29254
1318810,Undead Darlings ~no cure for love~ Demo,2020-09-28,2020-09,vndb_steam_release,True,False,VNDB_ONLY,True,,v19336,r90497,Undead Darlings ~no cure for love~,trial,True,,,,https://store.steampowered.com/app/1318810/,https://vndb.org/v19336
1250180,Runaway Demon Bride,2020-09-30,2020-09,vndb_steam_release,True,False,VNDB_ONLY,True,,v26122,r87256,Tensei Yuusha to Ryousai Maou no Kozukuri Slow Life,complete,True,,,,https://store.steampowered.com/app/1250180/,https://vndb.org/v26122
1405770,Subliminal Region Demo,2020-10-01,2020-10,vndb_steam_release,True,False,VNDB_ONLY,True,,v29963,r76768,Subliminal Region,trial,True,,,,https://store.steampowered.com/app/1405770/,https://vndb.org/v29963
1418000,Iwaihime - Trial Edition,2020-10-02,2020-10,vndb_steam_release,True,False,VNDB_ONLY,True,,v17863,r74782,Iwaihime,trial,True,,,,https://store.steampowered.com/app/1418000/,https://vndb.org/v17863
1413130,EndlessShinyBlues Demo,2020-10-05,2020-10,vndb_steam_release,True,False,VNDB_ONLY,True,,v29770,r76163,Feiniao Hai Sha,trial,True,,,,https://store.steampowered.com/app/1413130/,https://vndb.org/v29770
1408440,Melancholy Love - Demo,2020-10-06,2020-10,vndb_steam_release,True,False,VNDB_ONLY,True,,v27565,r74913,Qian Mian,trial,True,,,,https://store.steampowered.com/app/1408440/,https://vndb.org/v27565
1402720,Bistro Days - Demo,2020-10-07,2020-10,vndb_steam_release,True,False,VNDB_ONLY,True,,v29152,r87750,Bistro Days,trial,True,,,,https://store.steampowered.com/app/1402720/,https://vndb.org/v29152
1434210,Drops of Death - Demo,2020-10-07,2020-10,vndb_steam_release,True,False,VNDB_ONLY,True,,v29346,r74977,Drops of Death,trial,True,,,,https://store.steampowered.com/app/1434210/,https://vndb.org/v29346
1413810,Head AS Code Demo,2020-10-07,2020-10,vndb_steam_release,True,False,VNDB_ONLY,True,,v29960,r76763,Head AS Code,trial,True,,,,https://store.steampowered.com/app/1413810/,https://vndb.org/v29960
1403600,Kirakira Stars Idol Project Reika - Demo,2020-10-07,2020-10,vndb_steam_release,True,False,VNDB_ONLY,True,,v29368,r76495,Kirakira Stars -idol project Reika-,trial,True,,,,https://store.steampowered.com/app/1403600/,https://vndb.org/v29368
1398240,Selene ~Apoptosis~ Demo,2020-10-07,2020-10,vndb_steam_release,True,False,VNDB_ONLY,True,,v29814,r77941,Selene ~Apoptosis~,trial,True,,,,https://store.steampowered.com/app/1398240/,https://vndb.org/v29814
1405080,Takorita Meets Potato - Demo,2020-10-07,2020-10,vndb_steam_release,True,False,VNDB_ONLY,True,,v29038,r85088,Takorita Meets Potato,trial,True,,,,https://store.steampowered.com/app/1405080/,https://vndb.org/v29038
2791090,the head well lost - Demo 2.0,2020-10-11,2020-10,vndb_steam_release,True,False,VNDB_ONLY,True,,v28836,r76142,the head well lost,trial,True,,,,https://store.steampowered.com/app/2791090/,https://vndb.org/v28836
1418530,Girls! Girls! Girls!? - Demo,2020-10-13,2020-10,vndb_steam_release,True,False,VNDB_ONLY,True,,v28800,r75048,Girls! Girls! Girls!?,trial,True,,,,https://store.steampowered.com/app/1418530/,https://vndb.org/v28800
1431420,10mg: Cover Me In Leaves,2020-10-15,2020-10,vndb_steam_release,True,False,VNDB_ONLY,True,,v29374,r75082,Cover Me In Leaves,complete,True,,,,https://store.steampowered.com/app/1431420/,https://vndb.org/v29374
1271190,Nuwang de Rongyao,2020-10-15,2020-10,vndb_steam_release,True,False,VNDB_ONLY,True,,v28501,r82194,Nuwang De Rongyao,complete,True,,,,https://store.steampowered.com/app/1271190/,https://vndb.org/v28501
1394890,Steam Prison - Fin Route,2020-10-15,2020-10,vndb_steam_release,True,False,VNDB_ONLY,True,,v19397,r72886,Steam Prison,complete,True,,,,https://store.steampowered.com/app/1394890/,https://vndb.org/v19397
1260670,Mister Versatile: A Gay Superhero Visual Novel,2020-10-16,2020-10,vndb_steam_release,True,False,VNDB_ONLY,True,,v28190,r70559,Mister Versatile,complete,True,,,,https://store.steampowered.com/app/1260670/,https://vndb.org/v28190
1886530,Mister Versatile: Versivion,2020-10-16,2020-10,vndb_steam_release,True,False,VNDB_ONLY,True,,v28190,r89440,Mister Versatile,complete,True,,,,https://store.steampowered.com/app/1886530/,https://vndb.org/v28190
1426090,My Yandere Sister loves me too much!,2020-10-16,2020-10,vndb_steam_release,True,False,VNDB_ONLY,True,,v22503,r86138;r87260,Yandere na Onee-chan ni Aishitsukusareru Kankin Seikatsu,complete,True,,,,https://store.steampowered.com/app/1426090/,https://vndb.org/v22503
1431080,Space Love Delta - 18+ Patch,2020-10-19,2020-10,vndb_steam_release,True,False,VNDB_ONLY,True,,v26860,r75190,Space Love Delta,complete,True,,,,https://store.steampowered.com/app/1431080/,https://vndb.org/v26860
1372400,Iwaihime - Additional Scenario: Musubihime,2020-10-23,2020-10,vndb_steam_release,True,False,VNDB_ONLY,True,,v17863,r75170,Iwaihime,partial,True,,,,https://store.steampowered.com/app/1372400/,https://vndb.org/v17863
1160620,Summer Days,2020-10-23,2020-10,vndb_steam_release,True,False,VNDB_ONLY,True,,v29430,r75266,Summer Days,complete,True,,,,https://store.steampowered.com/app/1160620/,https://vndb.org/v29430
1440490,Zapovednik Zelirija 2: Ubezhische Ksinori - Demo,2020-10-23,2020-10,vndb_steam_release,True,False,VNDB_ONLY,True,,v29540,r75566,Zapovednik Zelirija 2: Ubezhische Ksinori,trial,True,,,,https://store.steampowered.com/app/1440490/,https://vndb.org/v29540
1885350,Camp Palut - Demo,2020-10-24,2020-10,vndb_steam_release,True,False,VNDB_ONLY,True,,v29467,r75355,Camp Palut,trial,True,,,,https://store.steampowered.com/app/1885350/,https://vndb.org/v29467
1144550,Bride for the Princess,2020-10-26,2020-10,vndb_steam_release,True,False,VNDB_ONLY,True,,v28569,r72255,Bride for the Princess,complete,True,,,,https://store.steampowered.com/app/1144550/,https://vndb.org/v28569
898010,Ratten Reich - Dance of Kings,2020-10-26,2020-10,vndb_steam_release,True,False,VNDB_ONLY,True,,v29452,r75321,Ratten Reich - Dance of Kings,complete,True,,,,https://store.steampowered.com/app/898010/,https://vndb.org/v29452
1085750,Sex with Stalin,2020-10-26,2020-10,vndb_steam_release,True,False,VNDB_ONLY,True,,v29456,r75325,Sex with Stalin,complete,True,,,,https://store.steampowered.com/app/1085750/,https://vndb.org/v29456
1577420,Love Sucks: Night One,2020-10-27,2020-10,vndb_steam_release,True,False,VNDB_ONLY,True,,v29727,r76083,Love Sucks,partial,True,,,,https://store.steampowered.com/app/1577420/,https://vndb.org/v29727
1820500,Complex Relations Demo,2020-10-28,2020-10,vndb_steam_release,True,False,VNDB_ONLY,True,,v29457,r75336,Complex Relations,trial,True,,,,https://store.steampowered.com/app/1820500/,https://vndb.org/v29457
1439230,Devilium,2020-10-28,2020-10,vndb_steam_release,True,False,VNDB_ONLY,True,,v29461,r75340,Devilium,complete,True,,,,https://store.steampowered.com/app/1439230/,https://vndb.org/v29461
1272960,Later Daters Part 2,2020-10-28,2020-10,vndb_steam_release,True,False,VNDB_ONLY,True,,v28728,r75430,Later Daters,partial,True,,,,https://store.steampowered.com/app/1272960/,https://vndb.org/v28728
1447220,Super/Human Identity - Demo,2020-10-28,2020-10,vndb_steam_release,True,False,VNDB_ONLY,True,,v29710,r76017,Super/Human Identity,trial,True,,,,https://store.steampowered.com/app/1447220/,https://vndb.org/v29710
1396050,Kirakira Stars Idol Project Reika - Censored Edition,2020-10-29,2020-10,vndb_steam_release,True,False,VNDB_ONLY,True,,v29368,r75053,Kirakira Stars -idol project Reika-,complete,True,,,,https://store.steampowered.com/app/1396050/,https://vndb.org/v29368
1322490,The Charm of Love,2020-10-29,2020-10,vndb_steam_release,True,False,VNDB_ONLY,True,,v29470,r75363,The Charm of Love,complete,True,,,,https://store.steampowered.com/app/1322490/,https://vndb.org/v29470
1726960,Abaddon: Princess of the Decay - Demo,2020-10-30,2020-10,vndb_steam_release,True,False,VNDB_ONLY,True,,v13066,r75745,Fukai ni Nemuru Oujo no Abaddon,trial,True,,,,https://store.steampowered.com/app/1726960/,https://vndb.org/v13066
1129100,Seven Wonders of St. Clementine - Demo,2020-10-30,2020-10,vndb_steam_release,True,False,VNDB_ONLY,True,,v29480,r75399,Seven Wonders of St. Clementine,trial,True,,,,https://store.steampowered.com/app/1129100/,https://vndb.org/v29480
1461250,Touhou Gensokyo Visitor - Demo,2020-10-30,2020-10,vndb_steam_release,True,False,VNDB_ONLY,True,,v28642,r75397,Touhou Gensokyo Visitor,trial,True,,,,https://store.steampowered.com/app/1461250/,https://vndb.org/v28642
1117470,Seven Wonders of St. Clementine,2020-10-31,2020-10,vndb_steam_release,True,False,VNDB_ONLY,True,,v29480,r75388,Seven Wonders of St. Clementine,complete,True,,,,https://store.steampowered.com/app/1117470/,https://vndb.org/v29480
1439490,Witches x Warlocks - Premium Pack,2020-10-31,2020-10,vndb_steam_release,True,False,VNDB_ONLY,True,,v29494,r75419,Witches x Warlocks,complete,True,,,,https://store.steampowered.com/app/1439490/,https://vndb.org/v29494
1445170,The Legend of Arcadieu 2 - 18+ Patch,2020-11-02,2020-11,vndb_steam_release,True,False,VNDB_ONLY,True,,v29516,r75482,The Legend of Arcadieu 2,complete,True,,,,https://store.steampowered.com/app/1445170/,https://vndb.org/v29516
1299370,Friendship with Benefits,2020-11-04,2020-11,vndb_steam_release,True,False,VNDB_ONLY,True,,v29398,r75527,Friendship with Benefits,complete,True,,,,https://store.steampowered.com/app/1299370/,https://vndb.org/v29398
1426500,Chongqi - Reboot,2020-11-05,2020-11,vndb_steam_release,True,False,VNDB_ONLY,True,,v29530,r75535,Chongqi - Reboot,complete,True,,,,https://store.steampowered.com/app/1426500/,https://vndb.org/v29530
1434870,"1 For Yes, 0 For No",2020-11-06,2020-11,vndb_steam_release,True,False,VNDB_ONLY,True,,v29538,r75562,"1 For Yes, 0 For No",complete,True,,,,https://store.steampowered.com/app/1434870/,https://vndb.org/v29538
1461180,Aisling and the Tavern of Elves - R18 Patch,2020-11-06,2020-11,vndb_steam_release,True,False,VNDB_ONLY,True,,v29428,r75565,Aisling and the Tavern of Elves,complete,True,,,,https://store.steampowered.com/app/1461180/,https://vndb.org/v29428
467750,Chromo XY,2020-11-06,2020-11,vndb_steam_release,True,False,VNDB_ONLY,True,,v29539,r75563,Chromo XY,complete,True,,,,https://store.steampowered.com/app/467750/,https://vndb.org/v29539
1448920,National Park Girls - Episode 3: Daughter of Zion,2020-11-06,2020-11,vndb_steam_release,True,False,VNDB_ONLY,True,,v24560,r75177,National Park Girls,partial,True,,,,https://store.steampowered.com/app/1448920/,https://vndb.org/v24560
1446230,Chasing Tail - Steam Edition,2020-11-07,2020-11,vndb_steam_release,True,False,VNDB_ONLY,True,,v24033,r75564,Chasing Tail,complete,True,,,,https://store.steampowered.com/app/1446230/,https://vndb.org/v24033
1363270,Beauty Contest,2020-11-08,2020-11,vndb_steam_release,True,False,VNDB_ONLY,True,,v29546,r75594,Beauty Contest,complete,True,,,,https://store.steampowered.com/app/1363270/,https://vndb.org/v29546
1474170,NIGHT/SHADE: You're The Drug - Demo,2020-11-10,2020-11,vndb_steam_release,True,False,VNDB_ONLY,True,,v29563,r75648,NIGHT/SHADE: You're the Drug,trial,True,,,,https://store.steampowered.com/app/1474170/,https://vndb.org/v29563
1452030,Baihe Hunyin Jieshaosuo - Demo,2020-11-13,2020-11,vndb_steam_release,True,False,VNDB_ONLY,True,,v30527,r78126,Baihe Hunyin Jieshaosuo,trial,True,,,,https://store.steampowered.com/app/1452030/,https://vndb.org/v30527
1439470,Ayoub Demo,2020-11-14,2020-11,vndb_steam_release,True,False,VNDB_ONLY,True,,v29895,r112645,Ayoub,trial,True,,,,https://store.steampowered.com/app/1439470/,https://vndb.org/v29895
1478530,Call Me Under - Demo;Call Me Under - Extended Demo,2020-11-14,2020-11,vndb_steam_release,True,False,VNDB_ONLY,True,,v29601,r108189;r75772,Call Me Under,trial,True,,,,https://store.steampowered.com/app/1478530/,https://vndb.org/v29601
1464060,Our Life: Beginnings & Always - Step 1 Expansion,2020-11-16,2020-11,vndb_steam_release,True,False,VNDB_ONLY,True,,v26391,r75841,Our Life: Beginnings & Always,partial,True,,,,https://store.steampowered.com/app/1464060/,https://vndb.org/v26391
1464061,Our Life: Beginnings & Always - Step 2 Expansion,2020-11-16,2020-11,vndb_steam_release,True,False,VNDB_ONLY,True,,v26391,r75843,Our Life: Beginnings & Always,partial,True,,,,https://store.steampowered.com/app/1464061/,https://vndb.org/v26391
1386240,Welcome To... Chichester 2 - Part III : NightFall - Demo,2020-11-16,2020-11,vndb_steam_release,True,False,VNDB_ONLY,True,,v26770,r75972,Welcome To... Chichester 2 - Part III : NightFall,trial,True,,,,https://store.steampowered.com/app/1386240/,https://vndb.org/v26770
1043010,Welcome To... Chichester 3 : How I Met Grendel,2020-11-19,2020-11,vndb_steam_release,True,False,VNDB_ONLY,True,,v25398,r77425,Welcome To... Chichester 3 : How I Met Grendel,complete,True,,,,https://store.steampowered.com/app/1043010/,https://vndb.org/v25398
1360370,Jiangshi x Daoshi: Episode 3 - Lady Hexers (Steam Edition),2020-11-20,2020-11,vndb_steam_release,True,False,VNDB_ONLY,True,,v20538,r73133,Jiangshi x Daoshi,partial,True,,,,https://store.steampowered.com/app/1360370/,https://vndb.org/v20538
1461240,The Prologue to a Dream of Home,2020-11-20,2020-11,vndb_steam_release,True,False,VNDB_ONLY,True,,v20182,r75548,The Prologue to a Dream of Home,complete,True,,,,https://store.steampowered.com/app/1461240/,https://vndb.org/v20182
1469370,Lighthouse Keeper,2020-11-22,2020-11,vndb_steam_release,True,False,VNDB_ONLY,True,,v29704,r75999,Lighthouse Keeper,complete,True,,,,https://store.steampowered.com/app/1469370/,https://vndb.org/v29704
1373270,Sakura Dimensions,2020-11-26,2020-11,vndb_steam_release,True,False,VNDB_ONLY,True,,v30542,r78184,Sakura Dimensions,complete,True,,,,https://store.steampowered.com/app/1373270/,https://vndb.org/v30542
1521170,Freezer Pops - A Hot Bara Business - Demo,2020-11-30,2020-11,vndb_steam_release,True,False,VNDB_ONLY,True,,v29766,r76158,Freezer Pops - A Hot Bara Business,trial,True,,,,https://store.steampowered.com/app/1521170/,https://vndb.org/v29766
1471000,Nevermore - Documentary Kinetic Novel,2020-11-30,2020-11,vndb_steam_release,True,False,VNDB_ONLY,True,,v29769,r76161,Nevermore - Documentary Kinetic Novel,complete,True,,,,https://store.steampowered.com/app/1471000/,https://vndb.org/v29769
1464063,Our Life: Beginnings & Always - Voiced Name Expansion,2020-11-30,2020-11,vndb_steam_release,True,False,VNDB_ONLY,True,,v26391,r76153,Our Life: Beginnings & Always,complete,True,,,,https://store.steampowered.com/app/1464063/,https://vndb.org/v26391
1484220,~Be a maid in the Demon World~ The Secret Café of the Demon Angel Hero.,2020-12-01,2020-12,vndb_steam_release,True,False,VNDB_ONLY,True,,v30490,r78035,~Makai de Maid~ Akuma to Tenshi to Yuusha no Himitsu no Kissaten,complete,True,,,,https://store.steampowered.com/app/1484220/,https://vndb.org/v30490
1471400,The Thought Police Hotline: Episode 1 - Demo,2020-12-03,2020-12,vndb_steam_release,True,False,VNDB_ONLY,True,,v29505,r76213,The Thought Police Hotline: Episode 1,trial,True,,,,https://store.steampowered.com/app/1471400/,https://vndb.org/v29505
1485610,Bahamian Rhapsody - Adults Only 18+ Patch,2020-12-04,2020-12,vndb_steam_release,True,False,VNDB_ONLY,True,,v29573,r76221,Bahamian Rhapsody,complete,True,,,,https://store.steampowered.com/app/1485610/,https://vndb.org/v29573
1089300,"The Ghost of Joe Papp, 101 Ways to Kill Writer's Block: Shakespeare's Charity",2020-12-06,2020-12,vndb_steam_release,True,False,VNDB_ONLY,True,,v29805,r76279,The Ghost of Joe Papp: 101 Ways To Kill Writer's Block,partial,True,,,,https://store.steampowered.com/app/1089300/,https://vndb.org/v29805
1270210,Love of Magic,2020-12-11,2020-12,vndb_steam_release,True,False,VNDB_ONLY,True,,v32639,r84206,Love of Magic,complete,True,,,,https://store.steampowered.com/app/1270210/,https://vndb.org/v32639
1500040,Maelstrom: A Yaoi Visual Novel Demo,2020-12-12,2020-12,vndb_steam_release,True,False,VNDB_ONLY,True,,v29847,r76381,Maelstrom,trial,True,,,,https://store.steampowered.com/app/1500040/,https://vndb.org/v29847
1271740,Magic and Slash - Minarai Boukensha Lille no Daibouken - Censored Edition,2020-12-12,2020-12,vndb_steam_release,True,False,VNDB_ONLY,True,,v23538,r79518,Magic and Slash - Minarai Boukensha Lille no H na Daibouken,complete,True,,,,https://store.steampowered.com/app/1271740/,https://vndb.org/v23538
1472010,Black Lilies - Eternal Summer,2020-12-14,2020-12,vndb_steam_release,True,False,VNDB_ONLY,True,,v29854,r76408,Black Lilies - Eternal Summer,complete,True,,,,https://store.steampowered.com/app/1472010/,https://vndb.org/v29854
1475320,I Walk Among Zombies Vol. 3 - 18+ DLC,2020-12-15,2020-12,vndb_steam_release,True,False,VNDB_ONLY,True,,v22775,r76124,Zombie no Afureta Sekai de Ore Dake ga Osowarenai vol.3,complete,True,,,,https://store.steampowered.com/app/1475320/,https://vndb.org/v22775
1354640,The Ditzy Demons Are in Love With Me - Fandisc - Censored Edition,2020-12-15,2020-12,vndb_steam_release,True,False,VNDB_ONLY,True,,v18791,r64746,Boku to Koi Suru Ponkotsu Akuma. Suggoi Ecchi!,complete,True,,,,https://store.steampowered.com/app/1354640/,https://vndb.org/v18791
1496920,Mo Xin - Bo Yun Gui Chuan - Dajieju,2020-12-16,2020-12,vndb_steam_release,True,False,VNDB_ONLY,True,,v29585,r76560,Mo Xin: Bo Yun Gui Chuan,partial,True,,,,https://store.steampowered.com/app/1496920/,https://vndb.org/v29585
1236430,Fxxx Me Royally!! Horny Magical Princess - Steam Edition,2020-12-17,2020-12,vndb_steam_release,True,False,VNDB_ONLY,True,,v21901,r76080,Ohime-sama datte XXX Shitai!! -Horny Magical Princess-,complete,True,,,,https://store.steampowered.com/app/1236430/,https://vndb.org/v21901
1459120,Fxxx Me Royally!! Horny Magical Princess DLC,2020-12-17,2020-12,vndb_steam_release,True,False,VNDB_ONLY,True,,v21901,r122812;r84910,Ohime-sama datte XXX Shitai!! -Horny Magical Princess-,partial,True,,,,https://store.steampowered.com/app/1459120/,https://vndb.org/v21901
1399930,Love Stories: Furry Shades of Gay;Love Stories: Furry Shades of Gay - Bonus Arts;Love Stories: Furry Shades of Gay - Narration Mode;Love Stories: Furry Shades of Gay - New Story;Love Stories: Furry Shades of Gay - New Year Update;Love Stories: Furry Shades of Gay - Now with Voices,2020-12-18,2020-12,vndb_steam_release,True,False,VNDB_ONLY,True,,v33530,r135916;r135917;r135918;r135919;r135920;r86549,Love Stories: Furry Shades of Gay,complete,True,,,,https://store.steampowered.com/app/1399930/,https://vndb.org/v33530
1173400,Futa Fix Dick Dine and Dash,2020-12-22,2020-12,vndb_steam_release,True,False,VNDB_ONLY,True,,v29897,r76561,Futa Fix Dick Dine and Dash,complete,True,,,,https://store.steampowered.com/app/1173400/,https://vndb.org/v29897
1505340,A Marble's Muse - Demo,2020-12-23,2020-12,vndb_steam_release,True,False,VNDB_ONLY,True,,v29904,r76580,A Marble's Muse,trial,True,,,,https://store.steampowered.com/app/1505340/,https://vndb.org/v29904
1474100,Angel Sex Pet,2020-12-24,2020-12,vndb_steam_release,True,False,VNDB_ONLY,True,,v1520,r76302;r86136,Seitenshi Sharlot Ingyaku no Dorei Choukyou ~Goshujin-sama Dake no Harami Tenshi ni Shite Kudasai~,complete,True,,,,https://store.steampowered.com/app/1474100/,https://vndb.org/v1520
1270230,Kamonegi-go ga Mahou Ken de Ippai ni Naru,2020-12-24,2020-12,vndb_steam_release,True,False,VNDB_ONLY,True,,v29914,r76619,Kamonegi-go ga Mahou Ken de Ippai ni Naru,complete,True,,,,https://store.steampowered.com/app/1270230/,https://vndb.org/v29914
1478410,Xiangsu Nanyou - Full Voice Edition,2020-12-24,2020-12,vndb_steam_release,True,False,VNDB_ONLY,True,,v27058,r75884,Doto Koi,complete,True,,,,https://store.steampowered.com/app/1478410/,https://vndb.org/v27058
1477450,Yiren Zhi Xia Zhi Xun Qi Mi Zong,2020-12-25,2020-12,vndb_steam_release,True,False,VNDB_ONLY,True,,v29916,r76621,Yiren Zhi Xia Zhi Xun Qi Mi Zong,complete,True,,,,https://store.steampowered.com/app/1477450/,https://vndb.org/v29916
1382530,Bitchy Boss Bimbofication,2020-12-28,2020-12,vndb_steam_release,True,False,VNDB_ONLY,True,,v20793,r87258,Elite Onna Joushi o Saimin de Haramase Onaho ni Shita Erosugiru Kaisha Seikatsu,complete,True,,,,https://store.steampowered.com/app/1382530/,https://vndb.org/v20793
1142270,Catgirl & Doggirl Cafe,2020-12-29,2020-12,vndb_steam_release,True,False,VNDB_ONLY,True,,v25816,r87250;r87251,Tasuketa Kemomimi Musume-tachi to Ichaicha Natsukarex Shimakuru Isekai FamiRes Hanjouki,complete,True,,,,https://store.steampowered.com/app/1142270/,https://vndb.org/v25816
1400180,Monster Girl Breeder,2020-12-29,2020-12,vndb_steam_release,True,False,VNDB_ONLY,True,,v28667,r87259,Itsudemo Tanezuke! Ishuzoku Haramase Harem Mura,complete,True,,,,https://store.steampowered.com/app/1400180/,https://vndb.org/v28667
1796540,The Elevator Game with Catgirls - Demo,2020-12-29,2020-12,vndb_steam_release,True,False,VNDB_ONLY,True,,v29942,r76717,The Elevator Game with Catgirls,trial,True,,,,https://store.steampowered.com/app/1796540/,https://vndb.org/v29942
1202580,Beyond Eden: Dear Edward,2020-12-30,2020-12,vndb_steam_release,True,False,VNDB_ONLY,True,,v22876,r108609;r56660,Eden-ui Neomeo: Dear Edward,complete,True,,,,https://store.steampowered.com/app/1202580/,https://vndb.org/v22876
1467810,House in the village by the river v2.0,2021-01-02,2021-01,vndb_steam_release,True,False,VNDB_ONLY,True,,v29866,r87283,Domik v derevne - u reki,complete,True,,,,https://store.steampowered.com/app/1467810/,https://vndb.org/v29866
1527730,Synthetic Lover - Demo 2.0,2021-01-05,2021-01,vndb_steam_release,True,False,VNDB_ONLY,True,,v25819,r85477,Synthetic Lover,trial,True,,,,https://store.steampowered.com/app/1527730/,https://vndb.org/v25819
1390150,Amaenbo+ - Expansion DLC - Censored Steam Edition,2021-01-09,2021-01,vndb_steam_release,True,False,VNDB_ONLY,True,,v28205,r76968,Amaenbo ~Sei o Osaekirenai Boku to Mushou no Oyako~,complete,True,,,,https://store.steampowered.com/app/1390150/,https://vndb.org/v28205
1448640,Busty Maid Creampie Heaven! - Steam Edition,2021-01-13,2021-01,vndb_steam_release,True,False,VNDB_ONLY,True,,v1610,r77048,Kyonyuu Maid Nakadashi Tengoku!,complete,True,,,,https://store.steampowered.com/app/1448640/,https://vndb.org/v1610
1448630,Neighbor Watching - Steam Edition,2021-01-13,2021-01,vndb_steam_release,True,False,VNDB_ONLY,True,,v4103,r77049,Rinjin Kansatsu,complete,True,,,,https://store.steampowered.com/app/1448630/,https://vndb.org/v4103
1730510,Object Ward. - Demo,2021-01-13,2021-01,vndb_steam_release,True,False,VNDB_ONLY,True,,v24631,r60478,Object Ward.,trial,True,,,,https://store.steampowered.com/app/1730510/,https://vndb.org/v24631
1490250,Harem Hunter: Sex-ray Vision,2021-01-15,2021-01,vndb_steam_release,True,False,VNDB_ONLY,True,,v29154,r76725;r86134,Isekai Haramase Harem Party~ Saijaku no Kaiseki Skill ga Ijou Hattatsu Shite Ecchi na Jakuten o Maruhadaka ni! Saikyou no Bakunyuu Boukensha-tachi o Nikubenki-ka!~,complete,True,,,,https://store.steampowered.com/app/1490250/,https://vndb.org/v29154
1488420,Wind from city,2021-01-15,2021-01,vndb_steam_release,True,False,VNDB_ONLY,True,,v30125,r77080,Feng Qi Cheng,complete,True,,,,https://store.steampowered.com/app/1488420/,https://vndb.org/v30125
1509110,Nympho_wife,2021-01-17,2021-01,vndb_steam_release,True,False,VNDB_ONLY,True,,v30139,r77105,Okusan to Yane no Shita de,complete,True,,,,https://store.steampowered.com/app/1509110/,https://vndb.org/v30139
1250820,Gong Chu: GrandNestling - Demo,2021-01-18,2021-01,vndb_steam_release,True,False,VNDB_ONLY,True,,v40650,r100230,Gong Chu,trial,True,,,,https://store.steampowered.com/app/1250820/,https://vndb.org/v40650
1511580,Leisure Yacht - The Epilogue,2021-01-20,2021-01,vndb_steam_release,True,False,VNDB_ONLY,True,,v30173,r77193,Leisure Yacht - The Epilogue,complete,True,,,,https://store.steampowered.com/app/1511580/,https://vndb.org/v30173
1398660,CamGirls: Sophie X Rias,2021-01-22,2021-01,vndb_steam_release,True,False,VNDB_ONLY,True,,v30188,r77248,CamGirls: Sophie X Rias,complete,True,,,,https://store.steampowered.com/app/1398660/,https://vndb.org/v30188
3050520,Landlord & the Tenants;Landlord & the Tenants - Demo,2021-01-24,2021-01,vndb_steam_release,True,False,VNDB_ONLY,True,,v52052,r125870;r126296,Landlord & the Tenants,complete;trial,True,,,,https://store.steampowered.com/app/3050520/,https://vndb.org/v52052
1506970,Symphony of Delights,2021-01-24,2021-01,vndb_steam_release,True,False,VNDB_ONLY,True,,v35015,r89491,Symphony of Delights,complete,True,,,,https://store.steampowered.com/app/1506970/,https://vndb.org/v35015
1538140,Battle Royale: For Your Heart! - Extended Demo,2021-01-25,2021-01,vndb_steam_release,True,False,VNDB_ONLY,True,,v30930,r79226,Battle Royale: For Your Heart!,trial,True,,,,https://store.steampowered.com/app/1538140/,https://vndb.org/v30930
1511040,LOVE BAKUDAN,2021-01-25,2021-01,vndb_steam_release,True,False,VNDB_ONLY,True,,v30202,r77288,LOVE BAKUDAN,complete,True,,,,https://store.steampowered.com/app/1511040/,https://vndb.org/v30202
1306730,Leisure Yacht v1.0.4.2,2021-01-25,2021-01,vndb_steam_release,True,False,VNDB_ONLY,True,,v28621,r72470,Leisure Yacht,partial,True,,,,https://store.steampowered.com/app/1306730/,https://vndb.org/v28621
1531810,Invisible Wings Demo,2021-01-26,2021-01,vndb_steam_release,True,False,VNDB_ONLY,True,,v30357,r77700,Invisible Wings: Chapter One,trial,True,,,,https://store.steampowered.com/app/1531810/,https://vndb.org/v30357
1424830,Utakata Toukei : Sakura Iro Reiraku & Keshiki Shouzen,2021-01-29,2021-01,vndb_steam_release,True,False,VNDB_ONLY,True,,v24208,r77233,Christmas Tina -Utakata Toukei-,complete,True,,,,https://store.steampowered.com/app/1424830/,https://vndb.org/v24208
1619540,Avalon,2021-02-01,2021-02,vndb_steam_release,True,False,VNDB_ONLY,True,,v28445,r71772,Avalon,complete,True,,,,https://store.steampowered.com/app/1619540/,https://vndb.org/v28445
1536630,Hermitage: Strange Case Files Demo,2021-02-01,2021-02,vndb_steam_release,True,False,VNDB_ONLY,True,,v24679,r81955,Jiju Yu Guaiqi Shijian Bu,trial,True,,,,https://store.steampowered.com/app/1536630/,https://vndb.org/v24679
1547660,Sophistry Demo,2021-02-01,2021-02,vndb_steam_release,True,False,VNDB_ONLY,True,,v30448,r77902,Sophistry,trial,True,,,,https://store.steampowered.com/app/1547660/,https://vndb.org/v30448
1537000,The Parrot That Summons Demons - Demo,2021-02-01,2021-02,vndb_steam_release,True,False,VNDB_ONLY,True,,v30429,r77870,The Parrot That Summons Demons,trial,True,,,,https://store.steampowered.com/app/1537000/,https://vndb.org/v30429
1533900,MAMIYA - A Shared Illusion of the World's End - Demo,2021-02-02,2021-02,vndb_steam_release,True,False,VNDB_ONLY,True,,v28576,r115372;r77507,Sekai Metsubou Kyouyuu Gensou Mamiya,trial,True,,,,https://store.steampowered.com/app/1533900/,https://vndb.org/v28576
1506480,Absurbia: A Trashy Satire of Suburban Outcries,2021-02-03,2021-02,vndb_steam_release,True,False,VNDB_ONLY,True,,v30270,r77509,Absurbia: A Trashy Satire of Suburban Outcries,complete,True,,,,https://store.steampowered.com/app/1506480/,https://vndb.org/v30270
1345340,Oppaidius: Desert Island! - Demo;Oppaidius: Desert Island! - Download Edition,2021-02-03,2021-02,vndb_steam_release,True,False,VNDB_ONLY,True,,v28512,r71972;r77567,Oppaidius: Desert Island!,complete;trial,True,,,,https://store.steampowered.com/app/1345340/,https://vndb.org/v28512
1506600,Wo de Shangsi Youdian Bu Zhengchang: Chapter 1,2021-02-03,2021-02,vndb_steam_release,True,False,VNDB_ONLY,True,,v30271,r77510,Wo de Shangsi Youdian Bu Zhengchang,partial,True,,,,https://store.steampowered.com/app/1506600/,https://vndb.org/v30271
1527740,Wo de Shangsi Youdian Bu Zhengchang: Chapter 1 - patch,2021-02-03,2021-02,vndb_steam_release,True,False,VNDB_ONLY,True,,v30271,r77511,Wo de Shangsi Youdian Bu Zhengchang,partial,True,,,,https://store.steampowered.com/app/1527740/,https://vndb.org/v30271
1325750,Perfect Gold Beta Demo,2021-02-06,2021-02,vndb_steam_release,True,False,VNDB_ONLY,True,,v28545,r78582,Perfect Gold: The Alchemy of Happiness,trial,True,,,,https://store.steampowered.com/app/1325750/,https://vndb.org/v28545
1544880,Hauma Demo,2021-02-07,2021-02,vndb_steam_release,True,False,VNDB_ONLY,True,,v47006,r112857,Hauma - A Detective Noir Story,trial,True,,,,https://store.steampowered.com/app/1544880/,https://vndb.org/v47006
1530140,Aventura Copilului Albastru și Urât,2021-02-08,2021-02,vndb_steam_release,True,False,VNDB_ONLY,True,,v30347,r77686,Aventura Copilului Albastru și Urât,complete,True,,,,https://store.steampowered.com/app/1530140/,https://vndb.org/v30347
1530480,Casina: A Visual Novel set in Ancient Greece Demo,2021-02-08,2021-02,vndb_steam_release,True,False,VNDB_ONLY,True,,v30337,r77671,Casina: The Forgotten Comedy,trial,True,,,,https://store.steampowered.com/app/1530480/,https://vndb.org/v30337
1522150,DRAMAtical Murder - Demo,2021-02-09,2021-02,vndb_steam_release,True,False,VNDB_ONLY,True,,v5916,r77701,DRAMAtical Murder,trial,True,,,,https://store.steampowered.com/app/1522150/,https://vndb.org/v5916
1388510,Traumermaid - Steam Edition,2021-02-09,2021-02,vndb_steam_release,True,False,VNDB_ONLY,True,,v30364,r77709,Traumermaid,complete,True,,,,https://store.steampowered.com/app/1388510/,https://vndb.org/v30364
1518670,CBT With Yuuka Kazami: Patchouli Knowledge's Surprise,2021-02-10,2021-02,vndb_steam_release,True,False,VNDB_ONLY,True,,v32276,r83172,Patchouli Knowledge's Surprise,complete,True,,,,https://store.steampowered.com/app/1518670/,https://vndb.org/v32276
1383620,Lifesigns,2021-02-10,2021-02,vndb_steam_release,True,False,VNDB_ONLY,True,,v30373,r77733,Lifesigns,complete,True,,,,https://store.steampowered.com/app/1383620/,https://vndb.org/v30373
1314630,Aristocunts,2021-02-11,2021-02,vndb_steam_release,True,False,VNDB_ONLY,True,,v26316,r123238,Akuyaku Reijou Oyako no Geboku ni Natta no de Haramase Onaho ni Shitsukete Hametsu End o Kaihi Suru,complete,True,,,,https://store.steampowered.com/app/1314630/,https://vndb.org/v26316
1573180,Injoku Furin ~Yaribeya ni Sarete Choukyou Sareta Shoujo~ Download Edition,2021-02-12,2021-02,vndb_steam_release,True,False,VNDB_ONLY,True,,v30219,r78637,Injoku Furin ~Yaribeya ni Sarete Choukyou Sareta Shoujo~,complete,True,,,,https://store.steampowered.com/app/1573180/,https://vndb.org/v30219
921900,My Burning Heart,2021-02-12,2021-02,vndb_steam_release,True,False,VNDB_ONLY,True,,v23465,r80812,My Burning Heart,complete,True,,,,https://store.steampowered.com/app/921900/,https://vndb.org/v23465
1514080,Escalation! Demo - Steam Edition,2021-02-13,2021-02,vndb_steam_release,True,False,VNDB_ONLY,True,,v28564,r79437,Escalation!,trial,True,,,,https://store.steampowered.com/app/1514080/,https://vndb.org/v28564
1447310,Invisible Cock: They never saw it cumming!,2021-02-13,2021-02,vndb_steam_release,True,False,VNDB_ONLY,True,,v14692,r77783;r86137,Hitozumazuki ga Toumei Ningen ni Nattara? ~Kateinai de Yaritai Houdai Nama Hame Haramase~,complete,True,,,,https://store.steampowered.com/app/1447310/,https://vndb.org/v14692
1566080,The Radiants - Demo,2021-02-13,2021-02,vndb_steam_release,True,False,VNDB_ONLY,True,,v30420,r77851,The Radiants,trial,True,,,,https://store.steampowered.com/app/1566080/,https://vndb.org/v30420
1645800,Doki Doki Ragnarok Demo,2021-02-14,2021-02,vndb_steam_release,True,False,VNDB_ONLY,True,,v30418,r77848,Doki Doki Ragnarok,trial,True,,,,https://store.steampowered.com/app/1645800/,https://vndb.org/v30418
1538590,Gods of the Twilight Demo,2021-02-16,2021-02,vndb_steam_release,True,False,VNDB_ONLY,True,,v30444,r77889,Gods of the Twilight,trial,True,,,,https://store.steampowered.com/app/1538590/,https://vndb.org/v30444
1526700,My Step Sisters,2021-02-16,2021-02,vndb_steam_release,True,False,VNDB_ONLY,True,,v30443,r77888,My Step Sisters,complete,True,,,,https://store.steampowered.com/app/1526700/,https://vndb.org/v30443
1537610,"After I met that catgirl, my questlist got too long! - 18+ Free DLC",2021-02-18,2021-02,vndb_steam_release,True,False,VNDB_ONLY,True,,v28168,r123286,"After I met that catgirl, my questlist got too long!",complete,True,,,,https://store.steampowered.com/app/1537610/,https://vndb.org/v28168
1466180,Emo Shaonü,2021-02-19,2021-02,vndb_steam_release,True,False,VNDB_ONLY,True,,v30074,r77014,Emo Shaonü,complete,True,,,,https://store.steampowered.com/app/1466180/,https://vndb.org/v30074
1398670,Dating Life 2: Emily X Miley,2021-02-20,2021-02,vndb_steam_release,True,False,VNDB_ONLY,True,,v30485,r78020,Dating Life 2: Emily X Miley,complete,True,,,,https://store.steampowered.com/app/1398670/,https://vndb.org/v30485
1560990,Welcome To... Chichester 2 - Part II : No Extra Regrets For The Future Demo,2021-02-25,2021-02,vndb_steam_release,True,False,VNDB_ONLY,True,,v30191,r78231,Welcome To... Chichester 2 - Part II : No Extra Regrets For The Future,trial,True,,,,https://store.steampowered.com/app/1560990/,https://vndb.org/v30191
1176890,DateJournal: Russian Girls Dating Sim,2021-02-26,2021-02,vndb_steam_release,True,False,VNDB_ONLY,True,,v59282,r141679,DateJournal: Russian Girls Dating Sim,complete,True,,,,https://store.steampowered.com/app/1176890/,https://vndb.org/v59282
1555200,Flowers Blooming at the End of Summer (Free),2021-02-26,2021-02,vndb_steam_release,True,False,VNDB_ONLY,True,,v30340,r78189,Yeoreumui Kkeute Pineun Kkot,complete,True,,,,https://store.steampowered.com/app/1555200/,https://vndb.org/v30340
1579160,Dapeng - The Roc,2021-03-01,2021-03,vndb_steam_release,True,False,VNDB_ONLY,True,,v52733,r127332,Dapeng - The Roc,trial,True,,,,https://store.steampowered.com/app/1579160/,https://vndb.org/v52733
1513420,Escalation! - Steam Edition,2021-03-03,2021-03,vndb_steam_release,True,False,VNDB_ONLY,True,,v28564,r79436,Escalation!,complete,True,,,,https://store.steampowered.com/app/1513420/,https://vndb.org/v28564
1543330,Jie Di/GATE,2021-03-03,2021-03,vndb_steam_release,True,False,VNDB_ONLY,True,,v30594,r78321,Jie Di,complete,True,,,,https://store.steampowered.com/app/1543330/,https://vndb.org/v30594
1544800,Kabaret Demo,2021-03-03,2021-03,vndb_steam_release,True,False,VNDB_ONLY,True,,v29172,r78293,Kabaret,trial,True,,,,https://store.steampowered.com/app/1544800/,https://vndb.org/v29172
1546490,Tales From The Under-Realm: Hazel - 18+ Patch,2021-03-03,2021-03,vndb_steam_release,True,False,VNDB_ONLY,True,,v30383,r78288,Tales From The Under-Realm: Hazel,complete,True,,,,https://store.steampowered.com/app/1546490/,https://vndb.org/v30383
1477490,Ar Nosurge ~Umareizuru Hoshi e Inoru Uta~ DX,2021-03-04,2021-03,vndb_steam_release,True,False,VNDB_ONLY,True,,v15062,r72674,Ar Nosurge ~Umareizuru Hoshi e Inoru Uta~,complete,True,,,,https://store.steampowered.com/app/1477490/,https://vndb.org/v15062
1477480,Ciel Nosurge ~Ushinawareta Hoshi e Sasagu Uta~ DX,2021-03-04,2021-03,vndb_steam_release,True,False,VNDB_ONLY,True,,v15061,r72673,Ciel Nosurge ~Ushinawareta Hoshi e Sasagu Uta~,complete,True,,,,https://store.steampowered.com/app/1477480/,https://vndb.org/v15061
1462550,Conquer and Breed the Demon Queen,2021-03-05,2021-03,vndb_steam_release,True,False,VNDB_ONLY,True,,v27450,r76090;r86132,"Gouman Kyonyuu Maou Lucifer, Tsuihou Sareta Teihen Shoukanshi no Zettai Fukujuu Haramase Tsukaima ni Ochiru",complete,True,,,,https://store.steampowered.com/app/1462550/,https://vndb.org/v27450
1570640,The Sych story - Ded's story,2021-03-05,2021-03,vndb_steam_release,True,False,VNDB_ONLY,True,,v30257,r87473,Istorija odnogo sycha,complete,True,,,,https://store.steampowered.com/app/1570640/,https://vndb.org/v30257
1154110,Steamy Sextet,2021-03-06,2021-03,vndb_steam_release,True,False,VNDB_ONLY,True,,v27117,r79738,Steamy Sextet,complete,True,,,,https://store.steampowered.com/app/1154110/,https://vndb.org/v27117
1560740,The Game For Skippers Demo,2021-03-06,2021-03,vndb_steam_release,True,False,VNDB_ONLY,True,,v30661,r78544,The Game For Skippers,trial,True,,,,https://store.steampowered.com/app/1560740/,https://vndb.org/v30661
1312380,Paper Shakespeare: Very Naked Hamlet,2021-03-08,2021-03,vndb_steam_release,True,False,VNDB_ONLY,True,,v30597,r78331,Paper Shakespeare: Very Naked Hamlet,complete,True,,,,https://store.steampowered.com/app/1312380/,https://vndb.org/v30597
1559361,Romeo Must Live - Adults Only 18+ Patch,2021-03-08,2021-03,vndb_steam_release,True,False,VNDB_ONLY,True,,v30416,r78470,Romeo Must Live,complete,True,,,,https://store.steampowered.com/app/1559361/,https://vndb.org/v30416
1542880,Kinkoi: Golden Loveriche Demo,2021-03-09,2021-03,vndb_steam_release,True,False,VNDB_ONLY,True,,v21852,r78483,Kin'iro Loveriche,trial,True,,,,https://store.steampowered.com/app/1542880/,https://vndb.org/v21852
1549930,Fantasy 5D - An Erotic Quest,2021-03-11,2021-03,vndb_steam_release,True,False,VNDB_ONLY,True,,v30646,r78517,Fantasy 5D - An Erotic Quest,complete,True,,,,https://store.steampowered.com/app/1549930/,https://vndb.org/v30646
1096730,Hot & Steamy Knights,2021-03-12,2021-03,vndb_steam_release,True,False,VNDB_ONLY,True,,v25368,r87247;r87248,Deka Chichi Muchi Shiri BBA Kishidan ~Rekisen no Onna Kishi mo Kyokon ni wa Katenai! Bakunyuu Bakushiri Mesu ni Ero Hidoi Koto Shihoudai no Zettai Chuusei Harem♪~,complete,True,,,,https://store.steampowered.com/app/1096730/,https://vndb.org/v25368
1542430,Netorare Sankaku Kankei - Download Edition,2021-03-12,2021-03,vndb_steam_release,True,False,VNDB_ONLY,True,,v28684,r78518,Netorare Sankaku Kankei ~Hatsukoi no Osananajimi ga Sefure ni Sareta~,complete,True,,,,https://store.steampowered.com/app/1542430/,https://vndb.org/v28684
1506340,Paomo Dong Jing: Heping Moshi Lu,2021-03-12,2021-03,vndb_steam_release,True,False,VNDB_ONLY,True,,v24208,r77687,Christmas Tina -Utakata Toukei-,complete,True,,,,https://store.steampowered.com/app/1506340/,https://vndb.org/v24208
1506110,Code Romantic Demo,2021-03-13,2021-03,vndb_steam_release,True,False,VNDB_ONLY,True,,v28385,r78586,Code Romantic,trial,True,,,,https://store.steampowered.com/app/1506110/,https://vndb.org/v28385
1567620,Read Only Memories: NEURODIVER Pilot Memory,2021-03-13,2021-03,vndb_steam_release,True,False,VNDB_ONLY,True,,v28615,r78583,Read Only Memories: NEURODIVER,trial,True,,,,https://store.steampowered.com/app/1567620/,https://vndb.org/v28615
1544150,HarmonEy - Download Edition,2021-03-15,2021-03,vndb_steam_release,True,False,VNDB_ONLY,True,,v22075,r78097,HarmonEy,complete,True,,,,https://store.steampowered.com/app/1544150/,https://vndb.org/v22075
1497470,Jester / King Demo,2021-03-15,2021-03,vndb_steam_release,True,False,VNDB_ONLY,True,,v29244,r78744;r78745,Jester / King,trial,True,,,,https://store.steampowered.com/app/1497470/,https://vndb.org/v29244
1577370,OCHITSUBAKI - Demo,2021-03-15,2021-03,vndb_steam_release,True,False,VNDB_ONLY,True,,v31777,r81680,OCHITSUBAKI,trial,True,,,,https://store.steampowered.com/app/1577370/,https://vndb.org/v31777
1207820,Dimensions: Story Mode,2021-03-18,2021-03,vndb_steam_release,True,False,VNDB_ONLY,True,,v30722,r78707,Dimensions: Story Mode,complete,True,,,,https://store.steampowered.com/app/1207820/,https://vndb.org/v30722
1157620,Magical MILFs,2021-03-18,2021-03,vndb_steam_release,True,False,VNDB_ONLY,True,,v21232,r78794;r86149,Bakunyuu Hitozuma Senshi Pure Maiden ~Gen'eki Fukki shita Bishoujo Senshi no Uremuchi Body o Chin-make sasete Netori Haramase Onaho Harem-ka!~,complete,True,,,,https://store.steampowered.com/app/1157620/,https://vndb.org/v21232
1455220,Succubus Farm - Censored Steam Edition,2021-03-20,2021-03,vndb_steam_release,True,False,VNDB_ONLY,True,,v31821,r86267,Milking Farm,complete,True,,,,https://store.steampowered.com/app/1455220/,https://vndb.org/v31821
1577930,B1NARY - Demo,2021-03-23,2021-03,vndb_steam_release,True,False,VNDB_ONLY,True,,v53623,r129434,B1NARY,trial,True,,,,https://store.steampowered.com/app/1577930/,https://vndb.org/v53623
907980,GRAULARM,2021-03-23,2021-03,vndb_steam_release,True,False,VNDB_ONLY,True,,v64467,r154605,GRAULARM,complete,True,,,,https://store.steampowered.com/app/907980/,https://vndb.org/v64467
1593080,Romance of Raskya,2021-03-27,2021-03,vndb_steam_release,True,False,VNDB_ONLY,True,,v26925,r67421,Romance of Raskya,complete,True,,,,https://store.steampowered.com/app/1593080/,https://vndb.org/v26925
1569080,Arcade Spirits: The New Challengers - Demo,2021-03-30,2021-03,vndb_steam_release,True,False,VNDB_ONLY,True,,v30803,r78918,Arcade Spirits: The New Challengers,trial,True,,,,https://store.steampowered.com/app/1569080/,https://vndb.org/v30803
2929140,Ataegina Remaster: Act I;Ataegina: Act I (v0.5),2021-03-31,2021-03,vndb_steam_release,True,False,VNDB_ONLY,True,,v24773,r132062;r60795,Ataegina,partial,True,,,,https://store.steampowered.com/app/2929140/,https://vndb.org/v24773
1636080,Coming to Grips with Christine,2021-04-01,2021-04,vndb_steam_release,True,False,VNDB_ONLY,True,,v28000,r80126,Coming to Grips with Christine,complete,True,,,,https://store.steampowered.com/app/1636080/,https://vndb.org/v28000
1567860,Femboy Bangers - Pub & Grill,2021-04-01,2021-04,vndb_steam_release,True,False,VNDB_ONLY,True,,v30832,r78968,Femboy Bangers - Pub & Grill,complete,True,,,,https://store.steampowered.com/app/1567860/,https://vndb.org/v30832
1572450,Femboy Besties,2021-04-01,2021-04,vndb_steam_release,True,False,VNDB_ONLY,True,,v30833,r78969,Femboy Besties,complete,True,,,,https://store.steampowered.com/app/1572450/,https://vndb.org/v30833
1565080,Femboys of the Phalanx,2021-04-01,2021-04,vndb_steam_release,True,False,VNDB_ONLY,True,,v30834,r78970,Femboys of the Phalanx,complete,True,,,,https://store.steampowered.com/app/1565080/,https://vndb.org/v30834
1560010,Neon Nights,2021-04-02,2021-04,vndb_steam_release,True,False,VNDB_ONLY,True,,v30719,r78697,Neon Nights,complete,True,,,,https://store.steampowered.com/app/1560010/,https://vndb.org/v30719
1426550,Taro: a fluffy visual novel - Demo,2021-04-02,2021-04,vndb_steam_release,True,False,VNDB_ONLY,True,,v30854,r79017,Taro,trial,True,,,,https://store.steampowered.com/app/1426550/,https://vndb.org/v30854
1579360,Symbiotic Love - Demo,2021-04-06,2021-04,vndb_steam_release,True,False,VNDB_ONLY,True,,v25521,r79098,Ji Shen,trial,True,,,,https://store.steampowered.com/app/1579360/,https://vndb.org/v25521
1485190,Maelstrom: A Yaoi Visual Novel;Maelstrom: A Yaoi Visual Novel - Sawyer Route,2021-04-07,2021-04,vndb_steam_release,True,False,VNDB_ONLY,True,,v29847,r76382;r79736,Maelstrom,complete,True,,,,https://store.steampowered.com/app/1485190/,https://vndb.org/v29847
1433130,Ravished Realms,2021-04-07,2021-04,vndb_steam_release,True,False,VNDB_ONLY,True,,v30894,r79137,Ravished Realms,complete,True,,,,https://store.steampowered.com/app/1433130/,https://vndb.org/v30894
1579320,Futanari of the Amazon,2021-04-08,2021-04,vndb_steam_release,True,False,VNDB_ONLY,True,,v30905,r79161,Futanari of the Amazon,complete,True,,,,https://store.steampowered.com/app/1579320/,https://vndb.org/v30905
1418180,MUSICUS! - Steam Edition,2021-04-08,2021-04,vndb_steam_release,True,False,VNDB_ONLY,True,,v22783,r71815,MUSICUS!,complete,True,,,,https://store.steampowered.com/app/1418180/,https://vndb.org/v22783
1405470,Natsuiro no Koware Mono - Censored Steam Edition,2021-04-10,2021-04,vndb_steam_release,True,False,VNDB_ONLY,True,,v39685,r113243,Natsuiro no Koware Mono,complete,True,,,,https://store.steampowered.com/app/1405470/,https://vndb.org/v39685
1219620,Lovely Overseer,2021-04-12,2021-04,vndb_steam_release,True,False,VNDB_ONLY,True,,v30479,r78004,Lovely Overseer,complete,True,,,,https://store.steampowered.com/app/1219620/,https://vndb.org/v30479
1321550,Lovely Overseer - 18+ DLC,2021-04-12,2021-04,vndb_steam_release,True,False,VNDB_ONLY,True,,v30479,r78005,Lovely Overseer,complete,True,,,,https://store.steampowered.com/app/1321550/,https://vndb.org/v30479
1582890,My Catgirl Maid Thinks She Runs the Place,2021-04-14,2021-04,vndb_steam_release,True,False,VNDB_ONLY,True,,v29012,r78996,My Catgirl Maid Thinks She Runs the Place,complete,True,,,,https://store.steampowered.com/app/1582890/,https://vndb.org/v29012
839640,"Naxie Nian, Women Yiqi Shou Dao de Haoren Ka",2021-04-15,2021-04,vndb_steam_release,True,False,VNDB_ONLY,True,,v30943,r79269,"Naxie Nian, Women Yiqi Shou Dao de Haoren Ka",complete,True,,,,https://store.steampowered.com/app/839640/,https://vndb.org/v30943
1464062,Our Life: Beginnings & Always - Step 3 Expansion,2021-04-16,2021-04,vndb_steam_release,True,False,VNDB_ONLY,True,,v26391,r78986,Our Life: Beginnings & Always,partial,True,,,,https://store.steampowered.com/app/1464062/,https://vndb.org/v26391
1607321,Colorado Cocoa Club - Adults Only 18+ Patch,2021-04-23,2021-04,vndb_steam_release,True,False,VNDB_ONLY,True,,v30889,r79180,Colorado Cocoa Club,complete,True,,,,https://store.steampowered.com/app/1607321/,https://vndb.org/v30889
1396150,Suteki na Kanojo no Tsukurikata - Steam Edition,2021-04-23,2021-04,vndb_steam_release,True,False,VNDB_ONLY,True,,v29404,r75150,Suteki na Kanojo no Tsukurikata,complete,True,,,,https://store.steampowered.com/app/1396150/,https://vndb.org/v29404
1570870,Xingkong Lieche Yu Bai de Lvxing - Demo,2021-04-25,2021-04,vndb_steam_release,True,False,VNDB_ONLY,True,,v28297,r79754,Hoshizora Tetsudou to Shiro no Tabi,trial,True,,,,https://store.steampowered.com/app/1570870/,https://vndb.org/v28297
1414260,CORPSE FACTORY - Demo,2021-04-26,2021-04,vndb_steam_release,True,False,VNDB_ONLY,True,,v30999,r79459,CORPSE FACTORY,trial,True,,,,https://store.steampowered.com/app/1414260/,https://vndb.org/v30999
1577360,Hua Luo Dong Yang Snowdreams -lost in winter- Demo 2.0,2021-04-29,2021-04,vndb_steam_release,True,False,VNDB_ONLY,True,,v20625,r79560,Hua Luo Dong Yang Snowdreams -lost in winter-,trial,True,,,,https://store.steampowered.com/app/1577360/,https://vndb.org/v20625
1364460,Keizudo [v1.5],2021-04-29,2021-04,vndb_steam_release,True,False,VNDB_ONLY,True,,v28726,r153394,Keizudo: Duels of Love,complete,True,,,,https://store.steampowered.com/app/1364460/,https://vndb.org/v28726
1212150,Diamond Mirage,2021-05-02,2021-05,vndb_steam_release,True,False,VNDB_ONLY,True,,v29562,r75647,Diamond Mirage,complete,True,,,,https://store.steampowered.com/app/1212150/,https://vndb.org/v29562
1605270,MariAlbum,2021-05-03,2021-05,vndb_steam_release,True,False,VNDB_ONLY,True,,v20192,r79358,MariAlbum,complete,True,,,,https://store.steampowered.com/app/1605270/,https://vndb.org/v20192
867860,Sepia Tears: Reprise Edition (DLC),2021-05-04,2021-05,vndb_steam_release,True,False,VNDB_ONLY,True,,v8489,r123322;r137757;r79574,Sepia Tears,complete,True,,,,https://store.steampowered.com/app/867860/,https://vndb.org/v8489
1576590,Stories of Submission: eNTeR the cuck,2021-05-05,2021-05,vndb_steam_release,True,False,VNDB_ONLY,True,,v31057,r79579,Stories of Submission: eNTeR the cuck,complete,True,,,,https://store.steampowered.com/app/1576590/,https://vndb.org/v31057
1506260,Funbag Fantasy 3if,2021-05-06,2021-05,vndb_steam_release,True,False,VNDB_ONLY,True,,v21528,r75342,Kyonyuu Fantasy 3 if,complete,True,,,,https://store.steampowered.com/app/1506260/,https://vndb.org/v21528
2307070,G-MODE Archives + Tantei Kibukawa Ryousuke Jikentan Vol.3 'Shisha no Rakuen',2021-05-06,2021-05,vndb_steam_release,True,False,VNDB_ONLY,True,,v44469,r107063,Tantei Kibukawa Ryousuke Jikentan 'Shisha no Rakuen',complete,True,,,,https://store.steampowered.com/app/2307070/,https://vndb.org/v44469
1805260,"Mommy-Goddess of Unconditional Love ~Wow, You Sure Gave It Your All Out There!~",2021-05-07,2021-05,vndb_steam_release,True,False,VNDB_ONLY,True,,v28793,r79608,"Damedame na Boku ni Maiorita Zen Koutei Mama Megami! ~Sugoi ne, Ippai Ganbatta nda ne♪♪~",complete,True,,,,https://store.steampowered.com/app/1805260/,https://vndb.org/v28793
1551010,Starlight Shores,2021-05-07,2021-05,vndb_steam_release,True,False,VNDB_ONLY,True,,v28271,r78630,Starlight Shores,complete,True,,,,https://store.steampowered.com/app/1551010/,https://vndb.org/v28271
1630080,College Bound - Episode 1,2021-05-09,2021-05,vndb_steam_release,True,False,VNDB_ONLY,True,,v31269,r80173,College Bound,partial,True,,,,https://store.steampowered.com/app/1630080/,https://vndb.org/v31269
1473590,Freakshow: Season 1 - Episode 3,2021-05-09,2021-05,vndb_steam_release,True,False,VNDB_ONLY,True,,v27468,r126470,Freakshow,partial,True,,,,https://store.steampowered.com/app/1473590/,https://vndb.org/v27468
1617180,Duoluo Qianjin — Hei Qiangwei Yu Yuwang Zhi Huo - Demo,2021-05-13,2021-05,vndb_steam_release,True,False,VNDB_ONLY,True,,v30388,r79693,Duoluo Qianjin — Hei Qiangwei Yu Yuwang Zhi Huo,trial,True,,,,https://store.steampowered.com/app/1617180/,https://vndb.org/v30388
1590600,Motto! Haramase! Honoo no Oppai Isekai Ero Mahou Gakuen! - Censored Edition,2021-05-13,2021-05,vndb_steam_release,True,False,VNDB_ONLY,True,,v21529,r79244,Motto! Haramase! Honoo no Oppai Isekai Ero Mahou Gakuen!,partial,True,,,,https://store.steampowered.com/app/1590600/,https://vndb.org/v21529
1621820,The Makings of a Lady - Purity Yours to Defile - Demo,2021-05-13,2021-05,vndb_steam_release,True,False,VNDB_ONLY,True,,v21356,r79753,Seishukujo e no Aiiku Choukyou ~Somerareru Junketsu~,trial,True,,,,https://store.steampowered.com/app/1621820/,https://vndb.org/v21356
1805250,Bikini Tits,2021-05-14,2021-05,vndb_steam_release,True,False,VNDB_ONLY,True,,v28598,r79708,Micro Mizugi x Dosukebe Oku-sans ~Houman Body no Echichi na Yuuwaku~,complete,True,,,,https://store.steampowered.com/app/1805250/,https://vndb.org/v28598
1601170,Sex and Morning,2021-05-14,2021-05,vndb_steam_release,True,False,VNDB_ONLY,True,,v31043,r79546,Asa to Sex to Kana-oba-san,complete,True,,,,https://store.steampowered.com/app/1601170/,https://vndb.org/v31043
1571690,Sexorcist Academy,2021-05-14,2021-05,vndb_steam_release,True,False,VNDB_ONLY,True,,v28460,r79386,Haramase Onaho Taima Kenshi Gakuen ~ Kyokon Rettousei ga Ero Majutsu de Saikyou no Bakunyuu Mesu-Tachi o Dashite Nikubenki Harem Team o Tsukuru!~,complete,True,,,,https://store.steampowered.com/app/1571690/,https://vndb.org/v28460
1085970,The Makings of a Lady - Purity Yours to Defile -,2021-05-14,2021-05,vndb_steam_release,True,False,VNDB_ONLY,True,,v21356,r79435,Seishukujo e no Aiiku Choukyou ~Somerareru Junketsu~,complete,True,,,,https://store.steampowered.com/app/1085970/,https://vndb.org/v21356
1574140,Time For You - Chapter 02,2021-05-14,2021-05,vndb_steam_release,True,False,VNDB_ONLY,True,,v28885,r84561,Time for You,partial,True,,,,https://store.steampowered.com/app/1574140/,https://vndb.org/v28885
2225380,As Long As It's Not Illegal - Demo,2021-05-15,2021-05,vndb_steam_release,True,False,VNDB_ONLY,True,,v31111,r79746,As Long As It's Not Illegal,trial,True,,,,https://store.steampowered.com/app/2225380/,https://vndb.org/v31111
1596470,Guardian of the Future - Demo,2021-05-15,2021-05,vndb_steam_release,True,False,VNDB_ONLY,True,,v30343,r79734,Hranitel' Buduschego,trial,True,,,,https://store.steampowered.com/app/1596470/,https://vndb.org/v30343
1641260,Silver Blue Extended Demo,2021-05-15,2021-05,vndb_steam_release,True,False,VNDB_ONLY,True,,v28831,r74153,Silver Blue,trial,True,,,,https://store.steampowered.com/app/1641260/,https://vndb.org/v28831
1479690,Suteki na Kanojo no Tsukurikata - Demo,2021-05-17,2021-05,vndb_steam_release,True,False,VNDB_ONLY,True,,v29404,r79762,Suteki na Kanojo no Tsukurikata,trial,True,,,,https://store.steampowered.com/app/1479690/,https://vndb.org/v29404
1365790,The Game of The Playful - Demo,2021-05-18,2021-05,vndb_steam_release,True,False,VNDB_ONLY,True,,v28783,r125025;r154753,The Game of The Playful,trial,True,,,,https://store.steampowered.com/app/1365790/,https://vndb.org/v28783
1579350,Birb Café - Demo,2021-05-19,2021-05,vndb_steam_release,True,False,VNDB_ONLY,True,,v31128,r79798,Birb Café,trial,True,,,,https://store.steampowered.com/app/1579350/,https://vndb.org/v31128
1594650,Border of her Heart 2 - Demo,2021-05-19,2021-05,vndb_steam_release,True,False,VNDB_ONLY,True,,v31344,r80364,Border of her Heart 2,trial,True,,,,https://store.steampowered.com/app/1594650/,https://vndb.org/v31344
1494860,CLEARWORLD -Touming Shijie-,2021-05-19,2021-05,vndb_steam_release,True,False,VNDB_ONLY,True,,v28646,r75394,CLEARWORLD,complete,True,,,,https://store.steampowered.com/app/1494860/,https://vndb.org/v28646
1237040,Alpha Hole Prison,2021-05-20,2021-05,vndb_steam_release,True,False,VNDB_ONLY,True,,v29602,r79804,Alpha Hole Prison,complete,True,,,,https://store.steampowered.com/app/1237040/,https://vndb.org/v29602
1636640,Yishi de Zhong Zhang - Trial Edition,2021-05-20,2021-05,vndb_steam_release,True,False,VNDB_ONLY,True,,v40651,r100231,Yishi de Zhong Zhang,trial,True,,,,https://store.steampowered.com/app/1636640/,https://vndb.org/v40651
1598840,Northern Blades,2021-05-22,2021-05,vndb_steam_release,True,False,VNDB_ONLY,True,,v31144,r79861,Northern Blades,partial,True,,,,https://store.steampowered.com/app/1598840/,https://vndb.org/v31144
1357670,Picture Perfect,2021-05-25,2021-05,vndb_steam_release,True,False,VNDB_ONLY,True,,v28530,r72085,Picture Perfect,complete,True,,,,https://store.steampowered.com/app/1357670/,https://vndb.org/v28530
1564710,Geunyeoga Gongjakjeoro Gaya Haetdeon Sajeong,2021-05-27,2021-05,vndb_steam_release,True,False,VNDB_ONLY,True,,v30951,r79291,Geunyeoga Gongjakjeoro Gaya Haetdeon Sajeong,complete,True,,,,https://store.steampowered.com/app/1564710/,https://vndb.org/v30951
1577000,Heika Hwalyeohan Oechul,2021-05-27,2021-05,vndb_steam_release,True,False,VNDB_ONLY,True,,v30951,r79966,Geunyeoga Gongjakjeoro Gaya Haetdeon Sajeong,complete,True,,,,https://store.steampowered.com/app/1577000/,https://vndb.org/v30951
1637350,Duoluo Qianjin — Hei Qiangwei Yu Yuwang Zhi Huo - 18+ Patch,2021-05-29,2021-05,vndb_steam_release,True,False,VNDB_ONLY,True,,v30388,r80009,Duoluo Qianjin — Hei Qiangwei Yu Yuwang Zhi Huo,complete,True,,,,https://store.steampowered.com/app/1637350/,https://vndb.org/v30388
1651550,Geunyeoga Gongjakjeoro Gaya Haetdeon Sajeong - Demo,2021-05-29,2021-05,vndb_steam_release,True,False,VNDB_ONLY,True,,v30951,r104592,Geunyeoga Gongjakjeoro Gaya Haetdeon Sajeong,trial,True,,,,https://store.steampowered.com/app/1651550/,https://vndb.org/v30951
2965170,Wrong Number - Voiced Demo,2021-05-31,2021-05,vndb_steam_release,True,False,VNDB_ONLY,True,,v30674,r82493,Wrong Number,trial,True,,,,https://store.steampowered.com/app/2965170/,https://vndb.org/v30674
1565810,One Spirit - Demo,2021-06-01,2021-06,vndb_steam_release,True,False,VNDB_ONLY,True,,v31594,r81382,One Spirit,trial,True,,,,https://store.steampowered.com/app/1565810/,https://vndb.org/v31594
1532770,Love Stories: Sex and the Furry Titty;Love Stories: Sex and the Furry Titty - Bonus Art;Love Stories: Sex and the Furry Titty - Home Alone;Love Stories: Sex and the Furry Titty - New Year Update;Love Stories: Sex and the Furry Titty - Now with Sound;Love Stories: Sex and the Furry Titty - Summer Update,2021-06-03,2021-06,vndb_steam_release,True,False,VNDB_ONLY,True,,v33544,r135902;r135903;r135904;r135905;r135906;r86566,Love Stories: Sex and the Furry Titty,complete,True,,,,https://store.steampowered.com/app/1532770/,https://vndb.org/v33544
1594220,Big Dick at the Beach,2021-06-04,2021-06,vndb_steam_release,True,False,VNDB_ONLY,True,,v11039,r79843;r86130,Kimomen Demo Kyokon nara Mizugi Gal to Ria Juu na Natsu ga Sugoseru! ~Gakuen Senbatsu! Saikou no Mote Kawa Gal 8 Nin to Pakopako Tanezuke Beach!~,complete,True,,,,https://store.steampowered.com/app/1594220/,https://vndb.org/v11039
1624520,College Kings - Act II,2021-06-04,2021-06,vndb_steam_release,True,False,VNDB_ONLY,True,,v29726,r81743,College Kings,partial,True,,,,https://store.steampowered.com/app/1624520/,https://vndb.org/v29726
1655471,Detective Rosie Morgan: Murder on the River Thames - Adults Only 18+ Patch,2021-06-04,2021-06,vndb_steam_release,True,False,VNDB_ONLY,True,,v31102,r80264,Detective Rosie Morgan: Murder on the River Thames,complete,True,,,,https://store.steampowered.com/app/1655471/,https://vndb.org/v31102
1620570,Novena Diabolos - Demo,2021-06-04,2021-06,vndb_steam_release,True,False,VNDB_ONLY,True,,v28384,r80367,Novena Diabolos,trial,True,,,,https://store.steampowered.com/app/1620570/,https://vndb.org/v28384
1575260,Pandemic Heart,2021-06-04,2021-06,vndb_steam_release,True,False,VNDB_ONLY,True,,v31280,r80196,Pandemic Heart,complete,True,,,,https://store.steampowered.com/app/1575260/,https://vndb.org/v31280
1647790,The Coroner Saga: Episode 4 - Hidden Mask,2021-06-04,2021-06,vndb_steam_release,True,False,VNDB_ONLY,True,,v25927,r91462,The Coroner Saga,partial,True,,,,https://store.steampowered.com/app/1647790/,https://vndb.org/v25927
1633800,Dagon - Demo,2021-06-08,2021-06,vndb_steam_release,True,False,VNDB_ONLY,True,,v31323,r80296,Dagon,trial,True,,,,https://store.steampowered.com/app/1633800/,https://vndb.org/v31323
1760100,Peachleaf Valley: Seeds of Love - Demo,2021-06-08,2021-06,vndb_steam_release,True,False,VNDB_ONLY,True,,v31317,r80275,Peachleaf Valley: Seeds of Love,trial,True,,,,https://store.steampowered.com/app/1760100/,https://vndb.org/v31317
1605130,Jeanne at the Clock Tower ~Jeanne a la tour d’horloge~,2021-06-10,2021-06,vndb_steam_release,True,False,VNDB_ONLY,True,,v18703,r72875,Tokeidai no Jeanne ~Jeanne à la tour d'horloge~,complete,True,,,,https://store.steampowered.com/app/1605130/,https://vndb.org/v18703
1665630,Kin'iro Loveriche - 1440p Steam patch,2021-06-11,2021-06,vndb_steam_release,True,False,VNDB_ONLY,True,,v21852,r134150,Kin'iro Loveriche,complete,True,,,,https://store.steampowered.com/app/1665630/,https://vndb.org/v21852
1655240,Please Be Happy - Demo,2021-06-12,2021-06,vndb_steam_release,True,False,VNDB_ONLY,True,,v28716,r126770;r80389,Please Be Happy,trial,True,,,,https://store.steampowered.com/app/1655240/,https://vndb.org/v28716
1628160,Edge of Elsewhere - Demo,2021-06-16,2021-06,vndb_steam_release,True,False,VNDB_ONLY,True,,v29703,r80546,Edge of Elsewhere,trial,True,,,,https://store.steampowered.com/app/1628160/,https://vndb.org/v29703
1643060,Hifuu Fragment Demo,2021-06-16,2021-06,vndb_steam_release,True,False,VNDB_ONLY,True,,v29640,r81212,Hifuu Fragment,trial,True,,,,https://store.steampowered.com/app/1643060/,https://vndb.org/v29640
1638960,Painting Werther - Demo,2021-06-16,2021-06,vndb_steam_release,True,False,VNDB_ONLY,True,,v31780,r81684,Painting Werther,trial,True,,,,https://store.steampowered.com/app/1638960/,https://vndb.org/v31780
1660050,Sea of Roses - Demo,2021-06-16,2021-06,vndb_steam_release,True,False,VNDB_ONLY,True,,v31497,r81015,Sea of Roses,trial,True,,,,https://store.steampowered.com/app/1660050/,https://vndb.org/v31497
1398680,Negligee: Girls Night,2021-06-18,2021-06,vndb_steam_release,True,False,VNDB_ONLY,True,,v31402,r80556,Negligee: Girls Night,complete,True,,,,https://store.steampowered.com/app/1398680/,https://vndb.org/v31402
1075720,Blackberry Honey - Uncensored Adult Patch,2021-06-19,2021-06,vndb_steam_release,True,False,VNDB_ONLY,True,,v21426,r80584,Blackberry Honey,complete,True,,,,https://store.steampowered.com/app/1075720/,https://vndb.org/v21426
1604800,LIP! Lewd Idol Project Vol. 1,2021-06-23,2021-06,vndb_steam_release,True,False,VNDB_ONLY,True,,v29412,r79521,LIP! Lewd Idol Project Vol. 1,complete,True,,,,https://store.steampowered.com/app/1604800/,https://vndb.org/v29412
1700610,Dear Mom: My Letter to You - Demo,2021-06-24,2021-06,vndb_steam_release,True,False,VNDB_ONLY,True,,v31750,r81619,Dear Mom: My Letter to You,trial,True,,,,https://store.steampowered.com/app/1700610/,https://vndb.org/v31750
2317970,Monstrous Lovers Late Night Edition [NSFW Patch],2021-06-24,2021-06,vndb_steam_release,True,False,VNDB_ONLY,True,,v19218,r80725,Monstrous Lovers,complete,True,,,,https://store.steampowered.com/app/2317970/,https://vndb.org/v19218
1243420,Sanguine Rose: Lost Chapters,2021-06-24,2021-06,vndb_steam_release,True,False,VNDB_ONLY,True,,v20668,r80849,Sanguine Rose,complete,True,,,,https://store.steampowered.com/app/1243420/,https://vndb.org/v20668
1675700,Shoujo Shuryou no Suiri Ryouiki -Kogane Shima no Mitsuyaku- Demo,2021-06-24,2021-06,vndb_steam_release,True,False,VNDB_ONLY,True,,v31423,r80727,Shoujo Shuryou no Suiri Ryouiki -Kogane Shima no Mitsuyaku-,trial,True,,,,https://store.steampowered.com/app/1675700/,https://vndb.org/v31423
1660570,The Last Yandere: Cursed Dark,2021-06-24,2021-06,vndb_steam_release,True,False,VNDB_ONLY,True,,v22144,r80686,The Last Yandere,complete,True,,,,https://store.steampowered.com/app/1660570/,https://vndb.org/v22144
1413600,M.A.I.D.s,2021-06-25,2021-06,vndb_steam_release,True,False,VNDB_ONLY,True,,v31439,r80728,M.A.I.D.s,complete,True,,,,https://store.steampowered.com/app/1413600/,https://vndb.org/v31439
1658830,Vampire Slave 1: A Yaoi Visual Novel,2021-06-25,2021-06,vndb_steam_release,True,False,VNDB_ONLY,True,,v31474,r80862,Vampire Slave,partial,True,,,,https://store.steampowered.com/app/1658830/,https://vndb.org/v31474
1673050,Tyrion Cuthbert: Attorney of the Arcane - Demo,2021-06-28,2021-06,vndb_steam_release,True,False,VNDB_ONLY,True,,v45489,r109499,Tyrion Cuthbert: Attorney of the Arcane,trial,True,,,,https://store.steampowered.com/app/1673050/,https://vndb.org/v45489
1581940,Sea of Roses,2021-06-29,2021-06,vndb_steam_release,True,False,VNDB_ONLY,True,,v31497,r80946,Sea of Roses,complete,True,,,,https://store.steampowered.com/app/1581940/,https://vndb.org/v31497
1196060,Fuzuoyong Zhi Tong - Di Er Juan (Vol.2),2021-06-30,2021-06,vndb_steam_release,True,False,VNDB_ONLY,True,,v22597,r80833,Tlicolity Eyes,partial,True,,,,https://store.steampowered.com/app/1196060/,https://vndb.org/v22597
1196061,Fuzuoyong Zhi Tong - Di San Juan (Vol.3),2021-06-30,2021-06,vndb_steam_release,True,False,VNDB_ONLY,True,,v22597,r80835,Tlicolity Eyes,partial,True,,,,https://store.steampowered.com/app/1196061/,https://vndb.org/v22597
1196050,Fuzuoyong Zhi Tong - Di Yi Juan (Vol.1),2021-06-30,2021-06,vndb_steam_release,True,False,VNDB_ONLY,True,,v22597,r80832,Tlicolity Eyes,partial,True,,,,https://store.steampowered.com/app/1196050/,https://vndb.org/v22597
1677850,Tsuyuchiru Letter ~Umi to Shiori ni Amaoto o~ Trial Version,2021-06-30,2021-06,vndb_steam_release,True,False,VNDB_ONLY,True,,v31212,r80919,Tsuyuchiru Letter ~Umi to Shiori ni Amaoto o~,trial,True,,,,https://store.steampowered.com/app/1677850/,https://vndb.org/v31212
1668020,The Little Black Bestiary: The Salted Cookies of Carthaginia,2021-07-01,2021-07,vndb_steam_release,True,False,VNDB_ONLY,True,,v31487,r80913,The Little Black Bestiary: The Salted Cookies of Carthaginia,complete,True,,,,https://store.steampowered.com/app/1668020/,https://vndb.org/v31487
1584330,Beth the Exhibitionist,2021-07-02,2021-07,vndb_steam_release,True,False,VNDB_ONLY,True,,v42960,r104231,Beth the Exhibitionist,complete,True,,,,https://store.steampowered.com/app/1584330/,https://vndb.org/v42960
1724600,Zen: A Gay Sequel,2021-07-04,2021-07,vndb_steam_release,True,False,VNDB_ONLY,True,,v31506,r80974,Zen: A Gay Sequel,complete,True,,,,https://store.steampowered.com/app/1724600/,https://vndb.org/v31506
1658840,Hei Chang Zhi Lian'ai Wuyu,2021-07-07,2021-07,vndb_steam_release,True,False,VNDB_ONLY,True,,v24428;v25807,r80373,Meili Xin Shijie i;Yi Lian,complete,True,,,,https://store.steampowered.com/app/1658840/,https://vndb.org/v24428
1686740,Alpha Hole Prison - Rin-Timber's Perspective,2021-07-09,2021-07,vndb_steam_release,True,False,VNDB_ONLY,True,,v29602,r89442,Alpha Hole Prison,complete,True,,,,https://store.steampowered.com/app/1686740/,https://vndb.org/v29602
1660770,Imperial Grace - Demo,2021-07-09,2021-07,vndb_steam_release,True,False,VNDB_ONLY,True,,v31588,r81182,Imperial Grace,trial,True,,,,https://store.steampowered.com/app/1660770/,https://vndb.org/v31588
1629710,Red Embrace: Mezzanine,2021-07-09,2021-07,vndb_steam_release,True,False,VNDB_ONLY,True,,v31585,r81175,Red Embrace: Mezzanine,complete,True,,,,https://store.steampowered.com/app/1629710/,https://vndb.org/v31585
1521480,When the Lying Petals Scatter Into the Wind,2021-07-09,2021-07,vndb_steam_release,True,False,VNDB_ONLY,True,,v30340,r82528,Yeoreumui Kkeute Pineun Kkot,complete,True,,,,https://store.steampowered.com/app/1521480/,https://vndb.org/v30340
1672300,Cabin Fever 18+ Uncensored DLC,2021-07-12,2021-07,vndb_steam_release,True,False,VNDB_ONLY,True,,v31524,r81252,Cabin Fever,complete,True,,,,https://store.steampowered.com/app/1672300/,https://vndb.org/v31524
1640980,Bara Giants - Society of Pleasure (Demo),2021-07-16,2021-07,vndb_steam_release,True,False,VNDB_ONLY,True,,v35051,r89561,Bara Giants,trial,True,,,,https://store.steampowered.com/app/1640980/,https://vndb.org/v35051
1641010,Horny Housewives Booty Call Blackmail,2021-07-16,2021-07,vndb_steam_release,True,False,VNDB_ONLY,True,,v29581,r80914;r86128,Otto o Aisuru Bakunyuu Hitozuma-tachi ga Toshishita no Saru Seiyoku ni Jurin sarete Tsugou no ii Harami Omocha ni Ochiru Made,complete,True,,,,https://store.steampowered.com/app/1641010/,https://vndb.org/v29581
1398690,Negligee: Opposites Attract,2021-07-16,2021-07,vndb_steam_release,True,False,VNDB_ONLY,True,,v31636,r81339,Negligee: Opposites Attract,complete,True,,,,https://store.steampowered.com/app/1398690/,https://vndb.org/v31636
1610290,Chihiro Himukai Always Walks Away - Censored Edition,2021-07-21,2021-07,vndb_steam_release,True,False,VNDB_ONLY,True,,v30118,r81475,Himukai Chihiro wa Shigoto ga Tsuzukanai,complete,True,,,,https://store.steampowered.com/app/1610290/,https://vndb.org/v30118
1680260,Dead-End Detective: The Sixpence Strangler,2021-07-21,2021-07,vndb_steam_release,True,False,VNDB_ONLY,True,,v31708,r81517,Dead-End Detective: The Sixpence Strangler,complete,True,,,,https://store.steampowered.com/app/1680260/,https://vndb.org/v31708
1700790,Oshi no Love yori Koi no Love ~Love or Die~ - Trial Version,2021-07-21,2021-07,vndb_steam_release,True,False,VNDB_ONLY,True,,v31138,r81479,Oshi no Love yori Koi no Love ~Love or Die~,trial,True,,,,https://store.steampowered.com/app/1700790/,https://vndb.org/v31138
1680690,Castle of Delights,2021-07-22,2021-07,vndb_steam_release,True,False,VNDB_ONLY,True,,v35016,r89492,Castle of Delights,complete,True,,,,https://store.steampowered.com/app/1680690/,https://vndb.org/v35016
1543690,Bara Giants - Society of Pleasure (SFW),2021-07-24,2021-07,vndb_steam_release,True,False,VNDB_ONLY,True,,v35051,r89560,Bara Giants,complete,True,,,,https://store.steampowered.com/app/1543690/,https://vndb.org/v35051
1702900,My Catgirl Maid Thinks She Runs the Place - Extra Fluffy Edition,2021-07-24,2021-07,vndb_steam_release,True,False,VNDB_ONLY,True,,v29012,r158433,My Catgirl Maid Thinks She Runs the Place,partial,True,,,,https://store.steampowered.com/app/1702900/,https://vndb.org/v29012
1556190,My Married Cousin's Need for Seed,2021-07-24,2021-07,vndb_steam_release,True,False,VNDB_ONLY,True,,v29329,r85755;r86129,Kekkon Seikatsu o Mamoru Tame ni Dairi Kozukuri de Netori Ana Yome ni Sareru Niizuma,complete,True,,,,https://store.steampowered.com/app/1556190/,https://vndb.org/v29329
1509040,Lonely Catgirl is the Purrfect Pussy,2021-07-25,2021-07,vndb_steam_release,True,False,VNDB_ONLY,True,,v29806,r87261,"Kodoku na Neko Shoujo o Hirotte Hajimaru, Iyashi no Kozukuri Seikatsu",complete,True,,,,https://store.steampowered.com/app/1509040/,https://vndb.org/v29806
1676580,My Stepmom is a Futanari,2021-07-30,2021-07,vndb_steam_release,True,False,VNDB_ONLY,True,,v31809,r81784,My Stepmom is a Futanari,complete,True,,,,https://store.steampowered.com/app/1676580/,https://vndb.org/v31809
1681860,"Hajimete Tateta Ocha ga Coffee no Watashi wa, Hachamecha na Otemae de Sadou Taikai Yuushou o Mezasu.",2021-08-01,2021-08,vndb_steam_release,True,False,VNDB_ONLY,True,,v31790,r81710,"Hajimete Tateta Ocha ga Coffee no Watashi wa, Hachamecha na Otemae de Sadou Taikai Yuushou o Mezasu.",complete,True,,,,https://store.steampowered.com/app/1681860/,https://vndb.org/v31790
924780,Kokoro o Hiraku Utaikata,2021-08-01,2021-08,vndb_steam_release,True,False,VNDB_ONLY,True,,v23021,r81825,Kokoro o Hiraku Utaikata,complete,True,,,,https://store.steampowered.com/app/924780/,https://vndb.org/v23021
1690530,Yearning: A Gay Story - Steam Edition,2021-08-02,2021-08,vndb_steam_release,True,False,VNDB_ONLY,True,,v24481,r81871,Yearning: A Gay Story,complete,True,,,,https://store.steampowered.com/app/1690530/,https://vndb.org/v24481
2169350,Strip n Play with Valerie,2021-08-04,2021-08,vndb_steam_release,True,False,VNDB_ONLY,True,,v32283,r83204,Strip n Play with Valerie,complete,True,,,,https://store.steampowered.com/app/2169350/,https://vndb.org/v32283
1248390,Aspiring Light,2021-08-06,2021-08,vndb_steam_release,True,False,VNDB_ONLY,True,,v30361,r77705,Aspiring Light,complete,True,,,,https://store.steampowered.com/app/1248390/,https://vndb.org/v30361
1710301,Life Can Be Amazing - Adults Only 18+ Patch,2021-08-06,2021-08,vndb_steam_release,True,False,VNDB_ONLY,True,,v31755,r81951,Life Can Be Amazing,complete,True,,,,https://store.steampowered.com/app/1710301/,https://vndb.org/v31755
1693720,National Park Girls - Episode 4: Eternal Evergreen (Part 1),2021-08-06,2021-08,vndb_steam_release,True,False,VNDB_ONLY,True,,v24560,r81714,National Park Girls,partial,True,,,,https://store.steampowered.com/app/1693720/,https://vndb.org/v24560
565080,Negligee: Spring Clean Prelude,2021-08-06,2021-08,vndb_steam_release,True,False,VNDB_ONLY,True,,v30511,r81952,Negligee: Spring Clean,trial,True,,,,https://store.steampowered.com/app/565080/,https://vndb.org/v30511
1428550,One Night with Clara,2021-08-06,2021-08,vndb_steam_release,True,False,VNDB_ONLY,True,,v31846,r81876,One Night with Clara,complete,True,,,,https://store.steampowered.com/app/1428550/,https://vndb.org/v31846
1677040,The Clinic of Depravity - A Wife Reveals Her True Nature in Front of Her Husband - Demo,2021-08-06,2021-08,vndb_steam_release,True,False,VNDB_ONLY,True,,v18584,r81948,"Inraku Counseling ~Otto no Me no Mae de, Tsuma wa Honshou ni Ochiteyuku~",trial,True,,,,https://store.steampowered.com/app/1677040/,https://vndb.org/v18584
1701300,Violet Girl,2021-08-06,2021-08,vndb_steam_release,True,False,VNDB_ONLY,True,,v31870,r81949,Violet Girl,complete,True,,,,https://store.steampowered.com/app/1701300/,https://vndb.org/v31870
2395120,Milfvania Ep. 1,2021-08-07,2021-08,vndb_steam_release,True,False,VNDB_ONLY,True,,v31901,r82041,Milfvania,partial,True,,,,https://store.steampowered.com/app/2395120/,https://vndb.org/v31901
1718180,All is Fair in Dust and Air - Demo,2021-08-10,2021-08,vndb_steam_release,True,False,VNDB_ONLY,True,,v21699,r83171,All is Fair in Dust and Air,trial,True,,,,https://store.steampowered.com/app/1718180/,https://vndb.org/v21699
1649830,Tales of the Mirror,2021-08-12,2021-08,vndb_steam_release,True,False,VNDB_ONLY,True,,v31928,r82124,Gu Jing Ji,complete,True,,,,https://store.steampowered.com/app/1649830/,https://vndb.org/v31928
1677510,Knot Fiction!,2021-08-13,2021-08,vndb_steam_release,True,False,VNDB_ONLY,True,,v24586,r81691,Knot Fiction!,complete,True,,,,https://store.steampowered.com/app/1677510/,https://vndb.org/v24586
1708130,Misericorde: Volume One - Demo,2021-08-13,2021-08,vndb_steam_release,True,False,VNDB_ONLY,True,,v31805,r82150,Misericorde: Volume One,trial,True,,,,https://store.steampowered.com/app/1708130/,https://vndb.org/v31805
1528560,Yu Huyao de Tongju Shenghuo - v1;Yu Huyao de Tongju Shenghuo - v2,2021-08-13,2021-08,vndb_steam_release,True,False,VNDB_ONLY,True,,v31955,r82171;r85536,Yu Huyao de Tongju Shenghuo,complete,True,,,,https://store.steampowered.com/app/1528560/,https://vndb.org/v31955
1722360,Bloodlines of Shadow Springs - Demo,2021-08-14,2021-08,vndb_steam_release,True,False,VNDB_ONLY,True,,v32446,r83577,Bloodlines of Shadow Springs,trial,True,,,,https://store.steampowered.com/app/1722360/,https://vndb.org/v32446
1659940,Chasing Tails - 18+ Adult Only Patch,2021-08-14,2021-08,vndb_steam_release,True,False,VNDB_ONLY,True,,v30553,r82174,Chasing Tails -A Promise in the Snow-,complete,True,,,,https://store.steampowered.com/app/1659940/,https://vndb.org/v30553
1727460,Death Becomes You - Demo,2021-08-14,2021-08,vndb_steam_release,True,False,VNDB_ONLY,True,,v32069,r82487,Death Becomes You,trial,True,,,,https://store.steampowered.com/app/1727460/,https://vndb.org/v32069
1469300,Leap of Love,2021-08-18,2021-08,vndb_steam_release,True,False,VNDB_ONLY,True,,v29964,r124039,Leap of Love,complete,True,,,,https://store.steampowered.com/app/1469300/,https://vndb.org/v29964
1959060,Schrodinger's Catgirl - Demo,2021-08-18,2021-08,vndb_steam_release,True,False,VNDB_ONLY,True,,v30377,r96781,Schrodinger's Catgirl,trial,True,,,,https://store.steampowered.com/app/1959060/,https://vndb.org/v30377
1500360,Zhi Yu Zhe: Zhui Yue Zhi Zhao - Demo,2021-08-19,2021-08,vndb_steam_release,True,False,VNDB_ONLY,True,,v35539,r90506,Zhi Yu Zhe: Zhui Yue Zhi Zhao,trial,True,,,,https://store.steampowered.com/app/1500360/,https://vndb.org/v35539
1690150,Futanari Vampire Girlfriend,2021-08-20,2021-08,vndb_steam_release,True,False,VNDB_ONLY,True,,v32019,r82333,Futanari Vampire Girlfriend,complete,True,,,,https://store.steampowered.com/app/1690150/,https://vndb.org/v32019
1673040,Genderbend Me! Sayonara Demon Dong,2021-08-20,2021-08,vndb_steam_release,True,False,VNDB_ONLY,True,,v19245,r81852;r86125,Saikyou no Maou-sama ga Nyotaika!? ~Hatsujou Yuusha ni Semararemakuru Goku Ero Haramase Quest~,complete,True,,,,https://store.steampowered.com/app/1673040/,https://vndb.org/v19245
511280,Negligee: Spring Clean,2021-08-20,2021-08,vndb_steam_release,True,False,VNDB_ONLY,True,,v30511,r78079,Negligee: Spring Clean,complete,True,,,,https://store.steampowered.com/app/511280/,https://vndb.org/v30511
1724750,Vampire Slave Chapter 2,2021-08-20,2021-08,vndb_steam_release,True,False,VNDB_ONLY,True,,v31474,r82332,Vampire Slave,partial,True,,,,https://store.steampowered.com/app/1724750/,https://vndb.org/v31474
1709590,Honey*Honey*Honey! - Censored Edition,2021-08-23,2021-08,vndb_steam_release,True,False,VNDB_ONLY,True,,v28834,r81926,Honey*Honey*Honey!,complete,True,,,,https://store.steampowered.com/app/1709590/,https://vndb.org/v28834
1537800,At Your Feet,2021-08-24,2021-08,vndb_steam_release,True,False,VNDB_ONLY,True,,v32113,r82601,At Your Feet,complete,True,,,,https://store.steampowered.com/app/1537800/,https://vndb.org/v32113
1705910,My Furry Neighbour - 18+ Adult Only Patch,2021-08-28,2021-08,vndb_steam_release,True,False,VNDB_ONLY,True,,v32071,r82500,My Furry Neighbour 🐾,complete,True,,,,https://store.steampowered.com/app/1705910/,https://vndb.org/v32071
1694100,Xìngcun Zhe Leyuan,2021-08-28,2021-08,vndb_steam_release,True,False,VNDB_ONLY,True,,v32072,r82501,Xingcun Zhe Leyuan,complete,True,,,,https://store.steampowered.com/app/1694100/,https://vndb.org/v32072
2298800,Heart Agency - Demo,2021-08-30,2021-08,vndb_steam_release,True,False,VNDB_ONLY,True,,v32454,r83613,Heart Agency,trial,True,,,,https://store.steampowered.com/app/2298800/,https://vndb.org/v32454
1679810,Ace Campus Club: Bian Yu in a Parallel World,2021-09-01,2021-09,vndb_steam_release,True,False,VNDB_ONLY,True,,v30349,r82355,Wangpai Shetuan,partial,True,,,,https://store.steampowered.com/app/1679810/,https://vndb.org/v30349
1873790,Bad Faith - Demo,2021-09-03,2021-09,vndb_steam_release,True,False,VNDB_ONLY,True,,v32133,r101793;r82671,Bad Faith,trial,True,,,,https://store.steampowered.com/app/1873790/,https://vndb.org/v32133
1712060,Huanying Jiaru Qiqu She - Demo,2021-09-04,2021-09,vndb_steam_release,True,False,VNDB_ONLY,True,,v41483,r101563,Huanying Jiaru Qiqu She,trial,True,,,,https://store.steampowered.com/app/1712060/,https://vndb.org/v41483
1754440,Super Taco Crew,2021-09-04,2021-09,vndb_steam_release,True,False,VNDB_ONLY,True,,v29422,r83512,Super Taco Crew,complete,True,,,,https://store.steampowered.com/app/1754440/,https://vndb.org/v29422
1605890,To the Max - Early Access,2021-09-04,2021-09,vndb_steam_release,True,False,VNDB_ONLY,True,,v32142,r82697,To the Max,partial,True,,,,https://store.steampowered.com/app/1605890/,https://vndb.org/v32142
1495000,Succubus Research Diary,2021-09-06,2021-09,vndb_steam_release,True,False,VNDB_ONLY,True,,v31993,r82260,Succubus Research Diary,complete,True,,,,https://store.steampowered.com/app/1495000/,https://vndb.org/v31993
1752960,Hardcore Cruising - Demo,2021-09-07,2021-09,vndb_steam_release,True,False,VNDB_ONLY,True,,v32507,r83787,Hardcore Cruising,trial,True,,,,https://store.steampowered.com/app/1752960/,https://vndb.org/v32507
1661030,Lian'ai Guanxi Demo,2021-09-10,2021-09,vndb_steam_release,True,False,VNDB_ONLY,True,,v31381,r83283,Lian'ai Guanxi,trial,True,,,,https://store.steampowered.com/app/1661030/,https://vndb.org/v31381
1721460,Masochistic Elves from Another World!,2021-09-10,2021-09,vndb_steam_release,True,False,VNDB_ONLY,True,,v30904,r86127;r87262,Kouki na Bakunyuu Elf Himekishi o Wakarase! Mesu Kobi Haramase Ana ni Suru Seikatsu,complete,True,,,,https://store.steampowered.com/app/1721460/,https://vndb.org/v30904
1398720,Water Girls,2021-09-10,2021-09,vndb_steam_release,True,False,VNDB_ONLY,True,,v32197,r82903,Water Girls,complete,True,,,,https://store.steampowered.com/app/1398720/,https://vndb.org/v32197
1711820,Water Girls - Adult 18+ Content,2021-09-10,2021-09,vndb_steam_release,True,False,VNDB_ONLY,True,,v32197,r82904,Water Girls,complete,True,,,,https://store.steampowered.com/app/1711820/,https://vndb.org/v32197
1740040,Kate Don't Wait Demo,2021-09-13,2021-09,vndb_steam_release,True,False,VNDB_ONLY,True,,v32068,r82945,Kate Don't Wait,trial,True,,,,https://store.steampowered.com/app/1740040/,https://vndb.org/v32068
1688930,A YEAR OF SPRINGS - Demo,2021-09-14,2021-09,vndb_steam_release,True,False,VNDB_ONLY,True,,v22619;v44706,r82988,"A YEAR OF SPRINGS;one night, hot springs",complete;trial,True,,,,https://store.steampowered.com/app/1688930/,https://vndb.org/v22619
1828050,Dream/Strung - Blossoming Love Demo,2021-09-15,2021-09,vndb_steam_release,True,False,VNDB_ONLY,True,,v33771,r86899,Dream/Strung - Blossoming Love,trial,True,,,,https://store.steampowered.com/app/1828050/,https://vndb.org/v33771
1746130,Onmyoji in the Otherworld: Sayaka's Story,2021-09-15,2021-09,vndb_steam_release,True,False,VNDB_ONLY,True,,v27487,r82972,Kakuriyo no Saiyaku to Utsushiyo no Ikusabime ~Sayaka Hen~,complete,True,,,,https://store.steampowered.com/app/1746130/,https://vndb.org/v27487
1732760,ENF Novels: Dress Code,2021-09-16,2021-09,vndb_steam_release,True,False,VNDB_ONLY,True,,v32230,r83008,ENF Novels: Dress Code,complete,True,,,,https://store.steampowered.com/app/1732760/,https://vndb.org/v32230
1528550,Jianjin Nüwang,2021-09-16,2021-09,vndb_steam_release,True,False,VNDB_ONLY,True,,v42048,r111240,Jianjin Nüwang,complete,True,,,,https://store.steampowered.com/app/1528550/,https://vndb.org/v42048
1724751,Vampire Slave Chapter 3,2021-09-16,2021-09,vndb_steam_release,True,False,VNDB_ONLY,True,,v31474,r83094,Vampire Slave,partial,True,,,,https://store.steampowered.com/app/1724751/,https://vndb.org/v31474
1741180,College Bound - Episode 2,2021-09-17,2021-09,vndb_steam_release,True,False,VNDB_ONLY,True,,v31269,r82998,College Bound,partial,True,,,,https://store.steampowered.com/app/1741180/,https://vndb.org/v31269
1750340,I deserve a happy ending - Demo,2021-09-17,2021-09,vndb_steam_release,True,False,VNDB_ONLY,True,,v32251,r83312,Merezco un final feliz,trial,True,,,,https://store.steampowered.com/app/1750340/,https://vndb.org/v32251
1752900,The Durka: Ty (ne) umrjosh' - Old Content Pack,2021-09-17,2021-09,vndb_steam_release,True,False,VNDB_ONLY,True,,v32159,r117682,The Durka: Ty (ne) umrjosh',partial,True,,,,https://store.steampowered.com/app/1752900/,https://vndb.org/v32159
1654500,1f y0u're a gh0st ca11 me here!,2021-09-18,2021-09,vndb_steam_release,True,False,VNDB_ONLY,True,,v46786,r116907,1f y0u're a gh0st ca11 me here!,trial,True,,,,https://store.steampowered.com/app/1654500/,https://vndb.org/v46786
1463120,College Kings - The Complete Season,2021-09-18,2021-09,vndb_steam_release,True,False,VNDB_ONLY,True,,v29726,r79055,College Kings,complete,True,,,,https://store.steampowered.com/app/1463120/,https://vndb.org/v29726
1186600,Nympho Monster Domination,2021-09-18,2021-09,vndb_steam_release,True,False,VNDB_ONLY,True,,v26486,r87253,Monster ga Shihai Suru Isekai de Mamonotsukai ni Natte Haramase Hunt de Kyuuseishu ni Naru ~Ningen Gotoki ga Warera to Seishoku? Minohodo o Shire!~,complete,True,,,,https://store.steampowered.com/app/1186600/,https://vndb.org/v26486
1733300,My Stepmom is a Futanari 2,2021-09-20,2021-09,vndb_steam_release,True,False,VNDB_ONLY,True,,v32261,r83126,My Stepmom is a Futanari 2,complete,True,,,,https://store.steampowered.com/app/1733300/,https://vndb.org/v32261
1761050,Singles' Generation: Episode 1,2021-09-20,2021-09,vndb_steam_release,True,False,VNDB_ONLY,True,,v30241,r77402,Singles' Generation,partial,True,,,,https://store.steampowered.com/app/1761050/,https://vndb.org/v30241
1227490,Meowhalla 1.2,2021-09-21,2021-09,vndb_steam_release,True,False,VNDB_ONLY,True,,v27945,r88070,Meowhalla,complete,True,,,,https://store.steampowered.com/app/1227490/,https://vndb.org/v27945
1759570,Spirit Swap: Lofi Chill Beats to Match-3 To - Demo,2021-09-21,2021-09,vndb_steam_release,True,False,VNDB_ONLY,True,,v54718,r131827,Spirit Swap: Lofi Beats to Match-3 To,trial,True,,,,https://store.steampowered.com/app/1759570/,https://vndb.org/v54718
1743260,Welcome to Free Will - Episode 1,2021-09-22,2021-09,vndb_steam_release,True,False,VNDB_ONLY,True,,v32286,r83210,Welcome to Free Will,partial,True,,,,https://store.steampowered.com/app/1743260/,https://vndb.org/v32286
981060,One Hell of a Week,2021-09-23,2021-09,vndb_steam_release,True,False,VNDB_ONLY,True,,v23120,r57212,One Hell of a Week,complete,True,,,,https://store.steampowered.com/app/981060/,https://vndb.org/v23120
1845660,Rojiura Glory Hole - Download Edition,2021-09-23,2021-09,vndb_steam_release,True,False,VNDB_ONLY,True,,v27490,r85819,Rojiura Glory Hole,complete,True,,,,https://store.steampowered.com/app/1845660/,https://vndb.org/v27490
1764290,Up All Night Remastered Demo,2021-09-23,2021-09,vndb_steam_release,True,False,VNDB_ONLY,True,,v29476,r83581,Up All Night,trial,True,,,,https://store.steampowered.com/app/1764290/,https://vndb.org/v29476
1695300,ALTDEUS: Beyond Chronos Episode Yamato,2021-09-24,2021-09,vndb_steam_release,True,False,VNDB_ONLY,True,,v28835,r141844,ALTDEUS: Beyond Chronos,partial,True,,,,https://store.steampowered.com/app/1695300/,https://vndb.org/v28835
1767030,Confessions at Candlewood Lake Adults Only 18+ Patch,2021-09-24,2021-09,vndb_steam_release,True,False,VNDB_ONLY,True,,v32123,r83284,Confessions at Candlewood Lake,complete,True,,,,https://store.steampowered.com/app/1767030/,https://vndb.org/v32123
1756050,Lian'ai Guanxi/Romance - Patch R18,2021-09-24,2021-09,vndb_steam_release,True,False,VNDB_ONLY,True,,v31381,r87265,Lian'ai Guanxi,complete,True,,,,https://store.steampowered.com/app/1756050/,https://vndb.org/v31381
1732050,Love Season: Season 1,2021-09-24,2021-09,vndb_steam_release,True,False,VNDB_ONLY,True,,v28091,r83281,Love Season,partial,True,,,,https://store.steampowered.com/app/1732050/,https://vndb.org/v28091
1634950,Voronica Cleans House: a Vore Adventure,2021-09-24,2021-09,vndb_steam_release,True,False,VNDB_ONLY,True,,v31070,r79621,Voronica Cleans House: a Vore Adventure,complete,True,,,,https://store.steampowered.com/app/1634950/,https://vndb.org/v31070
959880,Dungeon Town - Censored Edition,2021-09-25,2021-09,vndb_steam_release,True,False,VNDB_ONLY,True,,v22602,r83479,Dungeon Town ~Iseki no Mori to Muma no Kusuri~,complete,True,,,,https://store.steampowered.com/app/959880/,https://vndb.org/v22602
1769300,Countess in Crimson - Demo,2021-09-26,2021-09,vndb_steam_release,True,False,VNDB_ONLY,True,,v32444,r83574,Countess in Crimson,trial,True,,,,https://store.steampowered.com/app/1769300/,https://vndb.org/v32444
1803750,Homunculus Hotel Demo,2021-09-26,2021-09,vndb_steam_release,True,False,VNDB_ONLY,True,,v32712,r84407,Homunculus Hotel,trial,True,,,,https://store.steampowered.com/app/1803750/,https://vndb.org/v32712
1718830,Dawnbreaker - Aeon's Reach Demo,2021-09-28,2021-09,vndb_steam_release,True,False,VNDB_ONLY,True,,v31622,r84405,Dawnbreaker - Aeon's Reach,trial,True,,,,https://store.steampowered.com/app/1718830/,https://vndb.org/v31622
1695020,Niji no furu umi - Demo,2021-09-28,2021-09,vndb_steam_release,True,False,VNDB_ONLY,True,,v52806,r127544,Niji no Furu Umi,trial,True,,,,https://store.steampowered.com/app/1695020/,https://vndb.org/v52806
1754050,Big Cat from Hell,2021-09-29,2021-09,vndb_steam_release,True,False,VNDB_ONLY,True,,v32404,r83483,Big Cat from Hell,complete,True,,,,https://store.steampowered.com/app/1754050/,https://vndb.org/v32404
1749520,Heartbeats - Demo,2021-09-29,2021-09,vndb_steam_release,True,False,VNDB_ONLY,True,,v32405,r83484,Heartbeats,trial,True,,,,https://store.steampowered.com/app/1749520/,https://vndb.org/v32405
1773340,Heart & Soul - Demo,2021-09-30,2021-09,vndb_steam_release,True,False,VNDB_ONLY,True,,v33171,r85683,Heart & Soul,trial,True,,,,https://store.steampowered.com/app/1773340/,https://vndb.org/v33171
1780670,Madam's Maid,2021-09-30,2021-09,vndb_steam_release,True,False,VNDB_ONLY,True,,v32420,r83508,Madam's Maid,complete,True,,,,https://store.steampowered.com/app/1780670/,https://vndb.org/v32420
1689000,Namaiki Dark Elf Sisters ~Cocky Chicks Craving Creampies~ Download Edition,2021-09-30,2021-09,vndb_steam_release,True,False,VNDB_ONLY,True,,v22439,r81977,Namaiki Dark Elf 3 Shimai ga Boku ni Nakadashi o Motomeru.,complete,True,,,,https://store.steampowered.com/app/1689000/,https://vndb.org/v22439
1532400,Siji Yueding,2021-09-30,2021-09,vndb_steam_release,True,False,VNDB_ONLY,True,,v32422,r83510,Siji Yueding,complete,True,,,,https://store.steampowered.com/app/1532400/,https://vndb.org/v32422
1757420,The Summit High School: Prologue Episode,2021-09-30,2021-09,vndb_steam_release,True,False,VNDB_ONLY,True,,v32423,r83511,The Summit High School,partial,True,,,,https://store.steampowered.com/app/1757420/,https://vndb.org/v32423
1398700,Animal Cafe,2021-10-01,2021-10,vndb_steam_release,True,False,VNDB_ONLY,True,,v32436,r83546,Animal Cafe,complete,True,,,,https://store.steampowered.com/app/1398700/,https://vndb.org/v32436
1732640,College Kings - Act III,2021-10-01,2021-10,vndb_steam_release,True,False,VNDB_ONLY,True,,v29726,r83545,College Kings,partial,True,,,,https://store.steampowered.com/app/1732640/,https://vndb.org/v29726
1700110,The Edge Of,2021-10-02,2021-10,vndb_steam_release,True,False,VNDB_ONLY,True,,v30155,r77140,The Edge Of,complete,True,,,,https://store.steampowered.com/app/1700110/,https://vndb.org/v30155
1682920,Song of Life,2021-10-05,2021-10,vndb_steam_release,True,False,VNDB_ONLY,True,,v32470,r83651,Song of Life,complete,True,,,,https://store.steampowered.com/app/1682920/,https://vndb.org/v32470
1757880,trip=true,2021-10-07,2021-10,vndb_steam_release,True,False,VNDB_ONLY,True,,v32482,r83694,trip=true,complete,True,,,,https://store.steampowered.com/app/1757880/,https://vndb.org/v32482
1398710,Fairy Glade,2021-10-08,2021-10,vndb_steam_release,True,False,VNDB_ONLY,True,,v32222,r82977,Fairy Glade,complete,True,,,,https://store.steampowered.com/app/1398710/,https://vndb.org/v32222
1757750,My Stepmom is a Futanari 3,2021-10-08,2021-10,vndb_steam_release,True,False,VNDB_ONLY,True,,v32487,r83715,My Stepmom is a Futanari 3,complete,True,,,,https://store.steampowered.com/app/1757750/,https://vndb.org/v32487
1776810,The Inn Between - Demo;The Inn Between - Extended Demo,2021-10-08,2021-10,vndb_steam_release,True,False,VNDB_ONLY,True,,v32455,r128464;r83614,The Inn Between,trial,True,,,,https://store.steampowered.com/app/1776810/,https://vndb.org/v32455
1743840,My Furry Dictator - 18+ Adult Only Patch 🐾,2021-10-09,2021-10,vndb_steam_release,True,False,VNDB_ONLY,True,,v32075,r85153,My Furry Dictator 🐾,complete,True,,,,https://store.steampowered.com/app/1743840/,https://vndb.org/v32075
1718900,King of the Raft - A LitRPG Visual Novel Apocalypse Adventure,2021-10-10,2021-10,vndb_steam_release,True,False,VNDB_ONLY,True,,v32505,r83782,King of the Raft,complete,True,,,,https://store.steampowered.com/app/1718900/,https://vndb.org/v32505
1398730,Winter Wonderland,2021-10-10,2021-10,vndb_steam_release,True,False,VNDB_ONLY,True,,v32504,r83781,Winter Wonderland,complete,True,,,,https://store.steampowered.com/app/1398730/,https://vndb.org/v32504
1768310,Chongqi: Paomo Pian - Reboot:FROTH Demo,2021-10-11,2021-10,vndb_steam_release,True,False,VNDB_ONLY,True,,v33221,r85805,Chongqi: Paomo Pian - Reboot:FROTH,trial,True,,,,https://store.steampowered.com/app/1768310/,https://vndb.org/v33221
1749300,Tails & Titties Hot Spring,2021-10-11,2021-10,vndb_steam_release,True,False,VNDB_ONLY,True,,v31103,r83383;r86126,Kemomimi Musume-tachi ga Iyashite Kureru Kozukuri Onsen'yado,complete,True,,,,https://store.steampowered.com/app/1749300/,https://vndb.org/v31103
1738420,Sinsations,2021-10-12,2021-10,vndb_steam_release,True,False,VNDB_ONLY,True,,v28861,r83814,Sinsations,complete,True,,,,https://store.steampowered.com/app/1738420/,https://vndb.org/v28861
1801950,My Soldiers,2021-10-13,2021-10,vndb_steam_release,True,False,VNDB_ONLY,True,,v33768,r86890,My Soldiers,complete,True,,,,https://store.steampowered.com/app/1801950/,https://vndb.org/v33768
1527980,Woman's Prison,2021-10-13,2021-10,vndb_steam_release,True,False,VNDB_ONLY,True,,v32520,r83825,Wo Zai Nuzi Jianyu Kai Hougong,complete,True,,,,https://store.steampowered.com/app/1527980/,https://vndb.org/v32520
1724752,Vampire Slave Chapter 4,2021-10-14,2021-10,vndb_steam_release,True,False,VNDB_ONLY,True,,v31474,r83861,Vampire Slave,partial,True,,,,https://store.steampowered.com/app/1724752/,https://vndb.org/v31474
1173410,My Breast Friend Sally,2021-10-15,2021-10,vndb_steam_release,True,False,VNDB_ONLY,True,,v29287,r87674,My Breast Friend Sally,complete,True,,,,https://store.steampowered.com/app/1173410/,https://vndb.org/v29287
1772460,The Edge Of - Demo,2021-10-15,2021-10,vndb_steam_release,True,False,VNDB_ONLY,True,,v30155,r83885,The Edge Of,trial,True,,,,https://store.steampowered.com/app/1772460/,https://vndb.org/v30155
1695490,Summer In Trigue Uncensor DLC,2021-10-18,2021-10,vndb_steam_release,True,False,VNDB_ONLY,True,,v16680,r83953,Summer In Trigue,complete,True,,,,https://store.steampowered.com/app/1695490/,https://vndb.org/v16680
1539220,Abaddon: Princess of the Decay - Censored Edition,2021-10-19,2021-10,vndb_steam_release,True,False,VNDB_ONLY,True,,v13066,r64879,Fukai ni Nemuru Oujo no Abaddon,complete,True,,,,https://store.steampowered.com/app/1539220/,https://vndb.org/v13066
1639990,Dreams of Desire: Definitive Edition,2021-10-20,2021-10,vndb_steam_release,True,False,VNDB_ONLY,True,,v21072;v22344;v23181,r135727;r83986,Dreams of Desire;Dreams of Desire Holiday Special;Dreams of Desire: The Lost Memories,complete,True,,,,https://store.steampowered.com/app/1639990/,https://vndb.org/v21072
1700310,Games&Girls Episode 5,2021-10-21,2021-10,vndb_steam_release,True,False,VNDB_ONLY,True,,v21137,r81442,Games&Girls,partial,True,,,,https://store.steampowered.com/app/1700310/,https://vndb.org/v21137
1788560,Dream Of The Hikikimori,2021-10-22,2021-10,vndb_steam_release,True,False,VNDB_ONLY,True,,v31696,r81485,Dream of the Hikikomori,complete,True,,,,https://store.steampowered.com/app/1788560/,https://vndb.org/v31696
1774670,Foul Play - 18+ Adult Content DLC,2021-10-22,2021-10,vndb_steam_release,True,False,VNDB_ONLY,True,,v29072,r84101,Foul Play,complete,True,,,,https://store.steampowered.com/app/1774670/,https://vndb.org/v29072
1468430,Freezer Pops - A Hot Bara Business (SFW),2021-10-22,2021-10,vndb_steam_release,True,False,VNDB_ONLY,True,,v29766,r122932;r84098,Freezer Pops - A Hot Bara Business,complete,True,,,,https://store.steampowered.com/app/1468430/,https://vndb.org/v29766
1468450,Freezer Pops - A Hot Bara Business - 18+ DLC,2021-10-22,2021-10,vndb_steam_release,True,False,VNDB_ONLY,True,,v29766,r84099,Freezer Pops - A Hot Bara Business,complete,True,,,,https://store.steampowered.com/app/1468450/,https://vndb.org/v29766
1973600,My Naughty Summer Vacation ~Days in Countryside and Memories of Summer~;Wo de H Shujia - Xiangxia de Jiari Huiyi,2021-10-22,2021-10,vndb_steam_release,True,False,VNDB_ONLY,True,,v22704,r124125;r84387,Boku no H na Natsuyasumi ~Inaka de Sugosu Hitonatsu no Omoide~,complete,True,,,,https://store.steampowered.com/app/1973600/,https://vndb.org/v22704
1751480,Master-Servant Sex with the Beauty from the Orient ~Contract with a Semen-Sucking Demon~,2021-10-23,2021-10,vndb_steam_release,True,False,VNDB_ONLY,True,,v24675,r83652,Kasshoku Orient Bijo to Shujuu Seikou ~Mashou no Wagamama Sakusei Keiyaku~,complete,True,,,,https://store.steampowered.com/app/1751480/,https://vndb.org/v24675
1757760,My Stepsis is a Futanari,2021-10-27,2021-10,vndb_steam_release,True,False,VNDB_ONLY,True,,v32652,r84237,My Stepsis is a Futanari,complete,True,,,,https://store.steampowered.com/app/1757760/,https://vndb.org/v32652
1353360,Midnight Ride - Galactic Detour,2021-10-28,2021-10,vndb_steam_release,True,False,VNDB_ONLY,True,,v25023,r85262,Midnight Ride,partial,True,,,,https://store.steampowered.com/app/1353360/,https://vndb.org/v25023
1802490,Twice Reborn - Demo,2021-10-29,2021-10,vndb_steam_release,True,False,VNDB_ONLY,True,,v25042,r85685,Twice Reborn,trial,True,,,,https://store.steampowered.com/app/1802490/,https://vndb.org/v25042
1787370,Snail Story: Love Edition - Demo,2021-11-01,2021-11,vndb_steam_release,True,False,VNDB_ONLY,True,,v32828,r84744,Snail Story: Love Edition,trial,True,,,,https://store.steampowered.com/app/1787370/,https://vndb.org/v32828
1794110,4 Alice Magical Autistic Girls Demo,2021-11-02,2021-11,vndb_steam_release,True,False,VNDB_ONLY,True,,v32719,r84421,4 Alice Magical Autistic Girls,trial,True,,,,https://store.steampowered.com/app/1794110/,https://vndb.org/v32719
1722200,Bawei - Demo,2021-11-03,2021-11,vndb_steam_release,True,False,VNDB_ONLY,True,,v32302,r85876,Bawei,trial,True,,,,https://store.steampowered.com/app/1722200/,https://vndb.org/v32302
1719080,Kate Don't Wait,2021-11-03,2021-11,vndb_steam_release,True,False,VNDB_ONLY,True,,v32068,r82481,Kate Don't Wait,complete,True,,,,https://store.steampowered.com/app/1719080/,https://vndb.org/v32068
1803340,Shan: Linjie Xingcun Zhe Demo,2021-11-03,2021-11,vndb_steam_release,True,False,VNDB_ONLY,True,,v32697,r84370,Shan: Linjie Xingcun Zhe,trial,True,,,,https://store.steampowered.com/app/1803340/,https://vndb.org/v32697
1792640,Qin Fu Tianxia - Demo,2021-11-04,2021-11,vndb_steam_release,True,False,VNDB_ONLY,True,,v32728,r85877,Qin Fu Tianxia,trial,True,,,,https://store.steampowered.com/app/1792640/,https://vndb.org/v32728
1684120,4 Alice Magical Autistic Girls,2021-11-06,2021-11,vndb_steam_release,True,False,VNDB_ONLY,True,,v32719,r84420,4 Alice Magical Autistic Girls,complete,True,,,,https://store.steampowered.com/app/1684120/,https://vndb.org/v32719
1432650,Max's Big Bust 2 - Max's Bigger Bust,2021-11-07,2021-11,vndb_steam_release,True,False,VNDB_ONLY,True,,v29465,r75352,Max's Big Bust 2 - Max's Bigger Bust,complete,True,,,,https://store.steampowered.com/app/1432650/,https://vndb.org/v29465
1796910,Stealing a Monster Girl Harem,2021-11-08,2021-11,vndb_steam_release,True,False,VNDB_ONLY,True,,v32173,r84153;r87263,Haramase Onaho Maou Gun ~Kyokon to Thief no Chikara de Saikyou no Mesu o Zako Man ni Hameotoshite Kizuku Nariagari Harem~,complete,True,,,,https://store.steampowered.com/app/1796910/,https://vndb.org/v32173
1630630,"Begi, kotik! - Furri vizual'naja novella",2021-11-12,2021-11,vndb_steam_release,True,False,VNDB_ONLY,True,,v28206,r84555,"Begi, kotik!",complete,True,,,,https://store.steampowered.com/app/1630630/,https://vndb.org/v28206
1394100,S.H.E.L.T.E.R. - An Apocalyptic Tale - Steam Edition,2021-11-12,2021-11,vndb_steam_release,True,False,VNDB_ONLY,True,,v25489,r76301,S.H.E.L.T.E.R.,complete,True,,,,https://store.steampowered.com/app/1394100/,https://vndb.org/v25489
1776020,Alpha Hole Prison - Unfinished Business,2021-11-15,2021-11,vndb_steam_release,True,False,VNDB_ONLY,True,,v29602,r89441,Alpha Hole Prison,complete,True,,,,https://store.steampowered.com/app/1776020/,https://vndb.org/v29602
1831100,Foot Fetish Fortress VolTitan Vs. The Jundoh Empire Volume 1,2021-11-16,2021-11,vndb_steam_release,True,False,VNDB_ONLY,True,,v30707,r84639,Foot Fetish Fortress VolTitan Vs. The Jundoh Empire Vol.1,complete,True,,,,https://store.steampowered.com/app/1831100/,https://vndb.org/v30707
1585450,Furry Shakespeare: To Date Or Not To Date Spooky Cat Girls?,2021-11-16,2021-11,vndb_steam_release,True,False,VNDB_ONLY,True,,v32801,r84643,Furry Shakespeare: To Date Or Not To Date Spooky Cat Girls?,complete,True,,,,https://store.steampowered.com/app/1585450/,https://vndb.org/v32801
1822740,Call Me Cera - Demo,2021-11-18,2021-11,vndb_steam_release,True,False,VNDB_ONLY,True,,v31013,r84725,Call Me Cera,trial,True,,,,https://store.steampowered.com/app/1822740/,https://vndb.org/v31013
1785110,Guilty Parade: Episode 3,2021-11-18,2021-11,vndb_steam_release,True,False,VNDB_ONLY,True,,v25612,r84867,Guilty Parade,partial,True,,,,https://store.steampowered.com/app/1785110/,https://vndb.org/v25612
1743580,Horny Elves and a Moral Orc,2021-11-18,2021-11,vndb_steam_release,True,False,VNDB_ONLY,True,,v24215,r78958,Hentai Elf Shimai to Majime Orc,complete,True,,,,https://store.steampowered.com/app/1743580/,https://vndb.org/v24215
1826520,Kokoro o Hiraku Utaikata★Remaster Ban - Demo,2021-11-18,2021-11,vndb_steam_release,True,False,VNDB_ONLY,True,,v23021,r90791,Kokoro o Hiraku Utaikata,trial,True,,,,https://store.steampowered.com/app/1826520/,https://vndb.org/v23021
1623690,Yi Jie Zhuansheng Zhe Ci Bian Chengle Chuanshuo Zhong de Yongzhe Ne (Shou),2021-11-18,2021-11,vndb_steam_release,True,False,VNDB_ONLY,True,,v30457,r84395,Isekai ni Tensei Shitara Densetsu no Yuusha (Uke) Deshita!?,complete,True,,,,https://store.steampowered.com/app/1623690/,https://vndb.org/v30457
1642260,Kimagure Temptation - Censored Edition,2021-11-19,2021-11,vndb_steam_release,True,False,VNDB_ONLY,True,,v26000,r70790,Kimagure Temptation,complete,True,,,,https://store.steampowered.com/app/1642260/,https://vndb.org/v26000
1528000,Natsuki de Jianjin Shenghuo,2021-11-19,2021-11,vndb_steam_release,True,False,VNDB_ONLY,True,,v32825,r84739,Natsuki de Jianjin Shenghuo,complete,True,,,,https://store.steampowered.com/app/1528000/,https://vndb.org/v32825
1502770,Re;Lord 2 ~The witch of Cologne and black cat~ Censored Edition,2021-11-19,2021-11,vndb_steam_release,True,False,VNDB_ONLY,True,,v16218,r57829,Re;Lord Dai Ni Shou ~Cologne no Majo to Kuroneko~,complete,True,,,,https://store.steampowered.com/app/1502770/,https://vndb.org/v16218
1802870,Secret Pie,2021-11-19,2021-11,vndb_steam_release,True,False,VNDB_ONLY,True,,v32807,r84688,Secret Pie,complete,True,,,,https://store.steampowered.com/app/1802870/,https://vndb.org/v32807
1777840,The Modest Handmaid’s Sex Work ~I will be your partner in place of the young mistress~,2021-11-19,2021-11,vndb_steam_release,True,False,VNDB_ONLY,True,,v25596,r84394,Jimime na Jijo-san no Oshigoto Sex ~Ojou-sama ni Kawatte Oaite Shimasu~,complete,True,,,,https://store.steampowered.com/app/1777840/,https://vndb.org/v25596
1767310,Yoru no Kake Mahjong - Censored Edition,2021-11-19,2021-11,vndb_steam_release,True,False,VNDB_ONLY,True,,v49187,r118418,Yoru no Kake Mahjong: Kateba Ano Ko to Hitobanjuu,complete,True,,,,https://store.steampowered.com/app/1767310/,https://vndb.org/v49187
1800330,Destiny's Plan,2021-11-20,2021-11,vndb_steam_release,True,False,VNDB_ONLY,True,,v32821,r84731,Destiny's Plan,complete,True,,,,https://store.steampowered.com/app/1800330/,https://vndb.org/v32821
1639230,MoonFall / Butterfly Lovers Hua Die,2021-11-20,2021-11,vndb_steam_release,True,False,VNDB_ONLY,True,,v30136,r84732,Yueqiu Zhuiluo Shi,complete,True,,,,https://store.steampowered.com/app/1639230/,https://vndb.org/v30136
1816510,VenusBlood HOLLOW International - SRPG Trial Edition ENG Ver.,2021-11-22,2021-11,vndb_steam_release,True,False,VNDB_ONLY,True,,v15641,r85664,VenusBlood -HYPNO-,trial,True,,,,https://store.steampowered.com/app/1816510/,https://vndb.org/v15641
2124520,Binary Syndrome - Trial Edition,2021-11-23,2021-11,vndb_steam_release,True,False,VNDB_ONLY,True,,v38741,r96749,Binary Syndrome,trial,True,,,,https://store.steampowered.com/app/2124520/,https://vndb.org/v38741
1821370,Wutuobang Zhi Xue - Blood of Utpia - Demo,2021-11-23,2021-11,vndb_steam_release,True,False,VNDB_ONLY,True,,v32873,r84902,Wutuobang Zhi Xue,trial,True,,,,https://store.steampowered.com/app/1821370/,https://vndb.org/v32873
1766420,Zero Chastity: A Sultry Summer Holiday - Censored Edition,2021-11-23,2021-11,vndb_steam_release,True,False,VNDB_ONLY,True,,v18279,r86415,Teisoukannen ZERO ~Yariman Kazoku to Hame Kurui Natsuyasumi~,complete,True,,,,https://store.steampowered.com/app/1766420/,https://vndb.org/v18279
1714730,Every day is more incredible than the previous,2021-11-24,2021-11,vndb_steam_release,True,False,VNDB_ONLY,True,,v32613,r87467,"Kazhdyj den' neverojatnee, chem predyduschij",complete,True,,,,https://store.steampowered.com/app/1714730/,https://vndb.org/v32613
1477810,AI Aino - Ji Niang Yucheng Fangchengshi,2021-11-26,2021-11,vndb_steam_release,True,False,VNDB_ONLY,True,,v30079,r88382,AI Aino - Ji Niang Yucheng Fangchengshi,complete,True,,,,https://store.steampowered.com/app/1477810/,https://vndb.org/v30079
1510650,Lens Life After Story,2021-11-26,2021-11,vndb_steam_release,True,False,VNDB_ONLY,True,,v33188,r85720,Lens Life ~After Story~,complete,True,,,,https://store.steampowered.com/app/1510650/,https://vndb.org/v33188
1831240,Shui Shi Fan'an Zhe - Who is the Criminal - Demo,2021-11-28,2021-11,vndb_steam_release,True,False,VNDB_ONLY,True,,v32932,r85038,Shui Shi Fan'an Zhe,trial,True,,,,https://store.steampowered.com/app/1831240/,https://vndb.org/v32932
1830860,The Divine Deception - Demo,2021-11-28,2021-11,vndb_steam_release,True,False,VNDB_ONLY,True,,v32934,r85040,The Divine Deception,trial,True,,,,https://store.steampowered.com/app/1830860/,https://vndb.org/v32934
1828040,Dream/Strung - Blossoming Love Chapter 1,2021-11-29,2021-11,vndb_steam_release,True,False,VNDB_ONLY,True,,v33771,r86898,Dream/Strung - Blossoming Love,complete,True,,,,https://store.steampowered.com/app/1828040/,https://vndb.org/v33771
1570020,World's End Club,2021-11-30,2021-11,vndb_steam_release,True,False,VNDB_ONLY,True,,v31083,r84620,World's End Club,complete,True,,,,https://store.steampowered.com/app/1570020/,https://vndb.org/v31083
1586450,World's End Club - Demo,2021-11-30,2021-11,vndb_steam_release,True,False,VNDB_ONLY,True,,v31083,r84958,World's End Club,trial,True,,,,https://store.steampowered.com/app/1586450/,https://vndb.org/v31083
1810230,The Wheel of Fortune,2021-12-01,2021-12,vndb_steam_release,True,False,VNDB_ONLY,True,,v24048,r84645,The Wheel of Fortune,complete,True,,,,https://store.steampowered.com/app/1810230/,https://vndb.org/v24048
1700550,Intruder on the Bridge,2021-12-02,2021-12,vndb_steam_release,True,False,VNDB_ONLY,True,,v32911,r84995,Intruder on the Bridge,complete,True,,,,https://store.steampowered.com/app/1700550/,https://vndb.org/v32911
1835130,Dear Monster - Demo,2021-12-03,2021-12,vndb_steam_release,True,False,VNDB_ONLY,True,,v24395,r85728,Dear Monster,trial,True,,,,https://store.steampowered.com/app/1835130/,https://vndb.org/v24395
1795970,Icing -love coating-,2021-12-03,2021-12,vndb_steam_release,True,False,VNDB_ONLY,True,,v27367,r84644,Icing -love coating-,complete,True,,,,https://store.steampowered.com/app/1795970/,https://vndb.org/v27367
1788530,My Furry Detective - 18+ Adult Only Patch 🐾,2021-12-04,2021-12,vndb_steam_release,True,False,VNDB_ONLY,True,,v32943,r85096,My Furry Detective 🐾,complete,True,,,,https://store.steampowered.com/app/1788530/,https://vndb.org/v32943
1724050,Furry Shades of Gay 2: A Shade Gayer;Furry Shades of Gay 2: A Shade Gayer - Bonus Arts;Furry Shades of Gay 2: A Shade Gayer - New Year Update;Furry Shades of Gay 2: A Shade Gayer - Now with Sound;Furry Shades of Gay 2: A Shade Gayer - Valentine Update,2021-12-09,2021-12,vndb_steam_release,True,False,VNDB_ONLY,True,,v34704,r135921;r135922;r135923;r135924;r89023,Furry Shades of Gay 2: A Shade Gayer,complete,True,,,,https://store.steampowered.com/app/1724050/,https://vndb.org/v34704
1762580,"Degraman: Act I. Vincent, Cassel & Loner",2021-12-10,2021-12,vndb_steam_release,True,False,VNDB_ONLY,True,,v27063,r85240,Degraman,partial,True,,,,https://store.steampowered.com/app/1762580/,https://vndb.org/v27063
1850340,Hitozuma Netori Kanrinin ~Oshi ni Yowai Shukujo wa Shokuzai ni Ochiru~ Download Edition,2021-12-10,2021-12,vndb_steam_release,True,False,VNDB_ONLY,True,,v32909,r84989,Hitozuma Netori Kanrinin ~Oshi ni Yowai Shukujo wa Shokuzai ni Ochiru~,complete,True,,,,https://store.steampowered.com/app/1850340/,https://vndb.org/v32909
1771430,Maid for Pleasure,2021-12-10,2021-12,vndb_steam_release,True,False,VNDB_ONLY,True,,v31334,r84877;r87264,Iyasou na Kao Shite Kozukuri Sasete Kureru Toshiue Cool Maid o Aherasete Mesuana ni Suru Hanashi,complete,True,,,,https://store.steampowered.com/app/1771430/,https://vndb.org/v31334
1473880,The Humbling of a Holy Maiden,2021-12-10,2021-12,vndb_steam_release,True,False,VNDB_ONLY,True,,v24202,r70161,Daraku Royal Seishojo,complete,True,,,,https://store.steampowered.com/app/1473880/,https://vndb.org/v24202
1729070,Paradise Delight,2021-12-11,2021-12,vndb_steam_release,True,False,VNDB_ONLY,True,,v33004,r85278,Rajskoe naslazhdenie,complete,True,,,,https://store.steampowered.com/app/1729070/,https://vndb.org/v33004
1784030,Tailor Tales - Caine Plus,2021-12-11,2021-12,vndb_steam_release,True,False,VNDB_ONLY,True,,v20920,r85259,Tailor Tales,partial,True,,,,https://store.steampowered.com/app/1784030/,https://vndb.org/v20920
1206451,Tailor Tales - Dimitri Plus,2021-12-11,2021-12,vndb_steam_release,True,False,VNDB_ONLY,True,,v20920,r85258,Tailor Tales,partial,True,,,,https://store.steampowered.com/app/1206451/,https://vndb.org/v20920
1206450,Tailor Tales - Neil Plus,2021-12-11,2021-12,vndb_steam_release,True,False,VNDB_ONLY,True,,v20920,r85257,Tailor Tales,partial,True,,,,https://store.steampowered.com/app/1206450/,https://vndb.org/v20920
1831050,LIP! Lewd Idol Project Vol. 1 - Hot Springs and Beach Episodes,2021-12-15,2021-12,vndb_steam_release,True,False,VNDB_ONLY,True,,v32930,r85036,LIP! Lewd Idol Project Vol. 1 - Hot Springs and Beach Episodes,complete,True,,,,https://store.steampowered.com/app/1831050/,https://vndb.org/v32930
1560790,Romance after dark - Steam Edition,2021-12-16,2021-12,vndb_steam_release,True,False,VNDB_ONLY,True,,v34314,r88224,Romance after dark,complete,True,,,,https://store.steampowered.com/app/1560790/,https://vndb.org/v34314
2118960,Camp Buddy: Scoutmaster’s Season - Demo v2.0,2021-12-17,2021-12,vndb_steam_release,True,False,VNDB_ONLY,True,,v29882,r84539,Camp Buddy: Scoutmaster Season,trial,True,,,,https://store.steampowered.com/app/2118960/,https://vndb.org/v29882
1839360,Dawn of Kagura: Keika’s Story - Censored Edition,2021-12-17,2021-12,vndb_steam_release,True,False,VNDB_ONLY,True,,v30209,r85227,Kagura Reimeiki ~Keika no Shou~,complete,True,,,,https://store.steampowered.com/app/1839360/,https://vndb.org/v30209
1842670,Li Lei he Han Meimei: Yu Ni Tong Zai - Trial Edition,2021-12-17,2021-12,vndb_steam_release,True,False,VNDB_ONLY,True,,v35576,r114983,Li Lei he Han Meimei,trial,True,,,,https://store.steampowered.com/app/1842670/,https://vndb.org/v35576
1487140,OCHITSUBAKI,2021-12-17,2021-12,vndb_steam_release,True,False,VNDB_ONLY,True,,v31777,r85383,OCHITSUBAKI,complete,True,,,,https://store.steampowered.com/app/1487140/,https://vndb.org/v31777
2066180,Court of Crowns - Demo v.1.5,2021-12-18,2021-12,vndb_steam_release,True,False,VNDB_ONLY,True,,v36841,r93210,Court of Crowns,trial,True,,,,https://store.steampowered.com/app/2066180/,https://vndb.org/v36841
1783960,Furry Fetishists,2021-12-19,2021-12,vndb_steam_release,True,False,VNDB_ONLY,True,,v33086,r85470,Furry Fetishists,complete,True,,,,https://store.steampowered.com/app/1783960/,https://vndb.org/v33086
2560990,Ursine Science (Demo Ver.),2021-12-19,2021-12,vndb_steam_release,True,False,VNDB_ONLY,True,,v32748,r85455,Ursine Science,trial,True,,,,https://store.steampowered.com/app/2560990/,https://vndb.org/v32748
1806430,Injoku Byoutou - Steam Edition,2021-12-21,2021-12,vndb_steam_release,True,False,VNDB_ONLY,True,,v32151,r85375,Injoku Byoutou ~Yogosareta Hakui no Tenshi - Airi no Higeki~,complete,True,,,,https://store.steampowered.com/app/1806430/,https://vndb.org/v32151
2026020,The Alchemist,2021-12-21,2021-12,vndb_steam_release,True,False,VNDB_ONLY,True,,v29693,r89341,The Alchemist,complete,True,,,,https://store.steampowered.com/app/2026020/,https://vndb.org/v29693
1824630,Welcome to Free Will - Episode 2,2021-12-21,2021-12,vndb_steam_release,True,False,VNDB_ONLY,True,,v32286,r85527,Welcome to Free Will,partial,True,,,,https://store.steampowered.com/app/1824630/,https://vndb.org/v32286
936960,General Practitioner v2.1 - 2K Remastered,2021-12-22,2021-12,vndb_steam_release,True,False,VNDB_ONLY,True,,v25775,r122870,General Practitioner,complete,True,,,,https://store.steampowered.com/app/936960/,https://vndb.org/v25775
1783810,In The Line Of My Heart,2021-12-22,2021-12,vndb_steam_release,True,False,VNDB_ONLY,True,,v28860,r85560,In the Line of My Heart,complete,True,,,,https://store.steampowered.com/app/1783810/,https://vndb.org/v28860
1819170,Meteor World Actor: Badge & Dagger - Trial Edition,2021-12-22,2021-12,vndb_steam_release,True,False,VNDB_ONLY,True,,v30726,r85525,Ryuusei World Actor: Badge & Dagger,trial,True,,,,https://store.steampowered.com/app/1819170/,https://vndb.org/v30726
1823320,The Voluptuous DEMON QUEEN and our Shoebox Apartment Life,2021-12-24,2021-12,vndb_steam_release,True,False,VNDB_ONLY,True,,v23157,r85241,Muchimuchi Dekapai Marakui Maou-sama to Onboro Yojouhan Dousei Seikatsu,complete,True,,,,https://store.steampowered.com/app/1823320/,https://vndb.org/v23157
1581700,Wild Wet West,2021-12-24,2021-12,vndb_steam_release,True,False,VNDB_ONLY,True,,v51878,r132597,Wild Wet West,complete,True,,,,https://store.steampowered.com/app/1581700/,https://vndb.org/v51878
1857060,"S Novym Godom, Zerilija! - Davajte eschjo poguljaem!",2021-12-25,2021-12,vndb_steam_release,True,False,VNDB_ONLY,True,,v50786,r85657,"S Novym Godom, Zerilija! - Davajte eschjo poguljaem!",complete,True,,,,https://store.steampowered.com/app/1857060/,https://vndb.org/v50786
562350,Maid Mansion,2021-12-26,2021-12,vndb_steam_release,True,False,VNDB_ONLY,True,,v20191,r88380,Maid Mansion,complete,True,,,,https://store.steampowered.com/app/562350/,https://vndb.org/v20191
1276410,Sheltering With You,2021-12-27,2021-12,vndb_steam_release,True,False,VNDB_ONLY,True,,v30370,r77726,Sheltering With You,complete,True,,,,https://store.steampowered.com/app/1276410/,https://vndb.org/v30370
1848550,Case 01 Complete : Murder in Akihabara,2021-12-30,2021-12,vndb_steam_release,True,False,VNDB_ONLY,True,,v33209,r85772,Tokyo Detectives,partial,True,,,,https://store.steampowered.com/app/1848550/,https://vndb.org/v33209
1806280,Leap of Love - Dark Princesses,2021-12-30,2021-12,vndb_steam_release,True,False,VNDB_ONLY,True,,v29964,r93056,Leap of Love,partial,True,,,,https://store.steampowered.com/app/1806280/,https://vndb.org/v29964
1814940,Kurokami-sama's Feast - Demo,2021-12-31,2021-12,vndb_steam_release,True,False,VNDB_ONLY,True,,v33177,r85799,Kurokami-sama no Bansan,trial,True,,,,https://store.steampowered.com/app/1814940/,https://vndb.org/v33177
1831450,Lian'ai Guanxi/Romance - Summer Festival Flower Fire,2021-12-31,2021-12,vndb_steam_release,True,False,VNDB_ONLY,True,,v31381,r87266,Lian'ai Guanxi,partial,True,,,,https://store.steampowered.com/app/1831450/,https://vndb.org/v31381
1967470,Sensual Haunting - Demo,2022-01-01,2022-01,vndb_steam_release,True,False,VNDB_ONLY,True,,v51877,r125469,Sensual Haunting,trial,True,,,,https://store.steampowered.com/app/1967470/,https://vndb.org/v51877
1288920,Element-174 - Part 1,2022-01-03,2022-01,vndb_steam_release,True,False,VNDB_ONLY,True,,v27986,r85872,Element-174,partial,True,,,,https://store.steampowered.com/app/1288920/,https://vndb.org/v27986
1667130,Beautiful Mystic Defenders,2022-01-05,2022-01,vndb_steam_release,True,False,VNDB_ONLY,True,,v48130,r115518,Beautiful Mystic Defenders,complete,True,,,,https://store.steampowered.com/app/1667130/,https://vndb.org/v48130
1215820,Being a DIK: Season 2,2022-01-06,2022-01,vndb_steam_release,True,False,VNDB_ONLY,True,,v25288,r85236,Being a DIK,partial,True,,,,https://store.steampowered.com/app/1215820/,https://vndb.org/v25288
1857350,Ji Ye Wei Guang - A Flicker of Light - Demo,2022-01-06,2022-01,vndb_steam_release,True,False,VNDB_ONLY,True,,v33875,r87117,Ji Ye Wei Guang - A Flicker of Light,trial,True,,,,https://store.steampowered.com/app/1857350/,https://vndb.org/v33875
1681670,Renqi Chihan Dianche,2022-01-06,2022-01,vndb_steam_release,True,False,VNDB_ONLY,True,,v17940,r85606,Hitozuma Kouzen Chijoku Densha ~Keitai Hitotsu de Osawari Soku Hame Shihoudai Tanin no Tsuma o Nenchaku Tanezuke Netori~,complete,True,,,,https://store.steampowered.com/app/1681670/,https://vndb.org/v17940
1667550,Swimmer Admiration,2022-01-06,2022-01,vndb_steam_release,True,False,VNDB_ONLY,True,,v30459,r77947,Swimmer Admiration,complete,True,,,,https://store.steampowered.com/app/1667550/,https://vndb.org/v30459
1835830,DeadΩAegis,2022-01-07,2022-01,vndb_steam_release,True,False,VNDB_ONLY,True,,v29300,r85231,Mahou Shoujo Shoumou Sensen - DeadΩAegis,complete,True,,,,https://store.steampowered.com/app/1835830/,https://vndb.org/v29300
1673950,Tales of Raetrethra - Legends of the Past - Chapter 1,2022-01-07,2022-01,vndb_steam_release,True,False,VNDB_ONLY,True,,v33276,r85934,Tales of Raetrethra - Legends of the Past,partial,True,,,,https://store.steampowered.com/app/1673950/,https://vndb.org/v33276
1856320,Euryale's Gambit AI Voices - Audio Pack,2022-01-11,2022-01,vndb_steam_release,True,False,VNDB_ONLY,True,,v31999,r111747,Euryale's Gambit,partial,True,,,,https://store.steampowered.com/app/1856320/,https://vndb.org/v31999
3599850,Divergence: Beyond The Singularity: Part 1,2022-01-12,2022-01,vndb_steam_release,True,False,VNDB_ONLY,True,,v28478,r71864,Divergence: Beyond The Singularity,partial,True,,,,https://store.steampowered.com/app/3599850/,https://vndb.org/v28478
1496250,Mary Skelter 2,2022-01-13,2022-01,vndb_steam_release,True,False,VNDB_ONLY,True,,v20727;v22703,r85361,Kangokutou Mary Skelter;Kangokutou Mary Skelter 2,complete,True,,,,https://store.steampowered.com/app/1496250/,https://vndb.org/v20727
1869910,Synthetic Lover - 18+ Adult Only Patch,2022-01-13,2022-01,vndb_steam_release,True,False,VNDB_ONLY,True,,v25819,r86176,Synthetic Lover,complete,True,,,,https://store.steampowered.com/app/1869910/,https://vndb.org/v25819
1866930,Coffee Talk Episode 2: Hibiscus & Butterfly Demo,2022-01-17,2022-01,vndb_steam_release,True,False,VNDB_ONLY,True,,v38812,r101505,Coffee Talk Episode 2: Hibiscus & Butterfly,trial,True,,,,https://store.steampowered.com/app/1866930/,https://vndb.org/v38812
1830780,Hentai Houseparty: Gyaru Gangbang,2022-01-18,2022-01,vndb_steam_release,True,False,VNDB_ONLY,True,,v32484,r130415;r85897,Ie o Tamariba ni Suru Dekapai Gyaru-tachi o Kyochin de Wakarase! ~Mesuzaru-domo o Hame Mawasu Dake no Haramase Harem Seikatsu!~,complete,True,,,,https://store.steampowered.com/app/1830780/,https://vndb.org/v32484
1250600,"Nekogami-sama to, Nanatsuboshi -Imouto no Ane- Censored Edition",2022-01-18,2022-01,vndb_steam_release,True,False,VNDB_ONLY,True,,v24564,r64747,"Nekogami-sama to, Nanatsuboshi -Imouto no Ane-",complete,True,,,,https://store.steampowered.com/app/1250600/,https://vndb.org/v24564
2067970,Love Talks,2022-01-19,2022-01,vndb_steam_release,True,False,VNDB_ONLY,True,,v40889,r100728,Love Talks,complete,True,,,,https://store.steampowered.com/app/2067970/,https://vndb.org/v40889
1871580,Our Life: Now & Forever - Expanded Demo;Our Life: Now & Forever - Mini Demo,2022-01-19,2022-01,vndb_steam_release,True,False,VNDB_ONLY,True,,v31360,r80425;r92655,Our Life: Now & Forever,trial,True,,,,https://store.steampowered.com/app/1871580/,https://vndb.org/v31360
1880540,Athanasy Demo,2022-01-20,2022-01,vndb_steam_release,True,False,VNDB_ONLY,True,,v33498,r87585,Athanasy,trial,True,,,,https://store.steampowered.com/app/1880540/,https://vndb.org/v33498
1698030,NinNinDays2,2022-01-20,2022-01,vndb_steam_release,True,False,VNDB_ONLY,True,,v32805,r85902,NinNinDays2,complete,True,,,,https://store.steampowered.com/app/1698030/,https://vndb.org/v32805
1820130,Tricolour Lovestory -Complete Edition-,2022-01-20,2022-01,vndb_steam_release,True,False,VNDB_ONLY,True,,v21803,r86440,Sanse △ Hui Lian -Tricolour Lovestory-,complete,True,,,,https://store.steampowered.com/app/1820130/,https://vndb.org/v21803
1831260,My Therapist is a Futanari,2022-01-21,2022-01,vndb_steam_release,True,False,VNDB_ONLY,True,,v33287,r85954,My Therapist is a Futanari,complete,True,,,,https://store.steampowered.com/app/1831260/,https://vndb.org/v33287
1862260,Ryclaw: Save Yourself,2022-01-21,2022-01,vndb_steam_release,True,False,VNDB_ONLY,True,,v33501,r86475,Ryclaw: Save Yourself,complete,True,,,,https://store.steampowered.com/app/1862260/,https://vndb.org/v33501
1788380,S&M Lessons with the Cute Masochist Maid: I’ll teach you the secret techniques of your clan in place of your father!,2022-01-21,2022-01,vndb_steam_release,True,False,VNDB_ONLY,True,,v26850,r83955,"Kawaime M Maid-san no Oshigoto SM Lesson ~Goichizoku ni Tsutawaru Higi o, Sendai-sama ni Kawatte Godenju Itashimasu~",complete,True,,,,https://store.steampowered.com/app/1788380/,https://vndb.org/v26850
1109570,wen zi you xi,2022-01-21,2022-01,vndb_steam_release,True,False,VNDB_ONLY,True,,v51854,r125401,Wenzi Youxi,complete,True,,,,https://store.steampowered.com/app/1109570/,https://vndb.org/v51854
1849000,SEX with HITLER,2022-01-22,2022-01,vndb_steam_release,True,False,VNDB_ONLY,True,,v33548,r86575,SEX with HITLER,complete,True,,,,https://store.steampowered.com/app/1849000/,https://vndb.org/v33548
1869370,Sex Adventures - The Secret Club,2022-01-22,2022-01,vndb_steam_release,True,False,VNDB_ONLY,True,,v49668,r119930,Sex Adventures - The Secret Club,complete,True,,,,https://store.steampowered.com/app/1869370/,https://vndb.org/v49668
1683950,Monu di Xing'ai Qiujin,2022-01-25,2022-01,vndb_steam_release,True,False,VNDB_ONLY,True,,v33605,r86648,Monu di Xing'ai Qiujin,complete,True,,,,https://store.steampowered.com/app/1683950/,https://vndb.org/v33605
1867200,Sunny Love,2022-01-25,2022-01,vndb_steam_release,True,False,VNDB_ONLY,True,,v33604,r86647,Sunny Love,complete,True,,,,https://store.steampowered.com/app/1867200/,https://vndb.org/v33604
1883521,Offside R 18+ Adults Only Patch,2022-01-26,2022-01,vndb_steam_release,True,False,VNDB_ONLY,True,,v24266,r148520,Offside,complete,True,,,,https://store.steampowered.com/app/1883521/,https://vndb.org/v24266
1856820,Intruder on the Bridge - Dalia,2022-01-27,2022-01,vndb_steam_release,True,False,VNDB_ONLY,True,,v32911,r113121,Intruder on the Bridge,partial,True,,,,https://store.steampowered.com/app/1856820/,https://vndb.org/v32911
1850990,College Bound - Episode 3,2022-01-28,2022-01,vndb_steam_release,True,False,VNDB_ONLY,True,,v31269,r86833,College Bound,partial,True,,,,https://store.steampowered.com/app/1850990/,https://vndb.org/v31269
1850380,Tricolour Lovestory TrueEnd,2022-01-28,2022-01,vndb_steam_release,True,False,VNDB_ONLY,True,,v21803,r86837,Sanse △ Hui Lian -Tricolour Lovestory-,partial,True,,,,https://store.steampowered.com/app/1850380/,https://vndb.org/v21803
1882670,Sex Adventures - The Job Interview,2022-01-29,2022-01,vndb_steam_release,True,False,VNDB_ONLY,True,,v49669,r119931,Sex Adventures - The Job Interview,complete,True,,,,https://store.steampowered.com/app/1882670/,https://vndb.org/v49669
1880710,Tuition Academia,2022-01-30,2022-01,vndb_steam_release,True,False,VNDB_ONLY,True,,v33905,r87182,Tuition Academia,complete,True,,,,https://store.steampowered.com/app/1880710/,https://vndb.org/v33905
1485010,Worshippers Of The Gain,2022-01-30,2022-01,vndb_steam_release,True,False,VNDB_ONLY,True,,v34152,r87853,Worshippers Of The Gain,complete,True,,,,https://store.steampowered.com/app/1485010/,https://vndb.org/v34152
1550460,Itoshi no Frankenstein - Complete Edition,2022-01-31,2022-01,vndb_steam_release,True,False,VNDB_ONLY,True,,v29698,r87537,Itoshi no Frankenstein,complete,True,,,,https://store.steampowered.com/app/1550460/,https://vndb.org/v29698
1887110,Wicked Paradise - Demo,2022-01-31,2022-01,vndb_steam_release,True,False,VNDB_ONLY,True,,v29553,r87905,Wicked Paradise,trial,True,,,,https://store.steampowered.com/app/1887110/,https://vndb.org/v29553
1888400,Yonder World: Interview with the Void Kickstarter Demo,2022-02-01,2022-02,vndb_steam_release,True,False,VNDB_ONLY,True,,v33810,r86969,Yonder World: Interview with the Void,trial,True,,,,https://store.steampowered.com/app/1888400/,https://vndb.org/v33810
1873000,Bad Girl Confidential - The Pleasure Den,2022-02-02,2022-02,vndb_steam_release,True,False,VNDB_ONLY,True,,v49667,r119928,Bad Girl Confidential - The Pleasure Den,complete,True,,,,https://store.steampowered.com/app/1873000/,https://vndb.org/v49667
1921420,Belle Automata - Extended Demo,2022-02-04,2022-02,vndb_steam_release,True,False,VNDB_ONLY,True,,v32752,r91885,Belle Automata,trial,True,,,,https://store.steampowered.com/app/1921420/,https://vndb.org/v32752
2130260,MoonFire: A Seeker’s Saga - Demo,2022-02-06,2022-02,vndb_steam_release,True,False,VNDB_ONLY,True,,v34912,r89323,MoonFire: A Seeker’s Saga,trial,True,,,,https://store.steampowered.com/app/2130260/,https://vndb.org/v34912
1876980,Jiaran Er Zhi de Yinfu,2022-02-07,2022-02,vndb_steam_release,True,False,VNDB_ONLY,True,,v33895,r87164,Jiaran Er Zhi de Yinfu,complete,True,,,,https://store.steampowered.com/app/1876980/,https://vndb.org/v33895
1854710,Our Life: Beginnings & Always - Cove Wedding Story,2022-02-07,2022-02,vndb_steam_release,True,False,VNDB_ONLY,True,,v26391,r85508,Our Life: Beginnings & Always,partial,True,,,,https://store.steampowered.com/app/1854710/,https://vndb.org/v26391
1879670,Futa Spell,2022-02-09,2022-02,vndb_steam_release,True,False,VNDB_ONLY,True,,v33914,r87205,Futa Spell,complete,True,,,,https://store.steampowered.com/app/1879670/,https://vndb.org/v33914
1889710,Kamigawa: A Visual Novel,2022-02-09,2022-02,vndb_steam_release,True,False,VNDB_ONLY,True,,v33993,r87478,Kamigawa,complete,True,,,,https://store.steampowered.com/app/1889710/,https://vndb.org/v33993
1683430,"Minghun Jiaoyou Zhongxin ""Ligui de Lian'ai Zhinan""",2022-02-09,2022-02,vndb_steam_release,True,False,VNDB_ONLY,True,,v37202,r121137;r93869,"Minghun Jiaoyou Jhongsin ""Liguei de Lian'ai Jhihnan""",complete,True,,,,https://store.steampowered.com/app/1683430/,https://vndb.org/v37202
1865330,Suhoshin - Demo,2022-02-09,2022-02,vndb_steam_release,True,False,VNDB_ONLY,True,,v31479,r87218,Suhoshin,trial,True,,,,https://store.steampowered.com/app/1865330/,https://vndb.org/v31479
1825050,Ultramarine,2022-02-09,2022-02,vndb_steam_release,True,False,VNDB_ONLY,True,,v34732,r89007,Ultramarine,complete,True,,,,https://store.steampowered.com/app/1825050/,https://vndb.org/v34732
1851660,Mask of the Rose - Demo,2022-02-10,2022-02,vndb_steam_release,True,False,VNDB_ONLY,True,,v29791,r87281,Mask of the Rose,trial,True,,,,https://store.steampowered.com/app/1851660/,https://vndb.org/v29791
1876320,Night Cascades - Demo,2022-02-10,2022-02,vndb_steam_release,True,False,VNDB_ONLY,True,,v31149,r87392,Night Cascades,trial,True,,,,https://store.steampowered.com/app/1876320/,https://vndb.org/v31149
1889380,The Wreck - Demo,2022-02-10,2022-02,vndb_steam_release,True,False,VNDB_ONLY,True,,v40588,r99977,The Wreck,trial,True,,,,https://store.steampowered.com/app/1889380/,https://vndb.org/v40588
1879200,Ta Cengjing Huoguo A,2022-02-11,2022-02,vndb_steam_release,True,False,VNDB_ONLY,True,,v33929,r87241,Ta Cengjing Huoguo A,complete,True,,,,https://store.steampowered.com/app/1879200/,https://vndb.org/v33929
1911320,Tokyo Onmyoji -The Tale of Rei Tengenjibashi- Demo,2022-02-11,2022-02,vndb_steam_release,True,False,VNDB_ONLY,True,,v11769,r85534,Tokyo Onmyouji,trial,True,,,,https://store.steampowered.com/app/1911320/,https://vndb.org/v11769
1871560,I Just Want to be Single!! - Demo;I Just Want to be Single!! - Updated Demo,2022-02-13,2022-02,vndb_steam_release,True,False,VNDB_ONLY,True,,v33980,r124092;r87425,I Just Want to be Single!!,trial,True,,,,https://store.steampowered.com/app/1871560/,https://vndb.org/v33980
1916680,WTC : Recruitment Day Demo,2022-02-13,2022-02,vndb_steam_release,True,False,VNDB_ONLY,True,,v33923,r87344,WTC : Recruitment Day,trial,True,,,,https://store.steampowered.com/app/1916680/,https://vndb.org/v33923
1913330,Dark Waters: Gino and the Witch of the Black Swamp,2022-02-14,2022-02,vndb_steam_release,True,False,VNDB_ONLY,True,,v33973,r87416,Dark Waters: Gino and the Witch of the Black Swamp,complete,True,,,,https://store.steampowered.com/app/1913330/,https://vndb.org/v33973
1916270,Deliverance,2022-02-14,2022-02,vndb_steam_release,True,False,VNDB_ONLY,True,,v26742,r66905,Deliverance,complete,True,,,,https://store.steampowered.com/app/1916270/,https://vndb.org/v26742
1887210,Pivot of Hearts - Demo,2022-02-14,2022-02,vndb_steam_release,True,False,VNDB_ONLY,True,,v33978,r87420,Pivot of Hearts,trial,True,,,,https://store.steampowered.com/app/1887210/,https://vndb.org/v33978
1748050,Zui'e Jizhongying,2022-02-15,2022-02,vndb_steam_release,True,False,VNDB_ONLY,True,,v33979,r87424,Zui'e Jizhongying,complete,True,,,,https://store.steampowered.com/app/1748050/,https://vndb.org/v33979
1910070,Love Season - Winter,2022-02-17,2022-02,vndb_steam_release,True,False,VNDB_ONLY,True,,v28091,r136883,Love Season,partial,True,,,,https://store.steampowered.com/app/1910070/,https://vndb.org/v28091
1839340,Dawn of Kagura: Hatsuka’s Story - Censored Edition,2022-02-18,2022-02,vndb_steam_release,True,False,VNDB_ONLY,True,,v29006,r87490,Kagura Reimeiki ~Hatsuka no Shou~,complete,True,,,,https://store.steampowered.com/app/1839340/,https://vndb.org/v29006
1839350,Dawn of Kagura: Natsu’s Story - Censored Edition,2022-02-18,2022-02,vndb_steam_release,True,False,VNDB_ONLY,True,,v29733,r87492,Kagura Reimeiki ~Natsu no Shou~,complete,True,,,,https://store.steampowered.com/app/1839350/,https://vndb.org/v29733
1701660,Demons Rise Up!,2022-02-18,2022-02,vndb_steam_release,True,False,VNDB_ONLY,True,,v30635,r87542,Demons Rise Up!,complete,True,,,,https://store.steampowered.com/app/1701660/,https://vndb.org/v30635
1859760,Elf Wives Cheat to Ride my Meat,2022-02-18,2022-02,vndb_steam_release,True,False,VNDB_ONLY,True,,v32714,r87079,Boukensha Guild no Sei Jijou ~ Ai Suru Aibou no Tame ni Guild Shokuin ni Netori Haramase Onaho ni Sareru Elf & Dark Elf~,complete,True,,,,https://store.steampowered.com/app/1859760/,https://vndb.org/v32714
1805830,Proekt Vostok - Demo,2022-02-18,2022-02,vndb_steam_release,True,False,VNDB_ONLY,True,,v32556,r83961,Proekt Vostok,trial,True,,,,https://store.steampowered.com/app/1805830/,https://vndb.org/v32556
1873400,SugarKiss! - Download Edition,2022-02-18,2022-02,vndb_steam_release,True,False,VNDB_ONLY,True,,v26603,r87005,SugarKiss!,complete,True,,,,https://store.steampowered.com/app/1873400/,https://vndb.org/v26603
1870530,Novalie Demo,2022-02-19,2022-02,vndb_steam_release,True,False,VNDB_ONLY,True,,v34016,r87546,Novalie,trial,True,,,,https://store.steampowered.com/app/1870530/,https://vndb.org/v34016
1843830,Uchi no Pet Jijou Vol. 1 - Demo,2022-02-19,2022-02,vndb_steam_release,True,False,VNDB_ONLY,True,,v34004,r87515,Uchi no Pet Jijou Vol. 1,trial,True,,,,https://store.steampowered.com/app/1843830/,https://vndb.org/v34004
1910920,Kiss/OFF: AUDITION,2022-02-20,2022-02,vndb_steam_release,True,False,VNDB_ONLY,True,,v34608,r88788,Kiss/OFF,trial,True,,,,https://store.steampowered.com/app/1910920/,https://vndb.org/v34608
1800690,Sigan-eul Meomchuneun Piano,2022-02-20,2022-02,vndb_steam_release,True,False,VNDB_ONLY,True,,v34037,r87608,Sigan-eul Meomchuneun Piano,complete,True,,,,https://store.steampowered.com/app/1800690/,https://vndb.org/v34037
1800700,Sigan-eul Meomchuneun Piano - Demo,2022-02-20,2022-02,vndb_steam_release,True,False,VNDB_ONLY,True,,v34037,r87609,Sigan-eul Meomchuneun Piano,complete,True,,,,https://store.steampowered.com/app/1800700/,https://vndb.org/v34037
1912990,Bingus: My Beloved - Demo,2022-02-21,2022-02,vndb_steam_release,True,False,VNDB_ONLY,True,,v38428,r96164,Bingus: My Beloved,trial,True,,,,https://store.steampowered.com/app/1912990/,https://vndb.org/v38428
1838700,MINDHACK - Updated Trial Edition,2022-02-21,2022-02,vndb_steam_release,True,False,VNDB_ONLY,True,,v31308,r87627,MINDHACK,trial,True,,,,https://store.steampowered.com/app/1838700/,https://vndb.org/v31308
1320770,Novena Diabolos: Another,2022-02-21,2022-02,vndb_steam_release,True,False,VNDB_ONLY,True,,v28384,r148297,Novena Diabolos,partial,True,,,,https://store.steampowered.com/app/1320770/,https://vndb.org/v28384
1897720,Sex Adventures - The SPA,2022-02-21,2022-02,vndb_steam_release,True,False,VNDB_ONLY,True,,v49670,r119932,Sex Adventures - The SPA,complete,True,,,,https://store.steampowered.com/app/1897720/,https://vndb.org/v49670
1855620,Intimate Relationship,2022-02-22,2022-02,vndb_steam_release,True,False,VNDB_ONLY,True,,v34060,r87667,Lianren Wei Man,complete,True,,,,https://store.steampowered.com/app/1855620/,https://vndb.org/v34060
1897830,Sex Diary - Double Trouble Teacher,2022-02-22,2022-02,vndb_steam_release,True,False,VNDB_ONLY,True,,v49665,r119926,Sex Diary - Double Trouble Teacher,complete,True,,,,https://store.steampowered.com/app/1897830/,https://vndb.org/v49665
618000,The Curse Of Mantras,2022-02-22,2022-02,vndb_steam_release,True,False,VNDB_ONLY,True,,v20439,r49464,The Curse Of Mantras,complete,True,,,,https://store.steampowered.com/app/618000/,https://vndb.org/v20439
1854130,My Boss is a Futanari,2022-02-24,2022-02,vndb_steam_release,True,False,VNDB_ONLY,True,,v33920,r87228,My Boss is a Futanari,complete,True,,,,https://store.steampowered.com/app/1854130/,https://vndb.org/v33920
1854140,My Doctor is a Futanari,2022-02-25,2022-02,vndb_steam_release,True,False,VNDB_ONLY,True,,v33931,r87243,My Doctor is a Futanari,complete,True,,,,https://store.steampowered.com/app/1854140/,https://vndb.org/v33931
1818780,Tokyo Onmyoji -The Tale of Rei Tengenjibashi-,2022-02-25,2022-02,vndb_steam_release,True,False,VNDB_ONLY,True,,v11769,r80359,Tokyo Onmyouji,complete,True,,,,https://store.steampowered.com/app/1818780/,https://vndb.org/v11769
1909390,Xufeng Xinjian - Demo,2022-02-25,2022-02,vndb_steam_release,True,False,VNDB_ONLY,True,,v36966,r93429,Xufeng Xinjian,trial,True,,,,https://store.steampowered.com/app/1909390/,https://vndb.org/v36966
2077420,The Game of Fourtune - Demo,2022-02-26,2022-02,vndb_steam_release,True,False,VNDB_ONLY,True,,v36336,r92176,The Game of Fourtune,trial,True,,,,https://store.steampowered.com/app/2077420/,https://vndb.org/v36336
1849920,The Office Type - Demo,2022-02-28,2022-02,vndb_steam_release,True,False,VNDB_ONLY,True,,v36597,r92646,The Office Type,trial,True,,,,https://store.steampowered.com/app/1849920/,https://vndb.org/v36597
1908790,Penny for Your Thoughts: Prologue - Censored Edition,2022-03-01,2022-03,vndb_steam_release,True,False,VNDB_ONLY,True,,v32950,r87870,Penny for Your Thoughts: Prologue,complete,True,,,,https://store.steampowered.com/app/1908790/,https://vndb.org/v32950
1882770,Deliver Us From Evil - Cadenza,2022-03-02,2022-03,vndb_steam_release,True,False,VNDB_ONLY,True,,v31467,r87071,Deliver Us From Evil,complete,True,,,,https://store.steampowered.com/app/1882770/,https://vndb.org/v31467
1912620,Natalia - Steam Edition,2022-03-02,2022-03,vndb_steam_release,True,False,VNDB_ONLY,True,,v18788,r87903,Natalia,complete,True,,,,https://store.steampowered.com/app/1912620/,https://vndb.org/v18788
1806120,Serena: Dark confessions - Hidden Truths - Steam Edition,2022-03-03,2022-03,vndb_steam_release,True,False,VNDB_ONLY,True,,v34197,r87987,Serena: Dark confessions,complete,True,,,,https://store.steampowered.com/app/1806120/,https://vndb.org/v34197
1814310,Wicked Paradise - Early Access,2022-03-03,2022-03,vndb_steam_release,True,False,VNDB_ONLY,True,,v29553,r87904,Wicked Paradise,partial,True,,,,https://store.steampowered.com/app/1814310/,https://vndb.org/v29553
1925230,Sex Adventures - Mile High Club,2022-03-04,2022-03,vndb_steam_release,True,False,VNDB_ONLY,True,,v50997,r123483,Sex Adventures - Mile High Club,complete,True,,,,https://store.steampowered.com/app/1925230/,https://vndb.org/v50997
1854230,Tails and Pines - 18+ Extra Scenes,2022-03-05,2022-03,vndb_steam_release,True,False,VNDB_ONLY,True,,v34214,r88007,Tails and Pines,complete,True,,,,https://store.steampowered.com/app/1854230/,https://vndb.org/v34214
1993070,It's Time - Demo,2022-03-07,2022-03,vndb_steam_release,True,False,VNDB_ONLY,True,,v35947,r91366,It's Time,trial,True,,,,https://store.steampowered.com/app/1993070/,https://vndb.org/v35947
1920130,Masinneun Sarang - Demo,2022-03-07,2022-03,vndb_steam_release,True,False,VNDB_ONLY,True,,v35459,r90316,Masinneun Sarang,trial,True,,,,https://store.steampowered.com/app/1920130/,https://vndb.org/v35459
1890150,The Symbiant - SFW Demo,2022-03-07,2022-03,vndb_steam_release,True,False,VNDB_ONLY,True,,v34248,r88079;r95194,The Symbiant,trial,True,,,,https://store.steampowered.com/app/1890150/,https://vndb.org/v34248
1871590,Snips & Snails,2022-03-08,2022-03,vndb_steam_release,True,False,VNDB_ONLY,True,,v29595,r92770,Snips & Snails,complete,True,,,,https://store.steampowered.com/app/1871590/,https://vndb.org/v29595
1892770,Goth Dating Sim 2022,2022-03-09,2022-03,vndb_steam_release,True,False,VNDB_ONLY,True,,v34278,r88153,Goth Dating Sim 2022,complete,True,,,,https://store.steampowered.com/app/1892770/,https://vndb.org/v34278
1913460,Radiometric Dating - Demo,2022-03-09,2022-03,vndb_steam_release,True,False,VNDB_ONLY,True,,v36588,r92625,Radiometric Dating,trial,True,,,,https://store.steampowered.com/app/1913460/,https://vndb.org/v36588
1928100,Sex Diary - A Slutty Anniversary,2022-03-09,2022-03,vndb_steam_release,True,False,VNDB_ONLY,True,,v49666,r119927,Sex Diary - A Slutty Anniversary,complete,True,,,,https://store.steampowered.com/app/1928100/,https://vndb.org/v49666
1901410,Alternative Punishment,2022-03-11,2022-03,vndb_steam_release,True,False,VNDB_ONLY,True,,v34961,r89414,Alternative Punishment,complete,True,,,,https://store.steampowered.com/app/1901410/,https://vndb.org/v34961
511270,Bounce Paradise,2022-03-11,2022-03,vndb_steam_release,True,False,VNDB_ONLY,True,,v34309,r88212,Bounce Paradise,complete,True,,,,https://store.steampowered.com/app/511270/,https://vndb.org/v34309
1671510,Like an Angel,2022-03-11,2022-03,vndb_steam_release,True,False,VNDB_ONLY,True,,v34290,r88180,Like an Angel,complete,True,,,,https://store.steampowered.com/app/1671510/,https://vndb.org/v34290
1897820,Pirate Booty and the Bukkake Buccaneer,2022-03-11,2022-03,vndb_steam_release,True,False,VNDB_ONLY,True,,v32987,r87751,Otoko Masari na Bakunyuu Kaizoku to Kimajime Shoukou o Kyochin Hitotsu de Do M na Haramase Onaho ni Suru Kaizoku Seikatsu,complete,True,,,,https://store.steampowered.com/app/1897820/,https://vndb.org/v32987
3029340,Drama in the Office,2022-03-12,2022-03,vndb_steam_release,True,False,VNDB_ONLY,True,,v30914,r79191,Drama in the Office,complete,True,,,,https://store.steampowered.com/app/3029340/,https://vndb.org/v30914
1895530,Meet Cute: Cafe - 18+ Adult Only Patch,2022-03-12,2022-03,vndb_steam_release,True,False,VNDB_ONLY,True,,v33503,r88256,Meet Cute: Cafe 🐾,complete,True,,,,https://store.steampowered.com/app/1895530/,https://vndb.org/v33503
1642000,Zhanlan Laolong - Demo,2022-03-13,2022-03,vndb_steam_release,True,False,VNDB_ONLY,True,,v30371,r113139,Zhanlan Laolong,trial,True,,,,https://store.steampowered.com/app/1642000/,https://vndb.org/v30371
1936340,My Summer Adventure Demo,2022-03-15,2022-03,vndb_steam_release,True,False,VNDB_ONLY,True,,v42930,r104170,My Summer Adventure: Memories of Another Life,trial,True,,,,https://store.steampowered.com/app/1936340/,https://vndb.org/v42930
1094640,True Love '95,2022-03-15,2022-03,vndb_steam_release,True,False,VNDB_ONLY,True,,v241,r99200,True Love ~Jun'ai Monogatari~,complete,True,,,,https://store.steampowered.com/app/1094640/,https://vndb.org/v241
1931830,Full Service - Healthy Alternative (Doctor Ken) Pack,2022-03-16,2022-03,vndb_steam_release,True,False,VNDB_ONLY,True,,v20443,r88389,Full Service,complete,True,,,,https://store.steampowered.com/app/1931830/,https://vndb.org/v20443
1931650,Revenge Story - Demo,2022-03-16,2022-03,vndb_steam_release,True,False,VNDB_ONLY,True,,v34586,r92623,Revenge Story,trial,True,,,,https://store.steampowered.com/app/1931650/,https://vndb.org/v34586
1939050,A List Of People Who Went Missing In The Scheleirland National Forest - Demo,2022-03-17,2022-03,vndb_steam_release,True,False,VNDB_ONLY,True,,v34373,r92622,A List Of People Who Went Missing In The Scheleirland National Forest,trial,True,,,,https://store.steampowered.com/app/1939050/,https://vndb.org/v34373
1367460,Perseverance: Part 2,2022-03-17,2022-03,vndb_steam_release,True,False,VNDB_ONLY,True,,v23423,r75724,Perseverance,partial,True,,,,https://store.steampowered.com/app/1367460/,https://vndb.org/v23423
1931680,Sex Adventures - Futanari Doctor,2022-03-18,2022-03,vndb_steam_release,True,False,VNDB_ONLY,True,,v57047,r137217,Sex Adventures - Futanari Doctor,complete,True,,,,https://store.steampowered.com/app/1931680/,https://vndb.org/v57047
1607130,Lust Theory - Season 1,2022-03-19,2022-03,vndb_steam_release,True,False,VNDB_ONLY,True,,v27641,r88414,Lust Theory: Season 1,complete,True,,,,https://store.steampowered.com/app/1607130/,https://vndb.org/v27641
1862150,My Furry Teacher - 18+ Adult Only Patch,2022-03-19,2022-03,vndb_steam_release,True,False,VNDB_ONLY,True,,v34433,r88437,My Furry Teacher 🐾,complete,True,,,,https://store.steampowered.com/app/1862150/,https://vndb.org/v34433
1923470,The Ambassador's Coterie,2022-03-20,2022-03,vndb_steam_release,True,False,VNDB_ONLY,True,,v34193,r87934,The Ambassador's Coterie,complete,True,,,,https://store.steampowered.com/app/1923470/,https://vndb.org/v34193
2205630,Lotus: The Self-Made Witch,2022-03-21,2022-03,vndb_steam_release,True,False,VNDB_ONLY,True,,v34474,r88537,Lotus: The Self-Made Witch,complete,True,,,,https://store.steampowered.com/app/2205630/,https://vndb.org/v34474
1474120,NIGHT/SHADE: You're The Drug,2022-03-21,2022-03,vndb_steam_release,True,False,VNDB_ONLY,True,,v29563,r103574,NIGHT/SHADE: You're the Drug,complete,True,,,,https://store.steampowered.com/app/1474120/,https://vndb.org/v29563
1917600,Megui Dungeon,2022-03-22,2022-03,vndb_steam_release,True,False,VNDB_ONLY,True,,v21365,r88104,Megui Dungeon,complete,True,,,,https://store.steampowered.com/app/1917600/,https://vndb.org/v21365
2013440,Playing with my Brother's Wife,2022-03-22,2022-03,vndb_steam_release,True,False,VNDB_ONLY,True,,v2556,r88499,Aniyome Ijiri,complete,True,,,,https://store.steampowered.com/app/2013440/,https://vndb.org/v2556
1745930,Her Jentle Hi-ness Demo,2022-03-23,2022-03,vndb_steam_release,True,False,VNDB_ONLY,True,,v34528,r88623,Her Jentle Hi-ness,trial,True,,,,https://store.steampowered.com/app/1745930/,https://vndb.org/v34528
1849160,Lian'ai Qitan ~Bu Cunzai de Zhenxiang~ Demo,2022-03-23,2022-03,vndb_steam_release,True,False,VNDB_ONLY,True,,v36674,r97620,Lian'ai Qitan ~Bu Cunzai de Zhenxiang~,trial,True,,,,https://store.steampowered.com/app/1849160/,https://vndb.org/v36674
1745310,Yu Jingjiren Lian'ai shi Juedui Jinzhi!,2022-03-23,2022-03,vndb_steam_release,True,False,VNDB_ONLY,True,,v48805,r117366,Yu Jingjiren Lian'ai shi Juedui Jinzhi!,complete,True,,,,https://store.steampowered.com/app/1745310/,https://vndb.org/v48805
1900400,Mixed Feelings: While You Were Away,2022-03-24,2022-03,vndb_steam_release,True,False,VNDB_ONLY,True,,v33921,r87229,Mixed Feelings: While You Were Away,complete,True,,,,https://store.steampowered.com/app/1900400/,https://vndb.org/v33921
1909800,UuultraC,2022-03-24,2022-03,vndb_steam_release,True,False,VNDB_ONLY,True,,v23393,r84730,Uuultra C,complete,True,,,,https://store.steampowered.com/app/1909800/,https://vndb.org/v23393
1755530,Wo Yu Laizi Feng Cheng de Ji Jiao Shaonü,2022-03-24,2022-03,vndb_steam_release,True,False,VNDB_ONLY,True,,v34527,r88622,Wo Yu Laizi Feng Cheng de Ji Jiao Shaonü,complete,True,,,,https://store.steampowered.com/app/1755530/,https://vndb.org/v34527
1935710,Sex Diary - Futanari Jail,2022-03-25,2022-03,vndb_steam_release,True,False,VNDB_ONLY,True,,v58348,r139671,Sex Diary - Futanari Jail,complete,True,,,,https://store.steampowered.com/app/1935710/,https://vndb.org/v58348
1922030,XXX Talent,2022-03-25,2022-03,vndb_steam_release,True,False,VNDB_ONLY,True,,v34545,r88652,XXX Talent,complete,True,,,,https://store.steampowered.com/app/1922030/,https://vndb.org/v34545
2027360,After the Inferno,2022-03-26,2022-03,vndb_steam_release,True,False,VNDB_ONLY,True,,v33061,r85420,After the Inferno,complete,True,,,,https://store.steampowered.com/app/2027360/,https://vndb.org/v33061
1952260,Forget-me-not,2022-03-28,2022-03,vndb_steam_release,True,False,VNDB_ONLY,True,,v34777,r89070,Forget-me-not,complete,True,,,,https://store.steampowered.com/app/1952260/,https://vndb.org/v34777
1251640,Sakuya Izayoi Gives You Advice And Dabs: Nitori Kawashiro Offers You Advice In Exchange For Cucumbers And Eats The Cucumbers,2022-03-28,2022-03,vndb_steam_release,True,False,VNDB_ONLY,True,,v28809,r123941,Nitori Kawashiro Offers You Advice In Exchange For Cucumbers And Eats The Cucumbers,complete,True,,,,https://store.steampowered.com/app/1251640/,https://vndb.org/v28809
1742470,Chongqi de NTR Hougong Shenghuo,2022-03-29,2022-03,vndb_steam_release,True,False,VNDB_ONLY,True,,v35432,r90265,Chongqi de NTR Hougong Shenghuo,complete,True,,,,https://store.steampowered.com/app/1742470/,https://vndb.org/v35432
1224160,Sisterly Lust v1.1.6 - Bonus Taboo Edition,2022-03-29,2022-03,vndb_steam_release,True,False,VNDB_ONLY,True,,v22299,r88990,Sisterly Lust,complete,True,,,,https://store.steampowered.com/app/1224160/,https://vndb.org/v22299
1927160,Tongju Chuangzuo Ren,2022-03-29,2022-03,vndb_steam_release,True,False,VNDB_ONLY,True,,v34607,r88786,Tongju Chuangzuo Ren,complete,True,,,,https://store.steampowered.com/app/1927160/,https://vndb.org/v34607
2339170,Winning Hearts: Wrestling Otome - Demo,2022-03-29,2022-03,vndb_steam_release,True,False,VNDB_ONLY,True,,v45495,r109548,Winning Hearts: Wrestling Otome,trial,True,,,,https://store.steampowered.com/app/2339170/,https://vndb.org/v45495
2173750,A Potion For Chamomile,2022-03-30,2022-03,vndb_steam_release,True,False,VNDB_ONLY,True,,v34776,r89069,A Potion For Chamomile,complete,True,,,,https://store.steampowered.com/app/2173750/,https://vndb.org/v34776
1909920,Lian ~Yixie Xiao Qingxin de Lieqi Gushi~Weilai Gengxin De 3 Ge Gushi,2022-03-30,2022-03,vndb_steam_release,True,False,VNDB_ONLY,True,,v34609,r96188,Lian ~Yixie Xiao Qingxin de Lieqi Gushi~,partial,True,,,,https://store.steampowered.com/app/1909920/,https://vndb.org/v34609
1909921,Lian ~Yixie Xiao Qingxin de Lieqi Gushi~Weilai Gengxin De Suoyou Gushi,2022-03-30,2022-03,vndb_steam_release,True,False,VNDB_ONLY,True,,v34609,r96187,Lian ~Yixie Xiao Qingxin de Lieqi Gushi~,complete,True,,,,https://store.steampowered.com/app/1909921/,https://vndb.org/v34609
1373950,The Divine Speaker,2022-03-30,2022-03,vndb_steam_release,True,False,VNDB_ONLY,True,,v24649,r60530;r96952,The Divine Speaker,complete,True,,,,https://store.steampowered.com/app/1373950/,https://vndb.org/v24649
1862540,Case 02 Complete : Red Wedding,2022-03-31,2022-03,vndb_steam_release,True,False,VNDB_ONLY,True,,v33209,r96003,Tokyo Detectives,partial,True,,,,https://store.steampowered.com/app/1862540/,https://vndb.org/v33209
1968430,Camp Buddy: Scoutmaster Season,2022-04-01,2022-04,vndb_steam_release,True,False,VNDB_ONLY,True,,v29882,r76481,Camp Buddy: Scoutmaster Season,complete,True,,,,https://store.steampowered.com/app/1968430/,https://vndb.org/v29882
2016640,Lover's Anonymous: Rehab for Romantics!,2022-04-01,2022-04,vndb_steam_release,True,False,VNDB_ONLY,True,,v34686,r88919,Lover's Anonymous: Rehab for Romantics!,complete,True,,,,https://store.steampowered.com/app/2016640/,https://vndb.org/v34686
2830870,un/FRAGMENT.,2022-04-01,2022-04,vndb_steam_release,True,False,VNDB_ONLY,True,,v34667,r88891,un/FRAGMENT.,complete,True,,,,https://store.steampowered.com/app/2830870/,https://vndb.org/v34667
1876120,Ejaculation Time - Mommy Play with a Super-Sexy Fox Girl -,2022-04-02,2022-04,vndb_steam_release,True,False,VNDB_ONLY,True,,v29928,r87114,Shasei no Jikan! ~Boku no Oinari-san wa Babumi Tappuri no Oiroke Onee-san~,complete,True,,,,https://store.steampowered.com/app/1876120/,https://vndb.org/v29928
1876470,MAFIA: Sex Noir,2022-04-02,2022-04,vndb_steam_release,True,False,VNDB_ONLY,True,,v34712,r88966,MAFIA: Sex Noir,complete,True,,,,https://store.steampowered.com/app/1876470/,https://vndb.org/v34712
2343630,Kashoku no Ten,2022-04-03,2022-04,vndb_steam_release,True,False,VNDB_ONLY,True,,v32730,r84463,Kashoku no Ten,complete,True,,,,https://store.steampowered.com/app/2343630/,https://vndb.org/v32730
1912360,Healer&Phoenix - Demo,2022-04-04,2022-04,vndb_steam_release,True,False,VNDB_ONLY,True,,v36587,r92620,Healer&Phoenix,trial,True,,,,https://store.steampowered.com/app/1912360/,https://vndb.org/v36587
1854800,My Yandere is a Futanari,2022-04-04,2022-04,vndb_steam_release,True,False,VNDB_ONLY,True,,v34455,r88500,My Yandere is a Futanari,complete,True,,,,https://store.steampowered.com/app/1854800/,https://vndb.org/v34455
1768750,Mothmen 1966 Demo,2022-04-06,2022-04,vndb_steam_release,True,False,VNDB_ONLY,True,,v32827,r93521,Mothmen 1966,trial,True,,,,https://store.steampowered.com/app/1768750/,https://vndb.org/v32827
1133760,CHRONO CROSS: THE RADICAL DREAMERS EDITION,2022-04-07,2022-04,vndb_steam_release,True,False,VNDB_ONLY,True,,v48,r87200,RADICAL DREAMERS -Nusumenai Houseki-,complete,True,,,,https://store.steampowered.com/app/1133760/,https://vndb.org/v48
2672590,Summer of Love - Demo,2022-04-07,2022-04,vndb_steam_release,True,False,VNDB_ONLY,True,,v29701,r114631,Summer of Love,trial,True,,,,https://store.steampowered.com/app/2672590/,https://vndb.org/v29701
1639210,Retrieving the Past - Steam Edition,2022-04-08,2022-04,vndb_steam_release,True,False,VNDB_ONLY,True,,v24145;v25710;v27215,r89199,Retrieving the Past: Series One;Retrieving the Past: Series Three;Retrieving the Past: Series Two,complete,True,,,,https://store.steampowered.com/app/1639210/,https://vndb.org/v24145
1943930,Sex Adventures - Futanari BDSM,2022-04-08,2022-04,vndb_steam_release,True,False,VNDB_ONLY,True,,v51093,r123672,Sex Adventures - Futanari BDSM,complete,True,,,,https://store.steampowered.com/app/1943930/,https://vndb.org/v51093
1571910,Dear Althea,2022-04-09,2022-04,vndb_steam_release,True,False,VNDB_ONLY,True,,v34885,r89272,Dear Althea,complete,True,,,,https://store.steampowered.com/app/1571910/,https://vndb.org/v34885
1951880,Sex Diary - Futanari Massage,2022-04-09,2022-04,vndb_steam_release,True,False,VNDB_ONLY,True,,v58432,r139871,Sex Diary - Futanari Massage,complete,True,,,,https://store.steampowered.com/app/1951880/,https://vndb.org/v58432
955180,Shan Gui II: Chapter 2,2022-04-09,2022-04,vndb_steam_release,True,False,VNDB_ONLY,True,,v24885,r109814,Shan Gui Er,partial,True,,,,https://store.steampowered.com/app/955180/,https://vndb.org/v24885
1948100,Lustful Ponies,2022-04-11,2022-04,vndb_steam_release,True,False,VNDB_ONLY,True,,v34611,r88794,Lustful Ponies,complete,True,,,,https://store.steampowered.com/app/1948100/,https://vndb.org/v34611
1936910,Verova Niandai Ji: Feihong Zhi Lang - Demo,2022-04-11,2022-04,vndb_steam_release,True,False,VNDB_ONLY,True,,v41473,r101547,Verova Niandai Ji: Feihong Zhi Lang,trial,True,,,,https://store.steampowered.com/app/1936910/,https://vndb.org/v41473
1846920,Lust Academy - Season 1 (v0.7.1d),2022-04-12,2022-04,vndb_steam_release,True,False,VNDB_ONLY,True,,v31973,r89416,Lust Academy - Season 1,complete,True,,,,https://store.steampowered.com/app/1846920/,https://vndb.org/v31973
1916480,Dungeon of Delights,2022-04-14,2022-04,vndb_steam_release,True,False,VNDB_ONLY,True,,v35014,r89490,Dungeon of Delights,complete,True,,,,https://store.steampowered.com/app/1916480/,https://vndb.org/v35014
1949980,F.I.L.F.,2022-04-14,2022-04,vndb_steam_release,True,False,VNDB_ONLY,True,,v34140,r87882,F.I.L.F.,complete,True,,,,https://store.steampowered.com/app/1949980/,https://vndb.org/v34140
1851000,Netorious Neighbor Cumming for their Wives!,2022-04-15,2022-04,vndb_steam_release,True,False,VNDB_ONLY,True,,v22469,r88916,Tonari Kinjo no Bakunyuu Hitozuma-tachi o Netotte Haramase Onaho ni Suru Apart Seikatsu,complete,True,,,,https://store.steampowered.com/app/1851000/,https://vndb.org/v22469
1925450,The One - Chapter 1,2022-04-16,2022-04,vndb_steam_release,True,False,VNDB_ONLY,True,,v35105,r89675,The One,partial,True,,,,https://store.steampowered.com/app/1925450/,https://vndb.org/v35105
1962840,Hentai Girls - Neko Pastry,2022-04-20,2022-04,vndb_steam_release,True,False,VNDB_ONLY,True,,v50993,r123478,Hentai Girls - Neko Pastry,complete,True,,,,https://store.steampowered.com/app/1962840/,https://vndb.org/v50993
2538730,Lover's Trophy,2022-04-20,2022-04,vndb_steam_release,True,False,VNDB_ONLY,True,,v34996,r89467,Lover's Trophy,complete,True,,,,https://store.steampowered.com/app/2538730/,https://vndb.org/v34996
1957060,NTR Dream,2022-04-20,2022-04,vndb_steam_release,True,False,VNDB_ONLY,True,,v35293,r90029,NTR Dream,complete,True,,,,https://store.steampowered.com/app/1957060/,https://vndb.org/v35293
1944020,Object Ward. ~April Fools' Collection~,2022-04-20,2022-04,vndb_steam_release,True,False,VNDB_ONLY,True,,v31208;v34670,r89170,Lesbian Ward;Object Wank: Please Stop Asking If There's D*ldo Object Heads In The Game,complete,True,,,,https://store.steampowered.com/app/1944020/,https://vndb.org/v31208
1936480,Dickie A Cumming: The Prequel (Part I),2022-04-21,2022-04,vndb_steam_release,True,False,VNDB_ONLY,True,,v35242,r89912,Dickie A Cumming: The Prequel (Part I),complete,True,,,,https://store.steampowered.com/app/1936480/,https://vndb.org/v35242
1880860,Hot Wife Tara - Nocturnal Desires - Steam Edition,2022-04-21,2022-04,vndb_steam_release,True,False,VNDB_ONLY,True,,v21331,r89929,Hot Wife Tara,complete,True,,,,https://store.steampowered.com/app/1880860/,https://vndb.org/v21331
1957740,P R I S M - A Visual Novel - Demo,2022-04-21,2022-04,vndb_steam_release,True,False,VNDB_ONLY,True,,v36727,r92947,P R I S M,trial,True,,,,https://store.steampowered.com/app/1957740/,https://vndb.org/v36727
1539680,Project Kuragava,2022-04-22,2022-04,vndb_steam_release,True,False,VNDB_ONLY,True,,v35289,r90024,Project Kuragava,complete,True,,,,https://store.steampowered.com/app/1539680/,https://vndb.org/v35289
1951540,The Tennis Master,2022-04-22,2022-04,vndb_steam_release,True,False,VNDB_ONLY,True,,v35288,r90023,The Tennis Master,complete,True,,,,https://store.steampowered.com/app/1951540/,https://vndb.org/v35288
1423080,Yi Shijie Wulitou Shenghuo 2,2022-04-22,2022-04,vndb_steam_release,True,False,VNDB_ONLY,True,,v35287,r90021,Yi Shijie Wulitou Shenghuo 2,complete,True,,,,https://store.steampowered.com/app/1423080/,https://vndb.org/v35287
1968560,Yi Shijie Wulitou Shenghuo 2 - Expansion Pack,2022-04-22,2022-04,vndb_steam_release,True,False,VNDB_ONLY,True,,v35287,r90022,Yi Shijie Wulitou Shenghuo 2,complete,True,,,,https://store.steampowered.com/app/1968560/,https://vndb.org/v35287
1841250,Hard Times at Sequoia State Park,2022-04-25,2022-04,vndb_steam_release,True,False,VNDB_ONLY,True,,v35349,r90120,Hard Times at Sequoia State Park,complete,True,,,,https://store.steampowered.com/app/1841250/,https://vndb.org/v35349
2246960,A Shot in the Dark v0.1 - Demo,2022-04-27,2022-04,vndb_steam_release,True,False,VNDB_ONLY,True,,v43154,r104575,A Shot in the Dark,trial,True,,,,https://store.steampowered.com/app/2246960/,https://vndb.org/v43154
1966160,Ijiaru Oneesann No Otsumami 2 - Deluxe Pack,2022-04-27,2022-04,vndb_steam_release,True,False,VNDB_ONLY,True,,v33585,r90177,Ijiwaru Onee-san no Otsumami! 2 ~Senpai no Otouto ni Chokkai Dashitara Kairaku Sekai o Shikomare Chatta~,complete,True,,,,https://store.steampowered.com/app/1966160/,https://vndb.org/v33585
1963440,Ijiwaru Onee-san no Otsumami! 2,2022-04-27,2022-04,vndb_steam_release,True,False,VNDB_ONLY,True,,v33585,r90176,Ijiwaru Onee-san no Otsumami! 2 ~Senpai no Otouto ni Chokkai Dashitara Kairaku Sekai o Shikomare Chatta~,complete,True,,,,https://store.steampowered.com/app/1963440/,https://vndb.org/v33585
1963410,Ohupako Tyoukyou Haisinn,2022-04-27,2022-04,vndb_steam_release,True,False,VNDB_ONLY,True,,v33908,r90174,Off Pako Choukyou Haishin ~Hameochi-hime wa Osu no Aji o Wasurenai~,complete,True,,,,https://store.steampowered.com/app/1963410/,https://vndb.org/v33908
1966150,Ohupako Tyoukyou Haisinn - Deluxe Pack,2022-04-27,2022-04,vndb_steam_release,True,False,VNDB_ONLY,True,,v33908,r90175,Off Pako Choukyou Haishin ~Hameochi-hime wa Osu no Aji o Wasurenai~,complete,True,,,,https://store.steampowered.com/app/1966150/,https://vndb.org/v33908
1947460,Angel Perversion,2022-04-28,2022-04,vndb_steam_release,True,False,VNDB_ONLY,True,,v38412,r96125,Angel Perversion,complete,True,,,,https://store.steampowered.com/app/1947460/,https://vndb.org/v38412
1783190,Hatsuru Koto Naki Mirai Yori,2022-04-28,2022-04,vndb_steam_release,True,False,VNDB_ONLY,True,,v15080,r88178,Hatsuru Koto Naki Mirai Yori,complete,True,,,,https://store.steampowered.com/app/1783190/,https://vndb.org/v15080
1970710,Sex Diary - Swingers Yacht,2022-04-28,2022-04,vndb_steam_release,True,False,VNDB_ONLY,True,,v50424,r121880,Sex Diary - Swingers Yacht,complete,True,,,,https://store.steampowered.com/app/1970710/,https://vndb.org/v50424
1837230,Heleisi de Juedouchang Ⅱ,2022-04-29,2022-04,vndb_steam_release,True,False,VNDB_ONLY,True,,v35476,r90350,Heleisih de Jyuedouchang Ⅱ,complete,True,,,,https://store.steampowered.com/app/1837230/,https://vndb.org/v35476
1976000,Sex Adventures - Futanari Mistress,2022-05-01,2022-05,vndb_steam_release,True,False,VNDB_ONLY,True,,v57200,r137520,Sex Adventures - Futanari Mistress,complete,True,,,,https://store.steampowered.com/app/1976000/,https://vndb.org/v57200
1940040,The Price Of Flesh,2022-05-02,2022-05,vndb_steam_release,True,False,VNDB_ONLY,True,,v34467,r88525,The Price Of Flesh,complete,True,,,,https://store.steampowered.com/app/1940040/,https://vndb.org/v34467
1770840,Boku to Joi no Shinsatsu Nisshi,2022-05-05,2022-05,vndb_steam_release,True,False,VNDB_ONLY,True,,v24916,r89919,Boku to Joi no Shinsatsu Nisshi,complete,True,,,,https://store.steampowered.com/app/1770840/,https://vndb.org/v24916
1976980,Denos City: Complete Game - Steam Edition,2022-05-05,2022-05,vndb_steam_release,True,False,VNDB_ONLY,True,,v32015,r90720,Denos City,complete,True,,,,https://store.steampowered.com/app/1976980/,https://vndb.org/v32015
1789430,High Elo Girls - Full Demo,2022-05-05,2022-05,vndb_steam_release,True,False,VNDB_ONLY,True,,v29178,r92618,High Elo Girls,trial,True,,,,https://store.steampowered.com/app/1789430/,https://vndb.org/v29178
1978120,Perseverance: Part 3 Demo,2022-05-05,2022-05,vndb_steam_release,True,False,VNDB_ONLY,True,,v23423,r90724,Perseverance,trial,True,,,,https://store.steampowered.com/app/1978120/,https://vndb.org/v23423
1935700,Witchy Life Story - Demo,2022-05-05,2022-05,vndb_steam_release,True,False,VNDB_ONLY,True,,v36574,r92587,Witchy Life Story,trial,True,,,,https://store.steampowered.com/app/1935700/,https://vndb.org/v36574
1918460,Nagori-san wa Takane no Hana ni Narikirenai ~Ren'ai Hensachi Zero no Shinrigaku~,2022-05-07,2022-05,vndb_steam_release,True,False,VNDB_ONLY,True,,v27069,r89754,Nagori-san wa Takane no Hana ni Narikirenai -Ren'ai Hensachi 0 no Shinrigaku-,complete,True,,,,https://store.steampowered.com/app/1918460/,https://vndb.org/v27069
1990190,Futanari Sex - BDSM Room,2022-05-10,2022-05,vndb_steam_release,True,False,VNDB_ONLY,True,,v51447,r124570,Futanari Sex - BDSM Room,complete,True,,,,https://store.steampowered.com/app/1990190/,https://vndb.org/v51447
1778270,Yule Quan Yiyun - S Hao Fang Shijian,2022-05-10,2022-05,vndb_steam_release,True,False,VNDB_ONLY,True,,v37204,r93871,Yule Quan Yiyun - S Hao Fang Shijian,complete,True,,,,https://store.steampowered.com/app/1778270/,https://vndb.org/v37204
1983010,Furry Hentai Isekai,2022-05-11,2022-05,vndb_steam_release,True,False,VNDB_ONLY,True,,v35449,r90287,Furry Hentai Isekai,complete,True,,,,https://store.steampowered.com/app/1983010/,https://vndb.org/v35449
1991990,Futanari Sex - The Fertility Doctor,2022-05-12,2022-05,vndb_steam_release,True,False,VNDB_ONLY,True,,v51177,r123904,Futanari Sex - The Fertility Doctor,complete,True,,,,https://store.steampowered.com/app/1991990/,https://vndb.org/v51177
1998080,New Year's Eve Miracle - Demo,2022-05-12,2022-05,vndb_steam_release,True,False,VNDB_ONLY,True,,v36531,r92507,New Year's Eve Miracle,trial,True,,,,https://store.steampowered.com/app/1998080/,https://vndb.org/v36531
1991680,Until The End,2022-05-13,2022-05,vndb_steam_release,True,False,VNDB_ONLY,True,,v36081,r91678,Until The End,trial,True,,,,https://store.steampowered.com/app/1991680/,https://vndb.org/v36081
1995500,Flora and Sauna - Demo,2022-05-15,2022-05,vndb_steam_release,True,False,VNDB_ONLY,True,,v36298,r92116,Flora and Sauna,trial,True,,,,https://store.steampowered.com/app/1995500/,https://vndb.org/v36298
1888560,Sky Resort - Delphi & Jessy,2022-05-16,2022-05,vndb_steam_release,True,False,VNDB_ONLY,True,,v36172,r91878,Sky Resort - Delphi & Jessy,complete,True,,,,https://store.steampowered.com/app/1888560/,https://vndb.org/v36172
1862660,garage:VAMP,2022-05-16,2022-05,vndb_steam_release,True,False,VNDB_ONLY,True,,v35480,r90360,garage:VAMP,complete,True,,,,https://store.steampowered.com/app/1862660/,https://vndb.org/v35480
2258210,Pyreside Waltz - Demo,2022-05-17,2022-05,vndb_steam_release,True,False,VNDB_ONLY,True,,v35993,r91460,Pyreside Waltz,trial,True,,,,https://store.steampowered.com/app/2258210/,https://vndb.org/v35993
2121100,The Cabin - Summer Vacation [Ep. 4],2022-05-19,2022-05,vndb_steam_release,True,False,VNDB_ONLY,True,,v34263,r88138,The Cabin - Summer Vacation,partial,True,,,,https://store.steampowered.com/app/2121100/,https://vndb.org/v34263
1981460,Wuming Zhe Demo,2022-05-19,2022-05,vndb_steam_release,True,False,VNDB_ONLY,True,,v50912,r134224,Wuming Zhe,trial,True,,,,https://store.steampowered.com/app/1981460/,https://vndb.org/v50912
1047320,Beauty Paradise,2022-05-20,2022-05,vndb_steam_release,True,False,VNDB_ONLY,True,,v35757,r91049,Beauty Paradise,complete,True,,,,https://store.steampowered.com/app/1047320/,https://vndb.org/v35757
2400240,Komorebi - Chapter 1,2022-05-20,2022-05,vndb_steam_release,True,False,VNDB_ONLY,True,,v34825,r91514,Komorebi,trial,True,,,,https://store.steampowered.com/app/2400240/,https://vndb.org/v34825
1966780,My Ass Pass to Succubus Sexland!,2022-05-20,2022-05,vndb_steam_release,True,False,VNDB_ONLY,True,,v33844,r91118,Succubus Tanetsuke Park ~Ningen o Esa ni Suru Inma-tachi o Wakarasete Haramase Onaho Attraction ni Shite Asobimakuru~,complete,True,,,,https://store.steampowered.com/app/1966780/,https://vndb.org/v33844
1957470,Ihanashi no Majo - Free Demo,2022-05-22,2022-05,vndb_steam_release,True,False,VNDB_ONLY,True,,v32758,r91570,Ihanashi no Majo,trial,True,,,,https://store.steampowered.com/app/1957470/,https://vndb.org/v32758
1928170,ManServant: Gay Visual Novel - Demo,2022-05-26,2022-05,vndb_steam_release,True,False,VNDB_ONLY,True,,v34980,r91774,ManServant,trial,True,,,,https://store.steampowered.com/app/1928170/,https://vndb.org/v34980
1966590,Nectar,2022-05-26,2022-05,vndb_steam_release,True,False,VNDB_ONLY,True,,v35500,r90412,Nektar,complete,True,,,,https://store.steampowered.com/app/1966590/,https://vndb.org/v35500
1409770,Mao Yan She,2022-05-27,2022-05,vndb_steam_release,True,False,VNDB_ONLY,True,,v30709,r78680,Mao Yan She,complete,True,,,,https://store.steampowered.com/app/1409770/,https://vndb.org/v30709
1854810,My Pet Sitter is a Futanari,2022-05-27,2022-05,vndb_steam_release,True,False,VNDB_ONLY,True,,v35892,r91269,My Pet Sitter is a Futanari,complete,True,,,,https://store.steampowered.com/app/1854810/,https://vndb.org/v35892
1992370,FURRY HITLER,2022-05-28,2022-05,vndb_steam_release,True,False,VNDB_ONLY,True,,v36169,r91873,FURRY HITLER,complete,True,,,,https://store.steampowered.com/app/1992370/,https://vndb.org/v36169
1917880,Blagimi namerenijami - Demo,2022-05-30,2022-05,vndb_steam_release,True,False,VNDB_ONLY,True,,v36586,r92616,Blagimi namerenijami,trial,True,,,,https://store.steampowered.com/app/1917880/,https://vndb.org/v36586
1979150,Zhenkong Zhan Ji - Trial Edition,2022-05-30,2022-05,vndb_steam_release,True,False,VNDB_ONLY,True,,v36065,r92219,Zhenkong Zhan Ji,trial,True,,,,https://store.steampowered.com/app/1979150/,https://vndb.org/v36065
1893960,Re:Collector,2022-05-31,2022-05,vndb_steam_release,True,False,VNDB_ONLY,True,,v42313,r103081,Re:Collector- ~Gyaku Rape ni wa Kusshinai Monogatari~,complete,True,,,,https://store.steampowered.com/app/1893960/,https://vndb.org/v42313
2009710,Tales From The Under-Realm: After Midnight - Demo,2022-06-01,2022-06,vndb_steam_release,True,False,VNDB_ONLY,True,,v34991,r92570,Tales From The Under-Realm: After Midnight,trial,True,,,,https://store.steampowered.com/app/2009710/,https://vndb.org/v34991
2013100,Tales Of Aravorn: An Elven Marriage - Demo,2022-06-01,2022-06,vndb_steam_release,True,False,VNDB_ONLY,True,,v36585,r92607,Tales Of Aravorn: An Elven Marriage,trial,True,,,,https://store.steampowered.com/app/2013100/,https://vndb.org/v36585
2020760,End of Lines - Demo,2022-06-02,2022-06,vndb_steam_release,True,False,VNDB_ONLY,True,,v38382,r101869,End of Lines,trial,True,,,,https://store.steampowered.com/app/2020760/,https://vndb.org/v38382
2005640,Fucking Hell,2022-06-02,2022-06,vndb_steam_release,True,False,VNDB_ONLY,True,,v36016,r91525,Fucking Hell,complete,True,,,,https://store.steampowered.com/app/2005640/,https://vndb.org/v36016
1976150,Hush Hush: Only Your Love Can Save Them - Demo,2022-06-02,2022-06,vndb_steam_release,True,False,VNDB_ONLY,True,,v24239,r92603,Hush Hush: Only Your Love Can Save Them,trial,True,,,,https://store.steampowered.com/app/1976150/,https://vndb.org/v24239
1795590,Spellbound: The Magic Within - Demo,2022-06-02,2022-06,vndb_steam_release,True,False,VNDB_ONLY,True,,v36514,r92482,Spellbound: The Magic Within,trial,True,,,,https://store.steampowered.com/app/1795590/,https://vndb.org/v36514
1943320,Xia Ri Huahuo - Demo,2022-06-02,2022-06,vndb_steam_release,True,False,VNDB_ONLY,True,,v36842,r93213,Xia Ri Huahuo,trial,True,,,,https://store.steampowered.com/app/1943320/,https://vndb.org/v36842
1957090,Romp of Dump - DEMO,2022-06-05,2022-06,vndb_steam_release,True,False,VNDB_ONLY,True,,v36277,r92085,Romp of Dump,trial,True,,,,https://store.steampowered.com/app/1957090/,https://vndb.org/v36277
1995420,Flora and Sauna - Complete Edition,2022-06-06,2022-06,vndb_steam_release,True,False,VNDB_ONLY,True,,v36298,r92115,Flora and Sauna,complete,True,,,,https://store.steampowered.com/app/1995420/,https://vndb.org/v36298
2003620,The Office,2022-06-09,2022-06,vndb_steam_release,True,False,VNDB_ONLY,True,,v36365,r92212,The Office,complete,True,,,,https://store.steampowered.com/app/2003620/,https://vndb.org/v36365
1981250,Date Ariane Remastered,2022-06-10,2022-06,vndb_steam_release,True,False,VNDB_ONLY,True,,v19406,r92278,Date Ariane,complete,True,,,,https://store.steampowered.com/app/1981250/,https://vndb.org/v19406
1999670,Date Ariane Remastered - Demo,2022-06-10,2022-06,vndb_steam_release,True,False,VNDB_ONLY,True,,v19406,r92281,Date Ariane,trial,True,,,,https://store.steampowered.com/app/1999670/,https://vndb.org/v19406
1991480,Lewd Life with my Doggy Wife,2022-06-10,2022-06,vndb_steam_release,True,False,VNDB_ONLY,True,,v26702,r91815,Kemo Ane ~Kemomimi Onee-san o Oyome-san ni Shite Isekai Haramase Slow Life~,complete,True,,,,https://store.steampowered.com/app/1991480/,https://vndb.org/v26702
1969800,Meet Cute: Delivery - 18+ Adult Only Patch,2022-06-11,2022-06,vndb_steam_release,True,False,VNDB_ONLY,True,,v33861,r92305,Meet Cute: Delivery 🐾,complete,True,,,,https://store.steampowered.com/app/1969800/,https://vndb.org/v33861
2027720,San Hao Zi Da Maoxian - Demo,2022-06-11,2022-06,vndb_steam_release,True,False,VNDB_ONLY,True,,v36539,r92517,San Hao Zi Da Maoxian,trial,True,,,,https://store.steampowered.com/app/2027720/,https://vndb.org/v36539
1544870,Hauma Demo,2022-06-12,2022-06,vndb_steam_release,True,False,VNDB_ONLY,True,,v47006,r112859,Hauma - A Detective Noir Story,trial,True,,,,https://store.steampowered.com/app/1544870/,https://vndb.org/v47006
2017470,Burrow of the Fallen Bear: A Gay Furry Visual Novel - Demo,2022-06-13,2022-06,vndb_steam_release,True,False,VNDB_ONLY,True,,v35243,r92389,Burrow of the Fallen Bear,trial,True,,,,https://store.steampowered.com/app/2017470/,https://vndb.org/v35243
2002910,Paper Perjury - Demo,2022-06-13,2022-06,vndb_steam_release,True,False,VNDB_ONLY,True,,v36560,r92565,Paper Perjury,trial,True,,,,https://store.steampowered.com/app/2002910/,https://vndb.org/v36560
1960370,R is for Rachel - Demo,2022-06-13,2022-06,vndb_steam_release,True,False,VNDB_ONLY,True,,v36445,r92396,R is for Rachel,trial,True,,,,https://store.steampowered.com/app/1960370/,https://vndb.org/v36445
2019430,Saint Maker - Demo,2022-06-13,2022-06,vndb_steam_release,True,False,VNDB_ONLY,True,,v32678,r92580,Saint Maker,trial,True,,,,https://store.steampowered.com/app/2019430/,https://vndb.org/v32678
2015570,The Divine Speaker: The Sun and the Moon - Demo,2022-06-13,2022-06,vndb_steam_release,True,False,VNDB_ONLY,True,,v35154,r92381,The Divine Speaker: The Sun and the Moon,trial,True,,,,https://store.steampowered.com/app/2015570/,https://vndb.org/v35154
2012290,Juicy Futa;Juicy Futa Demo,2022-06-16,2022-06,vndb_steam_release,True,False,VNDB_ONLY,True,,v53508,r129185;r129187,Juicy Futa,complete;trial,True,,,,https://store.steampowered.com/app/2012290/,https://vndb.org/v53508
1976420,Love Sucks: Night Two - DEMO,2022-06-17,2022-06,vndb_steam_release,True,False,VNDB_ONLY,True,,v29727,r119997,Love Sucks,trial,True,,,,https://store.steampowered.com/app/1976420/,https://vndb.org/v29727
1881010,Gaikokujin No Sensei (Foreigner Teacher),2022-06-20,2022-06,vndb_steam_release,True,False,VNDB_ONLY,True,,v29397,r75138,Gaikokujin no Sensei,complete,True,,,,https://store.steampowered.com/app/1881010/,https://vndb.org/v29397
1732180,Daiduo de Guaishou Gongzhu Buxiang Gongzuo;Dàiduò de Guàishòu Gōngzhǔ Bùxiǎng Gōngzuò,2022-06-21,2022-06,vndb_steam_release,True,False,VNDB_ONLY,True,,v38191,r117689;r95655,Dàiduò de Guàishòu Gōngzhǔ Bùxiǎng Gōngzuò,complete,True,,,,https://store.steampowered.com/app/1732180/,https://vndb.org/v38191
2027390,Sexy Sharks,2022-06-21,2022-06,vndb_steam_release,True,False,VNDB_ONLY,True,,v36315,r92145,Sexy Sharks,complete,True,,,,https://store.steampowered.com/app/2027390/,https://vndb.org/v36315
2056010,Enzai Shikkou Yuugi Yurukill - Trial Edition,2022-06-22,2022-06,vndb_steam_release,True,False,VNDB_ONLY,True,,v36067,r92919,Enzai Shikkou Yuugi Yurukill,trial,True,,,,https://store.steampowered.com/app/2056010/,https://vndb.org/v36067
1081370,"BornWild • Versus Season 1, Vol.1",2022-06-23,2022-06,vndb_steam_release,True,False,VNDB_ONLY,True,,v27740,r123806,BornWild • Versus Season 1,complete,True,,,,https://store.steampowered.com/app/1081370/,https://vndb.org/v27740
1924480,College Kings 2 Episode 1,2022-06-23,2022-06,vndb_steam_release,True,False,VNDB_ONLY,True,,v34824,r89150,College Kings 2,partial,True,,,,https://store.steampowered.com/app/1924480/,https://vndb.org/v34824
1754140,Kanja S no Kyuusai - Demo,2022-06-23,2022-06,vndb_steam_release,True,False,VNDB_ONLY,True,,v19535,r108257,Kanja S no Kyuusai,trial,True,,,,https://store.steampowered.com/app/1754140/,https://vndb.org/v19535
1730190,Kanja S no Kyuusai v1.11,2022-06-23,2022-06,vndb_steam_release,True,False,VNDB_ONLY,True,,v19535,r92821,Kanja S no Kyuusai,complete,True,,,,https://store.steampowered.com/app/1730190/,https://vndb.org/v19535
1778280,Zai Wuxian Chongsheng Zhong Shouhu Nai,2022-06-23,2022-06,vndb_steam_release,True,False,VNDB_ONLY,True,,v36658,r92816,Zai Wuxian Chongsheng Zhong Shouhu Ni,complete,True,,,,https://store.steampowered.com/app/1778280/,https://vndb.org/v36658
2003600,Don't Stop the Camera! ~Hidden Desires of a Young Wife~,2022-06-24,2022-06,vndb_steam_release,True,False,VNDB_ONLY,True,,v27149,r92356,Camera o Tomenaide! ~Wakazuma no Kakusareta Yokubou~,complete,True,,,,https://store.steampowered.com/app/2003600/,https://vndb.org/v27149
2009950,Occult Rewrite,2022-06-24,2022-06,vndb_steam_release,True,False,VNDB_ONLY,True,,v33981,r92854,Occult Rewrite,complete,True,,,,https://store.steampowered.com/app/2009950/,https://vndb.org/v33981
1944200,Take me in and I'll love and serve you ~Sweet and sexy life with a demi-human girl~,2022-06-24,2022-06,vndb_steam_release,True,False,VNDB_ONLY,True,,v29927,r92359,Hiroware Aishite Houshi Shitai ~Ajin Musume to no Ichaero Seikatsu~,complete,True,,,,https://store.steampowered.com/app/1944200/,https://vndb.org/v29927
2003590,The Invisible Man's Stealth NTR: Convincing and Inseminating the New Announcer with an Invisible Boner,2022-06-24,2022-06,vndb_steam_release,True,False,VNDB_ONLY,True,,v30788,r92357,Toumei Oyaji no Stealth NTR ~Shinjin Announcer ni Mienai Bokki de Tanetsuke Sekkyou Hame~,complete,True,,,,https://store.steampowered.com/app/2003590/,https://vndb.org/v30788
1917430,Tian Hu Zhaji - Demo,2022-06-24,2022-06,vndb_steam_release,True,False,VNDB_ONLY,True,,v36005,r94412,Tian Hu Zhaji,trial,True,,,,https://store.steampowered.com/app/1917430/,https://vndb.org/v36005
2643310,Summer of Love v1.1,2022-06-28,2022-06,vndb_steam_release,True,False,VNDB_ONLY,True,,v29701,r75995,Summer of Love,complete,True,,,,https://store.steampowered.com/app/2643310/,https://vndb.org/v29701
1748290,Hardcore Cruising,2022-06-29,2022-06,vndb_steam_release,True,False,VNDB_ONLY,True,,v32507,r91940,Hardcore Cruising,complete,True,,,,https://store.steampowered.com/app/1748290/,https://vndb.org/v32507
2073360,Lock and Key: A Magical Girl Mystery - Demo,2022-06-29,2022-06,vndb_steam_release,True,False,VNDB_ONLY,True,,v27159,r93089,Lock and Key: A Magical Girl Mystery,trial,True,,,,https://store.steampowered.com/app/2073360/,https://vndb.org/v27159
2090350,Birds of Paradise - Demo,2022-06-30,2022-06,vndb_steam_release,True,False,VNDB_ONLY,True,,v36817,r93122,Birds of Paradise,trial,True,,,,https://store.steampowered.com/app/2090350/,https://vndb.org/v36817
2178860,Building our Futature,2022-06-30,2022-06,vndb_steam_release,True,False,VNDB_ONLY,True,,v26541,r67643,Building our Futature,complete,True,,,,https://store.steampowered.com/app/2178860/,https://vndb.org/v26541
2055750,College Bound - Episode 4,2022-06-30,2022-06,vndb_steam_release,True,False,VNDB_ONLY,True,,v31269,r93800,College Bound,partial,True,,,,https://store.steampowered.com/app/2055750/,https://vndb.org/v31269
1221250,NORCO v.1.2.0,2022-06-30,2022-06,vndb_steam_release,True,False,VNDB_ONLY,True,,v20992,r123583,NORCO,complete,True,,,,https://store.steampowered.com/app/1221250/,https://vndb.org/v20992
2472360,OBSCURA - Chapter One: The Descent,2022-06-30,2022-06,vndb_steam_release,True,False,VNDB_ONLY,True,,v36776,r93035,OBSCURA,trial,True,,,,https://store.steampowered.com/app/2472360/,https://vndb.org/v36776
2060430,Intruder on the Bridge - Cully,2022-07-01,2022-07,vndb_steam_release,True,False,VNDB_ONLY,True,,v32911,r113120,Intruder on the Bridge,partial,True,,,,https://store.steampowered.com/app/2060430/,https://vndb.org/v32911
2071890,Miyeonsi Simulator: Misonyeo Game-ui Juingong-eul Jojonghaneun Game - Demo,2022-07-01,2022-07,vndb_steam_release,True,False,VNDB_ONLY,True,,v36540,r93685,Miyeonsi Simulator: Misonyeo Game-ui Juingong-eul Jojonghaneun Game,trial,True,,,,https://store.steampowered.com/app/2071890/,https://vndb.org/v36540
1493730,Secret Summer,2022-07-05,2022-07,vndb_steam_release,True,False,VNDB_ONLY,True,,v34444,r88474,Secret Summer,complete,True,,,,https://store.steampowered.com/app/1493730/,https://vndb.org/v34444
1916860,Kaiwa;Kaiwa - Version 1.2,2022-07-07,2022-07,vndb_steam_release,True,False,VNDB_ONLY,True,,v36972;v36973;v36974;v36975;v36976,r93452;r93453,Ikai;Koukai;Kyoukai;Shouki;Yuukai,complete,True,,,,https://store.steampowered.com/app/1916860/,https://vndb.org/v36972
2078390,Indenture - Demo,2022-07-09,2022-07,vndb_steam_release,True,False,VNDB_ONLY,True,,v37005,r93507,Indenture,trial,True,,,,https://store.steampowered.com/app/2078390/,https://vndb.org/v37005
1854250,Emo Tiao Jiu Shi,2022-07-11,2022-07,vndb_steam_release,True,False,VNDB_ONLY,True,,v37674,r94687,Emo Tiao Jiu Shi,complete,True,,,,https://store.steampowered.com/app/1854250/,https://vndb.org/v37674
2066170,Furry Pet Dog Yiff Hentai,2022-07-11,2022-07,vndb_steam_release,True,False,VNDB_ONLY,True,,v36683,r92862,Furry Pet Dog Yiff Hentai,complete,True,,,,https://store.steampowered.com/app/2066170/,https://vndb.org/v36683
2066780,Luoshen Jian Yue,2022-07-11,2022-07,vndb_steam_release,True,False,VNDB_ONLY,True,,v36964,r93427,Luoshen Jian Yue,complete,True,,,,https://store.steampowered.com/app/2066780/,https://vndb.org/v36964
2060510,Lustful Professor,2022-07-11,2022-07,vndb_steam_release,True,False,VNDB_ONLY,True,,v36633,r92760,pohotlivyj professor,complete,True,,,,https://store.steampowered.com/app/2060510/,https://vndb.org/v36633
2017010,Office Harasser,2022-07-11,2022-07,vndb_steam_release,True,False,VNDB_ONLY,True,,v36963,r93426,Office Harasser,complete,True,,,,https://store.steampowered.com/app/2017010/,https://vndb.org/v36963
1954640,Zhenkong Zhan Ji,2022-07-11,2022-07,vndb_steam_release,True,False,VNDB_ONLY,True,,v36065,r91643,Zhenkong Zhan Ji,complete,True,,,,https://store.steampowered.com/app/1954640/,https://vndb.org/v36065
2077510,Dreambound - Demo,2022-07-13,2022-07,vndb_steam_release,True,False,VNDB_ONLY,True,,v37001,r93496,Dreambound,trial,True,,,,https://store.steampowered.com/app/2077510/,https://vndb.org/v37001
1989520,Hybrid Harmony - Demo,2022-07-13,2022-07,vndb_steam_release,True,False,VNDB_ONLY,True,,v37002,r93500,Hybrid Harmony,trial,True,,,,https://store.steampowered.com/app/1989520/,https://vndb.org/v37002
2060760,First Sexy Night,2022-07-14,2022-07,vndb_steam_release,True,False,VNDB_ONLY,True,,v38830,r96900,First Sexy Night,complete,True,,,,https://store.steampowered.com/app/2060760/,https://vndb.org/v38830
3591680,Nursing Back to Pleasure,2022-07-15,2022-07,vndb_steam_release,True,False,VNDB_ONLY,True,,v31678,r81423,Nursing Back to Pleasure,complete,True,,,,https://store.steampowered.com/app/3591680/,https://vndb.org/v31678
1778320,Yiyuan Cuimian Hougong,2022-07-15,2022-07,vndb_steam_release,True,False,VNDB_ONLY,True,,v37032,r93568,Yiyuan Cuimian Hougong,complete,True,,,,https://store.steampowered.com/app/1778320/,https://vndb.org/v37032
1988950,GymBeasts - Demo,2022-07-16,2022-07,vndb_steam_release,True,False,VNDB_ONLY,True,,v34470,r93602,GymBeasts,trial,True,,,,https://store.steampowered.com/app/1988950/,https://vndb.org/v34470
1950460,My Trainer is a Futanari,2022-07-17,2022-07,vndb_steam_release,True,False,VNDB_ONLY,True,,v36752,r92994,My Trainer is a Futanari,complete,True,,,,https://store.steampowered.com/app/1950460/,https://vndb.org/v36752
1918250,Iku Iku Succubus - Censored Edition,2022-07-19,2022-07,vndb_steam_release,True,False,VNDB_ONLY,True,,v30227,r90194,Iku Iku ♡ Succubus Saikyouiku ~Rakudai Inma no Koukan Ryuugaku Nisshi~,complete,True,,,,https://store.steampowered.com/app/1918250/,https://vndb.org/v30227
2072780,Sex Adventures - The Office Slut,2022-07-19,2022-07,vndb_steam_release,True,False,VNDB_ONLY,True,,v59565,r142502,Sex Adventures - The Office Slut,complete,True,,,,https://store.steampowered.com/app/2072780/,https://vndb.org/v59565
2095760,Proekt Vostok: 18+ Adult Only Content,2022-07-21,2022-07,vndb_steam_release,True,False,VNDB_ONLY,True,,v32556,r88637,Proekt Vostok,partial,True,,,,https://store.steampowered.com/app/2095760/,https://vndb.org/v32556
2017700,Aristocunts II Re:ERECTION,2022-07-22,2022-07,vndb_steam_release,True,False,VNDB_ONLY,True,,v29834,r92861,"Hametsu Yotei no Akushinkan, Akuyaku Reijou to Onna Shujinkou o Niku Benki ni Shite Subete o Te ni Ireru",complete,True,,,,https://store.steampowered.com/app/2017700/,https://vndb.org/v29834
1674180,Euryale's Gambit - Steam Edition,2022-07-22,2022-07,vndb_steam_release,True,False,VNDB_ONLY,True,,v31999,r82271,Euryale's Gambit,complete,True,,,,https://store.steampowered.com/app/1674180/,https://vndb.org/v31999
2669090,Jingyu: Kaluo Zhi Xue;Jingyu: Kaluo Zhi Xue - Demo,2022-07-25,2022-07,vndb_steam_release,True,False,VNDB_ONLY,True,,v52743,r127355;r160553,Jingyu: Kaluo Zhi Xue,trial,True,,,,https://store.steampowered.com/app/2669090/,https://vndb.org/v52743
2922580,Wrong Number,2022-07-25,2022-07,vndb_steam_release,True,False,VNDB_ONLY,True,,v30674,r78571,Wrong Number,complete,True,,,,https://store.steampowered.com/app/2922580/,https://vndb.org/v30674
1609010,Forever To You,2022-07-26,2022-07,vndb_steam_release,True,False,VNDB_ONLY,True,,v63166,r150905,Forever To You,complete,True,,,,https://store.steampowered.com/app/1609010/,https://vndb.org/v63166
2090790,Mjortvyj les - 18+ Adult Only Content,2022-07-26,2022-07,vndb_steam_release,True,False,VNDB_ONLY,True,,v35301,r93858,Mjortvyj les,complete,True,,,,https://store.steampowered.com/app/2090790/,https://vndb.org/v35301
2257130,Breathless Winds - Demo,2022-07-27,2022-07,vndb_steam_release,True,False,VNDB_ONLY,True,,v37257,r93957,Breathless Winds,trial,True,,,,https://store.steampowered.com/app/2257130/,https://vndb.org/v37257
2052460,ENF Novels: Cold Night,2022-07-27,2022-07,vndb_steam_release,True,False,VNDB_ONLY,True,,v37745,r94807,ENF Novels: Cold Night,complete,True,,,,https://store.steampowered.com/app/2052460/,https://vndb.org/v37745
1858500,Tales From The Unending Void: Season 1 - Uncensored (Extra Scenes Edition),2022-07-28,2022-07,vndb_steam_release,True,False,VNDB_ONLY,True,,v27458,r95068,Tales From The Unending Void: Season 1,complete,True,,,,https://store.steampowered.com/app/1858500/,https://vndb.org/v27458
2075570,Voice over - Demo,2022-07-29,2022-07,vndb_steam_release,True,False,VNDB_ONLY,True,,v39312,r97781,Voice over,trial,True,,,,https://store.steampowered.com/app/2075570/,https://vndb.org/v39312
2084040,Furry Android Hentai,2022-08-01,2022-08,vndb_steam_release,True,False,VNDB_ONLY,True,,v37013,r93522,Furry Android Hentai,complete,True,,,,https://store.steampowered.com/app/2084040/,https://vndb.org/v37013
2075430,The Good People (Na Daoine Maithe) - Demo;The Good People (Na Daoine Maithe) - Revised Demo;The Good People (Na Daoine Maithe) - Voiced Demo,2022-08-01,2022-08,vndb_steam_release,True,False,VNDB_ONLY,True,,v37405,r102612;r125830;r94169,The Good People (Na Daoine Maithe),trial,True,,,,https://store.steampowered.com/app/2075430/,https://vndb.org/v37405
1734710,All Ashes and Illusions - 18+ Patch,2022-08-03,2022-08,vndb_steam_release,True,False,VNDB_ONLY,True,,v32194,r82885,All Ashes and Illusions,complete,True,,,,https://store.steampowered.com/app/1734710/,https://vndb.org/v32194
2064640,ELEGIES: Aya Demo,2022-08-04,2022-08,vndb_steam_release,True,False,VNDB_ONLY,True,,v35717,r96589,ELEGIES: Aya,trial,True,,,,https://store.steampowered.com/app/2064640/,https://vndb.org/v35717
1959300,Burrow of the Fallen Bear: A Gay Furry Visual Novel - NSFW Edition,2022-08-05,2022-08,vndb_steam_release,True,False,VNDB_ONLY,True,,v35243,r94296,Burrow of the Fallen Bear,complete,True,,,,https://store.steampowered.com/app/1959300/,https://vndb.org/v35243
2099470,Juusangatsu no Futari Hime - Demo,2022-08-05,2022-08,vndb_steam_release,True,False,VNDB_ONLY,True,,v24621,r94298,Juusangatsu no Futari Hime,trial,True,,,,https://store.steampowered.com/app/2099470/,https://vndb.org/v24621
2080240,Summer Pleasure,2022-08-05,2022-08,vndb_steam_release,True,False,VNDB_ONLY,True,,v37478,r94295,Summer Pleasure,complete,True,,,,https://store.steampowered.com/app/2080240/,https://vndb.org/v37478
2098420,"Ting Budao Ni de Huayu de Wo, Xiangyao Jing Jing Lingting Ni de Xin - Demo",2022-08-06,2022-08,vndb_steam_release,True,False,VNDB_ONLY,True,,v37916,r95091,"Ting Budao Ni de Huayu de Wo, Xiangyao Jing Jing Lingting Ni de Xin",trial,True,,,,https://store.steampowered.com/app/2098420/,https://vndb.org/v37916
2103360,Yijiusan Ling Langman Tan - Demo,2022-08-10,2022-08,vndb_steam_release,True,False,VNDB_ONLY,True,,v37649,r94646,Yijiusan Ling Langman Tan,trial,True,,,,https://store.steampowered.com/app/2103360/,https://vndb.org/v37649
2076740,My Stepbro is a Femboy,2022-08-11,2022-08,vndb_steam_release,True,False,VNDB_ONLY,True,,v37212,r93882,My Stepbro is a Femboy,complete,True,,,,https://store.steampowered.com/app/2076740/,https://vndb.org/v37212
2060730,Yandere Goddess: A Snatch Made in Heaven,2022-08-12,2022-08,vndb_steam_release,True,False,VNDB_ONLY,True,,v17939,r93993,Yandere Megami ni Aisare Sugiru Seikatsu ~Shirokujichuu Anata o Mimamotte Mairimashita. Subete no Yokubou o Mitashimasu. Ai no Akashi de Haramasete Kudasai~,complete,True,,,,https://store.steampowered.com/app/2060730/,https://vndb.org/v17939
2187060,Princess Cage -Host to Hime to Uso no Koi- Download Edition,2022-08-13,2022-08,vndb_steam_release,True,False,VNDB_ONLY,True,,v37168,r93805,Princess Cage -Host to Hime to Uso no Koi-,complete,True,,,,https://store.steampowered.com/app/2187060/,https://vndb.org/v37168
2111520,Sex Adventures - Swingers Gym,2022-08-13,2022-08,vndb_steam_release,True,False,VNDB_ONLY,True,,v50937,r123360,Sex Adventures - Swingers Gym,complete,True,,,,https://store.steampowered.com/app/2111520/,https://vndb.org/v50937
1751590,Dagon - The Little Glass Bottle,2022-08-17,2022-08,vndb_steam_release,True,False,VNDB_ONLY,True,,v38174,r95601,Dagon - The Little Glass Bottle,complete,True,,,,https://store.steampowered.com/app/1751590/,https://vndb.org/v38174
2135840,Connected through fate - Demo,2022-08-18,2022-08,vndb_steam_release,True,False,VNDB_ONLY,True,,v37707,r94739,Connected through fate,trial,True,,,,https://store.steampowered.com/app/2135840/,https://vndb.org/v37707
2074330,Femboys & Fries,2022-08-18,2022-08,vndb_steam_release,True,False,VNDB_ONLY,True,,v37408,r94181,Femboys & Fries,complete,True,,,,https://store.steampowered.com/app/2074330/,https://vndb.org/v37408
795160,Tsundere Idol - Steam Edition,2022-08-18,2022-08,vndb_steam_release,True,False,VNDB_ONLY,True,,v19427,r96453,Tsundere Idol wa Boku Dake no M Pet ~Ippai Shitsukete Goshujin-sama no Love Seishi de Haramitaino♪~,complete,True,,,,https://store.steampowered.com/app/795160/,https://vndb.org/v19427
2427690,Canvas Menagerie - Demo,2022-08-19,2022-08,vndb_steam_release,True,False,VNDB_ONLY,True,,v37730,r94789,Canvas Menagerie,trial,True,,,,https://store.steampowered.com/app/2427690/,https://vndb.org/v37730
2112400,Gui Xin - Silicon Heart - Trial Edition,2022-08-20,2022-08,vndb_steam_release,True,False,VNDB_ONLY,True,,v36575,r95331,Gui Xin,trial,True,,,,https://store.steampowered.com/app/2112400/,https://vndb.org/v36575
2123240,Monomagia Cantabile - Demo,2022-08-20,2022-08,vndb_steam_release,True,False,VNDB_ONLY,True,,v37852,r109271;r94960,Monomagia Cantabile,trial,True,,,,https://store.steampowered.com/app/2123240/,https://vndb.org/v37852
2070760,Hush Hush - 18+ Uncensored DLC,2022-08-22,2022-08,vndb_steam_release,True,False,VNDB_ONLY,True,,v24239,r59476,Hush Hush: Only Your Love Can Save Them,complete,True,,,,https://store.steampowered.com/app/2070760/,https://vndb.org/v24239
2125450,Rondo T'my. Prokljatie Dvuh Lun - Demo,2022-08-22,2022-08,vndb_steam_release,True,False,VNDB_ONLY,True,,v46354,r111286,Rondo T'my. Prokljatie Dvuh Lun,trial,True,,,,https://store.steampowered.com/app/2125450/,https://vndb.org/v46354
1787070,Roommate,2022-08-22,2022-08,vndb_steam_release,True,False,VNDB_ONLY,True,,v27275,r94910,Roommate,complete,True,,,,https://store.steampowered.com/app/1787070/,https://vndb.org/v27275
2104600,Sex Adventures - The Pool Party,2022-08-22,2022-08,vndb_steam_release,True,False,VNDB_ONLY,True,,v59732,r142820,Sex Adventures - The Pool Party,complete,True,,,,https://store.steampowered.com/app/2104600/,https://vndb.org/v59732
2110740,Space,2022-08-22,2022-08,vndb_steam_release,True,False,VNDB_ONLY,True,,v44276,r106771,Space,complete,True,,,,https://store.steampowered.com/app/2110740/,https://vndb.org/v44276
1980110,a pet shop after dark - Demo,2022-08-22,2022-08,vndb_steam_release,True,False,VNDB_ONLY,True,,v29582,r94997,a pet shop after dark,trial,True,,,,https://store.steampowered.com/app/1980110/,https://vndb.org/v29582
2113000,Cats in Heat,2022-08-25,2022-08,vndb_steam_release,True,False,VNDB_ONLY,True,,v37584,r94534,Cats in Heat,complete,True,,,,https://store.steampowered.com/app/2113000/,https://vndb.org/v37584
2097540,My First Femboy Date,2022-08-25,2022-08,vndb_steam_release,True,False,VNDB_ONLY,True,,v37549,r94446,My First Femboy Date,complete,True,,,,https://store.steampowered.com/app/2097540/,https://vndb.org/v37549
1637070,My New Memories v0.3,2022-08-26,2022-08,vndb_steam_release,True,False,VNDB_ONLY,True,,v31347,r80372,My New Memories,partial,True,,,,https://store.steampowered.com/app/1637070/,https://vndb.org/v31347
2107750,Watashi-tachi Marriage 1 - Trial Edition,2022-08-26,2022-08,vndb_steam_release,True,False,VNDB_ONLY,True,,v35499,r95022,Watashi-tachi Marriage 1,trial,True,,,,https://store.steampowered.com/app/2107750/,https://vndb.org/v35499
1367490,"a completely normal dating simulation that is definitely completely sweet, innnocent and normal: SOMETHINGETH ANIVERSARY EDITION",2022-08-26,2022-08,vndb_steam_release,True,False,VNDB_ONLY,True,,v37893,r95042,"a completely normal dating simulation that is definitely completely sweet, innocent and normal",complete,True,,,,https://store.steampowered.com/app/1367490/,https://vndb.org/v37893
1703310,The Mysteries of Ranko Togawa: Murder on the Marine Express (demo),2022-08-29,2022-08,vndb_steam_release,True,False,VNDB_ONLY,True,,v30302,r95368,The Mysteries of Ranko Togawa: Murder on the Marine Express,trial,True,,,,https://store.steampowered.com/app/1703310/,https://vndb.org/v30302
1782550,Royal Order - Extended Demo,2022-08-31,2022-08,vndb_steam_release,True,False,VNDB_ONLY,True,,v32675,r101890,Royal Order,trial,True,,,,https://store.steampowered.com/app/1782550/,https://vndb.org/v32675
1995270,"BornWild • Versus S1, Ep.1 to 8 (Vol.1)",2022-09-01,2022-09,vndb_steam_release,True,False,VNDB_ONLY,True,,v27740,r95307,BornWild • Versus Season 1,partial,True,,,,https://store.steampowered.com/app/1995270/,https://vndb.org/v27740
2105740,Dama Hame Tousatsu Nikki - Deluxe Pack,2022-09-01,2022-09,vndb_steam_release,True,False,VNDB_ONLY,True,,v36185,r95274,Dama Hame Tousatsu Nikki ~Kyogi de Odosare Hame Choukyou Sareru Midara na Komochi Tsuma~,complete,True,,,,https://store.steampowered.com/app/2105740/,https://vndb.org/v36185
2096820,Dama Hame Tousatsu Nikki - Steam Edition,2022-09-01,2022-09,vndb_steam_release,True,False,VNDB_ONLY,True,,v36185,r95272,Dama Hame Tousatsu Nikki ~Kyogi de Odosare Hame Choukyou Sareru Midara na Komochi Tsuma~,complete,True,,,,https://store.steampowered.com/app/2096820/,https://vndb.org/v36185
2124870,Lustful Ponies 2,2022-09-01,2022-09,vndb_steam_release,True,False,VNDB_ONLY,True,,v37734,r94793,Lustful Ponies 2,complete,True,,,,https://store.steampowered.com/app/2124870/,https://vndb.org/v37734
2084660,Master of the Earth: Reborn,2022-09-01,2022-09,vndb_steam_release,True,False,VNDB_ONLY,True,,v38883,r96990,Master of the Earth,complete,True,,,,https://store.steampowered.com/app/2084660/,https://vndb.org/v38883
2110110,Motherless - Season 1,2022-09-01,2022-09,vndb_steam_release,True,False,VNDB_ONLY,True,,v47689,r114555,Motherless,partial,True,,,,https://store.steampowered.com/app/2110110/,https://vndb.org/v47689
2068360,The Futanati,2022-09-01,2022-09,vndb_steam_release,True,False,VNDB_ONLY,True,,v37562,r94490,The Futanati,complete,True,,,,https://store.steampowered.com/app/2068360/,https://vndb.org/v37562
1500280,Spellbound: The Magic Within,2022-09-02,2022-09,vndb_steam_release,True,False,VNDB_ONLY,True,,v36514,r92483,Spellbound: The Magic Within,complete,True,,,,https://store.steampowered.com/app/1500280/,https://vndb.org/v36514
2109670,Varney Lake - Demo,2022-09-02,2022-09,vndb_steam_release,True,False,VNDB_ONLY,True,,v37014,r95465,Varney Lake,trial,True,,,,https://store.steampowered.com/app/2109670/,https://vndb.org/v37014
2001090,Zang Hua : Zhe Jing Zhi Die,2022-09-02,2022-09,vndb_steam_release,True,False,VNDB_ONLY,True,,v32598,r95336,Zang Hua - Anhei Taohuayuan,partial,True,,,,https://store.steampowered.com/app/2001090/,https://vndb.org/v32598
2086860,Espresso For The Demon - Demo,2022-09-05,2022-09,vndb_steam_release,True,False,VNDB_ONLY,True,,v30562,r114407,Espresso For The Demon,trial,True,,,,https://store.steampowered.com/app/2086860/,https://vndb.org/v30562
2118600,Prison,2022-09-05,2022-09,vndb_steam_release,True,False,VNDB_ONLY,True,,v46942,r112688,Prison,complete,True,,,,https://store.steampowered.com/app/2118600/,https://vndb.org/v46942
1964470,My Stepmom is a Futanari Chemist,2022-09-08,2022-09,vndb_steam_release,True,False,VNDB_ONLY,True,,v37832,r94922,My Stepmom is a Futanari Chemist,complete,True,,,,https://store.steampowered.com/app/1964470/,https://vndb.org/v37832
1750200,Sex and the Furry Titty 2: Sins of the City;Sex and the Furry Titty 2: Sins of the City - Halloween Update;Sex and the Furry Titty 2: Sins of the City - New Year Update;Sex and the Furry Titty 2: Sins of the City - Partial Voiceover;Sex and the Furry Titty 2: Sins of the City - Summer Update;Sex and the Furry Titty 2: Sins of the City - Valentine's Update,2022-09-08,2022-09,vndb_steam_release,True,False,VNDB_ONLY,True,,v38127,r135907;r135908;r135909;r135910;r135911;r135912;r95516,Sex and the Furry Titty 2: Sins of the City,complete,True,,,,https://store.steampowered.com/app/1750200/,https://vndb.org/v38127
2089410,Wei Ni Chenfu - Demo,2022-09-08,2022-09,vndb_steam_release,True,False,VNDB_ONLY,True,,v50557,r122242,Wei Ni Chenfu,trial,True,,,,https://store.steampowered.com/app/2089410/,https://vndb.org/v50557
2108560,Harem King: Peasant to Princess Gotta Breed 'Em All!,2022-09-09,2022-09,vndb_steam_release,True,False,VNDB_ONLY,True,,v35882,r95048,Isekai no Oukoku Marugoto Ore no Haramase Onaho Harem!,complete,True,,,,https://store.steampowered.com/app/2108560/,https://vndb.org/v35882
1768640,Leap of Faith,2022-09-09,2022-09,vndb_steam_release,True,False,VNDB_ONLY,True,,v28200,r70610,Leap of Faith,complete,True,,,,https://store.steampowered.com/app/1768640/,https://vndb.org/v28200
2118610,Wild West,2022-09-09,2022-09,vndb_steam_release,True,False,VNDB_ONLY,True,,v61313,r146465,Wild West,complete,True,,,,https://store.steampowered.com/app/2118610/,https://vndb.org/v61313
2128740,Staffer Case: Choneungnyeok Churi Adventure Case 1 & 2,2022-09-10,2022-09,vndb_steam_release,True,False,VNDB_ONLY,True,,v50735,r122786;r122787,Staffer Case: Choneungnyeok Churi Adventure,trial,True,,,,https://store.steampowered.com/app/2128740/,https://vndb.org/v50735
2150610,Rainbow Heights Academy: Year 1 Demo,2022-09-13,2022-09,vndb_steam_release,True,False,VNDB_ONLY,True,,v39637,r98337,Rainbow Heights Academy: Year 1,trial,True,,,,https://store.steampowered.com/app/2150610/,https://vndb.org/v39637
2135630,Best Friend,2022-09-15,2022-09,vndb_steam_release,True,False,VNDB_ONLY,True,,v46131,r110885,Best Friend,complete,True,,,,https://store.steampowered.com/app/2135630/,https://vndb.org/v46131
2144550,Cangbai Huashu Fanmao Zhi Shi Demo,2022-09-15,2022-09,vndb_steam_release,True,False,VNDB_ONLY,True,,v39779,r104872,Cangbai Huashu Fanmao Zhi Shi,trial,True,,,,https://store.steampowered.com/app/2144550/,https://vndb.org/v39779
2068350,My Sugar Mommy is a Futanari,2022-09-15,2022-09,vndb_steam_release,True,False,VNDB_ONLY,True,,v37770,r94839,My Sugar Mommy is a Futanari,complete,True,,,,https://store.steampowered.com/app/2068350/,https://vndb.org/v37770
2148610,Sex Adventures - Modeling Audition,2022-09-15,2022-09,vndb_steam_release,True,False,VNDB_ONLY,True,,v50991,r123476,Sex Adventures - Modeling Audition,complete,True,,,,https://store.steampowered.com/app/2148610/,https://vndb.org/v50991
2111540,Lovelust: Project Stockholm,2022-09-16,2022-09,vndb_steam_release,True,False,VNDB_ONLY,True,,v42770,r103883,Lovelust: Project Stockholm,complete,True,,,,https://store.steampowered.com/app/2111540/,https://vndb.org/v42770
1187190,The Knight of the Crimson Tower,2022-09-17,2022-09,vndb_steam_release,True,False,VNDB_ONLY,True,,v26972,r96138,The Knight of the Crimson Tower,complete,True,,,,https://store.steampowered.com/app/1187190/,https://vndb.org/v26972
1925840,Case 03 Complete : Bloodstain on Sailor Uniform,2022-09-18,2022-09,vndb_steam_release,True,False,VNDB_ONLY,True,,v33209,r96004,Tokyo Detectives,partial,True,,,,https://store.steampowered.com/app/1925840/,https://vndb.org/v33209
1806630,Usagi Health Club,2022-09-19,2022-09,vndb_steam_release,True,False,VNDB_ONLY,True,,v32700,r84384,Usagi Health Club,complete,True,,,,https://store.steampowered.com/app/1806630/,https://vndb.org/v32700
2113300,Holiday with Gwen,2022-09-20,2022-09,vndb_steam_release,True,False,VNDB_ONLY,True,,v37561,r94489,Holiday with Gwen,complete,True,,,,https://store.steampowered.com/app/2113300/,https://vndb.org/v37561
2135640,Hot Mom,2022-09-20,2022-09,vndb_steam_release,True,False,VNDB_ONLY,True,,v44236,r106708,Hot Mom,complete,True,,,,https://store.steampowered.com/app/2135640/,https://vndb.org/v44236
2122480,Dongkuyuyan Trial Edition,2022-09-21,2022-09,vndb_steam_release,True,False,VNDB_ONLY,True,,v38956,r97230,Dongkuyuyan,trial,True,,,,https://store.steampowered.com/app/2122480/,https://vndb.org/v38956
1885660,ManServant: Gay Visual Novel,2022-09-21,2022-09,vndb_steam_release,True,False,VNDB_ONLY,True,,v34980,r89443,ManServant,complete,True,,,,https://store.steampowered.com/app/1885660/,https://vndb.org/v34980
2157990,Motherless - Season 2: Chapter 12 DLC,2022-09-21,2022-09,vndb_steam_release,True,False,VNDB_ONLY,True,,v47689,r114556,Motherless,partial,True,,,,https://store.steampowered.com/app/2157990/,https://vndb.org/v47689
2158000,Motherless - Season 2: Chapter 13 DLC,2022-09-21,2022-09,vndb_steam_release,True,False,VNDB_ONLY,True,,v47689,r114557,Motherless,partial,True,,,,https://store.steampowered.com/app/2158000/,https://vndb.org/v47689
2158010,Motherless - Season 2: Chapter 14 DLC,2022-09-21,2022-09,vndb_steam_release,True,False,VNDB_ONLY,True,,v47689,r114558,Motherless,partial,True,,,,https://store.steampowered.com/app/2158010/,https://vndb.org/v47689
2158011,Motherless - Season 2: Chapter 15 DLC,2022-09-21,2022-09,vndb_steam_release,True,False,VNDB_ONLY,True,,v47689,r114559,Motherless,partial,True,,,,https://store.steampowered.com/app/2158011/,https://vndb.org/v47689
2156290,Needy Dragons;Needy Dragons - Demo,2022-09-21,2022-09,vndb_steam_release,True,False,VNDB_ONLY,True,,v38411,r96121;r96122,Needy Dragons,complete;trial,True,,,,https://store.steampowered.com/app/2156290/,https://vndb.org/v38411
2156880,Sex Adventures - The Bar Hookup,2022-09-21,2022-09,vndb_steam_release,True,False,VNDB_ONLY,True,,v50990,r123475,Sex Adventures - The Bar Hookup,complete,True,,,,https://store.steampowered.com/app/2156880/,https://vndb.org/v50990
2121210,Femboy Bangers 2,2022-09-22,2022-09,vndb_steam_release,True,False,VNDB_ONLY,True,,v38113,r95493,Femboy Bangers 2,complete,True,,,,https://store.steampowered.com/app/2121210/,https://vndb.org/v38113
2158830,Kiss the Demiurge - Demo,2022-09-25,2022-09,vndb_steam_release,True,False,VNDB_ONLY,True,,v38436,r98419,Kiss the Demiurge,trial,True,,,,https://store.steampowered.com/app/2158830/,https://vndb.org/v38436
2068370,My Agent is a Futanari,2022-09-26,2022-09,vndb_steam_release,True,False,VNDB_ONLY,True,,v38107,r95463,My Agent is a Futanari,complete,True,,,,https://store.steampowered.com/app/2068370/,https://vndb.org/v38107
1275670,Outcore: Desktop Adventure,2022-09-26,2022-09,vndb_steam_release,True,False,VNDB_ONLY,True,,v40686,r101739,Outcore: Desktop Adventure,complete,True,,,,https://store.steampowered.com/app/1275670/,https://vndb.org/v40686
1775680,Heart Fragment - Book Two: Belief Fragments,2022-09-28,2022-09,vndb_steam_release,True,False,VNDB_ONLY,True,,v27919,r83445,Heart Fragment,partial,True,,,,https://store.steampowered.com/app/1775680/,https://vndb.org/v27919
1978350,Friendly Blonding,2022-09-29,2022-09,vndb_steam_release,True,False,VNDB_ONLY,True,,v32741,r94356,Friendly Blonding,complete,True,,,,https://store.steampowered.com/app/1978350/,https://vndb.org/v32741
2015100,Our Life: Beginnings & Always - Derek's Story,2022-09-29,2022-09,vndb_steam_release,True,False,VNDB_ONLY,True,,v26391,r94288,Our Life: Beginnings & Always,partial,True,,,,https://store.steampowered.com/app/2015100/,https://vndb.org/v26391
2168400,Playback Trauma: In Sickness Demo,2022-09-29,2022-09,vndb_steam_release,True,False,VNDB_ONLY,True,,v42266,r102961,Playback Trauma: In Sickness,trial,True,,,,https://store.steampowered.com/app/2168400/,https://vndb.org/v42266
2160110,Stories from Sol Part 1: The Gun-Dog Demo,2022-09-29,2022-09,vndb_steam_release,True,False,VNDB_ONLY,True,,v41878,r102193,Stories from Sol: The Gun-Dog,trial,True,,,,https://store.steampowered.com/app/2160110/,https://vndb.org/v41878
1897120,Xingfu de Errenfang,2022-09-29,2022-09,vndb_steam_release,True,False,VNDB_ONLY,True,,v34041,r87614,Xingfu de Errenfang,complete,True,,,,https://store.steampowered.com/app/1897120/,https://vndb.org/v34041
2135240,Youling Shaonü Lasling - Demo,2022-09-29,2022-09,vndb_steam_release,True,False,VNDB_ONLY,True,,v34656,r114455,Youling Shaonü Lasling,trial,True,,,,https://store.steampowered.com/app/2135240/,https://vndb.org/v34656
2120000,For me - Demo,2022-09-30,2022-09,vndb_steam_release,True,False,VNDB_ONLY,True,,v44405,r106972,For me,trial,True,,,,https://store.steampowered.com/app/2120000/,https://vndb.org/v44405
2158420,Gudao Haiyao - Demo,2022-09-30,2022-09,vndb_steam_release,True,False,VNDB_ONLY,True,,v41343,r101357,Gudao Haiyao,trial,True,,,,https://store.steampowered.com/app/2158420/,https://vndb.org/v41343
2081630,To Be A King - Volume 1,2022-09-30,2022-09,vndb_steam_release,True,False,VNDB_ONLY,True,,v29340,r96401,To Be A King,partial,True,,,,https://store.steampowered.com/app/2081630/,https://vndb.org/v29340
1954530,Xiuli Hang - Demo,2022-09-30,2022-09,vndb_steam_release,True,False,VNDB_ONLY,True,,v36673,r105771,Xiuli Hang,trial,True,,,,https://store.steampowered.com/app/1954530/,https://vndb.org/v36673
2095530,Yusetsu-Patch,2022-09-30,2022-09,vndb_steam_release,True,False,VNDB_ONLY,True,,v38520,r96405,Rongxue,complete,True,,,,https://store.steampowered.com/app/2095530/,https://vndb.org/v38520
2165550,Sex Adventures - BDSM Dungeon,2022-10-02,2022-10,vndb_steam_release,True,False,VNDB_ONLY,True,,v45674,r109871,Sex Adventures - BDSM Dungeon,complete,True,,,,https://store.steampowered.com/app/2165550/,https://vndb.org/v45674
2155620,Wand Out - A 3D Magical Gay Novel - Demo,2022-10-03,2022-10,vndb_steam_release,True,False,VNDB_ONLY,True,,v38626,r96547,Wand Out - A 3D Magical Gay Novel,trial,True,,,,https://store.steampowered.com/app/2155620/,https://vndb.org/v38626
2144770,Za Zakatom Neminuem Rassvet - Interaktivnyj Roman (Demo),2022-10-03,2022-10,vndb_steam_release,True,False,VNDB_ONLY,True,,v41646,r101810,Za Zakatom Neminuem Rassvet,trial,True,,,,https://store.steampowered.com/app/2144770/,https://vndb.org/v41646
2155970,Slave Of Lust,2022-10-04,2022-10,vndb_steam_release,True,False,VNDB_ONLY,True,,v46799,r112254,Slave Of Lust,complete,True,,,,https://store.steampowered.com/app/2155970/,https://vndb.org/v46799
2138150,My Stepsis is a Furry Futa Fox,2022-10-06,2022-10,vndb_steam_release,True,False,VNDB_ONLY,True,,v38389,r96075,My Stepsis is a Furry Futa Fox,complete,True,,,,https://store.steampowered.com/app/2138150/,https://vndb.org/v38389
1741080,Solanaceae: After All - Early Access,2022-10-06,2022-10,vndb_steam_release,True,False,VNDB_ONLY,True,,v33320,r96646,Solanaceae: After All,partial,True,,,,https://store.steampowered.com/app/1741080/,https://vndb.org/v33320
2142780,Hentai Heaven's Slutty Salvation,2022-10-07,2022-10,vndb_steam_release,True,False,VNDB_ONLY,True,,v36364,r96161,Megami-gari ~Sekai o Sukutta no ni Fuuin Sare Kaketa no de Megami-tachi ni Fukushu! Haramase Onaho ni Shite Harem Rakuen o Tsukuru!~,complete,True,,,,https://store.steampowered.com/app/2142780/,https://vndb.org/v36364
1816710,Tales From The Under-Realm: After Midnight,2022-10-07,2022-10,vndb_steam_release,True,False,VNDB_ONLY,True,,v34991,r89457,Tales From The Under-Realm: After Midnight,complete,True,,,,https://store.steampowered.com/app/1816710/,https://vndb.org/v34991
2189470,Welcome to Levy,2022-10-07,2022-10,vndb_steam_release,True,False,VNDB_ONLY,True,,v43017,r104318,Welcome to Levy,complete,True,,,,https://store.steampowered.com/app/2189470/,https://vndb.org/v43017
2179840,Bogi iz Savvary - Demo,2022-10-08,2022-10,vndb_steam_release,True,False,VNDB_ONLY,True,,v38797,r96839,Bogi iz Savvary,trial,True,,,,https://store.steampowered.com/app/2179840/,https://vndb.org/v38797
1652030,Flowering Nightshade v8,2022-10-08,2022-10,vndb_steam_release,True,False,VNDB_ONLY,True,,v26736,r96756,Flowering Nightshade,complete,True,,,,https://store.steampowered.com/app/1652030/,https://vndb.org/v26736
1840350,Koi-Koi Onsen Monogatari VR,2022-10-10,2022-10,vndb_steam_release,True,False,VNDB_ONLY,True,,v44489,r107108,Koi-Koi Onsen Monogatari,complete,True,,,,https://store.steampowered.com/app/1840350/,https://vndb.org/v44489
3071850,Salvus: Aries - Demo,2022-10-10,2022-10,vndb_steam_release,True,False,VNDB_ONLY,True,,v37895,r95045,Salvus: Aries,trial,True,,,,https://store.steampowered.com/app/3071850/,https://vndb.org/v37895
1953780,Chun'ai Mao Niang de Tongju Shenghuo,2022-10-11,2022-10,vndb_steam_release,True,False,VNDB_ONLY,True,,v38825,r96895,Chun'ai Mao Niang de Tongju Shenghuo,complete,True,,,,https://store.steampowered.com/app/1953780/,https://vndb.org/v38825
1592080,En lo profundo del bosque - Revamped Demo,2022-10-11,2022-10,vndb_steam_release,True,False,VNDB_ONLY,True,,v29604,r98420,En lo profundo del bosque,trial,True,,,,https://store.steampowered.com/app/1592080/,https://vndb.org/v29604
2095930,Horny Witch: Hunt,2022-10-11,2022-10,vndb_steam_release,True,False,VNDB_ONLY,True,,v38827,r96898,Horny Witch: Hunt,complete,True,,,,https://store.steampowered.com/app/2095930/,https://vndb.org/v38827
2155980,Love Formula,2022-10-11,2022-10,vndb_steam_release,True,False,VNDB_ONLY,True,,v46885,r112527,Love Formula,complete,True,,,,https://store.steampowered.com/app/2155980/,https://vndb.org/v46885
2175390,Going Rogue,2022-10-12,2022-10,vndb_steam_release,True,False,VNDB_ONLY,True,,v33233,r85838,Going Rogue,complete,True,,,,https://store.steampowered.com/app/2175390/,https://vndb.org/v33233
2172110,Sex Adventures - GangBang Surprise,2022-10-12,2022-10,vndb_steam_release,True,False,VNDB_ONLY,True,,v50936,r123359,Sex Adventures - GangBang Surprise,complete,True,,,,https://store.steampowered.com/app/2172110/,https://vndb.org/v50936
2006570,Category I -Shisenjou no Survivor-,2022-10-14,2022-10,vndb_steam_release,True,False,VNDB_ONLY,True,,v36199,r96963,Category I ~Shisenjou no Survivor~,complete,True,,,,https://store.steampowered.com/app/2006570/,https://vndb.org/v36199
1498120,Lewd Island,2022-10-14,2022-10,vndb_steam_release,True,False,VNDB_ONLY,True,,v29011,r75021,Lewd Island,complete,True,,,,https://store.steampowered.com/app/1498120/,https://vndb.org/v29011
2159150,Pitstop in Purgatory - Demo,2022-10-14,2022-10,vndb_steam_release,True,False,VNDB_ONLY,True,,v36791,r96976,Pitstop in Purgatory,trial,True,,,,https://store.steampowered.com/app/2159150/,https://vndb.org/v36791
2095860,Yi Jie Shuangzi -Twin Souls-,2022-10-14,2022-10,vndb_steam_release,True,False,VNDB_ONLY,True,,v38869,r96962,Yi Jie Shuangzi -Twin Souls-,complete,True,,,,https://store.steampowered.com/app/2095860/,https://vndb.org/v38869
2163590,Hot Pussy College 🍓🔞,2022-10-15,2022-10,vndb_steam_release,True,False,VNDB_ONLY,True,,v42292,r103024,Hot Pussy College 🍓🔞,complete,True,,,,https://store.steampowered.com/app/2163590/,https://vndb.org/v42292
1908210,Bitter Silver - Demo,2022-10-16,2022-10,vndb_steam_release,True,False,VNDB_ONLY,True,,v38624,r97129,Bitter Silver,trial,True,,,,https://store.steampowered.com/app/1908210/,https://vndb.org/v38624
1959260,My Therapist is a Futanari 2,2022-10-17,2022-10,vndb_steam_release,True,False,VNDB_ONLY,True,,v38646,r96576,My Therapist is a Futanari 2,complete,True,,,,https://store.steampowered.com/app/1959260/,https://vndb.org/v38646
1008230,Witches Brew,2022-10-17,2022-10,vndb_steam_release,True,False,VNDB_ONLY,True,,v38948,r97120,Witches Brew,complete,True,,,,https://store.steampowered.com/app/1008230/,https://vndb.org/v38948
1466350,Jennifer Wilde: Unlikely Revolutionaries,2022-10-18,2022-10,vndb_steam_release,True,False,VNDB_ONLY,True,,v45248,r108888,Jennifer Wilde: Unlikely Revolutionaries,complete,True,,,,https://store.steampowered.com/app/1466350/,https://vndb.org/v45248
1096520,Venture Seas (Sisters of the Abbey),2022-10-19,2022-10,vndb_steam_release,True,False,VNDB_ONLY,True,,v20102,r48375,Venture Seas,partial,True,,,,https://store.steampowered.com/app/1096520/,https://vndb.org/v20102
2154140,Heroes of Eroticism - New Beginnings,2022-10-20,2022-10,vndb_steam_release,True,False,VNDB_ONLY,True,,v37115,r96602,Heroes of Eroticism,partial,True,,,,https://store.steampowered.com/app/2154140/,https://vndb.org/v37115
2152090,My Futanari Stepmom Impregnated Me,2022-10-20,2022-10,vndb_steam_release,True,False,VNDB_ONLY,True,,v38645,r96575,My Futanari Stepmom Impregnated Me,complete,True,,,,https://store.steampowered.com/app/2152090/,https://vndb.org/v38645
2177290,Sticky Honey,2022-10-20,2022-10,vndb_steam_release,True,False,VNDB_ONLY,True,,v38677,r96647,Sticky Honey,complete,True,,,,https://store.steampowered.com/app/2177290/,https://vndb.org/v38677
2190690,Sex Adventures - Office Affairs,2022-10-21,2022-10,vndb_steam_release,True,False,VNDB_ONLY,True,,v50989,r123474,Sex Adventures - Office Affairs,complete,True,,,,https://store.steampowered.com/app/2190690/,https://vndb.org/v50989
2187410,Time For You - Chapter 03,2022-10-21,2022-10,vndb_steam_release,True,False,VNDB_ONLY,True,,v28885,r97229,Time for You,partial,True,,,,https://store.steampowered.com/app/2187410/,https://vndb.org/v28885
2183270,Mi Lu: Terreno di caccia Demo,2022-10-22,2022-10,vndb_steam_release,True,False,VNDB_ONLY,True,,v41487,r101574,Mi Lu: Terreno di caccia,trial,True,,,,https://store.steampowered.com/app/2183270/,https://vndb.org/v41487
2178620,Final Boss,2022-10-24,2022-10,vndb_steam_release,True,False,VNDB_ONLY,True,,v67728,r162547,Final Boss,complete,True,,,,https://store.steampowered.com/app/2178620/,https://vndb.org/v67728
1050130,Sakura Melody,2022-10-24,2022-10,vndb_steam_release,True,False,VNDB_ONLY,True,,v49537,r119582,Sakura Melody,complete,True,,,,https://store.steampowered.com/app/1050130/,https://vndb.org/v49537
2919800,Knightly Passions: Between Life and Death;Knightly Passions: In the Grip of Ice,2022-10-25,2022-10,vndb_steam_release,True,False,VNDB_ONLY,True,,v40511,r99974;r99975,Knightly Passions,partial,True,,,,https://store.steampowered.com/app/2919800/,https://vndb.org/v40511
2187020,Personal Chef to the Stars - Adults Only 18+ Patch,2022-10-25,2022-10,vndb_steam_release,True,False,VNDB_ONLY,True,,v38286,r97365,Personal Chef to the Stars,complete,True,,,,https://store.steampowered.com/app/2187020/,https://vndb.org/v38286
2185800,Qingxia Guiji trial edition,2022-10-25,2022-10,vndb_steam_release,True,False,VNDB_ONLY,True,,v24702,r97384,Aonatsu Line,trial,True,,,,https://store.steampowered.com/app/2185800/,https://vndb.org/v24702
1925970,SIMULACRA 3,2022-10-25,2022-10,vndb_steam_release,True,False,VNDB_ONLY,True,,v57039,r137196,SIMULACRA 3,complete,True,,,,https://store.steampowered.com/app/1925970/,https://vndb.org/v57039
2190760,Sex Adventures - Vampire Express Train,2022-10-26,2022-10,vndb_steam_release,True,False,VNDB_ONLY,True,,v50988,r123473,Sex Adventures - Vampire Express Train,complete,True,,,,https://store.steampowered.com/app/2190760/,https://vndb.org/v50988
2181990,"Good Night, Peregrine",2022-10-27,2022-10,vndb_steam_release,True,False,VNDB_ONLY,True,,v39196,r97561,"Good Night, Peregrine",complete,True,,,,https://store.steampowered.com/app/2181990/,https://vndb.org/v39196
2318390,I deserve a happy ending restricted section edition,2022-10-27,2022-10,vndb_steam_release,True,False,VNDB_ONLY,True,,v32251,r97522,Merezco un final feliz,complete,True,,,,https://store.steampowered.com/app/2318390/,https://vndb.org/v32251
2175040,Loser's Romance,2022-10-27,2022-10,vndb_steam_release,True,False,VNDB_ONLY,True,,v39195,r97557,Loser's Romance,complete,True,,,,https://store.steampowered.com/app/2175040/,https://vndb.org/v39195
2195620,Ta Biye Le - Demo,2022-10-27,2022-10,vndb_steam_release,True,False,VNDB_ONLY,True,,v59573,r142519,Ta Biye Le,trial,True,,,,https://store.steampowered.com/app/2195620/,https://vndb.org/v59573
2721150,Seeds of Paradise,2022-10-28,2022-10,vndb_steam_release,True,False,VNDB_ONLY,True,,v39386,r97934,Seeds of Paradise,complete,True,,,,https://store.steampowered.com/app/2721150/,https://vndb.org/v39386
2173950,When the Night Comes: Living Dead Girl,2022-10-29,2022-10,vndb_steam_release,True,False,VNDB_ONLY,True,,v38599,r96502,When the Night Comes: Living Dead Girl,complete,True,,,,https://store.steampowered.com/app/2173950/,https://vndb.org/v38599
2197380,Gachimuchi de Dosukebe na Kateikyoushi no Onii-san to Sugosu Natsu - Trial Edition,2022-10-30,2022-10,vndb_steam_release,True,False,VNDB_ONLY,True,,v39001,r97819,Gachimuchi de Dosukebe na Kateikyoushi no Onii-san to Sugosu Natsu,trial,True,,,,https://store.steampowered.com/app/2197380/,https://vndb.org/v39001
1863670,Mystwood Manor,2022-10-30,2022-10,vndb_steam_release,True,False,VNDB_ONLY,True,,v48188,r115595,Mystwood Manor,complete,True,,,,https://store.steampowered.com/app/1863670/,https://vndb.org/v48188
2176560,Dreamland - Early Access,2022-10-31,2022-10,vndb_steam_release,True,False,VNDB_ONLY,True,,v39309,r121587,Dreamland,partial,True,,,,https://store.steampowered.com/app/2176560/,https://vndb.org/v39309
1610220,Zhainan de Renjian Maoxian: Shijie Zhishi Yizhi Zai Xuanzhuan,2022-10-31,2022-10,vndb_steam_release,True,False,VNDB_ONLY,True,,v61483,r122064,Zhainan de Renjian Maoxian: Shijie Zhishi Yizhi Zai Xuanzhuan,complete,True,,,,https://store.steampowered.com/app/1610220/,https://vndb.org/v61483
2139630,Iinari Sugiru Onna-tachi,2022-11-01,2022-11,vndb_steam_release,True,False,VNDB_ONLY,True,,v24878,r96940,Iinari Tsumairo ~Tomaranai Koshizukai~,partial,True,,,,https://store.steampowered.com/app/2139630/,https://vndb.org/v24878
2139650,Iinari Sugiru Onna-tachi - Hima o Moteamashite Iru Taikutsuna Danchi Tsuma Hen,2022-11-01,2022-11,vndb_steam_release,True,False,VNDB_ONLY,True,,v24878,r97776,Iinari Tsumairo ~Tomaranai Koshizukai~,partial,True,,,,https://store.steampowered.com/app/2139650/,https://vndb.org/v24878
2139651,Iinari Sugiru Onna-tachi - Kekkon o Ki ni Intaishita Moto Top AV Jou Hen,2022-11-01,2022-11,vndb_steam_release,True,False,VNDB_ONLY,True,,v24878,r97777,Iinari Tsumairo ~Tomaranai Koshizukai~,partial,True,,,,https://store.steampowered.com/app/2139651/,https://vndb.org/v24878
2139653,Iinari Sugiru Onna-tachi - Nerawareta Houman'na Nikutai o Motsu Buka no 20-dai Wakadzuma Hen,2022-11-01,2022-11,vndb_steam_release,True,False,VNDB_ONLY,True,,v24878,r97775,Iinari Tsumairo ~Tomaranai Koshizukai~,partial,True,,,,https://store.steampowered.com/app/2139653/,https://vndb.org/v24878
2139652,Iinari Sugiru Onna-tachi - Pheromone Zenkai Tsuma no Ikenai Tsumami Gui Hen,2022-11-01,2022-11,vndb_steam_release,True,False,VNDB_ONLY,True,,v24878,r97778,Iinari Tsumairo ~Tomaranai Koshizukai~,partial,True,,,,https://store.steampowered.com/app/2139652/,https://vndb.org/v24878
2058530,St. Yariman's Little Black Book ~Complete~ Censored Edition,2022-11-01,2022-11,vndb_steam_release,True,False,VNDB_ONLY,True,,v32157,r82747,Sei Yariman Gakuen Pakopako Nikki 2021,complete,True,,,,https://store.steampowered.com/app/2058530/,https://vndb.org/v32157
2146520,Love Spell: Aslan's Story,2022-11-02,2022-11,vndb_steam_release,True,False,VNDB_ONLY,True,,v38542,r96403,Love Spell: Aslan's Story,complete,True,,,,https://store.steampowered.com/app/2146520/,https://vndb.org/v38542
2150880,Shin'en no Yukar - Demo,2022-11-02,2022-11,vndb_steam_release,True,False,VNDB_ONLY,True,,v39593,r98416,Shin'en no Yukar,trial,True,,,,https://store.steampowered.com/app/2150880/,https://vndb.org/v39593
2188630,Dear Diary,2022-11-03,2022-11,vndb_steam_release,True,False,VNDB_ONLY,True,,v47019,r112900,Dear Diary,complete,True,,,,https://store.steampowered.com/app/2188630/,https://vndb.org/v47019
1398070,The Book of Bondmaids,2022-11-03,2022-11,vndb_steam_release,True,False,VNDB_ONLY,True,,v32342,r111171,The Book of Bondmaids,complete,True,,,,https://store.steampowered.com/app/1398070/,https://vndb.org/v32342
1838410,"The Book of Bondmaids - Cooks, Thieves, Wives and Lovers DLC",2022-11-03,2022-11,vndb_steam_release,True,False,VNDB_ONLY,True,,v32342,r111173,The Book of Bondmaids,partial,True,,,,https://store.steampowered.com/app/1838410/,https://vndb.org/v32342
2152940,Hypno Mama,2022-11-04,2022-11,vndb_steam_release,True,False,VNDB_ONLY,True,,v29399,r97255,Joushiki Kaihen! Bakunyuu Bosei Tomo Mama to Kozukuri Homestay! ~Donna Ero Hidoi Koto mo Ukeirete Kureru Boku Sen'you no Kozukuri Onaho Mama~,complete,True,,,,https://store.steampowered.com/app/2152940/,https://vndb.org/v29399
1994670,Neon Nights 2,2022-11-04,2022-11,vndb_steam_release,True,False,VNDB_ONLY,True,,v39823,r98687,Neon Nights 2,complete,True,,,,https://store.steampowered.com/app/1994670/,https://vndb.org/v39823
1875380,Shrine of Tails,2022-11-04,2022-11,vndb_steam_release,True,False,VNDB_ONLY,True,,v39487,r98079,Shrine of Tails,complete,True,,,,https://store.steampowered.com/app/1875380/,https://vndb.org/v39487
2201190,Futanari Sex - Locker Room Affair,2022-11-05,2022-11,vndb_steam_release,True,False,VNDB_ONLY,True,,v51354,r124329,Futanari Sex - Locker Room Affair,complete,True,,,,https://store.steampowered.com/app/2201190/,https://vndb.org/v51354
2012230,Demonheart: The Ice Demon - Voiced Demo,2022-11-06,2022-11,vndb_steam_release,True,False,VNDB_ONLY,True,,v33002,r98201,Demonheart: The Ice Demon,trial,True,,,,https://store.steampowered.com/app/2012230/,https://vndb.org/v33002
490270,Highway Blossoms: Next Exit,2022-11-07,2022-11,vndb_steam_release,True,False,VNDB_ONLY,True,,v26819,r99945,Highway Blossoms: Next Exit,complete,True,,,,https://store.steampowered.com/app/490270/,https://vndb.org/v26819
2142710,Emi - New Beginning,2022-11-08,2022-11,vndb_steam_release,True,False,VNDB_ONLY,True,,v39597,r98251,Emi - New Beginning,complete,True,,,,https://store.steampowered.com/app/2142710/,https://vndb.org/v39597
2204890,Motherless - Season 2: Chapter 16 DLC,2022-11-08,2022-11,vndb_steam_release,True,False,VNDB_ONLY,True,,v47689,r114560,Motherless,partial,True,,,,https://store.steampowered.com/app/2204890/,https://vndb.org/v47689
2738730,Video Call Sex w/ Micah Yujin,2022-11-08,2022-11,vndb_steam_release,True,False,VNDB_ONLY,True,,v39546,r98161,Video Call Sex w/ Micah Yujin,complete,True,,,,https://store.steampowered.com/app/2738730/,https://vndb.org/v39546
2242350,Diffraction - Full Demo,2022-11-10,2022-11,vndb_steam_release,True,False,VNDB_ONLY,True,,v36792,r98358,Diffraction,trial,True,,,,https://store.steampowered.com/app/2242350/,https://vndb.org/v36792
2188640,Lustful Assistant,2022-11-10,2022-11,vndb_steam_release,True,False,VNDB_ONLY,True,,v67729,r162548,Lustful Assistant,complete,True,,,,https://store.steampowered.com/app/2188640/,https://vndb.org/v67729
2190160,Mizen Tantei: The Protea Cases,2022-11-10,2022-11,vndb_steam_release,True,False,VNDB_ONLY,True,,v37108,r97558,Mizen Tantei: The Protea Cases,complete,True,,,,https://store.steampowered.com/app/2190160/,https://vndb.org/v37108
2201240,Sex Adventures - The Naughty Maid,2022-11-10,2022-11,vndb_steam_release,True,False,VNDB_ONLY,True,,v50987,r123472,Sex Adventures - The Naughty Maid,complete,True,,,,https://store.steampowered.com/app/2201240/,https://vndb.org/v50987
2184910,The Widow's Boutique - Demo,2022-11-10,2022-11,vndb_steam_release,True,False,VNDB_ONLY,True,,v39630,r98325,Fru Sems valg,trial,True,,,,https://store.steampowered.com/app/2184910/,https://vndb.org/v39630
2138010,A Clockwork Ley-Line: Flowers Falling in the Morning Mist - Censored Edition,2022-11-11,2022-11,vndb_steam_release,True,False,VNDB_ONLY,True,,v16212,r50475,Tokeijikake no Ley Line -Asagiri ni Chiru Hana-,complete,True,,,,https://store.steampowered.com/app/2138010/,https://vndb.org/v16212
2126820,Kuzhu Jiuzhu Zhongxin I - Patch,2022-11-11,2022-11,vndb_steam_release,True,False,VNDB_ONLY,True,,v41641,r107138,Kuzhu Jiuzhu Zhongxin I,complete,True,,,,https://store.steampowered.com/app/2126820/,https://vndb.org/v41641
2152070,My Girlfriend is a Futanari,2022-11-11,2022-11,vndb_steam_release,True,False,VNDB_ONLY,True,,v39069,r97369,My Girlfriend is a Futanari,complete,True,,,,https://store.steampowered.com/app/2152070/,https://vndb.org/v39069
2155880,Particles of Reality - Demo,2022-11-12,2022-11,vndb_steam_release,True,False,VNDB_ONLY,True,,v42936,r104182,Particles of Reality,trial,True,,,,https://store.steampowered.com/app/2155880/,https://vndb.org/v42936
2108290,Jingling zhi Ren -Yong Huaiyun Zhengfu Suoyou Aoman de Jingling-,2022-11-16,2022-11,vndb_steam_release,True,False,VNDB_ONLY,True,,v48587,r116816,Jingling zhi Ren -Yong Huaiyun Zhengfu Suoyou Aoman de Jingling-,complete,True,,,,https://store.steampowered.com/app/2108290/,https://vndb.org/v48587
1632750,Her Heart's Desire: A Landlord Epic,2022-11-17,2022-11,vndb_steam_release,True,False,VNDB_ONLY,True,,v47101,r113116,Her Heart's Desire: A Landlord Epic,complete,True,,,,https://store.steampowered.com/app/1632750/,https://vndb.org/v47101
2203770,Sex Teacher,2022-11-18,2022-11,vndb_steam_release,True,False,VNDB_ONLY,True,,v67731,r162551,Sex Teacher,complete,True,,,,https://store.steampowered.com/app/2203770/,https://vndb.org/v67731
2225760,Silence of Switchblade - Trial Edition - Download Edition,2022-11-18,2022-11,vndb_steam_release,True,False,VNDB_ONLY,True,,v37897,r99562,Dance by the River,trial,True,,,,https://store.steampowered.com/app/2225760/,https://vndb.org/v37897
1809740,FurstDate: A Furry Dating Simulator 🐾,2022-11-19,2022-11,vndb_steam_release,True,False,VNDB_ONLY,True,,v39842,r98737,FurstDate,complete,True,,,,https://store.steampowered.com/app/1809740/,https://vndb.org/v39842
1984750,My Furry Maid - 18+ Adult Only Patch 🐾,2022-11-19,2022-11,vndb_steam_release,True,False,VNDB_ONLY,True,,v35414,r105010,My Furry Maid 🐾,complete,True,,,,https://store.steampowered.com/app/1984750/,https://vndb.org/v35414
2218800,Sex Adventures - Kinky Bondage,2022-11-20,2022-11,vndb_steam_release,True,False,VNDB_ONLY,True,,v50897,r123265,Sex Adventures - Kinky Bondage,complete,True,,,,https://store.steampowered.com/app/2218800/,https://vndb.org/v50897
2244100,Stolen Wife ~Cucked On A Hot Spring Company Trip~,2022-11-22,2022-11,vndb_steam_release,True,False,VNDB_ONLY,True,,v23000,r98897,Ubawarezuma ~Kan'ochi Onsen Shain Ryokou~,complete,True,,,,https://store.steampowered.com/app/2244100/,https://vndb.org/v23000
2199230,The Winter Tower,2022-11-22,2022-11,vndb_steam_release,True,False,VNDB_ONLY,True,,v39899,r98858,The Winter Tower,complete,True,,,,https://store.steampowered.com/app/2199230/,https://vndb.org/v39899
2210910,The Winter Tower Fan Pack,2022-11-22,2022-11,vndb_steam_release,True,False,VNDB_ONLY,True,,v39899,r98859,The Winter Tower,complete,True,,,,https://store.steampowered.com/app/2210910/,https://vndb.org/v39899
2217110,Bu Shuangxiu Jiu Qushi - Demo,2022-11-23,2022-11,vndb_steam_release,True,False,VNDB_ONLY,True,,v49494,r158105,Bu Shuangxiu Jiu Qushi,trial,True,,,,https://store.steampowered.com/app/2217110/,https://vndb.org/v49494
2203780,Alien,2022-11-25,2022-11,vndb_steam_release,True,False,VNDB_ONLY,True,,v67733,r162552,Alien,complete,True,,,,https://store.steampowered.com/app/2203780/,https://vndb.org/v67733
2315830,Hitozuma Gakuen ~Itonami Shidou de Choukyou !? Hameochi Suru Seijunzuma~ DL Edition -  Regular Edition,2022-11-25,2022-11,vndb_steam_release,True,False,VNDB_ONLY,True,,v38021,r98988,Hitozuma Gakuen ~Itonami Shidou de Choukyou !? Hameochi Suru Seijunzuma~,complete,True,,,,https://store.steampowered.com/app/2315830/,https://vndb.org/v38021
2217980,Sex Adventures - Cuckold Gym,2022-11-26,2022-11,vndb_steam_release,True,False,VNDB_ONLY,True,,v45689,r109891,Sex Adventures - Cuckold Gym,complete,True,,,,https://store.steampowered.com/app/2217980/,https://vndb.org/v45689
2209880,Nightmare Inside,2022-11-28,2022-11,vndb_steam_release,True,False,VNDB_ONLY,True,,v40137,r99239,Nightmare Inside,complete,True,,,,https://store.steampowered.com/app/2209880/,https://vndb.org/v40137
2648870,Courtin' Cowboys,2022-11-29,2022-11,vndb_steam_release,True,False,VNDB_ONLY,True,,v40847,r100593,Courtin' Cowboys,complete,True,,,,https://store.steampowered.com/app/2648870/,https://vndb.org/v40847
2074320,My Stepsis is a Futanari 2,2022-11-29,2022-11,vndb_steam_release,True,False,VNDB_ONLY,True,,v39775,r98554,My Stepsis is a Futanari 2,complete,True,,,,https://store.steampowered.com/app/2074320/,https://vndb.org/v39775
1968610,Adrianne & Oliver,2022-12-01,2022-12,vndb_steam_release,True,False,VNDB_ONLY,True,,v51879,r125473,Adrianne & Oliver,complete,True,,,,https://store.steampowered.com/app/1968610/,https://vndb.org/v51879
2076510,Dorm Days,2022-12-01,2022-12,vndb_steam_release,True,False,VNDB_ONLY,True,,v47944,r115164,Dorm Days,complete,True,,,,https://store.steampowered.com/app/2076510/,https://vndb.org/v47944
1793800,Lilian☆Night Succubus no Senzoku Keiyaku,2022-12-01,2022-12,vndb_steam_release,True,False,VNDB_ONLY,True,,v44310,r106944;r106945,Lilian☆Night Succubus no Senzoku Keiyaku,complete;trial,True,,,,https://store.steampowered.com/app/1793800/,https://vndb.org/v44310
2270320,My Gym Mommy Treats Me Like A Kid,2022-12-01,2022-12,vndb_steam_release,True,False,VNDB_ONLY,True,,v40202,r99374,My Gym Mommy Treats Me Like A Kid,complete,True,,,,https://store.steampowered.com/app/2270320/,https://vndb.org/v40202
2194510,Retired Hero Gets Slaves,2022-12-01,2022-12,vndb_steam_release,True,False,VNDB_ONLY,True,,v39612,r98282,Retired Hero Gets Slaves,complete,True,,,,https://store.steampowered.com/app/2194510/,https://vndb.org/v39612
2025790,Sweetest Monster Refrain,2022-12-01,2022-12,vndb_steam_release,True,False,VNDB_ONLY,True,,v36965,r93428,Sweetest Monster Refrain,complete,True,,,,https://store.steampowered.com/app/2025790/,https://vndb.org/v36965
2174780,Fire of Life: New Day,2022-12-02,2022-12,vndb_steam_release,True,False,VNDB_ONLY,True,,v40295,r99511,Fire of Life: New Day,partial,True,,,,https://store.steampowered.com/app/2174780/,https://vndb.org/v40295
2204930,Fire of Life: New Day Demo,2022-12-02,2022-12,vndb_steam_release,True,False,VNDB_ONLY,True,,v40295,r99512,Fire of Life: New Day,trial,True,,,,https://store.steampowered.com/app/2204930/,https://vndb.org/v40295
2237910,Helping the Hotties - Demo Version,2022-12-02,2022-12,vndb_steam_release,True,False,VNDB_ONLY,True,,v34247,r112467,Helping the Hotties,trial,True,,,,https://store.steampowered.com/app/2237910/,https://vndb.org/v34247
2203790,Sexy Blonde,2022-12-02,2022-12,vndb_steam_release,True,False,VNDB_ONLY,True,,v67735,r162556,Sexy Blonde,complete,True,,,,https://store.steampowered.com/app/2203790/,https://vndb.org/v67735
2212600,Town Girls v0.5.0.3,2022-12-05,2022-12,vndb_steam_release,True,False,VNDB_ONLY,True,,v53361,r128789,Town Girls,partial,True,,,,https://store.steampowered.com/app/2212600/,https://vndb.org/v53361
1924680,Mu Niang Tiaojiao,2022-12-06,2022-12,vndb_steam_release,True,False,VNDB_ONLY,True,,v34199,r87970,Mu Niang Tiaojiao,complete,True,,,,https://store.steampowered.com/app/1924680/,https://vndb.org/v34199
2232810,Sex Adventures - Swingers Cabin,2022-12-06,2022-12,vndb_steam_release,True,False,VNDB_ONLY,True,,v50914,r123327,Sex Adventures - Swingers Cabin,complete,True,,,,https://store.steampowered.com/app/2232810/,https://vndb.org/v50914
1932400,Heavenly Heroes of Antidomi - Censored Edition,2022-12-07,2022-12,vndb_steam_release,True,False,VNDB_ONLY,True,,v52494,r135036,Jingu Hime Hiro Antidomi,complete,True,,,,https://store.steampowered.com/app/1932400/,https://vndb.org/v52494
2208060,Seaberry Holiday,2022-12-07,2022-12,vndb_steam_release,True,False,VNDB_ONLY,True,,v40586,r99971,Seaberry Holiday,complete,True,,,,https://store.steampowered.com/app/2208060/,https://vndb.org/v40586
2219420,Tenebrae - Demo,2022-12-07,2022-12,vndb_steam_release,True,False,VNDB_ONLY,True,,v43875,r105834,Tenebrae,trial,True,,,,https://store.steampowered.com/app/2219420/,https://vndb.org/v43875
2152080,Futanari of the Apocalypse,2022-12-08,2022-12,vndb_steam_release,True,False,VNDB_ONLY,True,,v39871,r98799,Futanari of the Apocalypse,complete,True,,,,https://store.steampowered.com/app/2152080/,https://vndb.org/v39871
1754860,Inside Jennifer,2022-12-08,2022-12,vndb_steam_release,True,False,VNDB_ONLY,True,,v31046,r106068,Inside Jennifer,complete,True,,,,https://store.steampowered.com/app/1754860/,https://vndb.org/v31046
2229020,Ni de Yi shijie Hougong,2022-12-08,2022-12,vndb_steam_release,True,False,VNDB_ONLY,True,,v40533,r99878,Ni de Yi shijie Hougong,complete,True,,,,https://store.steampowered.com/app/2229020/,https://vndb.org/v40533
2164760,Touchdown Girls,2022-12-08,2022-12,vndb_steam_release,True,False,VNDB_ONLY,True,,v40482,r99757,Touchdown Girls,complete,True,,,,https://store.steampowered.com/app/2164760/,https://vndb.org/v40482
2543010,Withering Flowers - Demo,2022-12-08,2022-12,vndb_steam_release,True,False,VNDB_ONLY,True,,v40550,r99901,Withering Flowers,trial,True,,,,https://store.steampowered.com/app/2543010/,https://vndb.org/v40550
2159300,Aromat,2022-12-09,2022-12,vndb_steam_release,True,False,VNDB_ONLY,True,,v35968,r135317;r98281,Aromat,complete,True,,,,https://store.steampowered.com/app/2159300/,https://vndb.org/v35968
2222370,Knocking Up my Nympho Neighbors,2022-12-09,2022-12,vndb_steam_release,True,False,VNDB_ONLY,True,,v28080,r99080,Ecchi na Onee-san Bakari no Ryou no Kanrinin ni Nattara Tanetsuke Sex ga Tomaranai,complete,True,,,,https://store.steampowered.com/app/2222370/,https://vndb.org/v28080
2208180,To Be or Not to Be-Patch,2022-12-09,2022-12,vndb_steam_release,True,False,VNDB_ONLY,True,,v49494,r119451,Bu Shuangxiu Jiu Qushi,complete,True,,,,https://store.steampowered.com/app/2208180/,https://vndb.org/v49494
2214330,Cloudy Days - Demo,2022-12-11,2022-12,vndb_steam_release,True,False,VNDB_ONLY,True,,v37890,r100173,Cloudy Days,trial,True,,,,https://store.steampowered.com/app/2214330/,https://vndb.org/v37890
2244930,Sex Adventures - Hot Sauna,2022-12-11,2022-12,vndb_steam_release,True,False,VNDB_ONLY,True,,v50913,r123326,Sex Adventures - Hot Sauna,complete,True,,,,https://store.steampowered.com/app/2244930/,https://vndb.org/v50913
2239920,BACCHANALIA - Demo,2022-12-12,2022-12,vndb_steam_release,True,False,VNDB_ONLY,True,,v39804,r100311,Bacchus de Qingdian,trial,True,,,,https://store.steampowered.com/app/2239920/,https://vndb.org/v39804
1067210,The Language of Love - Adult Patch,2022-12-12,2022-12,vndb_steam_release,True,False,VNDB_ONLY,True,,v25832,r157528,The Language of Love,complete,True,,,,https://store.steampowered.com/app/1067210/,https://vndb.org/v25832
2241140,Welcome to Free Will - Episode 3,2022-12-12,2022-12,vndb_steam_release,True,False,VNDB_ONLY,True,,v32286,r107899,Welcome to Free Will,partial,True,,,,https://store.steampowered.com/app/2241140/,https://vndb.org/v32286
2203800,Bad Santa,2022-12-13,2022-12,vndb_steam_release,True,False,VNDB_ONLY,True,,v67736,r162557,Bad Santa,complete,True,,,,https://store.steampowered.com/app/2203800/,https://vndb.org/v67736
2205180,Looking Up I See Only A Ceiling Demo,2022-12-13,2022-12,vndb_steam_release,True,False,VNDB_ONLY,True,,v44312,r128232;r130308;r130309;r130310;r130311;r130312;r130313;r130314;r130315;r130316;r130317;r130318;r130319;r130320;r130321,Looking Up I See Only A Ceiling,trial,True,,,,https://store.steampowered.com/app/2205180/,https://vndb.org/v44312
2247870,I Did Not Buy This Ticket - Demo,2022-12-14,2022-12,vndb_steam_release,True,False,VNDB_ONLY,True,,v43981,r106055,I Did Not Buy This Ticket,trial,True,,,,https://store.steampowered.com/app/2247870/,https://vndb.org/v43981
2152100,Big Bad Futanari Wolf,2022-12-15,2022-12,vndb_steam_release,True,False,VNDB_ONLY,True,,v40211,r99392,Big Bad Futanari Wolf,complete,True,,,,https://store.steampowered.com/app/2152100/,https://vndb.org/v40211
2232260,Daring Detectives - A new life!,2022-12-15,2022-12,vndb_steam_release,True,False,VNDB_ONLY,True,,v48626,r116873,Daring Detectives - A new life!,complete,True,,,,https://store.steampowered.com/app/2232260/,https://vndb.org/v48626
3643540,Divergence: Beyond The Singularity: Part 2 (Chapter 23),2022-12-15,2022-12,vndb_steam_release,True,False,VNDB_ONLY,True,,v28478,r92017,Divergence: Beyond The Singularity,partial,True,,,,https://store.steampowered.com/app/3643540/,https://vndb.org/v28478
2083060,Furry Femmes: Making an Obedient Bitch,2022-12-15,2022-12,vndb_steam_release,True,False,VNDB_ONLY,True,,v40166,r99295,Furry Femmes: Making an Obedient Bitch,complete,True,,,,https://store.steampowered.com/app/2083060/,https://vndb.org/v40166
1887630,LIP! Lewd Idol Project Vol. 2,2022-12-15,2022-12,vndb_steam_release,True,False,VNDB_ONLY,True,,v33647,r86700,LIP! Lewd Idol Project Vol. 2,complete,True,,,,https://store.steampowered.com/app/1887630/,https://vndb.org/v33647
2231960,Lustful Vampire,2022-12-15,2022-12,vndb_steam_release,True,False,VNDB_ONLY,True,,v67737,r162558,Lustful Vampire,complete,True,,,,https://store.steampowered.com/app/2231960/,https://vndb.org/v67737
2071520,My Pleasure - Season 1,2022-12-15,2022-12,vndb_steam_release,True,False,VNDB_ONLY,True,,v27984,r99972,My Pleasure,partial,True,,,,https://store.steampowered.com/app/2071520/,https://vndb.org/v27984
2401460,Tamas Awakening,2022-12-15,2022-12,vndb_steam_release,True,False,VNDB_ONLY,True,,v28950,r73712,Tamas Awakening,complete,True,,,,https://store.steampowered.com/app/2401460/,https://vndb.org/v28950
2212700,The Book of Bondmaids - Tales DLC,2022-12-15,2022-12,vndb_steam_release,True,False,VNDB_ONLY,True,,v32342,r111138,The Book of Bondmaids,partial,True,,,,https://store.steampowered.com/app/2212700/,https://vndb.org/v32342
1515710,Anna: The Series Test - Early Access (Phase 4),2022-12-16,2022-12,vndb_steam_release,True,False,VNDB_ONLY,True,,v31084,r79660,Anna: The Series Test,partial,True,,,,https://store.steampowered.com/app/1515710/,https://vndb.org/v31084
2064080,BOMJTOWN,2022-12-16,2022-12,vndb_steam_release,True,False,VNDB_ONLY,True,,v40695,r100332,BOMZHTOWN,complete,True,,,,https://store.steampowered.com/app/2064080/,https://vndb.org/v40695
2194000,Fates: Determination,2022-12-16,2022-12,vndb_steam_release,True,False,VNDB_ONLY,True,,v35177,r89804,Fates: Determination,complete,True,,,,https://store.steampowered.com/app/2194000/,https://vndb.org/v35177
2232780,First Sexy Night 2: Second Date,2022-12-16,2022-12,vndb_steam_release,True,False,VNDB_ONLY,True,,v40025,r99079,First Sexy Night 2: Second Date,complete,True,,,,https://store.steampowered.com/app/2232780/,https://vndb.org/v40025
2235800,Futapunk 2069,2022-12-16,2022-12,vndb_steam_release,True,False,VNDB_ONLY,True,,v40677,r100267,Futapunk 2069,complete,True,,,,https://store.steampowered.com/app/2235800/,https://vndb.org/v40677
2236610,Glass Heart - Demo,2022-12-16,2022-12,vndb_steam_release,True,False,VNDB_ONLY,True,,v42416,r103254,Glass Heart,trial,True,,,,https://store.steampowered.com/app/2236610/,https://vndb.org/v42416
2093850,Knocking up my brother's wife: My sister-in-law can't resist my seed,2022-12-16,2022-12,vndb_steam_release,True,False,VNDB_ONLY,True,,v32175,r95683,Aniyome ni Tanezuke Haramase ~Gishi wa Ore no Kodane o Kobamenai~,complete,True,,,,https://store.steampowered.com/app/2093850/,https://vndb.org/v32175
2245960,Sex Adventures - Swingers Resort,2022-12-16,2022-12,vndb_steam_release,True,False,VNDB_ONLY,True,,v50980,r123461,Sex Adventures - Swingers Resort,complete,True,,,,https://store.steampowered.com/app/2245960/,https://vndb.org/v50980
2235690,Crochet Cavalcade,2022-12-17,2022-12,vndb_steam_release,True,False,VNDB_ONLY,True,,v40722,r100406,Crochet Cavalcade,complete,True,,,,https://store.steampowered.com/app/2235690/,https://vndb.org/v40722
2235250,Crystal Winter,2022-12-17,2022-12,vndb_steam_release,True,False,VNDB_ONLY,True,,v33803,r100412,Winter With You,complete,True,,,,https://store.steampowered.com/app/2235250/,https://vndb.org/v33803
1330420,Some Some Pyeonuijeom / Adela After Story,2022-12-19,2022-12,vndb_steam_release,True,False,VNDB_ONLY,True,,v27704,r122967,Some Some Pyeonuijeom,partial,True,,,,https://store.steampowered.com/app/1330420/,https://vndb.org/v27704
1446770,Some Some Pyeonuijeom / Bang Yena After Story,2022-12-19,2022-12,vndb_steam_release,True,False,VNDB_ONLY,True,,v27704,r122968,Some Some Pyeonuijeom,partial,True,,,,https://store.steampowered.com/app/1446770/,https://vndb.org/v27704
1580760,Some Some Pyeonuijeom / Pyeon Soohee After Story,2022-12-19,2022-12,vndb_steam_release,True,False,VNDB_ONLY,True,,v27704,r122969,Some Some Pyeonuijeom,partial,True,,,,https://store.steampowered.com/app/1580760/,https://vndb.org/v27704
2252400,Detective Rosie Morgan: Death at a Dinner Party - 18+ DLC,2022-12-20,2022-12,vndb_steam_release,True,False,VNDB_ONLY,True,,v40297,r100494,Detective Rosie Morgan: Death at a Dinner Party,complete,True,,,,https://store.steampowered.com/app/2252400/,https://vndb.org/v40297
2222890,Hitozuma Nurse no Inraku Karte,2022-12-20,2022-12,vndb_steam_release,True,False,VNDB_ONLY,True,,v4120,r100495,Hitozuma Nurse no Inraku Karte,complete,True,,,,https://store.steampowered.com/app/2222890/,https://vndb.org/v4120
2222870,"Joushi no Tsuma wa, Motokano Deshita ~Iyagari nagara mo, Makura Eigyou ni Oborete Iku After 5~",2022-12-20,2022-12,vndb_steam_release,True,False,VNDB_ONLY,True,,v14825,r100497,"Joushi no Tsuma wa, Motokano Deshita ~Iyagari nagara mo, Makura Eigyou ni Oborete Iku After 5~",complete,True,,,,https://store.steampowered.com/app/2222870/,https://vndb.org/v14825
2231970,Sex on the Beach,2022-12-20,2022-12,vndb_steam_release,True,False,VNDB_ONLY,True,,v67739,r162561,Sex on the Beach,complete,True,,,,https://store.steampowered.com/app/2231970/,https://vndb.org/v67739
2222860,Yome no Imouto to no In'ai ~Tsuma ni Kakurete Majiwaru Otto to Gimai~,2022-12-20,2022-12,vndb_steam_release,True,False,VNDB_ONLY,True,,v8310,r100510,Yome no Imouto to no In'ai ~Tsuma ni Kakurete Majiwaru Otto to Gimai~,complete,True,,,,https://store.steampowered.com/app/2222860/,https://vndb.org/v8310
2234700,"Den', kotoryj zabral tebja - Demo",2022-12-21,2022-12,vndb_steam_release,True,False,VNDB_ONLY,True,,v49051,r118068,"Den', kotoryj zabral tebja",trial,True,,,,https://store.steampowered.com/app/2234700/,https://vndb.org/v49051
2211450,Love's Crescendo - Demo,2022-12-21,2022-12,vndb_steam_release,True,False,VNDB_ONLY,True,,v40837,r100576,Love's Crescendo,trial,True,,,,https://store.steampowered.com/app/2211450/,https://vndb.org/v40837
2282850,SuccuSeka ~Yuuwaku ni Makenaide: Succubus ni Kanri Sareta Sekai de~ - Global Deluxe DLC,2022-12-21,2022-12,vndb_steam_release,True,False,VNDB_ONLY,True,,v31007,r100551,SuccuSeka ~Yuuwaku ni Makenaide: Succubus ni Kanri Sareta Sekai de~,complete,True,,,,https://store.steampowered.com/app/2282850/,https://vndb.org/v31007
2274460,SuccuSeka ~Yuuwaku ni Makenaide: Succubus ni Kanri Sareta Sekai de~ - Global Version,2022-12-21,2022-12,vndb_steam_release,True,False,VNDB_ONLY,True,,v31007,r100550,SuccuSeka ~Yuuwaku ni Makenaide: Succubus ni Kanri Sareta Sekai de~,complete,True,,,,https://store.steampowered.com/app/2274460/,https://vndb.org/v31007
2137190,Harami Oni ~Kichiku Igyou ni Juurin Sareru Kyonyuu Oni Musume~,2022-12-22,2022-12,vndb_steam_release,True,False,VNDB_ONLY,True,,v26547,r98980,Harami Oni ~Kichiku Igyou ni Juurin Sareru Kyonyuu Oni Musume~,complete,True,,,,https://store.steampowered.com/app/2137190/,https://vndb.org/v26547
2201420,Lust Colony,2022-12-22,2022-12,vndb_steam_release,True,False,VNDB_ONLY,True,,v40196,r99360,Lust Colony,complete,True,,,,https://store.steampowered.com/app/2201420/,https://vndb.org/v40196
2224230,Iinari Sugiru Onna-tachi - Shoutengai no Sakaya no Tsuma Hen,2022-12-23,2022-12,vndb_steam_release,True,False,VNDB_ONLY,True,,v24878,r100789,Iinari Tsumairo ~Tomaranai Koshizukai~,partial,True,,,,https://store.steampowered.com/app/2224230/,https://vndb.org/v24878
2111710,The older chick said to be a dom is actually a sub!? I took her home and trained her!,2022-12-23,2022-12,vndb_steam_release,True,False,VNDB_ONLY,True,,v32318,r96577,"Do S to Hyouban no Toshiue Kanojo wa, Igai ni Do M Deshita ~Omochikaeri de Choukyou Shitemimashita~",complete,True,,,,https://store.steampowered.com/app/2111710/,https://vndb.org/v32318
1160950,Star Alliance,2022-12-24,2022-12,vndb_steam_release,True,False,VNDB_ONLY,True,,v34736,r122871,Yomi Alliance,complete,True,,,,https://store.steampowered.com/app/1160950/,https://vndb.org/v34736
2495960,The Divine Speaker: A Bounty Hunter's First Christmas,2022-12-24,2022-12,vndb_steam_release,True,False,VNDB_ONLY,True,,v45500,r109559,The Divine Speaker: A Bounty Hunter's First Christmas,complete,True,,,,https://store.steampowered.com/app/2495960/,https://vndb.org/v45500
2257900,When All Guys Turned into Girls,2022-12-25,2022-12,vndb_steam_release,True,False,VNDB_ONLY,True,,v41050,r100955,When All Guys Turned into Girls,complete,True,,,,https://store.steampowered.com/app/2257900/,https://vndb.org/v41050
2245410,Er Fen Zhi Yi - Trial Edition,2022-12-27,2022-12,vndb_steam_release,True,False,VNDB_ONLY,True,,v36064,r101222,Er Fen Zhi Yi,trial,True,,,,https://store.steampowered.com/app/2245410/,https://vndb.org/v36064
2261470,Motherless - Season 3,2022-12-27,2022-12,vndb_steam_release,True,False,VNDB_ONLY,True,,v47689,r114561,Motherless,partial,True,,,,https://store.steampowered.com/app/2261470/,https://vndb.org/v47689
2449820,My GF doesn't know what I'm into v2.2,2022-12-27,2022-12,vndb_steam_release,True,False,VNDB_ONLY,True,,v32148,r106954,My GF doesn't know what I'm into,complete,True,,,,https://store.steampowered.com/app/2449820/,https://vndb.org/v32148
2246300,No More Money - Season 1,2022-12-27,2022-12,vndb_steam_release,True,False,VNDB_ONLY,True,,v41172,r101121,No More Money,partial,True,,,,https://store.steampowered.com/app/2246300/,https://vndb.org/v41172
2247390,No More Money - Season 2,2022-12-27,2022-12,vndb_steam_release,True,False,VNDB_ONLY,True,,v41172,r101122,No More Money,partial,True,,,,https://store.steampowered.com/app/2247390/,https://vndb.org/v41172
2325260,Clash: Blue Mirage - Demo,2022-12-31,2022-12,vndb_steam_release,True,False,VNDB_ONLY,True,,v41592,r101724,Clash: Blue Mirage,trial,True,,,,https://store.steampowered.com/app/2325260/,https://vndb.org/v41592
1909880,Saikoro Psycho - Seventh Heaven -,2022-12-31,2022-12,vndb_steam_release,True,False,VNDB_ONLY,True,,v29067,r98800,Saikoro Psycho,complete,True,,,,https://store.steampowered.com/app/1909880/,https://vndb.org/v29067
2198000,Curt Maddox - Demo,2023-01-01,2023-01,vndb_steam_release,True,False,VNDB_ONLY,True,,v51884,r125480,Curt Maddox,trial,True,,,,https://store.steampowered.com/app/2198000/,https://vndb.org/v51884
4008890,Lost Lune ~ the foreign god's eternal night - Demo,2023-01-01,2023-01,vndb_steam_release,True,False,VNDB_ONLY,True,,v41465,r101537,Lost Lune ~ the foreign god's eternal night,trial,True,,,,https://store.steampowered.com/app/4008890/,https://vndb.org/v41465
2256540,Beneath Her Starry Sky - Demo Version,2023-01-04,2023-01,vndb_steam_release,True,False,VNDB_ONLY,True,,v41727,r112671,Beneath Her Starry Sky,trial,True,,,,https://store.steampowered.com/app/2256540/,https://vndb.org/v41727
2220050,Wo Zai Zhongdian Xian Deng Ni - Demo,2023-01-06,2023-01,vndb_steam_release,True,False,VNDB_ONLY,True,,v41645,r101805,Wo Zai Zhongdian Xian Deng Ni,trial,True,,,,https://store.steampowered.com/app/2220050/,https://vndb.org/v41645
2615760,Bewitching Sinners - Demo,2023-01-07,2023-01,vndb_steam_release,True,False,VNDB_ONLY,True,,v41700,r101886,Bewitching Sinners,trial,True,,,,https://store.steampowered.com/app/2615760/,https://vndb.org/v41700
1955020,Furry Finder - Demo,2023-01-07,2023-01,vndb_steam_release,True,False,VNDB_ONLY,True,,v41856,r102155,Furry Finder,trial,True,,,,https://store.steampowered.com/app/1955020/,https://vndb.org/v41856
2256780,Gachi: Christmas Party 🎄,2023-01-07,2023-01,vndb_steam_release,True,False,VNDB_ONLY,True,,v42293,r103025,Gachi: Christmas Party 🎄,complete,True,,,,https://store.steampowered.com/app/2256780/,https://vndb.org/v42293
2148230,E-GIRL Next Door: Exposed,2023-01-08,2023-01,vndb_steam_release,True,False,VNDB_ONLY,True,,v38832,r96902,E-GIRL Next Door: Exposed,complete,True,,,,https://store.steampowered.com/app/2148230/,https://vndb.org/v38832
2674880,Omurice Next Time - Demo,2023-01-08,2023-01,vndb_steam_release,True,False,VNDB_ONLY,True,,v47924,r115104,Omurice Next Time,trial,True,,,,https://store.steampowered.com/app/2674880/,https://vndb.org/v47924
1870310,Doomsday Robot Girl,2023-01-10,2023-01,vndb_steam_release,True,False,VNDB_ONLY,True,,v49445,r119423,Doomsday Robot Girl,complete,True,,,,https://store.steampowered.com/app/1870310/,https://vndb.org/v49445
1938630,Lucie Adult Game HD,2023-01-10,2023-01,vndb_steam_release,True,False,VNDB_ONLY,True,,v33783,r97172,Lucie: Adult Game,complete,True,,,,https://store.steampowered.com/app/1938630/,https://vndb.org/v33783
2183180,Bākè sī de qìngdiǎn,2023-01-11,2023-01,vndb_steam_release,True,False,VNDB_ONLY,True,,v39804,r98642,Bacchus de Qingdian,partial,True,,,,https://store.steampowered.com/app/2183180/,https://vndb.org/v39804
2255420,Kinky Cosplay: Gyarus Gone Wild,2023-01-13,2023-01,vndb_steam_release,True,False,VNDB_ONLY,True,,v38152,r101535,Kimomen demo Kyokon nara Gyaru-tachi o Cosplay Haramase Onaho ni Dekiru!,complete,True,,,,https://store.steampowered.com/app/2255420/,https://vndb.org/v38152
2205390,Saint Ceri - Extended Demo,2023-01-13,2023-01,vndb_steam_release,True,False,VNDB_ONLY,True,,v37904,r102322,Saint Ceri,trial,True,,,,https://store.steampowered.com/app/2205390/,https://vndb.org/v37904
2005130,Jibchag-ui Mangja - Jib-eulobuteoui Talchul - Visual edition,2023-01-17,2023-01,vndb_steam_release,True,False,VNDB_ONLY,True,,v40198,r102571,Jibchag-ui Mangja - Jib-eulobuteoui Talchul,complete,True,,,,https://store.steampowered.com/app/2005130/,https://vndb.org/v40198
2276250,Ling Sui de Xingguang - Demo,2023-01-17,2023-01,vndb_steam_release,True,False,VNDB_ONLY,True,,v41945,r105774,Ling Sui de Xingguang,trial,True,,,,https://store.steampowered.com/app/2276250/,https://vndb.org/v41945
2279350,Sex Adventures - Love Yacht,2023-01-17,2023-01,vndb_steam_release,True,False,VNDB_ONLY,True,,v50986,r123471,Sex Adventures - Love Yacht,complete,True,,,,https://store.steampowered.com/app/2279350/,https://vndb.org/v50986
2078290,Queen Beast,2023-01-19,2023-01,vndb_steam_release,True,False,VNDB_ONLY,True,,v40472,r102615;r144477;r145531,Queen Beast,complete,True,,,,https://store.steampowered.com/app/2078290/,https://vndb.org/v40472
2261370,Monstrous Love - Demo,2023-01-20,2023-01,vndb_steam_release,True,False,VNDB_ONLY,True,,v42565,r103523,Monstrous Love,trial,True,,,,https://store.steampowered.com/app/2261370/,https://vndb.org/v42565
2244150,Tristia: Restore,2023-01-20,2023-01,vndb_steam_release,True,False,VNDB_ONLY,True,,v38314,r102622,Tristia: Restore,complete,True,,,,https://store.steampowered.com/app/2244150/,https://vndb.org/v38314
2245090,Cuckold Life Simulator 😳🔞,2023-01-21,2023-01,vndb_steam_release,True,False,VNDB_ONLY,True,,v42294,r103026,Cuckold Life Simulator 😳🔞,complete,True,,,,https://store.steampowered.com/app/2245090/,https://vndb.org/v42294
2288490,[Trial Edition] Apathy - Gakkou de Atta Kowai Hanashi - Kiwame,2023-01-21,2023-01,vndb_steam_release,True,False,VNDB_ONLY,True,,v34143,r103744,Apathy - Gakkou de Atta Kowai Hanashi - Kiwame,trial,True,,,,https://store.steampowered.com/app/2288490/,https://vndb.org/v34143
2275950,Pretty Overseer - Demo,2023-01-23,2023-01,vndb_steam_release,True,False,VNDB_ONLY,True,,v46923,r112630,Pretty Overseer,trial,True,,,,https://store.steampowered.com/app/2275950/,https://vndb.org/v46923
2244420,Qingren Lei,2023-01-24,2023-01,vndb_steam_release,True,False,VNDB_ONLY,True,,v42205,r102867,Qingren Lei,complete,True,,,,https://store.steampowered.com/app/2244420/,https://vndb.org/v42205
2371760,My Demonic Romance - Demo,2023-01-25,2023-01,vndb_steam_release,True,False,VNDB_ONLY,True,,v42243,r102918,My Demonic Romance,trial,True,,,,https://store.steampowered.com/app/2371760/,https://vndb.org/v42243
2273620,Jigeum Uri Hakgyoneun DEMO,2023-01-26,2023-01,vndb_steam_release,True,False,VNDB_ONLY,True,,v47938,r118280,Jigeum Uri Hakgyoneun,trial,True,,,,https://store.steampowered.com/app/2273620/,https://vndb.org/v47938
2224231,Iinari Sugiru Onna-tachi - Souhansuru Fun'iki o Matou Wakadzuma Hen,2023-01-27,2023-01,vndb_steam_release,True,False,VNDB_ONLY,True,,v24878,r102988,Iinari Tsumairo ~Tomaranai Koshizukai~,partial,True,,,,https://store.steampowered.com/app/2224231/,https://vndb.org/v24878
1504270,Napoleon Shoujo Episode.1 ~Fukanou to Iu Moji no Nai Shoujo~,2023-01-27,2023-01,vndb_steam_release,True,False,VNDB_ONLY,True,,v30359,r77703,Napoleon Shoujo,partial,True,,,,https://store.steampowered.com/app/1504270/,https://vndb.org/v30359
2296270,Sex Adventures - The Job Promotion,2023-01-27,2023-01,vndb_steam_release,True,False,VNDB_ONLY,True,,v50994,r123479,Sex Adventures - The Job Promotion,complete,True,,,,https://store.steampowered.com/app/2296270/,https://vndb.org/v50994
937770,BlackHoopS v3.0.0,2023-01-29,2023-01,vndb_steam_release,True,False,VNDB_ONLY,True,,v19998,r50176,BlackHoopS,complete,True,,,,https://store.steampowered.com/app/937770/,https://vndb.org/v19998
2148440,Actala: The Hero's Shadow - Demo,2023-02-02,2023-02,vndb_steam_release,True,False,VNDB_ONLY,True,,v42393,r103225,Actala: The Hero's Shadow,trial,True,,,,https://store.steampowered.com/app/2148440/,https://vndb.org/v42393
2272440,Cafe Zero ~Nemureru Yajuu~ REMASTERED - Trial Edition,2023-02-02,2023-02,vndb_steam_release,True,False,VNDB_ONLY,True,,v18793,r106269,Café Zero ~Nemureru Yajuu~,trial,True,,,,https://store.steampowered.com/app/2272440/,https://vndb.org/v18793
2278780,Cats in Heat - Summer Fling,2023-02-02,2023-02,vndb_steam_release,True,False,VNDB_ONLY,True,,v41980,r102373,Cats in Heat - Summer Fling,complete,True,,,,https://store.steampowered.com/app/2278780/,https://vndb.org/v41980
2261480,The Symbiant - 18+ Patch,2023-02-02,2023-02,vndb_steam_release,True,False,VNDB_ONLY,True,,v34248,r101630,The Symbiant,complete,True,,,,https://store.steampowered.com/app/2261480/,https://vndb.org/v34248
2288840,Halloween in Hollywood,2023-02-03,2023-02,vndb_steam_release,True,False,VNDB_ONLY,True,,v42417,r103256,Halloween in Hollywood,complete,True,,,,https://store.steampowered.com/app/2288840/,https://vndb.org/v42417
2220540,Juedui Renquan Nüzi Jianyu - Demo,2023-02-03,2023-02,vndb_steam_release,True,False,VNDB_ONLY,True,,v42804,r103926,Juedui Renquan Nüzi Jianyu,trial,True,,,,https://store.steampowered.com/app/2220540/,https://vndb.org/v42804
2302860,The Wolf of Derevnya - Demo,2023-02-03,2023-02,vndb_steam_release,True,False,VNDB_ONLY,True,,v43740,r105623,The Wolf of Derevnya,trial,True,,,,https://store.steampowered.com/app/2302860/,https://vndb.org/v43740
2128490,Niizuma Megu ga Ochiru Toki - R18 DLC,2023-02-04,2023-02,vndb_steam_release,True,False,VNDB_ONLY,True,,v36909,r123325,Niizuma Megu ga Ochiru Toki,complete,True,,,,https://store.steampowered.com/app/2128490/,https://vndb.org/v36909
2291960,Fair Princess Under Futa Curse - Demo,2023-02-05,2023-02,vndb_steam_release,True,False,VNDB_ONLY,True,,v39013,r104303,Fair Princess Under Futa Curse,trial,True,,,,https://store.steampowered.com/app/2291960/,https://vndb.org/v39013
2259650,Unscripted - Demo,2023-02-05,2023-02,vndb_steam_release,True,False,VNDB_ONLY,True,,v42521,r103420,Unscripted,trial,True,,,,https://store.steampowered.com/app/2259650/,https://vndb.org/v42521
2250810,Amarantus - Demo,2023-02-06,2023-02,vndb_steam_release,True,False,VNDB_ONLY,True,,v35856,r103531,Amarantus,trial,True,,,,https://store.steampowered.com/app/2250810/,https://vndb.org/v35856
2302580,Lotus: The Self-Made Witch - Demo,2023-02-06,2023-02,vndb_steam_release,True,False,VNDB_ONLY,True,,v34474,r103525,Lotus: The Self-Made Witch,trial,True,,,,https://store.steampowered.com/app/2302580/,https://vndb.org/v34474
2310470,"Fool's Gold: Dice, Death & Dating - Demo",2023-02-08,2023-02,vndb_steam_release,True,False,VNDB_ONLY,True,,v42558,r103492,"Fool's Gold: Dice, Death & Dating",trial,True,,,,https://store.steampowered.com/app/2310470/,https://vndb.org/v42558
2311330,Passage: A Job Interview Simulator! - Demo,2023-02-08,2023-02,vndb_steam_release,True,False,VNDB_ONLY,True,,v38932,r120426;r120429,Passage,trial,True,,,,https://store.steampowered.com/app/2311330/,https://vndb.org/v38932
2301090,Love Exalt 8372 - Demo,2023-02-10,2023-02,vndb_steam_release,True,False,VNDB_ONLY,True,,v42797,r103918,Love Exalt 8372,trial,True,,,,https://store.steampowered.com/app/2301090/,https://vndb.org/v42797
2203030,Yu Mei Huanxiang,2023-02-10,2023-02,vndb_steam_release,True,False,VNDB_ONLY,True,,v42597,r103578,Yu Mei Huanxiang,complete,True,,,,https://store.steampowered.com/app/2203030/,https://vndb.org/v42597
2212980,Yu Mei Huanxiang - Patch,2023-02-10,2023-02,vndb_steam_release,True,False,VNDB_ONLY,True,,v42597,r103679,Yu Mei Huanxiang,complete,True,,,,https://store.steampowered.com/app/2212980/,https://vndb.org/v42597
1579920,Opportunity: A Sugar Baby Story,2023-02-13,2023-02,vndb_steam_release,True,False,VNDB_ONLY,True,,v30514,r88082,Opportunity: A Sugar Baby Story,complete,True,,,,https://store.steampowered.com/app/1579920/,https://vndb.org/v30514
1888470,Tyrant Quest - Gold Edition,2023-02-13,2023-02,vndb_steam_release,True,False,VNDB_ONLY,True,,v28144,r92786,Tyrant Quest,complete,True,,,,https://store.steampowered.com/app/1888470/,https://vndb.org/v28144
2320120,Unluckily in Love - Demo,2023-02-13,2023-02,vndb_steam_release,True,False,VNDB_ONLY,True,,v38891,r103672,Unluckily in Love,trial,True,,,,https://store.steampowered.com/app/2320120/,https://vndb.org/v38891
2157000,First Bite: Bad Blood,2023-02-14,2023-02,vndb_steam_release,True,False,VNDB_ONLY,True,,v38181,r95625,First Bite: Bad Blood,complete,True,,,,https://store.steampowered.com/app/2157000/,https://vndb.org/v38181
1998340,Galleria no Chika Meikyuu to Majo no Ryodan,2023-02-14,2023-02,vndb_steam_release,True,False,VNDB_ONLY,True,,v33504,r92472,Galleria no Chika Meikyuu to Majo no Ryodan,complete,True,,,,https://store.steampowered.com/app/1998340/,https://vndb.org/v33504
2549180,Love & Country - Demo,2023-02-14,2023-02,vndb_steam_release,True,False,VNDB_ONLY,True,,v42688,r103764,Love & Country,trial,True,,,,https://store.steampowered.com/app/2549180/,https://vndb.org/v42688
2278910,Rich Uncle: A Gay Adventure,2023-02-14,2023-02,vndb_steam_release,True,False,VNDB_ONLY,True,,v42059,r102577,Rich Uncle: A Gay Adventure,complete,True,,,,https://store.steampowered.com/app/2278910/,https://vndb.org/v42059
2319110,Wholesome Monster Girl Academia;Wholesome Monster Girl Academia - Demo,2023-02-14,2023-02,vndb_steam_release,True,False,VNDB_ONLY,True,,v41701,r101887;r118895,Wholesome Monster Girl Academia,complete;trial,True,,,,https://store.steampowered.com/app/2319110/,https://vndb.org/v41701
1834420,"Keiko-san (47) my co-worker, is a single mother",2023-02-15,2023-02,vndb_steam_release,True,False,VNDB_ONLY,True,,v42672,r103745,"Keiko-san (47) my co-worker, is a single mother",complete,True,,,,https://store.steampowered.com/app/1834420/,https://vndb.org/v42672
2292590,Sexy Valentine 🍆 💜,2023-02-15,2023-02,vndb_steam_release,True,False,VNDB_ONLY,True,,v42295,r103027,Sexy Valentine 🍆 💜,complete,True,,,,https://store.steampowered.com/app/2292590/,https://vndb.org/v42295
3261030,Teen Zombie in Your Cabin,2023-02-15,2023-02,vndb_steam_release,True,False,VNDB_ONLY,True,,v49339,r118900,Teen Zombie in Your Cabin,complete,True,,,,https://store.steampowered.com/app/3261030/,https://vndb.org/v49339
2290250,Astronomic Date,2023-02-17,2023-02,vndb_steam_release,True,False,VNDB_ONLY,True,,v42430,r103275,Astronomic Date,complete,True,,,,https://store.steampowered.com/app/2290250/,https://vndb.org/v42430
2299990,Into the Wonderland,2023-02-17,2023-02,vndb_steam_release,True,False,VNDB_ONLY,True,,v42315,r103084,Into the Wonderland,complete,True,,,,https://store.steampowered.com/app/2299990/,https://vndb.org/v42315
2291810,Manga Maker's Mega Milkers,2023-02-17,2023-02,vndb_steam_release,True,False,VNDB_ONLY,True,,v28255,r103481,Bocchi de Kyonyuu na Otaku Joshi Youko-san ~Ero Doujin Sakka no Kanojo to Usui Hon o Tsukuri Nagara Echiechi Tanezuke Seikatsu~,complete,True,,,,https://store.steampowered.com/app/2291810/,https://vndb.org/v28255
1398260,Selene ~Apoptosis~ 18+ Adult Only Patch,2023-02-17,2023-02,vndb_steam_release,True,False,VNDB_ONLY,True,,v29814,r103856,Selene ~Apoptosis~,complete,True,,,,https://store.steampowered.com/app/1398260/,https://vndb.org/v29814
1398210,Selene ~Apoptosis~ Censored Edition,2023-02-17,2023-02,vndb_steam_release,True,False,VNDB_ONLY,True,,v29814,r76297,Selene ~Apoptosis~,complete,True,,,,https://store.steampowered.com/app/1398210/,https://vndb.org/v29814
1945540,"The Overlord Isn't Another Isekai Protagonist, Is He? (Early Access)",2023-02-17,2023-02,vndb_steam_release,True,False,VNDB_ONLY,True,,v33251,r103814,"The Overlord Isn't Another Isekai Protagonist, Is He?",partial,True,,,,https://store.steampowered.com/app/1945540/,https://vndb.org/v33251
2294000,The Voice from the Well: The Velessar Saga - Demo,2023-02-17,2023-02,vndb_steam_release,True,False,VNDB_ONLY,True,,v48995,r117851,The Voice from the Well: The Velessar Saga,trial,True,,,,https://store.steampowered.com/app/2294000/,https://vndb.org/v48995
2318960,Moonflower - Demo,2023-02-18,2023-02,vndb_steam_release,True,False,VNDB_ONLY,True,,v42783,r103901,Moonflower,trial,True,,,,https://store.steampowered.com/app/2318960/,https://vndb.org/v42783
2191020,Neko Dating Sim,2023-02-18,2023-02,vndb_steam_release,True,False,VNDB_ONLY,True,,v38994,r97232,Neko Dating Sim,complete,True,,,,https://store.steampowered.com/app/2191020/,https://vndb.org/v38994
2309340,ScreamCap - Demo,2023-02-18,2023-02,vndb_steam_release,True,False,VNDB_ONLY,True,,v34147,r103898,ScreamCap,trial,True,,,,https://store.steampowered.com/app/2309340/,https://vndb.org/v34147
2281790,Shi Ling,2023-02-18,2023-02,vndb_steam_release,True,False,VNDB_ONLY,True,,v40652,r104054,Shi Ling,complete,True,,,,https://store.steampowered.com/app/2281790/,https://vndb.org/v40652
2276510,CHARMING HEART Demo,2023-02-20,2023-02,vndb_steam_release,True,False,VNDB_ONLY,True,,v44758,r107658,CHARMING HEART,trial,True,,,,https://store.steampowered.com/app/2276510/,https://vndb.org/v44758
2067780,Kimi ga Shine -Tasuuketsu Death Game-,2023-02-20,2023-02,vndb_steam_release,True,False,VNDB_ONLY,True,,v25931,r95123,Kimi ga Shine -Tasuuketsu Death Game-,partial,True,,,,https://store.steampowered.com/app/2067780/,https://vndb.org/v25931
2012440,Gachimuchi de Dosukebe na Kateikyoushi no Onii-san to Sugosu Natsu ver1.2,2023-02-22,2023-02,vndb_steam_release,True,False,VNDB_ONLY,True,,v39001,r104417,Gachimuchi de Dosukebe na Kateikyoushi no Onii-san to Sugosu Natsu,complete,True,,,,https://store.steampowered.com/app/2012440/,https://vndb.org/v39001
2246130,Hiyoku no Tori - Steam Edition,2023-02-22,2023-02,vndb_steam_release,True,False,VNDB_ONLY,True,,v42091,r102664,Hiyoku no Tori,complete,True,,,,https://store.steampowered.com/app/2246130/,https://vndb.org/v42091
2085410,Juedui Renquan Nüzi Jianyu,2023-02-22,2023-02,vndb_steam_release,True,False,VNDB_ONLY,True,,v42804,r107337,Juedui Renquan Nüzi Jianyu,complete,True,,,,https://store.steampowered.com/app/2085410/,https://vndb.org/v42804
1857820,¡¡Los exes atacan!! - Steam Demo,2023-02-22,2023-02,vndb_steam_release,True,False,VNDB_ONLY,True,,v33445,r104072,¡¡Los exes atacan!!,trial,True,,,,https://store.steampowered.com/app/1857820/,https://vndb.org/v33445
2224232,Iinari Sugiru Onna-tachi - Kekkonhita Bakari no Bakunyuu Shinjin OL Hen,2023-02-24,2023-02,vndb_steam_release,True,False,VNDB_ONLY,True,,v24878,r104121,Iinari Tsumairo ~Tomaranai Koshizukai~,partial,True,,,,https://store.steampowered.com/app/2224232/,https://vndb.org/v24878
2323270,My Alien Roommate - Extended Demo,2023-02-25,2023-02,vndb_steam_release,True,False,VNDB_ONLY,True,,v34552,r104148,My Alien Roommate,trial,True,,,,https://store.steampowered.com/app/2323270/,https://vndb.org/v34552
2274630,Xiao Baitu Dianshang  - Fuqi Dian Juqing Bao,2023-02-26,2023-02,vndb_steam_release,True,False,VNDB_ONLY,True,,v32747,r103809,Xiao Baitu Dianshang,complete,True,,,,https://store.steampowered.com/app/2274630/,https://vndb.org/v32747
2278020,Mister Versatile: Brotherhunks,2023-02-27,2023-02,vndb_steam_release,True,False,VNDB_ONLY,True,,v28190,r104209,Mister Versatile,complete,True,,,,https://store.steampowered.com/app/2278020/,https://vndb.org/v28190
2238980,Hacker's Restart,2023-02-28,2023-02,vndb_steam_release,True,False,VNDB_ONLY,True,,v49850,r120396,Hacker's Restart,complete,True,,,,https://store.steampowered.com/app/2238980/,https://vndb.org/v49850
2022740,My Landlord is a Futanari,2023-02-28,2023-02,vndb_steam_release,True,False,VNDB_ONLY,True,,v43001,r104285,My Landlord is a Futanari,complete,True,,,,https://store.steampowered.com/app/2022740/,https://vndb.org/v43001
1698480,Xing Nuli Zhiyuan Shaonü,2023-02-28,2023-02,vndb_steam_release,True,False,VNDB_ONLY,True,,v32215,r82957,Xing Nuli Zhiyuan Shaonü,complete,True,,,,https://store.steampowered.com/app/1698480/,https://vndb.org/v32215
2150020,The Beastmaster Princess,2023-03-01,2023-03,vndb_steam_release,True,False,VNDB_ONLY,True,,v38390,r96076,The Beastmaster Princess,complete,True,,,,https://store.steampowered.com/app/2150020/,https://vndb.org/v38390
2293750,Wo de Datin Xue Jie,2023-03-01,2023-03,vndb_steam_release,True,False,VNDB_ONLY,True,,v43016,r104317,Wo de Datin Xue Jie,complete,True,,,,https://store.steampowered.com/app/2293750/,https://vndb.org/v43016
2016350,Elfheim - Chapter 1,2023-03-02,2023-03,vndb_steam_release,True,False,VNDB_ONLY,True,,v35329,r92036,Elfheim,partial,True,,,,https://store.steampowered.com/app/2016350/,https://vndb.org/v35329
2315610,Muscle MILF,2023-03-03,2023-03,vndb_steam_release,True,False,VNDB_ONLY,True,,v21147,r104380,Tsuyoki na Gatenkei Bakunyuu Anego o Kyokon de Domazo na Haramase Onaho ni Shita Baito Seikatsu,complete,True,,,,https://store.steampowered.com/app/2315610/,https://vndb.org/v21147
2191090,Fair Princess Under Futa Curse,2023-03-07,2023-03,vndb_steam_release,True,False,VNDB_ONLY,True,,v39013,r97280,Fair Princess Under Futa Curse,complete,True,,,,https://store.steampowered.com/app/2191090/,https://vndb.org/v39013
2320030,Game Collecting Simulator,2023-03-07,2023-03,vndb_steam_release,True,False,VNDB_ONLY,True,,v43107,r104475,Game Collecting Simulator,complete,True,,,,https://store.steampowered.com/app/2320030/,https://vndb.org/v43107
2307050,G-MODE Archives + Tantei Kibukawa Ryousuke Jikentan Vol.1 'Kamen Gensou Satsujin Jiken',2023-03-08,2023-03,vndb_steam_release,True,False,VNDB_ONLY,True,,v44463,r107052,Tantei Kibukawa Ryousuke Jikentan 'Kamen Gensou Satsujin Jiken',complete,True,,,,https://store.steampowered.com/app/2307050/,https://vndb.org/v44463
2308430,G-MODE Archives + Tantei Kibukawa Ryousuke Jikentan Vol.10 'Eigoukai Jiken',2023-03-08,2023-03,vndb_steam_release,True,False,VNDB_ONLY,True,,v44476,r107082,Tantei Kibukawa Ryousuke Jikentan 'Eigoukai Jiken',complete,True,,,,https://store.steampowered.com/app/2308430/,https://vndb.org/v44476
2307060,G-MODE Archives + Tantei Kibukawa Ryousuke Jikentan Vol.2 'Kairoukan Satsujin Jiken',2023-03-08,2023-03,vndb_steam_release,True,False,VNDB_ONLY,True,,v44468,r107060,Tantei Kibukawa Ryousuke Jikentan 'Kairoukan Satsujin Jiken',complete,True,,,,https://store.steampowered.com/app/2307060/,https://vndb.org/v44468
2307090,G-MODE Archives + Tantei Kibukawa Ryousuke Jikentan Vol.4 'Shirasagi ni Aka no Hane',2023-03-08,2023-03,vndb_steam_release,True,False,VNDB_ONLY,True,,v44470,r107066,Tantei Kibukawa Ryousuke Jikentan 'Shirasagi ni Aka no Hane',complete,True,,,,https://store.steampowered.com/app/2307090/,https://vndb.org/v44470
2307100,G-MODE Archives + Tantei Kibukawa Ryousuke Jikentan Vol.5 'Kurai Hako no Ue',2023-03-08,2023-03,vndb_steam_release,True,False,VNDB_ONLY,True,,v44472,r107070,Tantei Kibukawa Ryousuke Jikentan 'Kurai Hako no Ue',complete,True,,,,https://store.steampowered.com/app/2307100/,https://vndb.org/v44472
2307320,G-MODE Archives + Tantei Kibukawa Ryousuke Jikentan Vol.6 'Tsuikousaku Jiken',2023-03-08,2023-03,vndb_steam_release,True,False,VNDB_ONLY,True,,v44473,r107073,Tantei Kibukawa Ryousuke Jikentan 'Tsuikousaku Jiken',complete,True,,,,https://store.steampowered.com/app/2307320/,https://vndb.org/v44473
2307330,G-MODE Archives + Tantei Kibukawa Ryousuke Jikentan Vol.7 'Otonari Keiji no Sousa Memo',2023-03-08,2023-03,vndb_steam_release,True,False,VNDB_ONLY,True,,v44474,r107076,Tantei Kibukawa Ryousuke Jikentan 'Otonari Keiji no Sousa Memo',complete,True,,,,https://store.steampowered.com/app/2307330/,https://vndb.org/v44474
2307410,G-MODE Archives + Tantei Kibukawa Ryousuke Jikentan Vol.8 'Kamen Gen'ei Satsujin Jiken',2023-03-08,2023-03,vndb_steam_release,True,False,VNDB_ONLY,True,,v16371,r104918,Tantei Kibukawa Ryousuke Jikentan: Kamen Gen'ei Satsujin Jiken,complete,True,,,,https://store.steampowered.com/app/2307410/,https://vndb.org/v16371
2307420,G-MODE Archives + Tantei Kibukawa Ryousuke Jikentan Vol.9 'Samidare wa Nibiiro no Shirabe',2023-03-08,2023-03,vndb_steam_release,True,False,VNDB_ONLY,True,,v44475,r107079,Tantei Kibukawa Ryousuke Jikentan 'Samidare wa Nibiiro no Shirabe',complete,True,,,,https://store.steampowered.com/app/2307420/,https://vndb.org/v44475
2309120,My Fake Goblin Wife,2023-03-10,2023-03,vndb_steam_release,True,False,VNDB_ONLY,True,,v43134,r104522,My Fake Goblin Wife,complete,True,,,,https://store.steampowered.com/app/2309120/,https://vndb.org/v43134
2317410,Kuzhu Jiuzhu Zhongxin III-Patch,2023-03-11,2023-03,vndb_steam_release,True,False,VNDB_ONLY,True,,v44495,r107136,Kuzhu Jiuzhu Zhongxin III,complete,True,,,,https://store.steampowered.com/app/2317410/,https://vndb.org/v44495
2053940,Yu Jingjiren Lian'ai shi Juedui Jinzhi 2,2023-03-12,2023-03,vndb_steam_release,True,False,VNDB_ONLY,True,,v50198,r121387,Yu Jingjiren Lian'ai shi Juedui Jinzhi 2,complete,True,,,,https://store.steampowered.com/app/2053940/,https://vndb.org/v50198
2122360,Giant Wishes,2023-03-13,2023-03,vndb_steam_release,True,False,VNDB_ONLY,True,,v39636,r111038,My Giant Friend,complete,True,,,,https://store.steampowered.com/app/2122360/,https://vndb.org/v39636
2191660,"Kan'ochi x Motoyanzuma ~Gomennasai. Atashi, Mukatsuku Kouhai ni Niku Onaho ni Sarechatta no~",2023-03-16,2023-03,vndb_steam_release,True,False,VNDB_ONLY,True,,v29189,r104364,"Kan'ochi x Motoyanzuma ~Gomennasai. Watashi, Mukatsuku Kouhai ni Niku Onaho ni Sarechatta no~",complete,True,,,,https://store.steampowered.com/app/2191660/,https://vndb.org/v29189
1925010,Qianjin de Nuli Jiajiajiu,2023-03-16,2023-03,vndb_steam_release,True,False,VNDB_ONLY,True,,v49465,r121773,Qianjin de Nuli Jiajiajiu,complete,True,,,,https://store.steampowered.com/app/1925010/,https://vndb.org/v49465
2294080,My sister-in-law won't let go of my cock ~Seduced by a widowed proprietress~,2023-03-17,2023-03,vndb_steam_release,True,False,VNDB_ONLY,True,,v27248,r103483,Aniyome wa Ore no Mono o Hanasanai ~Miboujin Wakaokami no Yuuwaku~,complete,True,,,,https://store.steampowered.com/app/2294080/,https://vndb.org/v27248
2334030,Camera Anima;Camera Anima - Prologue Demo,2023-03-21,2023-03,vndb_steam_release,True,False,VNDB_ONLY,True,,v47624,r114424;r114445,Camera Anima,complete;trial,True,,,,https://store.steampowered.com/app/2334030/,https://vndb.org/v47624
2220110,Zoe the Exhibitionist,2023-03-21,2023-03,vndb_steam_release,True,False,VNDB_ONLY,True,,v43161,r104587,Zoe the Exhibitionist,complete,True,,,,https://store.steampowered.com/app/2220110/,https://vndb.org/v43161
2335270,MOBIUS BAND* demo,2023-03-22,2023-03,vndb_steam_release,True,False,VNDB_ONLY,True,,v43327,r105770,MOBIUS BAND*,trial,True,,,,https://store.steampowered.com/app/2335270/,https://vndb.org/v43327
2294240,Of Sense and Soul - Voiced Extended Demo,2023-03-22,2023-03,vndb_steam_release,True,False,VNDB_ONLY,True,,v28899,r104904,Of Sense and Soul,trial,True,,,,https://store.steampowered.com/app/2294240/,https://vndb.org/v28899
2258350,Alive,2023-03-23,2023-03,vndb_steam_release,True,False,VNDB_ONLY,True,,v35818,r106100,Alive,complete,True,,,,https://store.steampowered.com/app/2258350/,https://vndb.org/v35818
2334700,VIDEOVERSE - Demo,2023-03-23,2023-03,vndb_steam_release,True,False,VNDB_ONLY,True,,v44966,r107993,VIDEOVERSE,trial,True,,,,https://store.steampowered.com/app/2334700/,https://vndb.org/v44966
2267960,College Kings 2 Episode 3 'Back To Basics',2023-03-24,2023-03,vndb_steam_release,True,False,VNDB_ONLY,True,,v34824,r105376,College Kings 2,partial,True,,,,https://store.steampowered.com/app/2267960/,https://vndb.org/v34824
2328970,Heroes of Eroticism - Amorous Advances,2023-03-24,2023-03,vndb_steam_release,True,False,VNDB_ONLY,True,,v37115,r104441,Heroes of Eroticism,partial,True,,,,https://store.steampowered.com/app/2328970/,https://vndb.org/v37115
4024170,NonPlatonic Forms - Demo,2023-03-24,2023-03,vndb_steam_release,True,False,VNDB_ONLY,True,,v45408,r117254,NonPlatonic Forms,trial,True,,,,https://store.steampowered.com/app/4024170/,https://vndb.org/v45408
2215290,Wo Zai Zhongdian Xian Deng Ni,2023-03-24,2023-03,vndb_steam_release,True,False,VNDB_ONLY,True,,v41645,r101804,Wo Zai Zhongdian Xian Deng Ni,complete,True,,,,https://store.steampowered.com/app/2215290/,https://vndb.org/v41645
1547100,Made Marion - Enhanced Demo,2023-03-25,2023-03,vndb_steam_release,True,False,VNDB_ONLY,True,,v28464,r105006,Made Marion,trial,True,,,,https://store.steampowered.com/app/1547100/,https://vndb.org/v28464
1820970,My Furry Dragon - 18+ Adult Only Patch 🐾,2023-03-25,2023-03,vndb_steam_release,True,False,VNDB_ONLY,True,,v34435,r88440,My Furry Dragon 🐾,complete,True,,,,https://store.steampowered.com/app/1820970/,https://vndb.org/v34435
2404260,The Coffin of Andy and Leyley - Game Jam Version (Demo),2023-03-25,2023-03,vndb_steam_release,True,False,VNDB_ONLY,True,,v43438,r105170,The Coffin of Andy and Leyley,trial,True,,,,https://store.steampowered.com/app/2404260/,https://vndb.org/v43438
2549960,Making Memories,2023-03-26,2023-03,vndb_steam_release,True,False,VNDB_ONLY,True,,v35848,r91182,Making Memories,complete,True,,,,https://store.steampowered.com/app/2549960/,https://vndb.org/v35848
4172130,VIOLA: Robot Interrogations - Demo,2023-03-27,2023-03,vndb_steam_release,True,False,VNDB_ONLY,True,,v58827,r140644,VIOLA_,trial,True,,,,https://store.steampowered.com/app/4172130/,https://vndb.org/v58827
2369720,Lovers in Playa Rosa - Adults Only 18+ Patch,2023-03-29,2023-03,vndb_steam_release,True,False,VNDB_ONLY,True,,v43084,r105158,Lovers in Playa Rosa,complete,True,,,,https://store.steampowered.com/app/2369720/,https://vndb.org/v43084
2085390,Yijiusan Ling Langman Tan,2023-03-29,2023-03,vndb_steam_release,True,False,VNDB_ONLY,True,,v37649,r94647,Yijiusan Ling Langman Tan,complete,True,,,,https://store.steampowered.com/app/2085390/,https://vndb.org/v37649
2199180,"Kan'ochi x Netorare Kazoku ~Anata, Yurushite. Watakushi-tachi, Uwaki Sex ni Honki de Hamacchatta no~",2023-03-30,2023-03,vndb_steam_release,True,False,VNDB_ONLY,True,,v39971,r103857,"Kan'ochi x Netorare Kazoku ~Anata, Yurushite. Watakushi-tachi, Uwaki Sex ni Honki de Hamacchatta no~",complete,True,,,,https://store.steampowered.com/app/2199180/,https://vndb.org/v39971
1509140,Crosswalks,2023-03-31,2023-03,vndb_steam_release,True,False,VNDB_ONLY,True,,v43493,r105267,Crosswalks,complete,True,,,,https://store.steampowered.com/app/1509140/,https://vndb.org/v43493
2352540,Erin's Naughty Friday Prologue,2023-03-31,2023-03,vndb_steam_release,True,False,VNDB_ONLY,True,,v43491,r105265,Erin's Naughty Friday,trial,True,,,,https://store.steampowered.com/app/2352540/,https://vndb.org/v43491
2356160,Fashion Contract,2023-03-31,2023-03,vndb_steam_release,True,False,VNDB_ONLY,True,,v43245,r104758,Fashion Contract,complete,True,,,,https://store.steampowered.com/app/2356160/,https://vndb.org/v43245
2316400,Hot Pussy College 2 🍓🔞,2023-03-31,2023-03,vndb_steam_release,True,False,VNDB_ONLY,True,,v42889,r104081,Hot Pussy College 2 🍓🔞,complete,True,,,,https://store.steampowered.com/app/2316400/,https://vndb.org/v42889
2224233,Iinari Sugiru Onna-tachi - Teisou Kannen no Tsuyoi Sengyou Shufu,2023-03-31,2023-03,vndb_steam_release,True,False,VNDB_ONLY,True,,v24878,r105353,Iinari Tsumairo ~Tomaranai Koshizukai~,partial,True,,,,https://store.steampowered.com/app/2224233/,https://vndb.org/v24878
2367060,Orc Covenant - Demo,2023-03-31,2023-03,vndb_steam_release,True,False,VNDB_ONLY,True,,v40644,r105832,Orc Covenant,trial,True,,,,https://store.steampowered.com/app/2367060/,https://vndb.org/v40644
2354300,SEX × HEX,2023-03-31,2023-03,vndb_steam_release,True,False,VNDB_ONLY,True,,v39954,r104764,Yandere na Majo San Shimai ni Shinuhodo Aishi Tsukusareru Isekai Seikatsu,complete,True,,,,https://store.steampowered.com/app/2354300/,https://vndb.org/v39954
2406550,A Heart of Butterblue,2023-04-01,2023-04,vndb_steam_release,True,False,VNDB_ONLY,True,,v35989,r106956,A Heart of Butterblue,complete,True,,,,https://store.steampowered.com/app/2406550/,https://vndb.org/v35989
2186300,Tragedy of Medusa,2023-04-01,2023-04,vndb_steam_release,True,False,VNDB_ONLY,True,,v39070,r97370,Tragedy of Medusa,complete,True,,,,https://store.steampowered.com/app/2186300/,https://vndb.org/v39070
2258290,Jury - Episode 1: Before the Trial,2023-04-02,2023-04,vndb_steam_release,True,False,VNDB_ONLY,True,,v43820,r105762,Jury,partial,True,,,,https://store.steampowered.com/app/2258290/,https://vndb.org/v43820
2374160,Windy Meadow - A Roadwarden Tale - Demo,2023-04-04,2023-04,vndb_steam_release,True,False,VNDB_ONLY,True,,v24871,r106082,Tales From Windy Meadow,trial,True,,,,https://store.steampowered.com/app/2374160/,https://vndb.org/v24871
2106600,Adventures of Skye the Slime Maid,2023-04-07,2023-04,vndb_steam_release,True,False,VNDB_ONLY,True,,v31314,r91119,Adventures of Skye the Slime Maid,complete,True,,,,https://store.steampowered.com/app/2106600/,https://vndb.org/v31314
2393450,NTR Mousou Sareru Fujiki-san - 18+ Patch,2023-04-07,2023-04,vndb_steam_release,True,False,VNDB_ONLY,True,,v36839,r105756,NTR Mousou Sareru Fujiki-san,complete,True,,,,https://store.steampowered.com/app/2393450/,https://vndb.org/v36839
2264880,Wo de Mei Shu Jimu💋,2023-04-07,2023-04,vndb_steam_release,True,False,VNDB_ONLY,True,,v48819,r117408,Wo de Mei Shu Jimu💋,complete,True,,,,https://store.steampowered.com/app/2264880/,https://vndb.org/v48819
2367990,Blazing Ace - Demo,2023-04-08,2023-04,vndb_steam_release,True,False,VNDB_ONLY,True,,v43696,r105697,Blazing Ace,trial,True,,,,https://store.steampowered.com/app/2367990/,https://vndb.org/v43696
2308540,Sinful soul,2023-04-08,2023-04,vndb_steam_release,True,False,VNDB_ONLY,True,,v43106,r104474,Sinful soul,complete,True,,,,https://store.steampowered.com/app/2308540/,https://vndb.org/v43106
2312330,Reborn a Zombie! - Demo,2023-04-10,2023-04,vndb_steam_release,True,False,VNDB_ONLY,True,,v44568,r107302,Reborn a Zombie!,trial,True,,,,https://store.steampowered.com/app/2312330/,https://vndb.org/v44568
2385150,Retrocausality - Demo,2023-04-10,2023-04,vndb_steam_release,True,False,VNDB_ONLY,True,,v43337,r105925,Retrocausality,trial,True,,,,https://store.steampowered.com/app/2385150/,https://vndb.org/v43337
3873300,Unwahrheit - Demo,2023-04-10,2023-04,vndb_steam_release,True,False,VNDB_ONLY,True,,v43937,r105933,Unwahrheit,trial,True,,,,https://store.steampowered.com/app/3873300/,https://vndb.org/v43937
2355710,inziva,2023-04-10,2023-04,vndb_steam_release,True,False,VNDB_ONLY,True,,v43950,r105953,inziva,complete,True,,,,https://store.steampowered.com/app/2355710/,https://vndb.org/v43950
2156300,Unscripted - Early Access,2023-04-11,2023-04,vndb_steam_release,True,False,VNDB_ONLY,True,,v42521,r103421,Unscripted,partial,True,,,,https://store.steampowered.com/app/2156300/,https://vndb.org/v42521
2367680,Countryside Dating,2023-04-14,2023-04,vndb_steam_release,True,False,VNDB_ONLY,True,,v44006,r106097,Countryside Dating,complete,True,,,,https://store.steampowered.com/app/2367680/,https://vndb.org/v44006
2382100,Emi - New Beginning Demo,2023-04-14,2023-04,vndb_steam_release,True,False,VNDB_ONLY,True,,v39597,r118314,Emi - New Beginning,trial,True,,,,https://store.steampowered.com/app/2382100/,https://vndb.org/v39597
2325150,Luxaren Allure,2023-04-14,2023-04,vndb_steam_release,True,False,VNDB_ONLY,True,,v61045,r145913,Luxaren Allure,complete,True,,,,https://store.steampowered.com/app/2325150/,https://vndb.org/v61045
2178090,The Kinky Kitsune and The Tantalizing Tanuki - Censored Edition,2023-04-14,2023-04,vndb_steam_release,True,False,VNDB_ONLY,True,,v31336,r103956,Muchimuchi Dekapai Marakui Okitsune-sama & Otanuki-sama to Noukou Koubi Shimakuri Hame Pako Inaka Gurashi.,complete,True,,,,https://store.steampowered.com/app/2178090/,https://vndb.org/v31336
2367980,"The Witch, Wife, & the Wish",2023-04-14,2023-04,vndb_steam_release,True,False,VNDB_ONLY,True,,v43542,r105358,"The Witch, Wife, & the Wish",complete,True,,,,https://store.steampowered.com/app/2367980/,https://vndb.org/v43542
1784031,Tailor Tales - James Plus,2023-04-15,2023-04,vndb_steam_release,True,False,VNDB_ONLY,True,,v20920,r106139,Tailor Tales,partial,True,,,,https://store.steampowered.com/app/1784031/,https://vndb.org/v20920
2200350,Jakou no Lyla ~Allure of Musk~ Dai Ni Yo: Asian Night,2023-04-18,2023-04,vndb_steam_release,True,False,VNDB_ONLY,True,,v22598,r106194,Jakou no Lyla ~Allure of MUSK~,partial,True,,,,https://store.steampowered.com/app/2200350/,https://vndb.org/v22598
2397870,Autumn with the Shiba Inu - Demo,2023-04-19,2023-04,vndb_steam_release,True,False,VNDB_ONLY,True,,v57587,r138210,Autumn with the Shiba Inu,trial,True,,,,https://store.steampowered.com/app/2397870/,https://vndb.org/v57587
2368670,Koi-Koi Onsen Monogatari Non-VR Edition,2023-04-20,2023-04,vndb_steam_release,True,False,VNDB_ONLY,True,,v44489,r107110,Koi-Koi Onsen Monogatari,complete,True,,,,https://store.steampowered.com/app/2368670/,https://vndb.org/v44489
2337450,Lkyt.,2023-04-20,2023-04,vndb_steam_release,True,False,VNDB_ONLY,True,,v27032,r131703;r145153;r93216,Lkyt.,complete,True,,,,https://store.steampowered.com/app/2337450/,https://vndb.org/v27032
2310680,College Bound - Episode 5,2023-04-21,2023-04,vndb_steam_release,True,False,VNDB_ONLY,True,,v31269,r106431,College Bound,partial,True,,,,https://store.steampowered.com/app/2310680/,https://vndb.org/v31269
2339200,Glowing Stones : Heroes' Awakening - Demo,2023-04-21,2023-04,vndb_steam_release,True,False,VNDB_ONLY,True,,v42590,r110221,Glowing Stones : Heroes' Awakening,trial,True,,,,https://store.steampowered.com/app/2339200/,https://vndb.org/v42590
2385320,Virgin Knight is my Onahole Tonight,2023-04-21,2023-04,vndb_steam_release,True,False,VNDB_ONLY,True,,v41943,r105979,Joushi no Kyonyuu Kishi Danchou wa Ore no Niku Onaho! ~Toshishita Koibito Kara Nakadashi Zuke de Netotte Haramase Ana ni!~,complete,True,,,,https://store.steampowered.com/app/2385320/,https://vndb.org/v41943
1983400,WTC : Love's Labour's Lost - Demo,2023-04-21,2023-04,vndb_steam_release,True,False,VNDB_ONLY,True,,v36645,r106428,WTC : Love's Labour's Lost,trial,True,,,,https://store.steampowered.com/app/1983400/,https://vndb.org/v36645
2233840,Lewd Delivery,2023-04-22,2023-04,vndb_steam_release,True,False,VNDB_ONLY,True,,v44142,r106459,Lewd Delivery,complete,True,,,,https://store.steampowered.com/app/2233840/,https://vndb.org/v44142
2237600,Lewd Delivery 18+ Scenes,2023-04-22,2023-04,vndb_steam_release,True,False,VNDB_ONLY,True,,v44142,r106460,Lewd Delivery,complete,True,,,,https://store.steampowered.com/app/2237600/,https://vndb.org/v44142
2126520,Odin Odinnadcat' - Demo,2023-04-23,2023-04,vndb_steam_release,True,False,VNDB_ONLY,True,,v37858,r114759,Odin Odinnadcat',trial,True,,,,https://store.steampowered.com/app/2126520/,https://vndb.org/v37858
2280000,SQUARE ENIX AI Tech Preview: THE PORTOPIA SERIAL MURDER CASE,2023-04-23,2023-04,vndb_steam_release,True,False,VNDB_ONLY,True,,v4511,r106379,Portopia Renzoku Satsujin Jiken,complete,True,,,,https://store.steampowered.com/app/2280000/,https://vndb.org/v4511
2355920,Imaginal Voyages - Early Access,2023-04-24,2023-04,vndb_steam_release,True,False,VNDB_ONLY,True,,v43761,r105654,Imaginal Voyages,partial,True,,,,https://store.steampowered.com/app/2355920/,https://vndb.org/v43761
2225950,Love & Sex: Second Base - Bree's story,2023-04-24,2023-04,vndb_steam_release,True,False,VNDB_ONLY,True,,v30221,r113040,Love & Sex: Second Base,partial,True,,,,https://store.steampowered.com/app/2225950/,https://vndb.org/v30221
1777390,AI Nova - Ji Niang Yucheng Fangchengshi 2,2023-04-25,2023-04,vndb_steam_release,True,False,VNDB_ONLY,True,,v44588,r123311,AI Nova - Ji Niang Yucheng Fangchengshi 2,complete,True,,,,https://store.steampowered.com/app/1777390/,https://vndb.org/v44588
2355360,Celestial Crowns - Demo;Celestial Crowns - Voiced Demo,2023-04-25,2023-04,vndb_steam_release,True,False,VNDB_ONLY,True,,v44636,r107412;r112507,Celestial Crowns,trial,True,,,,https://store.steampowered.com/app/2355360/,https://vndb.org/v44636
2337760,Sky Division - Early Access,2023-04-25,2023-04,vndb_steam_release,True,False,VNDB_ONLY,True,,v42072,r106524,Sky Division,partial,True,,,,https://store.steampowered.com/app/2337760/,https://vndb.org/v42072
1834780,Slimy Sextet Demo,2023-04-25,2023-04,vndb_steam_release,True,False,VNDB_ONLY,True,,v31361,r123306,Slimy Sextet,trial,True,,,,https://store.steampowered.com/app/1834780/,https://vndb.org/v31361
2418940,Reconnecting,2023-04-26,2023-04,vndb_steam_release,True,False,VNDB_ONLY,True,,v44226,r106693,Reconnecting,complete,True,,,,https://store.steampowered.com/app/2418940/,https://vndb.org/v44226
2404120,Jing Hua Yi Qing - Mirage Sugar Acacia - Demo,2023-04-27,2023-04,vndb_steam_release,True,False,VNDB_ONLY,True,,v44197,r106608,Jing Hua Yi Qing - Mirage Sugar Acacia,trial,True,,,,https://store.steampowered.com/app/2404120/,https://vndb.org/v44197
2306970,Iinari Sugiru Onna-tachi - Zenkoku-teki ni mo na no Shireta Jinushi no Musume Hen,2023-04-28,2023-04,vndb_steam_release,True,False,VNDB_ONLY,True,,v24878,r106618,Iinari Tsumairo ~Tomaranai Koshizukai~,partial,True,,,,https://store.steampowered.com/app/2306970/,https://vndb.org/v24878
2179300,"Jian Xia, Fengchen Lianqu",2023-04-28,2023-04,vndb_steam_release,True,False,VNDB_ONLY,True,,v49538,r119584,"Jian Xia, Fengchen Lianqu",complete,True,,,,https://store.steampowered.com/app/2179300/,https://vndb.org/v49538
2183310,"Jian Xia, Fengchen Lianqu - R18 DLC -",2023-04-28,2023-04,vndb_steam_release,True,False,VNDB_ONLY,True,,v49538,r119585,"Jian Xia, Fengchen Lianqu",complete,True,,,,https://store.steampowered.com/app/2183310/,https://vndb.org/v49538
2108950,Mice Tea,2023-04-28,2023-04,vndb_steam_release,True,False,VNDB_ONLY,True,,v25438,r62551,Mice Tea,complete,True,,,,https://store.steampowered.com/app/2108950/,https://vndb.org/v25438
1775530,Artemis: Book One,2023-04-29,2023-04,vndb_steam_release,True,False,VNDB_ONLY,True,,v30755,r128568,Artemis,partial,True,,,,https://store.steampowered.com/app/1775530/,https://vndb.org/v30755
3385520,Our Winding Road,2023-04-30,2023-04,vndb_steam_release,True,False,VNDB_ONLY,True,,v44293,r106788,Our Winding Road,complete,True,,,,https://store.steampowered.com/app/3385520/,https://vndb.org/v44293
2404680,Casino Heist - Adults Only Patch,2023-05-01,2023-05,vndb_steam_release,True,False,VNDB_ONLY,True,,v43175,r123566,Casino Heist,complete,True,,,,https://store.steampowered.com/app/2404680/,https://vndb.org/v43175
2355530,The One - Chapter 2,2023-05-01,2023-05,vndb_steam_release,True,False,VNDB_ONLY,True,,v35105,r106058,The One,partial,True,,,,https://store.steampowered.com/app/2355530/,https://vndb.org/v35105
2094580,We. The Refugees: Ticket to Europe,2023-05-01,2023-05,vndb_steam_release,True,False,VNDB_ONLY,True,,v48533,r116705;r116709;r116710;r156556,We. The Refugees: Ticket to Europe,complete,True,,,,https://store.steampowered.com/app/2094580/,https://vndb.org/v48533
2137400,EmyLiveShow: S&M story,2023-05-02,2023-05,vndb_steam_release,True,False,VNDB_ONLY,True,,v44255,r106740,EmyLiveShow: S&M story,complete,True,,,,https://store.steampowered.com/app/2137400/,https://vndb.org/v44255
2404180,Monster Lover 1 - Demo,2023-05-02,2023-05,vndb_steam_release,True,False,VNDB_ONLY,True,,v45765,r110098,Monster Lover: Balasque,trial,True,,,,https://store.steampowered.com/app/2404180/,https://vndb.org/v45765
2322630,Shuang Mang Ba Xì - Trial Edition,2023-05-03,2023-05,vndb_steam_release,True,False,VNDB_ONLY,True,,v44314,r106822,Shuang Mang Ba Xì,trial,True,,,,https://store.steampowered.com/app/2322630/,https://vndb.org/v44314
2417780,The Picture of Café au lait - Demo,2023-05-03,2023-05,vndb_steam_release,True,False,VNDB_ONLY,True,,v44359,r106902,The Picture of Café au lait,trial,True,,,,https://store.steampowered.com/app/2417780/,https://vndb.org/v44359
2331030,Harmony: The Fall of Reverie - Demo,2023-05-04,2023-05,vndb_steam_release,True,False,VNDB_ONLY,True,,v44482,r107132,Harmony: The Fall of Reverie,trial,True,,,,https://store.steampowered.com/app/2331030/,https://vndb.org/v44482
2398530,Jixiang Cun de Yi,2023-05-04,2023-05,vndb_steam_release,True,False,VNDB_ONLY,True,,v44123,r106434,Jixiang Cun de Yi,complete,True,,,,https://store.steampowered.com/app/2398530/,https://vndb.org/v44123
2386020,ghostpia - Season One - Demo,2023-05-04,2023-05,vndb_steam_release,True,False,VNDB_ONLY,True,,v32274,r107799,ghostpia,trial,True,,,,https://store.steampowered.com/app/2386020/,https://vndb.org/v32274
2025720,All Idleness and Ephemera,2023-05-05,2023-05,vndb_steam_release,True,False,VNDB_ONLY,True,,v36751,r92993,All Idleness and Ephemera,complete,True,,,,https://store.steampowered.com/app/2025720/,https://vndb.org/v36751
2680420,Sophia to no Himitsu -Lite version-,2023-05-06,2023-05,vndb_steam_release,True,False,VNDB_ONLY,True,,v46769,r118361,Sophia to no Himitsu,trial,True,,,,https://store.steampowered.com/app/2680420/,https://vndb.org/v46769
2401360,Burning Secrets: NSFW Edition,2023-05-08,2023-05,vndb_steam_release,True,False,VNDB_ONLY,True,,v40095,r107048,Burning Secrets,complete,True,,,,https://store.steampowered.com/app/2401360/,https://vndb.org/v40095
2148850,Jenni's DONG has got it GOIN' ON: The Jenni Trilogy,2023-05-08,2023-05,vndb_steam_release,True,False,VNDB_ONLY,True,,v66685,r160045,Jenni's DONG has got it GOIN' ON: The Jenni Trilogy,complete,True,,,,https://store.steampowered.com/app/2148850/,https://vndb.org/v66685
2365870,G-MODE Archives + Tantei Kibukawa Ryousuke Jikentan Vol.11 'Ane no Kabe',2023-05-09,2023-05,vndb_steam_release,True,False,VNDB_ONLY,True,,v44477,r107085,Tantei Kibukawa Ryousuke Jikentan 'Ane no Kabe',complete,True,,,,https://store.steampowered.com/app/2365870/,https://vndb.org/v44477
2126680,Lust Academy - Season 2,2023-05-09,2023-05,vndb_steam_release,True,False,VNDB_ONLY,True,,v36229,r107130,Lust Academy - Season 2,complete,True,,,,https://store.steampowered.com/app/2126680/,https://vndb.org/v36229
2419080,Bafangtai Jimi Dang'an,2023-05-10,2023-05,vndb_steam_release,True,False,VNDB_ONLY,True,,v32697,r107174,Shan: Linjie Xingcun Zhe,complete,True,,,,https://store.steampowered.com/app/2419080/,https://vndb.org/v32697
2197870,Cos-tsuma ~Niizuma to Ecchi na Cosplay Lesson~,2023-05-12,2023-05,vndb_steam_release,True,False,VNDB_ONLY,True,,v29190,r106555,Cos-tsuma ~Niizuma to Ecchi na Cosplay Lesson~,complete,True,,,,https://store.steampowered.com/app/2197870/,https://vndb.org/v29190
1239470,Raid,2023-05-15,2023-05,vndb_steam_release,True,False,VNDB_ONLY,True,,v24483,r123731,Raid,complete,True,,,,https://store.steampowered.com/app/1239470/,https://vndb.org/v24483
2413630,Bu He Wo Tui Tan Lian'ai Jiu Hui Si?! - Demo,2023-05-16,2023-05,vndb_steam_release,True,False,VNDB_ONLY,True,,v45053,r108198,Bu He Wo Tui Tan Lian'ai Jiu Hui Si?!,trial,True,,,,https://store.steampowered.com/app/2413630/,https://vndb.org/v45053
1988150,Yi Shijie Mowu Niang Hougong,2023-05-16,2023-05,vndb_steam_release,True,False,VNDB_ONLY,True,,v38451,r96205,Yi Shijie Mowu Niang Hougong,complete,True,,,,https://store.steampowered.com/app/1988150/,https://vndb.org/v38451
2421990,Nowhere Manor - Demo,2023-05-17,2023-05,vndb_steam_release,True,False,VNDB_ONLY,True,,v44827,r107800;r139863;r139864,Nowhere Manor,trial,True,,,,https://store.steampowered.com/app/2421990/,https://vndb.org/v44827
2171980,Romancing the Kingdom,2023-05-18,2023-05,vndb_steam_release,True,False,VNDB_ONLY,True,,v22490,r135369,Romancing the Kingdom,complete,True,,,,https://store.steampowered.com/app/2171980/,https://vndb.org/v22490
2059310,Wo yu Meimo Shangsi de Tongju Shenghuo,2023-05-18,2023-05,vndb_steam_release,True,False,VNDB_ONLY,True,,v53507,r129184,Wo yu Meimo Shangsi de Tongju Shenghuo,complete,True,,,,https://store.steampowered.com/app/2059310/,https://vndb.org/v53507
1012900,Deviant Dungeon,2023-05-19,2023-05,vndb_steam_release,True,False,VNDB_ONLY,True,,v21355,r121363,Isekai Harem Dungeon Master ~Ero Trap de Himekishi Party & Maou o Yarimakuri! Haramase Chika Teikoku Kensetsu♪~,complete,True,,,,https://store.steampowered.com/app/1012900/,https://vndb.org/v21355
2413770,Huixing Zhan Tuan - Demo,2023-05-19,2023-05,vndb_steam_release,True,False,VNDB_ONLY,True,,v45517,r109597,Huixing Zhan Tuan,trial,True,,,,https://store.steampowered.com/app/2413770/,https://vndb.org/v45517
2011410,Monstrous Love,2023-05-19,2023-05,vndb_steam_release,True,False,VNDB_ONLY,True,,v42565,r103524,Monstrous Love,complete,True,,,,https://store.steampowered.com/app/2011410/,https://vndb.org/v42565
2212590,My Pleasure - Season 2,2023-05-19,2023-05,vndb_steam_release,True,False,VNDB_ONLY,True,,v27984,r113732,My Pleasure,partial,True,,,,https://store.steampowered.com/app/2212590/,https://vndb.org/v27984
2365280,Our Life: Beginnings & Always - Baxter's Story,2023-05-19,2023-05,vndb_steam_release,True,False,VNDB_ONLY,True,,v26391,r106085,Our Life: Beginnings & Always,partial,True,,,,https://store.steampowered.com/app/2365280/,https://vndb.org/v26391
2354520,Roommate Corruption,2023-05-19,2023-05,vndb_steam_release,True,False,VNDB_ONLY,True,,v44726,r107604,Roommate Corruption,complete,True,,,,https://store.steampowered.com/app/2354520/,https://vndb.org/v44726
2398800,Wings of Angels,2023-05-19,2023-05,vndb_steam_release,True,False,VNDB_ONLY,True,,v42794,r106348,Wings of Angels,complete,True,,,,https://store.steampowered.com/app/2398800/,https://vndb.org/v42794
2413090,Oppai Samurai: Knocked up by a No Name Novice,2023-05-20,2023-05,vndb_steam_release,True,False,VNDB_ONLY,True,,v27823,r106901,Mametsu no Kenki Itsuki no Sei Jijou ~Onna Atsukai Sarenai Rekisen no Bakunyuu Taima Kenshi o Toshishita Zako na Ore ga Gekokujou Tanezuke de Haramase Mesu ni Dasu~,complete,True,,,,https://store.steampowered.com/app/2413090/,https://vndb.org/v27823
2395630,Uchikano: Living With My Lovers,2023-05-20,2023-05,vndb_steam_release,True,False,VNDB_ONLY,True,,v22726,r107577,Uchi no Koibito,complete,True,,,,https://store.steampowered.com/app/2395630/,https://vndb.org/v22726
2416370,Zhestokaja real'nost': Uzhasnyj son,2023-05-22,2023-05,vndb_steam_release,True,False,VNDB_ONLY,True,,v44807,r107745,Zhestokaja real'nost': Uzhasnyj son,complete,True,,,,https://store.steampowered.com/app/2416370/,https://vndb.org/v44807
2313140,Motto! Haramase! Honoo no Oppai Chou Ero Appli Gakuen,2023-05-25,2023-05,vndb_steam_release,True,False,VNDB_ONLY,True,,v25964,r105691,Motto! Haramase! Honoo no Oppai Chou Ero ♡ Appli Gakuen!,complete,True,,,,https://store.steampowered.com/app/2313140/,https://vndb.org/v25964
2998690,Motto! Haramase! Honoo no Oppai Chou Ero Appli Gakuen - 18+ DLC,2023-05-25,2023-05,vndb_steam_release,True,False,VNDB_ONLY,True,,v25964,r107859,Motto! Haramase! Honoo no Oppai Chou Ero ♡ Appli Gakuen!,complete,True,,,,https://store.steampowered.com/app/2998690/,https://vndb.org/v25964
2306971,Iinari Sugiru Onna-tachi - Uiuishii Wakazuma Hen,2023-05-26,2023-05,vndb_steam_release,True,False,VNDB_ONLY,True,,v24878,r107949,Iinari Tsumairo ~Tomaranai Koshizukai~,partial,True,,,,https://store.steampowered.com/app/2306971/,https://vndb.org/v24878
2410480,Maryoku Charge no Nijuusou,2023-05-26,2023-05,vndb_steam_release,True,False,VNDB_ONLY,True,,v34352,r107226,Maryoku Charge no Nijuusou,complete,True,,,,https://store.steampowered.com/app/2410480/,https://vndb.org/v34352
945720,eden* PLUS＋MOSAIC,2023-05-26,2023-05,vndb_steam_release,True,False,VNDB_ONLY,True,,v1286,r107883,"eden* They were only two, on the planet.",complete,True,,,,https://store.steampowered.com/app/945720/,https://vndb.org/v1286
2512370,A Date for the Ages - Extended Version,2023-05-29,2023-05,vndb_steam_release,True,False,VNDB_ONLY,True,,v46537,r111611,A Date for the Ages,complete,True,,,,https://store.steampowered.com/app/2512370/,https://vndb.org/v46537
2409130,Heavenly Badonkers: Angel Bitches,2023-05-29,2023-05,vndb_steam_release,True,False,VNDB_ONLY,True,,v48440,r161873,Bakunyuu Tengoku Angel Bitches,complete,True,,,,https://store.steampowered.com/app/2409130/,https://vndb.org/v48440
1948470,Youling Shaonü Lasling,2023-05-30,2023-05,vndb_steam_release,True,False,VNDB_ONLY,True,,v34656,r88867,Youling Shaonü Lasling,complete,True,,,,https://store.steampowered.com/app/1948470/,https://vndb.org/v34656
2446400,Speakeasy - Demo,2023-05-31,2023-05,vndb_steam_release,True,False,VNDB_ONLY,True,,v45049,r108190,Speakeasy,trial,True,,,,https://store.steampowered.com/app/2446400/,https://vndb.org/v45049
2365890,G-MODE Archives + Tantei Kibukawa Ryousuke Jikentan Vol.12 'Nakanai Irainin',2023-06-01,2023-06,vndb_steam_release,True,False,VNDB_ONLY,True,,v44478,r107088,Tantei Kibukawa Ryousuke Jikentan 'Nakanai Irainin',complete,True,,,,https://store.steampowered.com/app/2365890/,https://vndb.org/v44478
3106830,R&D 01,2023-06-01,2023-06,vndb_steam_release,True,False,VNDB_ONLY,True,,v50171,r121324,R&D 01,complete,True,,,,https://store.steampowered.com/app/3106830/,https://vndb.org/v50171
2433590,Save The World - Uncensor Patch,2023-06-01,2023-06,vndb_steam_release,True,False,VNDB_ONLY,True,,v42869,r108253,Save The World,complete,True,,,,https://store.steampowered.com/app/2433590/,https://vndb.org/v42869
3425450,Hotwives on Holiday,2023-06-02,2023-06,vndb_steam_release,True,False,VNDB_ONLY,True,,v46723,r112014,Hotwives on Holiday,complete,True,,,,https://store.steampowered.com/app/3425450/,https://vndb.org/v46723
2425040,Red Ops: The First Infection - Demo,2023-06-02,2023-06,vndb_steam_release,True,False,VNDB_ONLY,True,,v45062,r108258,Red Ops: The First Infection,trial,True,,,,https://store.steampowered.com/app/2425040/,https://vndb.org/v45062
2399030,MDF: Magical Defense Force - Demo,2023-06-03,2023-06,vndb_steam_release,True,False,VNDB_ONLY,True,,v43244,r116779,MDF: Magical Defense Force,trial,True,,,,https://store.steampowered.com/app/2399030/,https://vndb.org/v43244
2900860,St. Maria Village - Alpha Version,2023-06-03,2023-06,vndb_steam_release,True,False,VNDB_ONLY,True,,v45117,r108474,St. Maria Village,partial,True,,,,https://store.steampowered.com/app/2900860/,https://vndb.org/v45117
2443570,The Galactic Harem Handbook - Demo Version,2023-06-03,2023-06,vndb_steam_release,True,False,VNDB_ONLY,True,,v46523,r111584,The Galactic Harem Handbook,trial,True,,,,https://store.steampowered.com/app/2443570/,https://vndb.org/v46523
2494800,Gold Rush - Demo,2023-06-04,2023-06,vndb_steam_release,True,False,VNDB_ONLY,True,,v45088,r108322,Gold Rush,trial,True,,,,https://store.steampowered.com/app/2494800/,https://vndb.org/v45088
2484590,Ceiba - Demo,2023-06-05,2023-06,vndb_steam_release,True,False,VNDB_ONLY,True,,v44171,r109152,Ceiba,trial,True,,,,https://store.steampowered.com/app/2484590/,https://vndb.org/v44171
2358460,The Frozen Kingdom - Demo,2023-06-05,2023-06,vndb_steam_release,True,False,VNDB_ONLY,True,,v42467,r108659,The Frozen Kingdom,trial,True,,,,https://store.steampowered.com/app/2358460/,https://vndb.org/v42467
2462870,Ikkarus and the Prince of Sin - Demo,2023-06-06,2023-06,vndb_steam_release,True,False,VNDB_ONLY,True,,v45153,r108710,Ikkarus and the Prince of Sin,trial,True,,,,https://store.steampowered.com/app/2462870/,https://vndb.org/v45153
2400490,"Inescapable: No Rules, No Rescue - Demo",2023-06-07,2023-06,vndb_steam_release,True,False,VNDB_ONLY,True,,v36834,r109377,"Inescapable: No Rules, No Rescue",trial,True,,,,https://store.steampowered.com/app/2400490/,https://vndb.org/v36834
2461020,Chao: Yi Jiu Er Qi - Demo,2023-06-08,2023-06,vndb_steam_release,True,False,VNDB_ONLY,True,,v45027,r110142,Chao—1927—,trial,True,,,,https://store.steampowered.com/app/2461020/,https://vndb.org/v45027
2393200,Mediterranea Inferno - Demo,2023-06-08,2023-06,vndb_steam_release,True,False,VNDB_ONLY,True,,v45507,r109577,Mediterranea Inferno,trial,True,,,,https://store.steampowered.com/app/2393200/,https://vndb.org/v45507
1973640,The Divine Speaker: The Sun and the Moon,2023-06-08,2023-06,vndb_steam_release,True,False,VNDB_ONLY,True,,v35154,r89756,The Divine Speaker: The Sun and the Moon,complete,True,,,,https://store.steampowered.com/app/1973640/,https://vndb.org/v35154
2428830,Butterfly//Circuit - Demo,2023-06-09,2023-06,vndb_steam_release,True,False,VNDB_ONLY,True,,v45428,r109371,Butterfly//Circuit,trial,True,,,,https://store.steampowered.com/app/2428830/,https://vndb.org/v45428
1684170,Fetish Locator: Week 2 Extended Edition,2023-06-09,2023-06,vndb_steam_release,True,False,VNDB_ONLY,True,,v32646,r111848,Fetish Locator: Week 2,complete,True,,,,https://store.steampowered.com/app/1684170/,https://vndb.org/v32646
2295110,I want to have your babies! ~Long-awaited reunion! My childhood friend got sexy and horny~,2023-06-09,2023-06,vndb_steam_release,True,False,VNDB_ONLY,True,,v35347,r103484,Anata to Kozukuri Shitai na♪ ~Suujuunen Buri no Saikai! Osananajimi wa Eroku Yokkyuu Fuman ni Natteimashita~,complete,True,,,,https://store.steampowered.com/app/2295110/,https://vndb.org/v35347
1973580,Once a Porn a Time,2023-06-09,2023-06,vndb_steam_release,True,False,VNDB_ONLY,True,,v45537,r109636,Once a Porn a Time,partial,True,,,,https://store.steampowered.com/app/1973580/,https://vndb.org/v45537
2366700,Isekai Slave,2023-06-10,2023-06,vndb_steam_release,True,False,VNDB_ONLY,True,,v45294,r108970,Isekai Slave,complete,True,,,,https://store.steampowered.com/app/2366700/,https://vndb.org/v45294
2365140,The Artist - Act One v0.1.1,2023-06-10,2023-06,vndb_steam_release,True,False,VNDB_ONLY,True,,v45344,r109157,The Artist,partial,True,,,,https://store.steampowered.com/app/2365140/,https://vndb.org/v45344
2458180,Demonheart: The Cursed Trial (demo),2023-06-11,2023-06,vndb_steam_release,True,False,VNDB_ONLY,True,,v44020,r109042,Demonheart: The Cursed Trial,trial,True,,,,https://store.steampowered.com/app/2458180/,https://vndb.org/v44020
2056710,Kagi o Kakushita Kago no Tori -Bird in Cage Hiding the Key- - Demo,2023-06-11,2023-06,vndb_steam_release,True,False,VNDB_ONLY,True,,v25670,r109572,Kagi o Kakushita Kago no Tori -Bird in Cage Hiding the Key-,trial,True,,,,https://store.steampowered.com/app/2056710/,https://vndb.org/v25670
2358490,Goblin Down,2023-06-12,2023-06,vndb_steam_release,True,False,VNDB_ONLY,True,,v44145,r106471,Goblin Down,complete,True,,,,https://store.steampowered.com/app/2358490/,https://vndb.org/v44145
2232830,Indecent Wife Hana: Gravure - Demo,2023-06-13,2023-06,vndb_steam_release,True,False,VNDB_ONLY,True,,v48852,r117460,Indecent Wife Hana: Gravure,trial,True,,,,https://store.steampowered.com/app/2232830/,https://vndb.org/v48852
2128290,Matrix Hearts: Season 1,2023-06-13,2023-06,vndb_steam_release,True,False,VNDB_ONLY,True,,v34157,r109142,Matrix Hearts,partial,True,,,,https://store.steampowered.com/app/2128290/,https://vndb.org/v34157
2460570,Sex Story - Ruby and Hunter: Episode 1,2023-06-13,2023-06,vndb_steam_release,True,False,VNDB_ONLY,True,,v50386,r121809,Sex Story - Ruby and Hunter,partial,True,,,,https://store.steampowered.com/app/2460570/,https://vndb.org/v50386
2444230,Student po obmenu,2023-06-13,2023-06,vndb_steam_release,True,False,VNDB_ONLY,True,,v45334,r109144,Student po obmenu,complete,True,,,,https://store.steampowered.com/app/2444230/,https://vndb.org/v45334
2399670,Elven Conquest,2023-06-14,2023-06,vndb_steam_release,True,False,VNDB_ONLY,True,,v30567,r116983;r133542,Elven Conquest,complete,True,,,,https://store.steampowered.com/app/2399670/,https://vndb.org/v30567
2529240,The Groom of Gallagher Mansion - Demo,2023-06-14,2023-06,vndb_steam_release,True,False,VNDB_ONLY,True,,v44183,r112379,The Groom of Gallagher Mansion,trial,True,,,,https://store.steampowered.com/app/2529240/,https://vndb.org/v44183
2312670,The Cosmic Wheel Sisterhood - Demo,2023-06-15,2023-06,vndb_steam_release,True,False,VNDB_ONLY,True,,v45427,r109369,The Cosmic Wheel Sisterhood,trial,True,,,,https://store.steampowered.com/app/2312670/,https://vndb.org/v45427
2454450,BitterSweet Detectives' Tea Party - Demo,2023-06-16,2023-06,vndb_steam_release,True,False,VNDB_ONLY,True,,v45382,r109241,BitterSweet: Zhentan Cha Hui,trial,True,,,,https://store.steampowered.com/app/2454450/,https://vndb.org/v45382
2440420,Fragile Feelings - Demo,2023-06-16,2023-06,vndb_steam_release,True,False,VNDB_ONLY,True,,v42855,r109287,Fragile Feelings,trial,True,,,,https://store.steampowered.com/app/2440420/,https://vndb.org/v42855
2425050,Mu Mang - Feng Xia,2023-06-16,2023-06,vndb_steam_release,True,False,VNDB_ONLY,True,,v40048,r123009,Mu Mang,partial,True,,,,https://store.steampowered.com/app/2425050/,https://vndb.org/v40048
2466140,My Lovey-Dovey Demon - Demo,2023-06-16,2023-06,vndb_steam_release,True,False,VNDB_ONLY,True,,v39311,r109286,My Lovey-Dovey Demon,trial,True,,,,https://store.steampowered.com/app/2466140/,https://vndb.org/v39311
2402120,Robotherapy - Demo,2023-06-16,2023-06,vndb_steam_release,True,False,VNDB_ONLY,True,,v64824,r155596,Robotherapy,trial,True,,,,https://store.steampowered.com/app/2402120/,https://vndb.org/v64824
2452060,Souzhiyuan - Demo,2023-06-16,2023-06,vndb_steam_release,True,False,VNDB_ONLY,True,,v50741,r123348,Souzhiyuan,trial,True,,,,https://store.steampowered.com/app/2452060/,https://vndb.org/v50741
2443910,The Ultimate Death Clock,2023-06-16,2023-06,vndb_steam_release,True,False,VNDB_ONLY,True,,v45385,r109255,The Ultimate Death Clock,complete,True,,,,https://store.steampowered.com/app/2443910/,https://vndb.org/v45385
2480610,Tomorrow Will Be Dying - Prologue,2023-06-16,2023-06,vndb_steam_release,True,False,VNDB_ONLY,True,,v28070,r109240,Tomorrow Will Be Dying,trial,True,,,,https://store.steampowered.com/app/2480610/,https://vndb.org/v28070
2467640,With Eyes of Ice - Demo,2023-06-16,2023-06,vndb_steam_release,True,False,VNDB_ONLY,True,,v44881,r109288,With Eyes of Ice,trial,True,,,,https://store.steampowered.com/app/2467640/,https://vndb.org/v44881
2465630,"Court, Connect, Capture Demo",2023-06-17,2023-06,vndb_steam_release,True,False,VNDB_ONLY,True,,v45550,r109666,"Court, Connect, Capture",trial,True,,,,https://store.steampowered.com/app/2465630/,https://vndb.org/v45550
2061320,Triopticon - Sanmei - Demo,2023-06-17,2023-06,vndb_steam_release,True,False,VNDB_ONLY,True,,v37898,r121687,Triopticon Sanmei,trial,True,,,,https://store.steampowered.com/app/2061320/,https://vndb.org/v37898
2471830,Wish a Wish - Demo,2023-06-18,2023-06,vndb_steam_release,True,False,VNDB_ONLY,True,,v45462,r109432,Wish a Wish,trial,True,,,,https://store.steampowered.com/app/2471830/,https://vndb.org/v45462
2463230,BRXKEN INSIDE - Demo,2023-06-19,2023-06,vndb_steam_release,True,False,VNDB_ONLY,True,,v41747,r109373,BRXKEN INSIDE,trial,True,,,,https://store.steampowered.com/app/2463230/,https://vndb.org/v41747
2420150,Decide 4 God Steam Demo,2023-06-19,2023-06,vndb_steam_release,True,False,VNDB_ONLY,True,,v32669,r140654,Decide 4 God,trial,True,,,,https://store.steampowered.com/app/2420150/,https://vndb.org/v32669
2488090,Dvizhenie vniz,2023-06-19,2023-06,vndb_steam_release,True,False,VNDB_ONLY,True,,v34400,r88363,Dvizhenie vniz,complete,True,,,,https://store.steampowered.com/app/2488090/,https://vndb.org/v34400
2174880,Every Hue of You - Demo,2023-06-19,2023-06,vndb_steam_release,True,False,VNDB_ONLY,True,,v45429,r109374,Every Hue of You,trial,True,,,,https://store.steampowered.com/app/2174880/,https://vndb.org/v45429
2236660,Kyouki yori Ai o Komete - Demo,2023-06-19,2023-06,vndb_steam_release,True,False,VNDB_ONLY,True,,v38742,r109349,Kyouki yori Ai o Komete,trial,True,,,,https://store.steampowered.com/app/2236660/,https://vndb.org/v38742
2340200,Penny Larceny: Gig Economy Supervillain - Demo,2023-06-19,2023-06,vndb_steam_release,True,False,VNDB_ONLY,True,,v45387,r109358,Penny Larceny: Gig Economy Supervillain,trial,True,,,,https://store.steampowered.com/app/2340200/,https://vndb.org/v45387
2480110,Venice After Dark - Demo,2023-06-19,2023-06,vndb_steam_release,True,False,VNDB_ONLY,True,,v62651,r149627,Venice After Dark,trial,True,,,,https://store.steampowered.com/app/2480110/,https://vndb.org/v62651
2415090,Wish Us Luck - Next Fest demo,2023-06-19,2023-06,vndb_steam_release,True,False,VNDB_ONLY,True,,v45721,r109991,Wish Us Luck,trial,True,,,,https://store.steampowered.com/app/2415090/,https://vndb.org/v45721
2457830,Yu Nü Dasheng de Tongju Shenghuo - Demo,2023-06-19,2023-06,vndb_steam_release,True,False,VNDB_ONLY,True,,v47803,r119130,Yu Nü Dasheng de Tongju Shenghuo,trial,True,,,,https://store.steampowered.com/app/2457830/,https://vndb.org/v47803
2330610,Milfvania Ep. 2,2023-06-20,2023-06,vndb_steam_release,True,False,VNDB_ONLY,True,,v31901,r110764,Milfvania,partial,True,,,,https://store.steampowered.com/app/2330610/,https://vndb.org/v31901
2434670,Mommy Sensei: Horny Homework,2023-06-20,2023-06,vndb_steam_release,True,False,VNDB_ONLY,True,,v15826,r108714,Inshuu ni Kuruu Gonin no Hitozuma Kyoushi ~Pheromone Kyokon de Gyakushuu! Kuppuku kara Mesu Jukujo Tanezuke Harem e~,complete,True,,,,https://store.steampowered.com/app/2434670/,https://vndb.org/v15826
2384240,Never Meet Your Heroes,2023-06-22,2023-06,vndb_steam_release,True,False,VNDB_ONLY,True,,v45497,r109554,Never Meet Your Heroes,complete,True,,,,https://store.steampowered.com/app/2384240/,https://vndb.org/v45497
2256370,Sleepy Time Jack: Digital Talking Body Pillow v0.38,2023-06-22,2023-06,vndb_steam_release,True,False,VNDB_ONLY,True,,v50946,r123382,Sleepy Time Jack: Digital Talking Body Pillow,partial,True,,,,https://store.steampowered.com/app/2256370/,https://vndb.org/v50946
2325570,LIP! Lewd Idol Project Vol. 2 - Hot Springs and Beach Episodes,2023-06-23,2023-06,vndb_steam_release,True,False,VNDB_ONLY,True,,v45456,r109417,LIP! Lewd Idol Project Vol. 2 - Hot Springs and Beach Episodes,complete,True,,,,https://store.steampowered.com/app/2325570/,https://vndb.org/v45456
2476050,Sex Story - Ruby and Hunter: Episode 2,2023-06-23,2023-06,vndb_steam_release,True,False,VNDB_ONLY,True,,v50386,r121810,Sex Story - Ruby and Hunter,partial,True,,,,https://store.steampowered.com/app/2476050/,https://vndb.org/v50386
2459650,As Long As It's Not Illegal: Act II,2023-06-24,2023-06,vndb_steam_release,True,False,VNDB_ONLY,True,,v31111,r109534,As Long As It's Not Illegal,partial,True,,,,https://store.steampowered.com/app/2459650/,https://vndb.org/v31111
2483650,Blamed - Demo,2023-06-25,2023-06,vndb_steam_release,True,False,VNDB_ONLY,True,,v45534,r109630,Blamed,trial,True,,,,https://store.steampowered.com/app/2483650/,https://vndb.org/v45534
2487360,Love Spell: Written In The Stars (Starlight Edition) - Demo,2023-06-26,2023-06,vndb_steam_release,True,False,VNDB_ONLY,True,,v26749,r109584,Love Spell: Written in the Stars,trial,True,,,,https://store.steampowered.com/app/2487360/,https://vndb.org/v26749
2213660,Succubus Summon,2023-06-26,2023-06,vndb_steam_release,True,False,VNDB_ONLY,True,,v54854,r132206,Succubus Summon,complete,True,,,,https://store.steampowered.com/app/2213660/,https://vndb.org/v54854
1595380,The Durka: Ty (ne) umrjosh' - Early Access,2023-06-26,2023-06,vndb_steam_release,True,False,VNDB_ONLY,True,,v32159,r110487,The Durka: Ty (ne) umrjosh',partial,True,,,,https://store.steampowered.com/app/1595380/,https://vndb.org/v32159
2200360,Jakou no Lyla ~Allure of Musk~ Dai San Yo: Arabian Night,2023-06-27,2023-06,vndb_steam_release,True,False,VNDB_ONLY,True,,v22598,r109599,Jakou no Lyla ~Allure of MUSK~,partial,True,,,,https://store.steampowered.com/app/2200360/,https://vndb.org/v22598
2507530,Lin Zhong Nüwu - Demo,2023-06-27,2023-06,vndb_steam_release,True,False,VNDB_ONLY,True,,v44938,r109626,Lin Zhong Nüwu,trial,True,,,,https://store.steampowered.com/app/2507530/,https://vndb.org/v44938
2107820,NULL [Remastered],2023-06-27,2023-06,vndb_steam_release,True,False,VNDB_ONLY,True,,v38166,r109138,Null,complete,True,,,,https://store.steampowered.com/app/2107820/,https://vndb.org/v38166
2481050,Prince or Villain,2023-06-27,2023-06,vndb_steam_release,True,False,VNDB_ONLY,True,,v45523,r109609,Prince or Villain,complete,True,,,,https://store.steampowered.com/app/2481050/,https://vndb.org/v45523
2481870,Sex Story - Ruby and Hunter: Episode 3,2023-06-27,2023-06,vndb_steam_release,True,False,VNDB_ONLY,True,,v50386,r121811,Sex Story - Ruby and Hunter,partial,True,,,,https://store.steampowered.com/app/2481870/,https://vndb.org/v50386
2512290,Sex Story - Ruby and Hunter: Episode 4,2023-06-27,2023-06,vndb_steam_release,True,False,VNDB_ONLY,True,,v50386,r121812,Sex Story - Ruby and Hunter,partial,True,,,,https://store.steampowered.com/app/2512290/,https://vndb.org/v50386
2461430,The Assistant Season 1,2023-06-27,2023-06,vndb_steam_release,True,False,VNDB_ONLY,True,,v49883,r120479,The Assistant,partial,True,,,,https://store.steampowered.com/app/2461430/,https://vndb.org/v49883
2428660,OpenFlower,2023-06-28,2023-06,vndb_steam_release,True,False,VNDB_ONLY,True,,v45549,r109665,OpenFlower,complete,True,,,,https://store.steampowered.com/app/2428660/,https://vndb.org/v45549
2498940,Amare Inversus,2023-06-29,2023-06,vndb_steam_release,True,False,VNDB_ONLY,True,,v45657,r109833;r122516,Amare Inversus,complete,True,,,,https://store.steampowered.com/app/2498940/,https://vndb.org/v45657
2395530,Seikan Esute - AKARI - Maki (28),2023-06-29,2023-06,vndb_steam_release,True,False,VNDB_ONLY,True,,v44014,r106140,Seikan Esute - AKARI - Maki (28),complete,True,,,,https://store.steampowered.com/app/2395530/,https://vndb.org/v44014
2515180,Choukyou Katei ~Sei Kaihatsu Sareta Shitai wa Moto Kare o Wasurerarenai~ DL Edition - Regular Edition,2023-06-30,2023-06,vndb_steam_release,True,False,VNDB_ONLY,True,,v43541,r112626,Choukyou Katei ~Sei Kaihatsu Sareta Shitai wa Moto Kare o Wasurerarenai~,complete,True,,,,https://store.steampowered.com/app/2515180/,https://vndb.org/v43541
2516730,Choukyou Katei ~Sei Kaihatsu Sareta Shitai wa Moto Kare o Wasurerarenai~ Kakuchou Kit Edition,2023-06-30,2023-06,vndb_steam_release,True,False,VNDB_ONLY,True,,v43541,r112627,Choukyou Katei ~Sei Kaihatsu Sareta Shitai wa Moto Kare o Wasurerarenai~,complete,True,,,,https://store.steampowered.com/app/2516730/,https://vndb.org/v43541
2491740,Dual Chroma - Demo,2023-06-30,2023-06,vndb_steam_release,True,False,VNDB_ONLY,True,,v45593,r109739,Dual Chroma,trial,True,,,,https://store.steampowered.com/app/2491740/,https://vndb.org/v45593
2389200,Hirahira Hihiru - Trial Edition,2023-06-30,2023-06,vndb_steam_release,True,False,VNDB_ONLY,True,,v38429,r109581,Hirahira Hihiru,trial,True,,,,https://store.steampowered.com/app/2389200/,https://vndb.org/v38429
2306972,Iinari Sugiru Onna-tachi - Pheromone Afureru Shigoto Ningen Hen,2023-06-30,2023-06,vndb_steam_release,True,False,VNDB_ONLY,True,,v24878,r110056,Iinari Tsumairo ~Tomaranai Koshizukai~,partial,True,,,,https://store.steampowered.com/app/2306972/,https://vndb.org/v24878
2496850,Bombshell Barista: Speed Dating,2023-07-02,2023-07,vndb_steam_release,True,False,VNDB_ONLY,True,,v47219,r113536,Bombshell Barista: Speed Dating,complete,True,,,,https://store.steampowered.com/app/2496850/,https://vndb.org/v47219
2112680,Darkness Revenge,2023-07-03,2023-07,vndb_steam_release,True,False,VNDB_ONLY,True,,v46039,r110695,Darkness Revenge,complete,True,,,,https://store.steampowered.com/app/2112680/,https://vndb.org/v46039
2476600,Kami in my House,2023-07-03,2023-07,vndb_steam_release,True,False,VNDB_ONLY,True,,v45424,r109361,Kami in my House,complete,True,,,,https://store.steampowered.com/app/2476600/,https://vndb.org/v45424
2475780,THE SHRiNK Season One,2023-07-04,2023-07,vndb_steam_release,True,False,VNDB_ONLY,True,,v28390,r109931,THE SHRiNK,partial,True,,,,https://store.steampowered.com/app/2475780/,https://vndb.org/v28390
2388430,The Interview,2023-07-04,2023-07,vndb_steam_release,True,False,VNDB_ONLY,True,,v30864,r109933,The Interview,complete,True,,,,https://store.steampowered.com/app/2388430/,https://vndb.org/v30864
2423480,Pussy Cum with me,2023-07-07,2023-07,vndb_steam_release,True,False,VNDB_ONLY,True,,v46987,r112812,Pussy Cum with me,complete,True,,,,https://store.steampowered.com/app/2423480/,https://vndb.org/v46987
2473680,Shi Ling: Ghost of Conviction Demo,2023-07-07,2023-07,vndb_steam_release,True,False,VNDB_ONLY,True,,v45719,r119357,Shi Ling,trial,True,,,,https://store.steampowered.com/app/2473680/,https://vndb.org/v45719
2497460,Argumentum ad culpam - Demo Version,2023-07-10,2023-07,vndb_steam_release,True,False,VNDB_ONLY,True,,v42614,r109945,Argumentum ad culpam,trial,True,,,,https://store.steampowered.com/app/2497460/,https://vndb.org/v42614
2446590,Mask - Beyond Lies;Mask - Beyond Lies (Demo),2023-07-10,2023-07,vndb_steam_release,True,False,VNDB_ONLY,True,,v45757,r110076;r110077,Mask - Beyond Lies,complete;trial,True,,,,https://store.steampowered.com/app/2446590/,https://vndb.org/v45757
2454880,Momo no Hana wa Senketsu ni Somaru Demo,2023-07-10,2023-07,vndb_steam_release,True,False,VNDB_ONLY,True,,v44806,r142171,Momo no Hana wa Senketsu ni Somaru,trial,True,,,,https://store.steampowered.com/app/2454880/,https://vndb.org/v44806
2470230,Dongfang Mengxiang Zhongdian ~ Touhou Fantasy destination,2023-07-11,2023-07,vndb_steam_release,True,False,VNDB_ONLY,True,,v45768,r110108,Dongfang Mengxiang Zhongdian ~ Touhou Fantasy destination,complete,True,,,,https://store.steampowered.com/app/2470230/,https://vndb.org/v45768
2452630,Jock Studio - Demo,2023-07-11,2023-07,vndb_steam_release,True,False,VNDB_ONLY,True,,v38573,r105021,Jock Studio,trial,True,,,,https://store.steampowered.com/app/2452630/,https://vndb.org/v38573
2503200,Visniki Avirentesa - Gl. 1 Krila Zmin Demo,2023-07-11,2023-07,vndb_steam_release,True,False,VNDB_ONLY,True,,v38367,r110148,Visnyky Avirentesa,trial,True,,,,https://store.steampowered.com/app/2503200/,https://vndb.org/v38367
1985680,CHARMING HEART,2023-07-13,2023-07,vndb_steam_release,True,False,VNDB_ONLY,True,,v44758,r107659,CHARMING HEART,complete,True,,,,https://store.steampowered.com/app/1985680/,https://vndb.org/v44758
2435560,The Escort (Special Edition),2023-07-14,2023-07,vndb_steam_release,True,False,VNDB_ONLY,True,,v45862,r110320,The Escort,complete,True,,,,https://store.steampowered.com/app/2435560/,https://vndb.org/v45862
2457020,B.E.S.T Demo,2023-07-15,2023-07,vndb_steam_release,True,False,VNDB_ONLY,True,,v61429,r148866,B.E.S.T,trial,True,,,,https://store.steampowered.com/app/2457020/,https://vndb.org/v61429
2243600,My Furry Stepmom - 18+ Adult Only Patch,2023-07-15,2023-07,vndb_steam_release,True,False,VNDB_ONLY,True,,v40534,r110256,My Furry Stepmom 🐾,complete,True,,,,https://store.steampowered.com/app/2243600/,https://vndb.org/v40534
1820050,Biangjing Zhengfuzhe,2023-07-18,2023-07,vndb_steam_release,True,False,VNDB_ONLY,True,,v49159,r118379,Biangjing Zhengfuzhe,complete,True,,,,https://store.steampowered.com/app/1820050/,https://vndb.org/v49159
1973080,Incubus,2023-07-20,2023-07,vndb_steam_release,True,False,VNDB_ONLY,True,,v53617,r129420,Incubus,complete,True,,,,https://store.steampowered.com/app/1973080/,https://vndb.org/v53617
2196490,Lust Element - Season 1,2023-07-20,2023-07,vndb_steam_release,True,False,VNDB_ONLY,True,,v46088,r110797,Lust Element - Season 1,complete,True,,,,https://store.steampowered.com/app/2196490/,https://vndb.org/v46088
1708340,BlazingAngel Mistletear,2023-07-21,2023-07,vndb_steam_release,True,False,VNDB_ONLY,True,,v28966,r121356,Kyokukou Senki Mistletear,complete,True,,,,https://store.steampowered.com/app/1708340/,https://vndb.org/v28966
2017340,Alternate Existence: Season 1 (v1.9.0),2023-07-22,2023-07,vndb_steam_release,True,False,VNDB_ONLY,True,,v32643,r84213,Alternate Existence,partial,True,,,,https://store.steampowered.com/app/2017340/,https://vndb.org/v32643
2450110,Sex Campus Story 🔞,2023-07-22,2023-07,vndb_steam_release,True,False,VNDB_ONLY,True,,v45426,r109364,Sex Campus Story 🔞,complete,True,,,,https://store.steampowered.com/app/2450110/,https://vndb.org/v45426
2523630,Sex Story - Ruby and Hunter: Episode 5,2023-07-22,2023-07,vndb_steam_release,True,False,VNDB_ONLY,True,,v50386,r121813,Sex Story - Ruby and Hunter,partial,True,,,,https://store.steampowered.com/app/2523630/,https://vndb.org/v50386
2533640,The Intermine Legacy: I am the Darkness - Indiegogo demo,2023-07-23,2023-07,vndb_steam_release,True,False,VNDB_ONLY,True,,v46073,r110758,The Intermine Legacy: I am the Darkness,trial,True,,,,https://store.steampowered.com/app/2533640/,https://vndb.org/v46073
2489660,The Way of Wine,2023-07-24,2023-07,vndb_steam_release,True,False,VNDB_ONLY,True,,v46054,r110720,The Way of Wine,complete,True,,,,https://store.steampowered.com/app/2489660/,https://vndb.org/v46054
2450160,Conscience,2023-07-25,2023-07,vndb_steam_release,True,False,VNDB_ONLY,True,,v46074,r110759,Conscience,complete,True,,,,https://store.steampowered.com/app/2450160/,https://vndb.org/v46074
2342430,Elysium Heights - Chapter 1+2,2023-07-26,2023-07,vndb_steam_release,True,False,VNDB_ONLY,True,,v42982,r104256,Elysium Heights,partial,True,,,,https://store.steampowered.com/app/2342430/,https://vndb.org/v42982
2489740,Sleepy Time Jack - Demo,2023-07-26,2023-07,vndb_steam_release,True,False,VNDB_ONLY,True,,v50946,r123380,Sleepy Time Jack: Digital Talking Body Pillow,trial,True,,,,https://store.steampowered.com/app/2489740/,https://vndb.org/v50946
1853680,Zapretnyj Plod,2023-07-26,2023-07,vndb_steam_release,True,False,VNDB_ONLY,True,,v49389,r119060,Zapretnyj Plod,complete,True,,,,https://store.steampowered.com/app/1853680/,https://vndb.org/v49389
2097910,Boku to Sensei no Nyuuin Seikatsu,2023-07-27,2023-07,vndb_steam_release,True,False,VNDB_ONLY,True,,v28131,r95000,Boku to Sensei no Nyuuin Seikatsu,complete,True,,,,https://store.steampowered.com/app/2097910/,https://vndb.org/v28131
2522720,Flavor Favor - Demo,2023-07-28,2023-07,vndb_steam_release,True,False,VNDB_ONLY,True,,v46118,r110866,Flavor Favor,trial,True,,,,https://store.steampowered.com/app/2522720/,https://vndb.org/v46118
2403000,Huan Yu Youleyuan,2023-07-28,2023-07,vndb_steam_release,True,False,VNDB_ONLY,True,,v46240,r111050,Huan Yu Youleyuan,complete,True,,,,https://store.steampowered.com/app/2403000/,https://vndb.org/v46240
2306973,Iinari Sugiru Onna-tachi - Oshitoyaka Kei no Pheromone Zenkai Tsuma Hen,2023-07-28,2023-07,vndb_steam_release,True,False,VNDB_ONLY,True,,v24878,r110913,Iinari Tsumairo ~Tomaranai Koshizukai~,partial,True,,,,https://store.steampowered.com/app/2306973/,https://vndb.org/v24878
2473050,Manbikishita Osanazuma ni Namahame Nakadashi,2023-07-28,2023-07,vndb_steam_release,True,False,VNDB_ONLY,True,,v16635,r110956,Manbiki Musume Momoiro Seisai - Manbiki Shita Osanazuma ni Nama Hame Nakadashi!!,complete,True,,,,https://store.steampowered.com/app/2473050/,https://vndb.org/v16635
2232970,"Shimai x Saimin ~Zettai Fukujuu, Ore ga Zutto Ou-sama~;Sisters hypnosis sex",2023-07-28,2023-07,vndb_steam_release,True,False,VNDB_ONLY,True,,v22819,r110124;r111435,"Shimai x Saimin ~Zettai Fukujuu, Ore ga Zutto Ou-sama~",complete,True,,,,https://store.steampowered.com/app/2232970/,https://vndb.org/v22819
2495570,Shinjuku Hearts,2023-07-28,2023-07,vndb_steam_release,True,False,VNDB_ONLY,True,,v45817,r110220,Shinjuku Hearts,complete,True,,,,https://store.steampowered.com/app/2495570/,https://vndb.org/v45817
2496270,Super Smash Gals: Ultimate Orgy,2023-07-28,2023-07,vndb_steam_release,True,False,VNDB_ONLY,True,,v43131,r110391,Kimomen Demo Kyokon Nara Netoge de Deatta Kyonyuu Girumen-tachi o Ofupako de Haramase Onaho ni Dekiru!,complete,True,,,,https://store.steampowered.com/app/2496270/,https://vndb.org/v43131
2484850,The Murder Hotel - Demo,2023-07-28,2023-07,vndb_steam_release,True,False,VNDB_ONLY,True,,v59394,r142069,The Murder Hotel,trial,True,,,,https://store.steampowered.com/app/2484850/,https://vndb.org/v59394
2500110,The Witch Knight Anna -The Black Serpent and the Golden Wind- Demo,2023-07-28,2023-07,vndb_steam_release,True,False,VNDB_ONLY,True,,v31951,r111232,Majo Kishi Anna ~Kuro no Joou to Sousei no Kishi~,trial,True,,,,https://store.steampowered.com/app/2500110/,https://vndb.org/v31951
2478140,Geumjidoen Supui Bam: Fantasy Romance,2023-07-30,2023-07,vndb_steam_release,True,False,VNDB_ONLY,True,,v42557,r110322,Geumjidoen Supui Bam,complete,True,,,,https://store.steampowered.com/app/2478140/,https://vndb.org/v42557
2518420,Mortie College,2023-07-31,2023-07,vndb_steam_release,True,False,VNDB_ONLY,True,,v65566,r156999;r160077,Mortie College,complete,True,,,,https://store.steampowered.com/app/2518420/,https://vndb.org/v65566
2609500,My Boss Leidi,2023-07-31,2023-07,vndb_steam_release,True,False,VNDB_ONLY,True,,v46062,r113726,My Boss Leidi,complete,True,,,,https://store.steampowered.com/app/2609500/,https://vndb.org/v46062
2531770,A Promise Best Left Unkept - Demo,2023-08-01,2023-08,vndb_steam_release,True,False,VNDB_ONLY,True,,v32699,r111110,A Promise Best Left Unkept,trial,True,,,,https://store.steampowered.com/app/2531770/,https://vndb.org/v32699
2208620,LustyVerse: ShackBang,2023-08-01,2023-08,vndb_steam_release,True,False,VNDB_ONLY,True,,v52036,r125824,LustyVerse: ShackBang,complete,True,,,,https://store.steampowered.com/app/2208620/,https://vndb.org/v52036
2508600,Xi Jjia Cheng Zhen - Demo,2023-08-03,2023-08,vndb_steam_release,True,False,VNDB_ONLY,True,,v49130,r118287,Xi Jjia Cheng Zhen,trial,True,,,,https://store.steampowered.com/app/2508600/,https://vndb.org/v49130
2604270,Sym.BIOS: Torn Asunder - Demo,2023-08-04,2023-08,vndb_steam_release,True,False,VNDB_ONLY,True,,v46338,r118535,Sym.BIOS: Torn Asunder,trial,True,,,,https://store.steampowered.com/app/2604270/,https://vndb.org/v46338
2442100,The Galactic Harem Handbook: Chapter 1 - NSFW Sci-Fi Porn,2023-08-04,2023-08,vndb_steam_release,True,False,VNDB_ONLY,True,,v46523,r111583,The Galactic Harem Handbook,partial,True,,,,https://store.steampowered.com/app/2442100/,https://vndb.org/v46523
2498300,The Witch Knight Anna -The Black Serpent and the Golden Wind-,2023-08-04,2023-08,vndb_steam_release,True,False,VNDB_ONLY,True,,v31951,r110525,Majo Kishi Anna ~Kuro no Joou to Sousei no Kishi~,complete,True,,,,https://store.steampowered.com/app/2498300/,https://vndb.org/v31951
2519670,Wind Love,2023-08-05,2023-08,vndb_steam_release,True,False,VNDB_ONLY,True,,v34177,r111290,Summer With You,complete,True,,,,https://store.steampowered.com/app/2519670/,https://vndb.org/v34177
2531250,Cannibal Tales - Demo,2023-08-06,2023-08,vndb_steam_release,True,False,VNDB_ONLY,True,,v46707,r111978,Cannibal Tales,trial,True,,,,https://store.steampowered.com/app/2531250/,https://vndb.org/v46707
2540030,Checkmate! My Shogi Club President can't be this Cute! - Demo Version,2023-08-06,2023-08,vndb_steam_release,True,False,VNDB_ONLY,True,,v45238,r111198,Checkmate! My Shogi Club President can't be this Cute!,trial,True,,,,https://store.steampowered.com/app/2540030/,https://vndb.org/v45238
2506970,OdiChat - Demo,2023-08-06,2023-08,vndb_steam_release,True,False,VNDB_ONLY,True,,v46595,r111715,OdiChat,trial,True,,,,https://store.steampowered.com/app/2506970/,https://vndb.org/v46595
2520190,Cats in Heat - Convenience Coworkers,2023-08-07,2023-08,vndb_steam_release,True,False,VNDB_ONLY,True,,v45997,r110615,Cats in Heat - Convenience Coworkers,complete,True,,,,https://store.steampowered.com/app/2520190/,https://vndb.org/v45997
2511540,Date Z Demo,2023-08-07,2023-08,vndb_steam_release,True,False,VNDB_ONLY,True,,v46329,r111244,Date Z,trial,True,,,,https://store.steampowered.com/app/2511540/,https://vndb.org/v46329
2457620,Hua Du Zhi Lian - Bali De Shaonü Men,2023-08-07,2023-08,vndb_steam_release,True,False,VNDB_ONLY,True,,v35383,r110770,Hua Du Zhi Lian,partial,True,,,,https://store.steampowered.com/app/2457620/,https://vndb.org/v35383
2545620,LongStory 2 - Demo Version,2023-08-07,2023-08,vndb_steam_release,True,False,VNDB_ONLY,True,,v46431,r111410,LongStory 2,trial,True,,,,https://store.steampowered.com/app/2545620/,https://vndb.org/v46431
2510190,Moonbriar - Demo,2023-08-07,2023-08,vndb_steam_release,True,False,VNDB_ONLY,True,,v46594,r111712,Moonbriar,trial,True,,,,https://store.steampowered.com/app/2510190/,https://vndb.org/v46594
2470340,San Fernando - Demo,2023-08-07,2023-08,vndb_steam_release,True,False,VNDB_ONLY,True,,v46768,r112104,San Fernando,trial,True,,,,https://store.steampowered.com/app/2470340/,https://vndb.org/v46768
2538420,Serafina's Saga: Awakened - Demo,2023-08-07,2023-08,vndb_steam_release,True,False,VNDB_ONLY,True,,v38392,r111717,Serafina's Saga: Awakened,trial,True,,,,https://store.steampowered.com/app/2538420/,https://vndb.org/v38392
2516040,Soluble Dream,2023-08-07,2023-08,vndb_steam_release,True,False,VNDB_ONLY,True,,v45939,r110518,Soluble Dream,complete,True,,,,https://store.steampowered.com/app/2516040/,https://vndb.org/v45939
2515170,Tavern Talk - Demo,2023-08-07,2023-08,vndb_steam_release,True,False,VNDB_ONLY,True,,v49307,r118782,Tavern Talk,trial,True,,,,https://store.steampowered.com/app/2515170/,https://vndb.org/v49307
632800,Beyond Eden,2023-08-08,2023-08,vndb_steam_release,True,False,VNDB_ONLY,True,,v19726,r146915;r87340,Eden-ui Neomeo,complete,True,,,,https://store.steampowered.com/app/632800/,https://vndb.org/v19726
649090,Beyond Eden - Demo,2023-08-08,2023-08,vndb_steam_release,True,False,VNDB_ONLY,True,,v19726,r114069,Eden-ui Neomeo,trial,True,,,,https://store.steampowered.com/app/649090/,https://vndb.org/v19726
1772500,FALLEN - Unity Demo,2023-08-08,2023-08,vndb_steam_release,True,False,VNDB_ONLY,True,,v37091,r111662,FALLEN,trial,True,,,,https://store.steampowered.com/app/1772500/,https://vndb.org/v37091
1360980,Fetish Locator: Week 1 Extended Edition,2023-08-08,2023-08,vndb_steam_release,True,False,VNDB_ONLY,True,,v26678,r111853,Fetish Locator: Week 1,complete,True,,,,https://store.steampowered.com/app/1360980/,https://vndb.org/v26678
2231010,Fetish Locator: Week 3 Extended Edition,2023-08-08,2023-08,vndb_steam_release,True,False,VNDB_ONLY,True,,v32647,r111845;r128879;r128880,Fetish Locator: Week 3,complete,True,,,,https://store.steampowered.com/app/2231010/,https://vndb.org/v32647
2424660,Jinhua Youxi - Season 1,2023-08-08,2023-08,vndb_steam_release,True,False,VNDB_ONLY,True,,v45942,r110523,Jinhua Youxi,partial,True,,,,https://store.steampowered.com/app/2424660/,https://vndb.org/v45942
1906360,Shards of Chaos - Demo v2.0,2023-08-08,2023-08,vndb_steam_release,True,False,VNDB_ONLY,True,,v49242,r118541,Shards of Chaos,trial,True,,,,https://store.steampowered.com/app/1906360/,https://vndb.org/v49242
2548870,Isle of Maligree - Demo Version,2023-08-09,2023-08,vndb_steam_release,True,False,VNDB_ONLY,True,,v45919,r111766,Isle of Maligree,trial,True,,,,https://store.steampowered.com/app/2548870/,https://vndb.org/v45919
2527230,Josei Kokka Nottori Keikaku - Touzoku no Ore ga Ou ni Naru - Female Nation Takeover-,2023-08-09,2023-08,vndb_steam_release,True,False,VNDB_ONLY,True,,v20385,r111070,Megarizoku ~Ingoku ni Kegareru Otome-tachi~,complete,True,,,,https://store.steampowered.com/app/2527230/,https://vndb.org/v20385
1683560,Ravager - Early Access (v5.4.1);Ravager Demo - Free Edition,2023-08-10,2023-08,vndb_steam_release,True,False,VNDB_ONLY,True,,v25429,r111818;r82674,Ravager,partial,True,,,,https://store.steampowered.com/app/1683560/,https://vndb.org/v25429
2545230,Yi Shu Zhuiyi - Trial Edition,2023-08-10,2023-08,vndb_steam_release,True,False,VNDB_ONLY,True,,v46521,r111579,Yi Shu Zhuiyi,trial,True,,,,https://store.steampowered.com/app/2545230/,https://vndb.org/v46521
2531390,A Date for the Ages Demo,2023-08-11,2023-08,vndb_steam_release,True,False,VNDB_ONLY,True,,v46537,r111610,A Date for the Ages,trial,True,,,,https://store.steampowered.com/app/2531390/,https://vndb.org/v46537
2022550,My Furry Protogen - 18+ Adult Only Patch,2023-08-11,2023-08,vndb_steam_release,True,False,VNDB_ONLY,True,,v36192,r111588,My Furry Protogen 🐾,complete,True,,,,https://store.steampowered.com/app/2022550/,https://vndb.org/v36192
2503780,"Tsuki no Onna, Kawa no Tenshi, Kami Meku Toki.;Tsuki no Onna, Kawa no Tenshi, Kami Meku Toki. - Download Edition",2023-08-12,2023-08,vndb_steam_release,True,False,VNDB_ONLY,True,,v41412,r104862;r113048,"Tsuki no Onna, Kawa no Tenshi, Kami Meku Toki.",complete,True,,,,https://store.steampowered.com/app/2503780/,https://vndb.org/v41412
2318430,Forbidden Dojo,2023-08-13,2023-08,vndb_steam_release,True,False,VNDB_ONLY,True,,v46591,r111709,Forbidden Dojo,complete,True,,,,https://store.steampowered.com/app/2318430/,https://vndb.org/v46591
2351810,Netorare Wife -Yukiko- 20 Years After Marriage,2023-08-13,2023-08,vndb_steam_release,True,False,VNDB_ONLY,True,,v46592,r111710,Netorare Wife -Yukiko- 20 Years After Marriage,complete,True,,,,https://store.steampowered.com/app/2351810/,https://vndb.org/v46592
2672390,3Paths - Demo,2023-08-14,2023-08,vndb_steam_release,True,False,VNDB_ONLY,True,,v45823,r114686,3Paths,trial,True,,,,https://store.steampowered.com/app/2672390/,https://vndb.org/v45823
2549320,Omen Exitio: Hunger - Demo,2023-08-14,2023-08,vndb_steam_release,True,False,VNDB_ONLY,True,,v46705,r111975,Omen Exitio: Hunger,trial,True,,,,https://store.steampowered.com/app/2549320/,https://vndb.org/v46705
2558220,Beneath the Bleeding Moon - Demo Version,2023-08-15,2023-08,vndb_steam_release,True,False,VNDB_ONLY,True,,v46519,r111790,Beneath the Bleeding Moon,trial,True,,,,https://store.steampowered.com/app/2558220/,https://vndb.org/v46519
1571820,Yu Nü Dasheng de Tongju Shenghuo,2023-08-15,2023-08,vndb_steam_release,True,False,VNDB_ONLY,True,,v47803,r114835,Yu Nü Dasheng de Tongju Shenghuo,complete,True,,,,https://store.steampowered.com/app/1571820/,https://vndb.org/v47803
2526170,Owari no Kane ga Naru Mae ni - Trial Version,2023-08-16,2023-08,vndb_steam_release,True,False,VNDB_ONLY,True,,v33007,r111820,Owari no Kane ga Naru Mae ni,trial,True,,,,https://store.steampowered.com/app/2526170/,https://vndb.org/v33007
2535060,A World of Wishes,2023-08-17,2023-08,vndb_steam_release,True,False,VNDB_ONLY,True,,v67723,r162539,A World of Wishes,complete,True,,,,https://store.steampowered.com/app/2535060/,https://vndb.org/v67723
2538950,Xia Mo Baiye - Demo,2023-08-17,2023-08,vndb_steam_release,True,False,VNDB_ONLY,True,,v46873,r112632,Xia Mo Baiye,trial,True,,,,https://store.steampowered.com/app/2538950/,https://vndb.org/v46873
2524610,Kukuevo,2023-08-18,2023-08,vndb_steam_release,True,False,VNDB_ONLY,True,,v46675,r111912,Kukuevo,complete,True,,,,https://store.steampowered.com/app/2524610/,https://vndb.org/v46675
2556890,Sweety Girls - Demo Version,2023-08-19,2023-08,vndb_steam_release,True,False,VNDB_ONLY,True,,v45404,r111982,Sweety Girls,trial,True,,,,https://store.steampowered.com/app/2556890/,https://vndb.org/v45404
2528880,Dirty Texts: Are You Sure?,2023-08-21,2023-08,vndb_steam_release,True,False,VNDB_ONLY,True,,v46815,r112306,Dirty Texts: Are You Sure?,complete,True,,,,https://store.steampowered.com/app/2528880/,https://vndb.org/v46815
2528860,Dirty Texts: Melissa's Secret,2023-08-21,2023-08,vndb_steam_release,True,False,VNDB_ONLY,True,,v46816,r112307,Dirty Texts: Melissa's Secret,complete,True,,,,https://store.steampowered.com/app/2528860/,https://vndb.org/v46816
2528870,Dirty Texts: New Intern,2023-08-21,2023-08,vndb_steam_release,True,False,VNDB_ONLY,True,,v46827,r112319,Dirty Texts: New Intern,complete,True,,,,https://store.steampowered.com/app/2528870/,https://vndb.org/v46827
3734430,Dual Family: Act II – Part 2 HALO,2023-08-21,2023-08,vndb_steam_release,True,False,VNDB_ONLY,True,,v21336,r83656,Dual Family,partial,True,,,,https://store.steampowered.com/app/3734430/,https://vndb.org/v21336
2538960,Ostrov Slomannyh Serdec - Demo,2023-08-21,2023-08,vndb_steam_release,True,False,VNDB_ONLY,True,,v45794,r110681,Ostrov Slomannyh Serdec,trial,True,,,,https://store.steampowered.com/app/2538960/,https://vndb.org/v45794
2516050,The Island,2023-08-21,2023-08,vndb_steam_release,True,False,VNDB_ONLY,True,,v46763,r112093,The Island,complete,True,,,,https://store.steampowered.com/app/2516050/,https://vndb.org/v46763
2079610,Wand Out - A 3D Magical Gay Novel,2023-08-23,2023-08,vndb_steam_release,True,False,VNDB_ONLY,True,,v38626,r112178,Wand Out - A 3D Magical Gay Novel,complete,True,,,,https://store.steampowered.com/app/2079610/,https://vndb.org/v38626
2537450,Moja malen'kaja kar'era,2023-08-24,2023-08,vndb_steam_release,True,False,VNDB_ONLY,True,,v48497,r116610,Moja malen'kaja kar'era,complete,True,,,,https://store.steampowered.com/app/2537450/,https://vndb.org/v48497
2539780,"Shimai x Choukyou ~Zettai Fukujuu, Celeb Shimai to Mainichi Nakadashi Seikatsu~ Trial Version",2023-08-24,2023-08,vndb_steam_release,True,False,VNDB_ONLY,True,,v44890,r111427,"Shimai x Choukyou ~Zettai Fukujuu, Celeb Shimai to Mainichi Nakadashi Seikatsu~",trial,True,,,,https://store.steampowered.com/app/2539780/,https://vndb.org/v44890
2461370,"Shimai x Saimin 2 ~Zettai Fukujuu, Celeb Tsuma to Hiyake JK ga Ochiru Seikan Massage~;Sisters hypnosis sex2",2023-08-24,2023-08,vndb_steam_release,True,False,VNDB_ONLY,True,,v25560,r111425;r112704,"Shimai x Saimin 2 ~Zettai Fukujuu, Celeb Tsuma to Hiyake JK ga Ochiru Seikan Massage~",complete,True,,,,https://store.steampowered.com/app/2461370/,https://vndb.org/v25560
2540420,Alibi: The Dinner Party,2023-08-25,2023-08,vndb_steam_release,True,False,VNDB_ONLY,True,,v46813,r112284,Alibi: The Dinner Party,complete,True,,,,https://store.steampowered.com/app/2540420/,https://vndb.org/v46813
2631540,Fallen Seeds - Demo,2023-08-25,2023-08,vndb_steam_release,True,False,VNDB_ONLY,True,,v46826,r112320,Fallen Seeds,trial,True,,,,https://store.steampowered.com/app/2631540/,https://vndb.org/v46826
2552100,License to Breed,2023-08-25,2023-08,vndb_steam_release,True,False,VNDB_ONLY,True,,v37475,r112107,Machi Marugoto Ore no Haramase Onaho Harem!,complete,True,,,,https://store.steampowered.com/app/2552100/,https://vndb.org/v37475
423640,Maid Café,2023-08-25,2023-08,vndb_steam_release,True,False,VNDB_ONLY,True,,v32499,r83764,Maid Café,complete,True,,,,https://store.steampowered.com/app/423640/,https://vndb.org/v32499
1936820,Maid Café - Maid Love,2023-08-25,2023-08,vndb_steam_release,True,False,VNDB_ONLY,True,,v32499,r112265,Maid Café,complete,True,,,,https://store.steampowered.com/app/1936820/,https://vndb.org/v32499
1936822,Maid Café - Sexy Secrets,2023-08-25,2023-08,vndb_steam_release,True,False,VNDB_ONLY,True,,v32499,r112266,Maid Café,complete,True,,,,https://store.steampowered.com/app/1936822/,https://vndb.org/v32499
2551080,Neon City of Desires - Demo,2023-08-25,2023-08,vndb_steam_release,True,False,VNDB_ONLY,True,,v45920,r112267,Neon City of Desires,trial,True,,,,https://store.steampowered.com/app/2551080/,https://vndb.org/v45920
2667380,Shinnyuu Shain wa Moto AV Joyuu - Do M na Kanojo wa Midara ni Ochiteiku - DL Edition - Regular Edition,2023-08-25,2023-08,vndb_steam_release,True,False,VNDB_ONLY,True,,v45463,r112336,Shinnyuu Shain wa Moto AV Joyuu - Do M na Kanojo wa Midara ni Ochiteiku,complete,True,,,,https://store.steampowered.com/app/2667380/,https://vndb.org/v45463
2667450,Shinnyuu Shain wa Moto AV Joyuu - Do M na Kanojo wa Midara ni Ochiteiku - Kakuchou KIT Edition,2023-08-25,2023-08,vndb_steam_release,True,False,VNDB_ONLY,True,,v45463,r114633,Shinnyuu Shain wa Moto AV Joyuu - Do M na Kanojo wa Midara ni Ochiteiku,complete,True,,,,https://store.steampowered.com/app/2667450/,https://vndb.org/v45463
1551670,Samurai Vandalism - Censored Steam Edition,2023-08-26,2023-08,vndb_steam_release,True,False,VNDB_ONLY,True,,v39679,r98411,Samurai Vandalism,complete,True,,,,https://store.steampowered.com/app/1551670/,https://vndb.org/v39679
2523910,The Entrepreneur,2023-08-27,2023-08,vndb_steam_release,True,False,VNDB_ONLY,True,,v46880,r112517,The Entrepreneur,complete,True,,,,https://store.steampowered.com/app/2523910/,https://vndb.org/v46880
1165790,Answer Campus,2023-08-28,2023-08,vndb_steam_release,True,False,VNDB_ONLY,True,,v46848,r112382,Answer Campus,complete,True,,,,https://store.steampowered.com/app/1165790/,https://vndb.org/v46848
1724810,House of Maids,2023-08-30,2023-08,vndb_steam_release,True,False,VNDB_ONLY,True,,v23022,r112449,House of Maids,complete,True,,,,https://store.steampowered.com/app/1724810/,https://vndb.org/v23022
2559320,Shizumeru Rakuen - Trial Version,2023-08-30,2023-08,vndb_steam_release,True,False,VNDB_ONLY,True,,v46961,r112746,Shizumeru Rakuen,trial,True,,,,https://store.steampowered.com/app/2559320/,https://vndb.org/v46961
2568430,Having a HARD Time - Demo,2023-08-31,2023-08,vndb_steam_release,True,False,VNDB_ONLY,True,,v42129,r118544,Having a HARD Time,trial,True,,,,https://store.steampowered.com/app/2568430/,https://vndb.org/v42129
2483780,Helping the Hotties - 4K / HiFi Upgrade,2023-08-31,2023-08,vndb_steam_release,True,False,VNDB_ONLY,True,,v34247,r112466,Helping the Hotties,complete,True,,,,https://store.steampowered.com/app/2483780/,https://vndb.org/v34247
2011180,Terminus Historia - Kyoukai Sen'eki - Kuro Kishidan-hen,2023-08-31,2023-08,vndb_steam_release,True,False,VNDB_ONLY,True,,v36293,r92107,Terminus Historia - Kyoukai Sen'eki -,partial,True,,,,https://store.steampowered.com/app/2011180/,https://vndb.org/v36293
2523550,SEXWIFE: NO LIMIT,2023-09-01,2023-09,vndb_steam_release,True,False,VNDB_ONLY,True,,v46988,r112813,SEXWIFE: NO LIMIT,complete,True,,,,https://store.steampowered.com/app/2523550/,https://vndb.org/v46988
2498350,The Legend of Ogorets #1: Wrat,2023-09-01,2023-09,vndb_steam_release,True,False,VNDB_ONLY,True,,v46893,r112543,The Legend of Ogorets #1: Wrat,complete,True,,,,https://store.steampowered.com/app/2498350/,https://vndb.org/v46893
2525230,My Lovely Stepsister,2023-09-02,2023-09,vndb_steam_release,True,False,VNDB_ONLY,True,,v46925,r112641,My Lovely Stepsister,complete,True,,,,https://store.steampowered.com/app/2525230/,https://vndb.org/v46925
2486270,Pandemommyum! Hot Single Moms in My Area - Demo,2023-09-06,2023-09,vndb_steam_release,True,False,VNDB_ONLY,True,,v48408,r116082,Pandemommyum! Hot Single Moms in My Area,trial,True,,,,https://store.steampowered.com/app/2486270/,https://vndb.org/v48408
2564330,Milye Sosedi,2023-09-07,2023-09,vndb_steam_release,True,False,VNDB_ONLY,True,,v48496,r116609,Milye Sosedi,complete,True,,,,https://store.steampowered.com/app/2564330/,https://vndb.org/v48496
2558980,"The Hero gives up! ... Wait, what!?",2023-09-07,2023-09,vndb_steam_release,True,False,VNDB_ONLY,True,,v46990,r112821,"The Hero gives up! ... Wait, what!?",complete,True,,,,https://store.steampowered.com/app/2558980/,https://vndb.org/v46990
2310480,National Park Girls - Episode 5: Eternal Evergreen (Part 2),2023-09-08,2023-09,vndb_steam_release,True,False,VNDB_ONLY,True,,v24560,r87505,National Park Girls,partial,True,,,,https://store.steampowered.com/app/2310480/,https://vndb.org/v24560
2499420,Ostrov Slomannyh Serdec,2023-09-08,2023-09,vndb_steam_release,True,False,VNDB_ONLY,True,,v45794,r110165,Ostrov Slomannyh Serdec,complete,True,,,,https://store.steampowered.com/app/2499420/,https://vndb.org/v45794
2348680,The Lust City,2023-09-08,2023-09,vndb_steam_release,True,False,VNDB_ONLY,True,,v48955,r117749,The Lust City,complete,True,,,,https://store.steampowered.com/app/2348680/,https://vndb.org/v48955
2531360,Something's In The Air Redux,2023-09-09,2023-09,vndb_steam_release,True,False,VNDB_ONLY,True,,v13429;v28263,r112898,Rachel Meets Ariane;Something's In The Air,complete,True,,,,https://store.steampowered.com/app/2531360/,https://vndb.org/v13429
2546980,Something's In The Air Redux - Demo Version,2023-09-09,2023-09,vndb_steam_release,True,False,VNDB_ONLY,True,,v13429;v28263,r111921,Rachel Meets Ariane;Something's In The Air,trial,True,,,,https://store.steampowered.com/app/2546980/,https://vndb.org/v13429
2489280,Sassy Girl - Demo,2023-09-11,2023-09,vndb_steam_release,True,False,VNDB_ONLY,True,,v50757,r159594,Sassy Girl,trial,True,,,,https://store.steampowered.com/app/2489280/,https://vndb.org/v50757
2699270,Tayla's Big Adventure - Demo,2023-09-11,2023-09,vndb_steam_release,True,False,VNDB_ONLY,True,,v47069,r113032,Champion of Venus: Tayla's Big Adventure,trial,True,,,,https://store.steampowered.com/app/2699270/,https://vndb.org/v47069
2509460,Wo de Yisheng,2023-09-11,2023-09,vndb_steam_release,True,False,VNDB_ONLY,True,,v47029,r112922,Wo de Yisheng,complete,True,,,,https://store.steampowered.com/app/2509460/,https://vndb.org/v47029
2582110,Living In A Brothel - Demo,2023-09-12,2023-09,vndb_steam_release,True,False,VNDB_ONLY,True,,v46884,r112956,Living In A Brothel,trial,True,,,,https://store.steampowered.com/app/2582110/,https://vndb.org/v46884
1892220,My Ex Sister in Law,2023-09-12,2023-09,vndb_steam_release,True,False,VNDB_ONLY,True,,v46373,r111307,My Ex Sister in Law,complete,True,,,,https://store.steampowered.com/app/1892220/,https://vndb.org/v46373
2476790,Xiaofang Yuan Connor - Demo,2023-09-13,2023-09,vndb_steam_release,True,False,VNDB_ONLY,True,,v47095,r113101,Xiaofang Yuan Connor,trial,True,,,,https://store.steampowered.com/app/2476790/,https://vndb.org/v47095
2470980,BUNNY BOND,2023-09-14,2023-09,vndb_steam_release,True,False,VNDB_ONLY,True,,v46660,r111866,BUNNY BOND,complete,True,,,,https://store.steampowered.com/app/2470980/,https://vndb.org/v46660
2420520,Office Affairs,2023-09-14,2023-09,vndb_steam_release,True,False,VNDB_ONLY,True,,v45773,r110123,Office Affairs,complete,True,,,,https://store.steampowered.com/app/2420520/,https://vndb.org/v45773
2259200,Bancroft Academy  - Chapter 1,2023-09-15,2023-09,vndb_steam_release,True,False,VNDB_ONLY,True,,v46673,r111907,Bancroft Academy,partial,True,,,,https://store.steampowered.com/app/2259200/,https://vndb.org/v46673
2599020,Degraman: Act II. Victor - Demo Version,2023-09-15,2023-09,vndb_steam_release,True,False,VNDB_ONLY,True,,v27063,r112910,Degraman,trial,True,,,,https://store.steampowered.com/app/2599020/,https://vndb.org/v27063
1953540,Furry Shades of Gay 3: Still Gayer;Furry Shades of Gay 3: Still Gayer - Halloween Update;Furry Shades of Gay 3: Still Gayer - New Year Update;Furry Shades of Gay 3: Still Gayer - Summer Update;Furry Shades of Gay 3: Still Gayer - Valentine's Update,2023-09-15,2023-09,vndb_steam_release,True,False,VNDB_ONLY,True,,v47004,r112852;r135926;r135927;r135928;r135929,Furry Shades of Gay 3: Still Gayer,complete,True,,,,https://store.steampowered.com/app/1953540/,https://vndb.org/v47004
2469060,Kittengumi: El Ladrón de la Sakabato - Demo,2023-09-15,2023-09,vndb_steam_release,True,False,VNDB_ONLY,True,,v47097,r113161,Kittengumi: El Ladrón de la Sakabato,trial,True,,,,https://store.steampowered.com/app/2469060/,https://vndb.org/v47097
2560650,College Sex Party 🔞,2023-09-16,2023-09,vndb_steam_release,True,False,VNDB_ONLY,True,,v46965,r112770,College Sex Party 🔞,complete,True,,,,https://store.steampowered.com/app/2560650/,https://vndb.org/v46965
1160540,The Crown of Leaves: Chapter 2,2023-09-16,2023-09,vndb_steam_release,True,False,VNDB_ONLY,True,,v24743,r77899,Korona iz list'ev,partial,True,,,,https://store.steampowered.com/app/1160540/,https://vndb.org/v24743
2604590,Departed Away - Demo,2023-09-18,2023-09,vndb_steam_release,True,False,VNDB_ONLY,True,,v47031,r114411,Departed Away,trial,True,,,,https://store.steampowered.com/app/2604590/,https://vndb.org/v47031
2105700,Guilded Hearts,2023-09-18,2023-09,vndb_steam_release,True,False,VNDB_ONLY,True,,v37698,r94721,Guilded Hearts,complete,True,,,,https://store.steampowered.com/app/2105700/,https://vndb.org/v37698
2544010,Shadows of the past,2023-09-18,2023-09,vndb_steam_release,True,False,VNDB_ONLY,True,,v46834,r112344,Shadows of the past,complete,True,,,,https://store.steampowered.com/app/2544010/,https://vndb.org/v46834
2128070,Particles of Reality,2023-09-19,2023-09,vndb_steam_release,True,False,VNDB_ONLY,True,,v42936,r104283,Particles of Reality,complete,True,,,,https://store.steampowered.com/app/2128070/,https://vndb.org/v42936
2173800,Projekt: Passion - Season 1,2023-09-19,2023-09,vndb_steam_release,True,False,VNDB_ONLY,True,,v39788,r133805,Projekt: Passion,partial,True,,,,https://store.steampowered.com/app/2173800/,https://vndb.org/v39788
2154330,The Seven Realms - Realm 1,2023-09-19,2023-09,vndb_steam_release,True,False,VNDB_ONLY,True,,v35803,r113171,The Seven Realms,partial,True,,,,https://store.steampowered.com/app/2154330/,https://vndb.org/v35803
2530100,Horny Spy: Secret Mission,2023-09-20,2023-09,vndb_steam_release,True,False,VNDB_ONLY,True,,v46986,r112811,Horny Spy: Secret Mission,complete,True,,,,https://store.steampowered.com/app/2530100/,https://vndb.org/v46986
2601860,Keepers of Astraela - Demo,2023-09-21,2023-09,vndb_steam_release,True,False,VNDB_ONLY,True,,v45307,r113173,Keepers of Astraela,trial,True,,,,https://store.steampowered.com/app/2601860/,https://vndb.org/v45307
2424440,Lilith Rising - Season 1,2023-09-21,2023-09,vndb_steam_release,True,False,VNDB_ONLY,True,,v43912,r112762,Lilith Rising,partial,True,,,,https://store.steampowered.com/app/2424440/,https://vndb.org/v43912
2423320,Mojibake: Taikenban,2023-09-21,2023-09,vndb_steam_release,True,False,VNDB_ONLY,True,,v51437,r124544,Mojibake,trial,True,,,,https://store.steampowered.com/app/2423320/,https://vndb.org/v51437
2576000,O Tameshi Keiyaku Kanojo -Probationary Girlfriend-,2023-09-21,2023-09,vndb_steam_release,True,False,VNDB_ONLY,True,,v21271,r112897,Fudeoroshi Hime to Shokan Keiyaku,complete,True,,,,https://store.steampowered.com/app/2576000/,https://vndb.org/v21271
2368280,The Seven Realms - Realm 2: Pythonium,2023-09-21,2023-09,vndb_steam_release,True,False,VNDB_ONLY,True,,v35803,r110581,The Seven Realms,partial,True,,,,https://store.steampowered.com/app/2368280/,https://vndb.org/v35803
2587390,Cuckies & Cream: Maids for Milking;Cuckies & Cream: Maids for Milking v1.2,2023-09-22,2023-09,vndb_steam_release,True,False,VNDB_ONLY,True,,v11412,r113042;r125998,"Oku-san, Kane ga Nai nara Karada de Haratte Moraimashou ka? ~Hito no Tsuma-tachi no Ketsu o Narabete Tabekurabe! Netori Kissa Settai!~",complete,True,,,,https://store.steampowered.com/app/2587390/,https://vndb.org/v11412
2599660,Feng Jia-The Everlasting lovestory at the Windcap Demo,2023-09-22,2023-09,vndb_steam_release,True,False,VNDB_ONLY,True,,v47963,r115206,Feng Jia-The Everlasting lovestory at the Windcap,trial,True,,,,https://store.steampowered.com/app/2599660/,https://vndb.org/v47963
2575770,Uso kara Hajimaru Koi no Natsu - Trial Version,2023-09-22,2023-09,vndb_steam_release,True,False,VNDB_ONLY,True,,v34151,r112502,Uso kara Hajimaru Koi no Natsu,trial,True,,,,https://store.steampowered.com/app/2575770/,https://vndb.org/v34151
1838300,Glam Pursuit;Glam Pursuit - Demo,2023-09-23,2023-09,vndb_steam_release,True,False,VNDB_ONLY,True,,v31110,r113292;r79735,Glam Pursuit,complete;trial,True,,,,https://store.steampowered.com/app/1838300/,https://vndb.org/v31110
2351020,Xissai: the Snake Temple,2023-09-23,2023-09,vndb_steam_release,True,False,VNDB_ONLY,True,,v40830,r104634,Xissai: The Snake Temple,complete,True,,,,https://store.steampowered.com/app/2351020/,https://vndb.org/v40830
2513080,To Have and to Hold,2023-09-24,2023-09,vndb_steam_release,True,False,VNDB_ONLY,True,,v45953,r113307,To Have and to Hold,complete,True,,,,https://store.steampowered.com/app/2513080/,https://vndb.org/v45953
2600270,Horrors of Helmsfirth - Trial Version,2023-09-25,2023-09,vndb_steam_release,True,False,VNDB_ONLY,True,,v46659,r112912,Horrors of Helmsfirth,trial,True,,,,https://store.steampowered.com/app/2600270/,https://vndb.org/v46659
2407190,Tokyo Psychodemic ~Kouan Chousachou Tokubetsu Jishou Kagaku Jouhou Bunseki Shitsu - Tokushu Sousa Jikenbo~ Demo,2023-09-25,2023-09,vndb_steam_release,True,False,VNDB_ONLY,True,,v49423,r119234,Tokyo Psychodemic ~Kouan Chousachou Tokubetsu Jishou Kagaku Jouhou Bunseki Shitsu - Tokushu Sousa Jikenbo~,trial,True,,,,https://store.steampowered.com/app/2407190/,https://vndb.org/v49423
2100540,College Kings 2 Episode 2 'The Pool Party' Reworked,2023-09-26,2023-09,vndb_steam_release,True,False,VNDB_ONLY,True,,v34824,r113549,College Kings 2,partial,True,,,,https://store.steampowered.com/app/2100540/,https://vndb.org/v34824
2257720,Above The Clouds - Episode 1,2023-09-27,2023-09,vndb_steam_release,True,False,VNDB_ONLY,True,,v34465,r113415,Above the Clouds,partial,True,,,,https://store.steampowered.com/app/2257720/,https://vndb.org/v34465
2204030,Sword of Wonder: It's Good to be a King,2023-09-27,2023-09,vndb_steam_release,True,False,VNDB_ONLY,True,,v39310,r135367,Sword of Wonder: It's Good to be a King,complete,True,,,,https://store.steampowered.com/app/2204030/,https://vndb.org/v39310
2617750,Mech Academy Demo,2023-09-28,2023-09,vndb_steam_release,True,False,VNDB_ONLY,True,,v47103,r123674,Mech Academy,trial,True,,,,https://store.steampowered.com/app/2617750/,https://vndb.org/v47103
2546390,Shimai x Choukyou - Episode MAO -,2023-09-28,2023-09,vndb_steam_release,True,False,VNDB_ONLY,True,,v44890,r113345,"Shimai x Choukyou ~Zettai Fukujuu, Celeb Shimai to Mainichi Nakadashi Seikatsu~",partial,True,,,,https://store.steampowered.com/app/2546390/,https://vndb.org/v44890
2546400,Shimai x Choukyou - Episode MIO -,2023-09-28,2023-09,vndb_steam_release,True,False,VNDB_ONLY,True,,v44890,r113346,"Shimai x Choukyou ~Zettai Fukujuu, Celeb Shimai to Mainichi Nakadashi Seikatsu~",partial,True,,,,https://store.steampowered.com/app/2546400/,https://vndb.org/v44890
2522560,"Shimai x Choukyou ~Zettai Fukujuu, Celeb Shimai to Mainichi Nakadashi Seikatsu~ Download Edition",2023-09-28,2023-09,vndb_steam_release,True,False,VNDB_ONLY,True,,v44890,r111225,"Shimai x Choukyou ~Zettai Fukujuu, Celeb Shimai to Mainichi Nakadashi Seikatsu~",complete,True,,,,https://store.steampowered.com/app/2522560/,https://vndb.org/v44890
1748300,Dear Monster,2023-09-29,2023-09,vndb_steam_release,True,False,VNDB_ONLY,True,,v24395,r59843,Dear Monster,complete,True,,,,https://store.steampowered.com/app/1748300/,https://vndb.org/v24395
2572200,Hayasaki no Kuroyuri - Trial Edition,2023-09-29,2023-09,vndb_steam_release,True,False,VNDB_ONLY,True,,v34121,r113337,Hayasaki no Kuroyuri,trial,True,,,,https://store.steampowered.com/app/2572200/,https://vndb.org/v34121
2569500,Ofisnaja Zhizn',2023-09-29,2023-09,vndb_steam_release,True,False,VNDB_ONLY,True,,v48495,r116608,Ofisnaja Zhizn',complete,True,,,,https://store.steampowered.com/app/2569500/,https://vndb.org/v48495
2434160,Zhichang shi Wo de Hougōng🔞,2023-09-29,2023-09,vndb_steam_release,True,False,VNDB_ONLY,True,,v47346,r113747,Zhichang shi Wo de Hougōng🔞,complete,True,,,,https://store.steampowered.com/app/2434160/,https://vndb.org/v47346
2392230,The Groom of Gallagher Mansion,2023-09-30,2023-09,vndb_steam_release,True,False,VNDB_ONLY,True,,v44183,r106551,The Groom of Gallagher Mansion,complete,True,,,,https://store.steampowered.com/app/2392230/,https://vndb.org/v44183
2757760,Summer at the Edge of the Universe - Demo,2023-10-01,2023-10,vndb_steam_release,True,False,VNDB_ONLY,True,,v27930,r117984,Summer at the Edge of the Universe,trial,True,,,,https://store.steampowered.com/app/2757760/,https://vndb.org/v27930
2509810,Twofold - Demo,2023-10-01,2023-10,vndb_steam_release,True,False,VNDB_ONLY,True,,v15469,r113669,Twofold,trial,True,,,,https://store.steampowered.com/app/2509810/,https://vndb.org/v15469
2219000,A Promise Best Left Unkept - Censored Edition,2023-10-02,2023-10,vndb_steam_release,True,False,VNDB_ONLY,True,,v32699,r113756,A Promise Best Left Unkept,complete,True,,,,https://store.steampowered.com/app/2219000/,https://vndb.org/v32699
4073950,Monster Gals - Voyage: Demo,2023-10-02,2023-10,vndb_steam_release,True,False,VNDB_ONLY,True,,v47298,r113660,Monster Gals - Dating Simulator,trial,True,,,,https://store.steampowered.com/app/4073950/,https://vndb.org/v47298
2536310,The Legend of Ogorets #2: Tsundere,2023-10-02,2023-10,vndb_steam_release,True,False,VNDB_ONLY,True,,v46894,r112544,The Legend of Ogorets #2: Tsundere,complete,True,,,,https://store.steampowered.com/app/2536310/,https://vndb.org/v46894
2579210,Yuandong Siji Gushi: Hello World (Demo),2023-10-02,2023-10,vndb_steam_release,True,False,VNDB_ONLY,True,,v55087,r132720,Yuandong Siji Gushi: Hello World,trial,True,,,,https://store.steampowered.com/app/2579210/,https://vndb.org/v55087
2135250,Youling Shaonü Lasling (G-rated) - Demo,2023-10-03,2023-10,vndb_steam_release,True,False,VNDB_ONLY,True,,v34656,r114453,Youling Shaonü Lasling,trial,True,,,,https://store.steampowered.com/app/2135250/,https://vndb.org/v34656
2568400,REPLAY BOYS - Demo,2023-10-04,2023-10,vndb_steam_release,True,False,VNDB_ONLY,True,,v45376,r114381,REPLAY BOYS,trial,True,,,,https://store.steampowered.com/app/2568400/,https://vndb.org/v45376
2278630,Haishin 2,2023-10-05,2023-10,vndb_steam_release,True,False,VNDB_ONLY,True,,v46967,r112784,Haishin 2,complete,True,,,,https://store.steampowered.com/app/2278630/,https://vndb.org/v46967
1253730,Paradise Girls - Early Access,2023-10-05,2023-10,vndb_steam_release,True,False,VNDB_ONLY,True,,v47000,r112845,Paradise Girls,partial,True,,,,https://store.steampowered.com/app/1253730/,https://vndb.org/v47000
2479010,The Coming End: Fresh Force Frustrations (A Gay Superhero Visual Novel),2023-10-05,2023-10,vndb_steam_release,True,False,VNDB_ONLY,True,,v45747,r110055,The Coming End: Fresh Force Frustrations (A Gay Superhero Visual Novel),complete,True,,,,https://store.steampowered.com/app/2479010/,https://vndb.org/v45747
2600280,The Coming End: Fresh Force Frustrations (A Gay Superhero Visual Novel) Demo,2023-10-05,2023-10,vndb_steam_release,True,False,VNDB_ONLY,True,,v45747,r113817,The Coming End: Fresh Force Frustrations (A Gay Superhero Visual Novel),trial,True,,,,https://store.steampowered.com/app/2600280/,https://vndb.org/v45747
2612460,A Promise Best Left Unkept - Bonus Scenes [Season 1],2023-10-06,2023-10,vndb_steam_release,True,False,VNDB_ONLY,True,,v52015,r125768,A Promise Best Left Unkept - Bonus Scenes [Season 1],complete,True,,,,https://store.steampowered.com/app/2612460/,https://vndb.org/v52015
2569210,A Date with Death - Demo,2023-10-07,2023-10,vndb_steam_release,True,False,VNDB_ONLY,True,,v45706,r112639,A Date with Death,trial,True,,,,https://store.steampowered.com/app/2569210/,https://vndb.org/v45706
2589170,Aoman De Guaishou Gongzhu Yu Ming Zhentan Shi Mo - Demo,2023-10-07,2023-10,vndb_steam_release,True,False,VNDB_ONLY,True,,v47054,r113892,Àomàn de Guàishòu Gōngzhǔ yǔ Míngzhēntàn Shǐmó,trial,True,,,,https://store.steampowered.com/app/2589170/,https://vndb.org/v47054
2597780,Mei Kong APP - Demo,2023-10-08,2023-10,vndb_steam_release,True,False,VNDB_ONLY,True,,v46865,r113890,Mei APP,trial,True,,,,https://store.steampowered.com/app/2597780/,https://vndb.org/v46865
2602280,Qianru Demo,2023-10-08,2023-10,vndb_steam_release,True,False,VNDB_ONLY,True,,v47819,r114876,Qianru,trial,True,,,,https://store.steampowered.com/app/2602280/,https://vndb.org/v47819
2586590,Yāo Hu De Lian'ai Xue Cheng - Demo,2023-10-08,2023-10,vndb_steam_release,True,False,VNDB_ONLY,True,,v46867,r113891,Yāohú de Liàn'ài Xuéchéng,trial,True,,,,https://store.steampowered.com/app/2586590/,https://vndb.org/v46867
2607770,CABALL - Demo,2023-10-09,2023-10,vndb_steam_release,True,False,VNDB_ONLY,True,,v47102,r122541,CABALL,trial,True,,,,https://store.steampowered.com/app/2607770/,https://vndb.org/v47102
2291520,Dagon - The Railway Horror DLC,2023-10-09,2023-10,vndb_steam_release,True,False,VNDB_ONLY,True,,v31323,r112865,Dagon,complete,True,,,,https://store.steampowered.com/app/2291520/,https://vndb.org/v31323
2432640,Dread Weight - Demo,2023-10-09,2023-10,vndb_steam_release,True,False,VNDB_ONLY,True,,v45377,r113948,Dread Weight,trial,True,,,,https://store.steampowered.com/app/2432640/,https://vndb.org/v45377
2482410,Murder Mystery Paradox - Kono Hitonatsu no Juugonen Demo,2023-10-09,2023-10,vndb_steam_release,True,False,VNDB_ONLY,True,,v44202,r115782,Murder Mystery Paradox - Kono Hitonatsu no Juugonen,trial,True,,,,https://store.steampowered.com/app/2482410/,https://vndb.org/v44202
2636610,The Empress of Aeser - Act I,2023-10-09,2023-10,vndb_steam_release,True,False,VNDB_ONLY,True,,v44230,r114977,The Empress of Aeser,trial,True,,,,https://store.steampowered.com/app/2636610/,https://vndb.org/v44230
2505380,Linghe Hanjian Wuyu - Demo,2023-10-10,2023-10,vndb_steam_release,True,False,VNDB_ONLY,True,,v48427,r116395,Linghe Hanjian Wuyu,trial,True,,,,https://store.steampowered.com/app/2505380/,https://vndb.org/v48427
2633840,Re:Collector - All Ages Edition Story & Graphics Added DLC,2023-10-10,2023-10,vndb_steam_release,True,False,VNDB_ONLY,True,,v42313,r123252,Re:Collector- ~Gyaku Rape ni wa Kusshinai Monogatari~,partial,True,,,,https://store.steampowered.com/app/2633840/,https://vndb.org/v42313
2464260,Sapphic Space,2023-10-10,2023-10,vndb_steam_release,True,False,VNDB_ONLY,True,,v45623,r109772,Sapphic Space,complete,True,,,,https://store.steampowered.com/app/2464260/,https://vndb.org/v45623
2300730,Superspy Steve,2023-10-10,2023-10,vndb_steam_release,True,False,VNDB_ONLY,True,,v47089,r135371,Superspy Steve,complete,True,,,,https://store.steampowered.com/app/2300730/,https://vndb.org/v47089
3074700,The Lewd Deal - Full Version,2023-10-10,2023-10,vndb_steam_release,True,False,VNDB_ONLY,True,,v49246,r118556,The Lewd Deal,complete,True,,,,https://store.steampowered.com/app/3074700/,https://vndb.org/v49246
2597520,Animalia,2023-10-11,2023-10,vndb_steam_release,True,False,VNDB_ONLY,True,,v47453,r113973,Animalia,complete,True,,,,https://store.steampowered.com/app/2597520/,https://vndb.org/v47453
2559870,Heroes of Eroticism - Opportunities of Love,2023-10-11,2023-10,vndb_steam_release,True,False,VNDB_ONLY,True,,v37115,r112958,Heroes of Eroticism,partial,True,,,,https://store.steampowered.com/app/2559870/,https://vndb.org/v37115
2600760,Bardic: Quest for Love - Demo,2023-10-12,2023-10,vndb_steam_release,True,False,VNDB_ONLY,True,,v49468,r119339,Bardic: Quest for Love,trial,True,,,,https://store.steampowered.com/app/2600760/,https://vndb.org/v49468
2558180,Boyfriend Exorcist Demo,2023-10-12,2023-10,vndb_steam_release,True,False,VNDB_ONLY,True,,v46652,r132659,Boyfriend Exorcist,trial,True,,,,https://store.steampowered.com/app/2558180/,https://vndb.org/v46652
2460460,Chimera: Bloodlines - Demo v0.2,2023-10-12,2023-10,vndb_steam_release,True,False,VNDB_ONLY,True,,v46337,r111258,Chimera: Bloodlines,trial,True,,,,https://store.steampowered.com/app/2460460/,https://vndb.org/v46337
2585160,Our Little Secret! Heart-Pounding Idol Sex! Forbidden Lessons with the Manager,2023-10-13,2023-10,vndb_steam_release,True,False,VNDB_ONLY,True,,v18654,r112789,Kakurete! Doki Doki Idol H! ~Manager to no Ikenai Lesson?~,complete,True,,,,https://store.steampowered.com/app/2585160/,https://vndb.org/v18654
2287970,Dungeon's Legion -Maou ni Sasagu- Censored Edition,2023-10-14,2023-10,vndb_steam_release,True,False,VNDB_ONLY,True,,v28673,r104434,Dungeon's Legion - Maou ni Sasagu Otome no Shitai,complete,True,,,,https://store.steampowered.com/app/2287970/,https://vndb.org/v28673
2486070,Late Night Delivery: The Bewitched Collection Demo,2023-10-15,2023-10,vndb_steam_release,True,False,VNDB_ONLY,True,,v29952,r115933,Late Night Delivery,trial,True,,,,https://store.steampowered.com/app/2486070/,https://vndb.org/v29952
2626460,Tales Of Aravorn: An Elven Marriage - Uncensor Patch,2023-10-16,2023-10,vndb_steam_release,True,False,VNDB_ONLY,True,,v36585,r114152,Tales Of Aravorn: An Elven Marriage,complete,True,,,,https://store.steampowered.com/app/2626460/,https://vndb.org/v36585
1778290,Qi Luo Di Yinluan Rensheng,2023-10-17,2023-10,vndb_steam_release,True,False,VNDB_ONLY,True,,v47518,r114177,Qi Luo Di Yinluan Rensheng,complete,True,,,,https://store.steampowered.com/app/1778290/,https://vndb.org/v47518
2286940,Faculty,2023-10-18,2023-10,vndb_steam_release,True,False,VNDB_ONLY,True,,v43577,r105406,Faculty,complete,True,,,,https://store.steampowered.com/app/2286940/,https://vndb.org/v43577
2584680,Black Heaven: A Necromantic Dating Sim,2023-10-20,2023-10,vndb_steam_release,True,False,VNDB_ONLY,True,,v30566,r113235,Black Heaven: A Necromantic Dating Sim,complete,True,,,,https://store.steampowered.com/app/2584680/,https://vndb.org/v30566
2596170,Empyreal Dawn - Demo,2023-10-20,2023-10,vndb_steam_release,True,False,VNDB_ONLY,True,,v39818,r114333,Empyreal Dawn,trial,True,,,,https://store.steampowered.com/app/2596170/,https://vndb.org/v39818
2623750,Ghost Girl Ghussy: XXXL Edition,2023-10-20,2023-10,vndb_steam_release,True,False,VNDB_ONLY,True,,v44518,r113836,Yomichi de Osotte Kita Kaii ga Bakunyuu Datta no de Haramase Niku Onaho ni Shita Ohanashi,complete,True,,,,https://store.steampowered.com/app/2623750/,https://vndb.org/v44518
1840450,Good Bones,2023-10-20,2023-10,vndb_steam_release,True,False,VNDB_ONLY,True,,v47886,r115021,Good Bones,complete,True,,,,https://store.steampowered.com/app/1840450/,https://vndb.org/v47886
2317310,Hentai　HOTLADY,2023-10-20,2023-10,vndb_steam_release,True,False,VNDB_ONLY,True,,v28890,r113723,Fit Shichao! ~Kozue no Another Story~,complete,True,,,,https://store.steampowered.com/app/2317310/,https://vndb.org/v28890
2579580,SAKAZAMURANO INMATSURI KEGASARETA MIKOSHIMAI,2023-10-20,2023-10,vndb_steam_release,True,False,VNDB_ONLY,True,,v20092,r113681,"Mura Matsuri Momoiro Kikou - Sakaza-mura no In Matsuri, Kegasareta Miko Shimai",complete,True,,,,https://store.steampowered.com/app/2579580/,https://vndb.org/v20092
2689010,Meiyou Ren Xiang Chengwei omega de Lian'ai Xiju,2023-10-21,2023-10,vndb_steam_release,True,False,VNDB_ONLY,True,,v49798,r120262,Meiyou Ren Xiang Chengwei omega de Lian'ai Xiju,complete,True,,,,https://store.steampowered.com/app/2689010/,https://vndb.org/v49798
2597580,Porno Empire [18+],2023-10-21,2023-10,vndb_steam_release,True,False,VNDB_ONLY,True,,v47366,r113784,Porno Empire [18+],complete,True,,,,https://store.steampowered.com/app/2597580/,https://vndb.org/v47366
2648800,Young Hearts - Demo,2023-10-21,2023-10,vndb_steam_release,True,False,VNDB_ONLY,True,,v32715,r114414,Young Hearts,trial,True,,,,https://store.steampowered.com/app/2648800/,https://vndb.org/v32715
2613140,Phantom Stars - Demo,2023-10-23,2023-10,vndb_steam_release,True,False,VNDB_ONLY,True,,v47640,r114452,Phantom Stars,trial,True,,,,https://store.steampowered.com/app/2613140/,https://vndb.org/v47640
2578980,Whispers of an Elven Captor,2023-10-23,2023-10,vndb_steam_release,True,False,VNDB_ONLY,True,,v46975,r112790,Whispers of an Elven Captor,complete,True,,,,https://store.steampowered.com/app/2578980/,https://vndb.org/v46975
2432130,The Soul Box – Don Quixotes of Tomorrow,2023-10-24,2023-10,vndb_steam_release,True,False,VNDB_ONLY,True,,v36055,r129392,The Soul Box,partial,True,,,,https://store.steampowered.com/app/2432130/,https://vndb.org/v36055
1951010,"[Hayasaki no Kuroyuri] Tsuika Scenario ""Itsuki-chan no Obentou!""",2023-10-24,2023-10,vndb_steam_release,True,False,VNDB_ONLY,True,,v34121,r114279,Hayasaki no Kuroyuri,partial,True,,,,https://store.steampowered.com/app/1951010/,https://vndb.org/v34121
2095090,Woman Communication,2023-10-25,2023-10,vndb_steam_release,True,False,VNDB_ONLY,True,,v47652,r114479,Woman Communication,complete,True,,,,https://store.steampowered.com/app/2095090/,https://vndb.org/v47652
2593680,Yu Mo Gongwu: Wo de Songge - Download Edition,2023-10-25,2023-10,vndb_steam_release,True,False,VNDB_ONLY,True,,v22114,r113995,Dance with Devils My Carol,complete,True,,,,https://store.steampowered.com/app/2593680/,https://vndb.org/v22114
2643510,Dr. Emmerson's Nocturnes - Demo,2023-10-26,2023-10,vndb_steam_release,True,False,VNDB_ONLY,True,,v47862,r114974,Dr. Emmerson's Nocturnes,trial,True,,,,https://store.steampowered.com/app/2643510/,https://vndb.org/v47862
2585280,Ved'my,2023-10-26,2023-10,vndb_steam_release,True,False,VNDB_ONLY,True,,v47374,r113810,Ved'my,complete,True,,,,https://store.steampowered.com/app/2585280/,https://vndb.org/v47374
2051080,Dream Girlfriend: Doomer Girl,2023-10-27,2023-10,vndb_steam_release,True,False,VNDB_ONLY,True,,v47469,r114032,Dream Girlfriend: Doomer Girl,complete,True,,,,https://store.steampowered.com/app/2051080/,https://vndb.org/v47469
2797500,Hunky City : Love as you go - Demo,2023-10-27,2023-10,vndb_steam_release,True,False,VNDB_ONLY,True,,v47980,r115237,Hunky City : Love as you go,trial,True,,,,https://store.steampowered.com/app/2797500/,https://vndb.org/v47980
2193070,Returning To Mia,2023-10-27,2023-10,vndb_steam_release,True,False,VNDB_ONLY,True,,v47968,r115217,Returning To Mia,complete,True,,,,https://store.steampowered.com/app/2193070/,https://vndb.org/v47968
2532190,"NVDA - Cara, cadê o Tales?",2023-10-30,2023-10,vndb_steam_release,True,False,VNDB_ONLY,True,,v30290,r115982,NVDA,complete,True,,,,https://store.steampowered.com/app/2532190/,https://vndb.org/v30290
2919730,Night Town (demo),2023-10-30,2023-10,vndb_steam_release,True,False,VNDB_ONLY,True,,v47768,r114758,Night Town,trial,True,,,,https://store.steampowered.com/app/2919730/,https://vndb.org/v47768
2656000,Mothers and Daughters - Demo,2023-10-31,2023-10,vndb_steam_release,True,False,VNDB_ONLY,True,,v45805,r117959,Mothers and Daughters,trial,True,,,,https://store.steampowered.com/app/2656000/,https://vndb.org/v45805
2401080,Alien Breeding Program: First Contact,2023-11-01,2023-11,vndb_steam_release,True,False,VNDB_ONLY,True,,v45155,r108713,Alien Breeding Program: First Contact,complete,True,,,,https://store.steampowered.com/app/2401080/,https://vndb.org/v45155
2593660,Halloween Naughty Girls,2023-11-01,2023-11,vndb_steam_release,True,False,VNDB_ONLY,True,,v46985,r112810,Halloween Naughty Girls,complete,True,,,,https://store.steampowered.com/app/2593660/,https://vndb.org/v46985
2597440,Hard Days - Extended Demo,2023-11-01,2023-11,vndb_steam_release,True,False,VNDB_ONLY,True,,v47081,r113065,Hard Days,trial,True,,,,https://store.steampowered.com/app/2597440/,https://vndb.org/v47081
2674690,Across Kiloparsecs - Demo,2023-11-02,2023-11,vndb_steam_release,True,False,VNDB_ONLY,True,,v49749,r120152,Across Kiloparsecs,trial,True,,,,https://store.steampowered.com/app/2674690/,https://vndb.org/v49749
2611790,Motherless - What If? - Anamarija DLC,2023-11-02,2023-11,vndb_steam_release,True,False,VNDB_ONLY,True,,v47689,r114562,Motherless,partial,True,,,,https://store.steampowered.com/app/2611790/,https://vndb.org/v47689
2544090,Milfy City - Final Edition,2023-11-03,2023-11,vndb_steam_release,True,False,VNDB_ONLY,True,,v46960,r112743,Milfy City,complete,True,,,,https://store.steampowered.com/app/2544090/,https://vndb.org/v46960
2624740,Sex Lens: A Porn Story 🍓🎥,2023-11-04,2023-11,vndb_steam_release,True,False,VNDB_ONLY,True,,v47391,r113842,Sex Lens: A Porn Story 🍓🎥,complete,True,,,,https://store.steampowered.com/app/2624740/,https://vndb.org/v47391
2451630,A Tale of Two Lovers,2023-11-06,2023-11,vndb_steam_release,True,False,VNDB_ONLY,True,,v52004,r125737,A Tale of Two Lovers,complete,True,,,,https://store.steampowered.com/app/2451630/,https://vndb.org/v52004
2664270,Pretty Overseer - 18+ Adult Only Content,2023-11-08,2023-11,vndb_steam_release,True,False,VNDB_ONLY,True,,v46923,r114498,Pretty Overseer,complete,True,,,,https://store.steampowered.com/app/2664270/,https://vndb.org/v46923
2652710,Schastlivchik,2023-11-08,2023-11,vndb_steam_release,True,False,VNDB_ONLY,True,,v48494,r116607,Schastlivchik,complete,True,,,,https://store.steampowered.com/app/2652710/,https://vndb.org/v48494
2660930,Aliya's Ascent,2023-11-09,2023-11,vndb_steam_release,True,False,VNDB_ONLY,True,,v47850,r114943,Aliya's Ascent: A Treasure Story,complete,True,,,,https://store.steampowered.com/app/2660930/,https://vndb.org/v47850
1583240,Best Elf,2023-11-09,2023-11,vndb_steam_release,True,False,VNDB_ONLY,True,,v47851,r114944,Best Elf,complete,True,,,,https://store.steampowered.com/app/1583240/,https://vndb.org/v47851
2646410,Hearth & Holmes - Demo,2023-11-09,2023-11,vndb_steam_release,True,False,VNDB_ONLY,True,,v47861,r114972,Hearth & Holmes,trial,True,,,,https://store.steampowered.com/app/2646410/,https://vndb.org/v47861
1796944,Star Melody: Yumemi Dreamer - Chapter 10,2023-11-09,2023-11,vndb_steam_release,True,False,VNDB_ONLY,True,,v32559,r122963,Star Melody: Yumemi Dreamer,partial,True,,,,https://store.steampowered.com/app/1796944/,https://vndb.org/v32559
1796945,Star Melody: Yumemi Dreamer - Chapter 11,2023-11-09,2023-11,vndb_steam_release,True,False,VNDB_ONLY,True,,v32559,r122964,Star Melody: Yumemi Dreamer,partial,True,,,,https://store.steampowered.com/app/1796945/,https://vndb.org/v32559
1796946,Star Melody: Yumemi Dreamer - Chapter 12,2023-11-09,2023-11,vndb_steam_release,True,False,VNDB_ONLY,True,,v32559,r122965,Star Melody: Yumemi Dreamer,partial,True,,,,https://store.steampowered.com/app/1796946/,https://vndb.org/v32559
1711760,Star Melody: Yumemi Dreamer - Chapter 3,2023-11-09,2023-11,vndb_steam_release,True,False,VNDB_ONLY,True,,v32559,r122956,Star Melody: Yumemi Dreamer,partial,True,,,,https://store.steampowered.com/app/1711760/,https://vndb.org/v32559
1711761,Star Melody: Yumemi Dreamer - Chapter 4,2023-11-09,2023-11,vndb_steam_release,True,False,VNDB_ONLY,True,,v32559,r122957,Star Melody: Yumemi Dreamer,partial,True,,,,https://store.steampowered.com/app/1711761/,https://vndb.org/v32559
1711762,Star Melody: Yumemi Dreamer - Chapter 5,2023-11-09,2023-11,vndb_steam_release,True,False,VNDB_ONLY,True,,v32559,r122958,Star Melody: Yumemi Dreamer,partial,True,,,,https://store.steampowered.com/app/1711762/,https://vndb.org/v32559
1796940,Star Melody: Yumemi Dreamer - Chapter 6,2023-11-09,2023-11,vndb_steam_release,True,False,VNDB_ONLY,True,,v32559,r122959,Star Melody: Yumemi Dreamer,partial,True,,,,https://store.steampowered.com/app/1796940/,https://vndb.org/v32559
1796941,Star Melody: Yumemi Dreamer - Chapter 7,2023-11-09,2023-11,vndb_steam_release,True,False,VNDB_ONLY,True,,v32559,r122960,Star Melody: Yumemi Dreamer,partial,True,,,,https://store.steampowered.com/app/1796941/,https://vndb.org/v32559
1796942,Star Melody: Yumemi Dreamer - Chapter 8,2023-11-09,2023-11,vndb_steam_release,True,False,VNDB_ONLY,True,,v32559,r122961,Star Melody: Yumemi Dreamer,partial,True,,,,https://store.steampowered.com/app/1796942/,https://vndb.org/v32559
1796943,Star Melody: Yumemi Dreamer - Chapter 9,2023-11-09,2023-11,vndb_steam_release,True,False,VNDB_ONLY,True,,v32559,r122962,Star Melody: Yumemi Dreamer,partial,True,,,,https://store.steampowered.com/app/1796943/,https://vndb.org/v32559
1797030,Star Melody: Yumemi Dreamer - SP Pack,2023-11-09,2023-11,vndb_steam_release,True,False,VNDB_ONLY,True,,v32559,r122966,Star Melody: Yumemi Dreamer,partial,True,,,,https://store.steampowered.com/app/1797030/,https://vndb.org/v32559
2539120,Erotic Justice,2023-11-10,2023-11,vndb_steam_release,True,False,VNDB_ONLY,True,,v47343,r113730,Erotic Justice,complete,True,,,,https://store.steampowered.com/app/2539120/,https://vndb.org/v47343
1353920,Li Lei he Han Meimei,2023-11-10,2023-11,vndb_steam_release,True,False,VNDB_ONLY,True,,v35576,r90597,Li Lei he Han Meimei,complete,True,,,,https://store.steampowered.com/app/1353920/,https://vndb.org/v35576
2570910,Netorare Princess - Episode Elen -,2023-11-10,2023-11,vndb_steam_release,True,False,VNDB_ONLY,True,,v33849,r114385,"Netorare Princess ~Hime mo Joou mo Onna Kishi mo, Kizuita Toki ni wa Netorare Zumi~",complete,True,,,,https://store.steampowered.com/app/2570910/,https://vndb.org/v33849
2570930,Netorare Princess - Episode Iris -,2023-11-10,2023-11,vndb_steam_release,True,False,VNDB_ONLY,True,,v33849,r114386,"Netorare Princess ~Hime mo Joou mo Onna Kishi mo, Kizuita Toki ni wa Netorare Zumi~",complete,True,,,,https://store.steampowered.com/app/2570930/,https://vndb.org/v33849
2570920,Netorare Princess - Episode Nadia -,2023-11-10,2023-11,vndb_steam_release,True,False,VNDB_ONLY,True,,v33849,r114387,"Netorare Princess ~Hime mo Joou mo Onna Kishi mo, Kizuita Toki ni wa Netorare Zumi~",complete,True,,,,https://store.steampowered.com/app/2570920/,https://vndb.org/v33849
2101460,"Netorare Princess ~Hime mo Joou mo Onna Kishi mo, Kizuita Toki ni wa Netorare Zumi~",2023-11-10,2023-11,vndb_steam_release,True,False,VNDB_ONLY,True,,v33849,r114384,"Netorare Princess ~Hime mo Joou mo Onna Kishi mo, Kizuita Toki ni wa Netorare Zumi~",complete,True,,,,https://store.steampowered.com/app/2101460/,https://vndb.org/v33849
2469290,Adverse Effects,2023-11-11,2023-11,vndb_steam_release,True,False,VNDB_ONLY,True,,v45820,r110230,Adverse Effects,complete,True,,,,https://store.steampowered.com/app/2469290/,https://vndb.org/v45820
2675660,Gay Sex Adventures - Episode 1,2023-11-11,2023-11,vndb_steam_release,True,False,VNDB_ONLY,True,,v49150,r118339,Gay Sex Adventures,partial,True,,,,https://store.steampowered.com/app/2675660/,https://vndb.org/v49150
2509220,Seduce her Harem - Demo,2023-11-11,2023-11,vndb_steam_release,True,False,VNDB_ONLY,True,,v47885,r115018,Seduce her Harem,trial,True,,,,https://store.steampowered.com/app/2509220/,https://vndb.org/v47885
3249030,Clock out at 2 - Steam Demo,2023-11-12,2023-11,vndb_steam_release,True,False,VNDB_ONLY,True,,v47251,r129258,Clock out at 2,trial,True,,,,https://store.steampowered.com/app/3249030/,https://vndb.org/v47251
1455070,Countess in Crimson,2023-11-12,2023-11,vndb_steam_release,True,False,VNDB_ONLY,True,,v32444,r83575,Countess in Crimson,complete,True,,,,https://store.steampowered.com/app/1455070/,https://vndb.org/v32444
2670900,Dungeon Core Master,2023-11-13,2023-11,vndb_steam_release,True,False,VNDB_ONLY,True,,v47926,r115107,Dungeon Core Master,complete,True,,,,https://store.steampowered.com/app/2670900/,https://vndb.org/v47926
2645220,The Bunker,2023-11-13,2023-11,vndb_steam_release,True,False,VNDB_ONLY,True,,v47723,r115108,The Bunker,complete,True,,,,https://store.steampowered.com/app/2645220/,https://vndb.org/v47723
2687600,Doppelgänger,2023-11-14,2023-11,vndb_steam_release,True,False,VNDB_ONLY,True,,v47844,r114933,Doppelgänger,complete,True,,,,https://store.steampowered.com/app/2687600/,https://vndb.org/v47844
2638100,Fresh Story: Season 1 - Steam Edition,2023-11-14,2023-11,vndb_steam_release,True,False,VNDB_ONLY,True,,v46783,r115226;r115227,Kate,partial,True,,,,https://store.steampowered.com/app/2638100/,https://vndb.org/v46783
1988090,Wo Yu Mowang de Qinmi Ailian,2023-11-14,2023-11,vndb_steam_release,True,False,VNDB_ONLY,True,,v41464,r101536,Wo Yu Mowang de Qinmi Ailian,complete,True,,,,https://store.steampowered.com/app/1988090/,https://vndb.org/v41464
1954430,"[Hayasaki no Kuroyuri] Tsuika Scenario ""Hana to Itsuki no Naisho no Hanashi 1""",2023-11-14,2023-11,vndb_steam_release,True,False,VNDB_ONLY,True,,v34121,r115045,Hayasaki no Kuroyuri,partial,True,,,,https://store.steampowered.com/app/1954430/,https://vndb.org/v34121
2672270,Lan Yu Shan Zhi Biduan - Demo,2023-11-15,2023-11,vndb_steam_release,True,False,VNDB_ONLY,True,,v49922,r121111,Lan Yu Shan Zhi Biduan,trial,True,,,,https://store.steampowered.com/app/2672270/,https://vndb.org/v49922
2549760,Rebellion: The Beginning,2023-11-15,2023-11,vndb_steam_release,True,False,VNDB_ONLY,True,,v41879,r115158,Rebellion,partial,True,,,,https://store.steampowered.com/app/2549760/,https://vndb.org/v41879
2628080,Cosplay Relaxation,2023-11-16,2023-11,vndb_steam_release,True,False,VNDB_ONLY,True,,v20423,r114721,Inraku Relaxation ~Hosoi Yubisaki no Technique~,complete,True,,,,https://store.steampowered.com/app/2628080/,https://vndb.org/v20423
2692370,Epiao: Ming Mo Qianli Xing (Demo v1.0),2023-11-16,2023-11,vndb_steam_release,True,False,VNDB_ONLY,True,,v47172,r115170,Epiao: Ming Mo Qianli Xing,trial,True,,,,https://store.steampowered.com/app/2692370/,https://vndb.org/v47172
2304710,Hands Of Gold,2023-11-16,2023-11,vndb_steam_release,True,False,VNDB_ONLY,True,,v48014,r115288,Hands Of Gold,complete,True,,,,https://store.steampowered.com/app/2304710/,https://vndb.org/v48014
2668170,Lust Bunker [18+],2023-11-17,2023-11,vndb_steam_release,True,False,VNDB_ONLY,True,,v47737,r114689,Lust Bunker [18+],complete,True,,,,https://store.steampowered.com/app/2668170/,https://vndb.org/v47737
2445900,Mei App,2023-11-17,2023-11,vndb_steam_release,True,False,VNDB_ONLY,True,,v46865,r112475,Mei APP,complete,True,,,,https://store.steampowered.com/app/2445900/,https://vndb.org/v46865
2668050,Quickie: Fantasy Adventure,2023-11-17,2023-11,vndb_steam_release,True,False,VNDB_ONLY,True,,v28781,r114783,Quickie: Halloween Special,complete,True,,,,https://store.steampowered.com/app/2668050/,https://vndb.org/v28781
2452270,Seed of the Dead: Charm Song - Censored Edition,2023-11-18,2023-11,vndb_steam_release,True,False,VNDB_ONLY,True,,v32170,r142603,Seed of the Dead: Sweet Home,complete,True,,,,https://store.steampowered.com/app/2452270/,https://vndb.org/v32170
2694930,New Earth - Demo,2023-11-19,2023-11,vndb_steam_release,True,False,VNDB_ONLY,True,,v29440,r115354,New Earth,trial,True,,,,https://store.steampowered.com/app/2694930/,https://vndb.org/v29440
2019680,Jinyu Jianshen Zhongxin,2023-11-20,2023-11,vndb_steam_release,True,False,VNDB_ONLY,True,,v48026,r115318,Jinyu Jianshen Zhongxin,complete,True,,,,https://store.steampowered.com/app/2019680/,https://vndb.org/v48026
2649100,Netorare Princess -Tokusei Mini ADV-,2023-11-20,2023-11,vndb_steam_release,True,False,VNDB_ONLY,True,,v33849,r114779,"Netorare Princess ~Hime mo Joou mo Onna Kishi mo, Kizuita Toki ni wa Netorare Zumi~",partial,True,,,,https://store.steampowered.com/app/2649100/,https://vndb.org/v33849
2680050,New Earth,2023-11-20,2023-11,vndb_steam_release,True,False,VNDB_ONLY,True,,v29440,r115352,New Earth,complete,True,,,,https://store.steampowered.com/app/2680050/,https://vndb.org/v29440
1896170,Prince of Suburbia - Part 1,2023-11-20,2023-11,vndb_steam_release,True,False,VNDB_ONLY,True,,v22145,r91201,Prince of Suburbia,partial,True,,,,https://store.steampowered.com/app/1896170/,https://vndb.org/v22145
2149280,Prince of Suburbia - Part 2 (Steam Edition),2023-11-20,2023-11,vndb_steam_release,True,False,VNDB_ONLY,True,,v22145,r100568,Prince of Suburbia,partial,True,,,,https://store.steampowered.com/app/2149280/,https://vndb.org/v22145
2706750,Yin Que: Shisan Yue de Ailian - Demo,2023-11-26,2023-11,vndb_steam_release,True,False,VNDB_ONLY,True,,v48253,r115759,Yin Que: Shisan Yue de Ailian,trial,True,,,,https://store.steampowered.com/app/2706750/,https://vndb.org/v48253
3005800,Shuurou!! Wanwan Human - Trial Edition,2023-11-29,2023-11,vndb_steam_release,True,False,VNDB_ONLY,True,,v49299,r118760,Shuurou!! Wanwan Human,trial,True,,,,https://store.steampowered.com/app/3005800/,https://vndb.org/v49299
2668660,Manwhore Merchant: Breeding in Bulk,2023-11-30,2023-11,vndb_steam_release,True,False,VNDB_ONLY,True,,v46112,r115570,Ero Item de Haramase Harem Seikatsu ~Isekai no Kyonyuu Mesu-tachi o Niku Onaho Ni!~,complete,True,,,,https://store.steampowered.com/app/2668660/,https://vndb.org/v46112
2489850,Slave Lords of the Galaxy,2023-11-30,2023-11,vndb_steam_release,True,False,VNDB_ONLY,True,,v28097,r118097,Slave Lords of the Galaxy,complete,True,,,,https://store.steampowered.com/app/2489850/,https://vndb.org/v28097
1951090,"[Hayasaki no Kuroyuri] Tsuika Scenario ""Moshimo~ Series""",2023-11-30,2023-11,vndb_steam_release,True,False,VNDB_ONLY,True,,v34121,r114693,Hayasaki no Kuroyuri,partial,True,,,,https://store.steampowered.com/app/1951090/,https://vndb.org/v34121
2721880,Aegis Dilemma: Veritas Omnia Vincit,2023-12-01,2023-12,vndb_steam_release,True,False,VNDB_ONLY,True,,v48396,r116047,Aegis Dilemma: Veritas Omnia Vincit,complete,True,,,,https://store.steampowered.com/app/2721880/,https://vndb.org/v48396
2486020,Late Night Delivery: The Bewitched Collection,2023-12-01,2023-12,vndb_steam_release,True,False,VNDB_ONLY,True,,v29952,r115715,Late Night Delivery,complete,True,,,,https://store.steampowered.com/app/2486020/,https://vndb.org/v29952
2681310,My Tsundere Femboy,2023-12-01,2023-12,vndb_steam_release,True,False,VNDB_ONLY,True,,v47964,r115211,My Tsundere Femboy,complete,True,,,,https://store.steampowered.com/app/2681310/,https://vndb.org/v47964
2097960,OMG! Not Another Isekai,2023-12-01,2023-12,vndb_steam_release,True,False,VNDB_ONLY,True,,v47537,r114217,OMG! Not Another Isekai,complete,True,,,,https://store.steampowered.com/app/2097960/,https://vndb.org/v47537
2577090,The Legend of Ogorets #3: Kikimora,2023-12-01,2023-12,vndb_steam_release,True,False,VNDB_ONLY,True,,v48279,r115811,The Legend of Ogorets #3: Kikimora,complete,True,,,,https://store.steampowered.com/app/2577090/,https://vndb.org/v48279
2687080,Wēn Rou Nu Shangsi,2023-12-01,2023-12,vndb_steam_release,True,False,VNDB_ONLY,True,,v47942,r115157,Wēn Rou Nu Shangsi,complete,True,,,,https://store.steampowered.com/app/2687080/,https://vndb.org/v47942
2091440,Furry Boss - 18+ Adult Only Patch,2023-12-02,2023-12,vndb_steam_release,True,False,VNDB_ONLY,True,,v37874,r94999,Furry Boss 💼,complete,True,,,,https://store.steampowered.com/app/2091440/,https://vndb.org/v37874
2435050,Gesshoku,2023-12-02,2023-12,vndb_steam_release,True,False,VNDB_ONLY,True,,v47628,r114428,Gesshoku,complete,True,,,,https://store.steampowered.com/app/2435050/,https://vndb.org/v47628
2666200,SEX Massage 🔞,2023-12-02,2023-12,vndb_steam_release,True,False,VNDB_ONLY,True,,v48204,r115617,SEX Massage 🔞,complete,True,,,,https://store.steampowered.com/app/2666200/,https://vndb.org/v48204
2802160,Jiaoyue Zhuilo Zhishi Demo,2023-12-05,2023-12,vndb_steam_release,True,False,VNDB_ONLY,True,,v51162,r123875,Jiaoyue Zhuilo Zhishi,trial,True,,,,https://store.steampowered.com/app/2802160/,https://vndb.org/v51162
2249210,Heavenly Peaks Cultivation v2.5,2023-12-06,2023-12,vndb_steam_release,True,False,VNDB_ONLY,True,,v49367,r119024,Heavenly Peaks Cultivation,partial,True,,,,https://store.steampowered.com/app/2249210/,https://vndb.org/v49367
2677670,Horny Holiday;Horny Holiday - Demo,2023-12-06,2023-12,vndb_steam_release,True,False,VNDB_ONLY,True,,v47954,r115188;r133040,Horny Holiday,complete;trial,True,,,,https://store.steampowered.com/app/2677670/,https://vndb.org/v47954
2696090,A Date with Death - Expansion DLC;A Date with Death - Expansion DLC - Voiced Edition,2023-12-07,2023-12,vndb_steam_release,True,False,VNDB_ONLY,True,,v45706,r114980;r143535;r153473,A Date with Death,complete,True,,,,https://store.steampowered.com/app/2696090/,https://vndb.org/v45706
2545460,Shenye Lamian - Demo,2023-12-07,2023-12,vndb_steam_release,True,False,VNDB_ONLY,True,,v49182,r118408,Shenye Lamian,trial,True,,,,https://store.steampowered.com/app/2545460/,https://vndb.org/v49182
2640100,Grandma's House: College Days,2023-12-08,2023-12,vndb_steam_release,True,False,VNDB_ONLY,True,,v47751,r114719,Grandma's House: College Days,complete,True,,,,https://store.steampowered.com/app/2640100/,https://vndb.org/v47751
2677890,HOT MOM WANTS SEX,2023-12-08,2023-12,vndb_steam_release,True,False,VNDB_ONLY,True,,v53740,r129716,HOT MOM WANTS SEX,complete,True,,,,https://store.steampowered.com/app/2677890/,https://vndb.org/v53740
2708750,ONE. Steam Trial Edition,2023-12-08,2023-12,vndb_steam_release,True,False,VNDB_ONLY,True,,v51,r116110,ONE ~Kagayaku Kisetsu e~,trial,True,,,,https://store.steampowered.com/app/2708750/,https://vndb.org/v51
2624760,Eros Lights: Strip-Club 🔞,2023-12-09,2023-12,vndb_steam_release,True,False,VNDB_ONLY,True,,v47390,r113841,Eros Lights: Strip-Club 🔞,complete,True,,,,https://store.steampowered.com/app/2624760/,https://vndb.org/v47390
2709900,My Faithful and Loyal Wife Would Never Cheat on Me,2023-12-09,2023-12,vndb_steam_release,True,False,VNDB_ONLY,True,,v48477,r116570;r116572,My Faithful and Loyal Wife Would Never Cheat on Me,complete,True,,,,https://store.steampowered.com/app/2709900/,https://vndb.org/v48477
2619530,Odin Odinnadcat' - 18+ Uncensored DLC,2023-12-09,2023-12,vndb_steam_release,True,False,VNDB_ONLY,True,,v37858,r116157,Odin Odinnadcat',partial,True,,,,https://store.steampowered.com/app/2619530/,https://vndb.org/v37858
2203970,My Incubi Harem,2023-12-11,2023-12,vndb_steam_release,True,False,VNDB_ONLY,True,,v40214,r99398,My Incubi Harem,complete,True,,,,https://store.steampowered.com/app/2203970/,https://vndb.org/v40214
2647790,My Incubi Harem - NSFW Edition,2023-12-11,2023-12,vndb_steam_release,True,False,VNDB_ONLY,True,,v40214,r116515,My Incubi Harem,complete,True,,,,https://store.steampowered.com/app/2647790/,https://vndb.org/v40214
2708190,Negaeui Bit: Je 2 Segye [Erie Ever Route],2023-12-12,2023-12,vndb_steam_release,True,False,VNDB_ONLY,True,,v45037,r115585,Negaeui Bit,partial,True,,,,https://store.steampowered.com/app/2708190/,https://vndb.org/v45037
2486280,Quinn & Flynn,2023-12-13,2023-12,vndb_steam_release,True,False,VNDB_ONLY,True,,v47565,r114300,Quinn & Flynn,complete,True,,,,https://store.steampowered.com/app/2486280/,https://vndb.org/v47565
2721630,The Symbiant Re:Union Demo,2023-12-13,2023-12,vndb_steam_release,True,False,VNDB_ONLY,True,,v45308,r116738,The Symbiant Re:Union,trial,True,,,,https://store.steampowered.com/app/2721630/,https://vndb.org/v45308
1399330,Bomuxiameng Demo,2023-12-14,2023-12,vndb_steam_release,True,False,VNDB_ONLY,True,,v48548,r119005,Bomuxiameng,trial,True,,,,https://store.steampowered.com/app/1399330/,https://vndb.org/v48548
1350650,FreshWomen: Season 1,2023-12-14,2023-12,vndb_steam_release,True,False,VNDB_ONLY,True,,v31447,r116530,FreshWomen,partial,True,,,,https://store.steampowered.com/app/1350650/,https://vndb.org/v31447
2230570,ERROR143 Day 5,2023-12-15,2023-12,vndb_steam_release,True,False,VNDB_ONLY,True,,v36837,r110410,ERROR143,complete,True,,,,https://store.steampowered.com/app/2230570/,https://vndb.org/v36837
2411370,Mature Comedy Visual Novel,2023-12-16,2023-12,vndb_steam_release,True,False,VNDB_ONLY,True,,v48571,r116778,Mature Comedy Visual Novel,complete,True,,,,https://store.steampowered.com/app/2411370/,https://vndb.org/v48571
2734210,Gay Sex Adventures - Episode 2,2023-12-17,2023-12,vndb_steam_release,True,False,VNDB_ONLY,True,,v49150,r118340,Gay Sex Adventures,partial,True,,,,https://store.steampowered.com/app/2734210/,https://vndb.org/v49150
1887580,Project Cappuccino 2 - The Succubus Throne v0.1.12,2023-12-17,2023-12,vndb_steam_release,True,False,VNDB_ONLY,True,,v44529,r107242,Project Cappuccino 2 - The Succubus Throne,partial,True,,,,https://store.steampowered.com/app/1887580/,https://vndb.org/v44529
2453310,Yāo Hu De Lian'ai Xue Cheng,2023-12-17,2023-12,vndb_steam_release,True,False,VNDB_ONLY,True,,v46867,r112476,Yāohú de Liàn'ài Xuéchéng,complete,True,,,,https://store.steampowered.com/app/2453310/,https://vndb.org/v46867
2449910,MyGF: Another,2023-12-19,2023-12,vndb_steam_release,True,False,VNDB_ONLY,True,,v44567,r117288,MyGF: Another Episode,complete,True,,,,https://store.steampowered.com/app/2449910/,https://vndb.org/v44567
2707680,Samuel Sage: The Mystery at Penby Inn - Demo,2023-12-19,2023-12,vndb_steam_release,True,False,VNDB_ONLY,True,,v48635,r118070,Samuel Sage: The Mystery at Penby Inn,trial,True,,,,https://store.steampowered.com/app/2707680/,https://vndb.org/v48635
2458490,Shinobi Otoshi,2023-12-19,2023-12,vndb_steam_release,True,False,VNDB_ONLY,True,,v48598,r116829,Shinobi Otoshi,complete,True,,,,https://store.steampowered.com/app/2458490/,https://vndb.org/v48598
1841640,Chardonnay Romancia: Chapters 1-4,2023-12-20,2023-12,vndb_steam_release,True,False,VNDB_ONLY,True,,v29688,r89380,Chardonnay Romancia,partial,True,,,,https://store.steampowered.com/app/1841640/,https://vndb.org/v29688
2720090,Kurort,2023-12-20,2023-12,vndb_steam_release,True,False,VNDB_ONLY,True,,v48479,r116574,Kurort,complete,True,,,,https://store.steampowered.com/app/2720090/,https://vndb.org/v48479
2633350,Sexy Santa,2023-12-20,2023-12,vndb_steam_release,True,False,VNDB_ONLY,True,,v53731,r129697,Sexy Santa,complete,True,,,,https://store.steampowered.com/app/2633350/,https://vndb.org/v53731
1983880,Short Sad Stories,2023-12-20,2023-12,vndb_steam_release,True,False,VNDB_ONLY,True,,v54343,r131027,Short Sad Stories,complete,True,,,,https://store.steampowered.com/app/1983880/,https://vndb.org/v54343
2740120,Shut Up and Dance: Special Edition - Demo,2023-12-20,2023-12,vndb_steam_release,True,False,VNDB_ONLY,True,,v25740,r116746,Shut Up and Dance,trial,True,,,,https://store.steampowered.com/app/2740120/,https://vndb.org/v25740
2221750,Star Mars v0.9.1b,2023-12-20,2023-12,vndb_steam_release,True,False,VNDB_ONLY,True,,v47061,r113017,Star Mars,partial,True,,,,https://store.steampowered.com/app/2221750/,https://vndb.org/v47061
2291680,Aoman De Guaishou Gongzhu Yu Ming Zhentan Shi Mo,2023-12-21,2023-12,vndb_steam_release,True,False,VNDB_ONLY,True,,v47054,r113002;r127929,Àomàn de Guàishòu Gōngzhǔ yǔ Míngzhēntàn Shǐmó,complete,True,,,,https://store.steampowered.com/app/2291680/,https://vndb.org/v47054
2696200,Futanari College - Episode 1 [18+] 🍓 🤓,2023-12-21,2023-12,vndb_steam_release,True,False,VNDB_ONLY,True,,v48682,r117011,Futanari College,partial,True,,,,https://store.steampowered.com/app/2696200/,https://vndb.org/v48682
2686780,"G-mode Archives+: Tantei Kibukawa Ryousuke Jikentan Vol.13 ""Tasogare wa Ruri no Tsuioku""",2023-12-21,2023-12,vndb_steam_release,True,False,VNDB_ONLY,True,,v44479,r115928,Tantei Kibukawa Ryousuke Jikentan 'Tasogare wa Ruri no Tsuioku',complete,True,,,,https://store.steampowered.com/app/2686780/,https://vndb.org/v44479
2486030,Pandemommyum! Hot Single Moms in My Area,2023-12-21,2023-12,vndb_steam_release,True,False,VNDB_ONLY,True,,v48408,r116083,Pandemommyum! Hot Single Moms in My Area,complete,True,,,,https://store.steampowered.com/app/2486030/,https://vndb.org/v48408
2725920,Order Us! - Demo,2023-12-22,2023-12,vndb_steam_release,True,False,VNDB_ONLY,True,,v47622,r120023,Order Us!,trial,True,,,,https://store.steampowered.com/app/2725920/,https://vndb.org/v47622
1232870,Changeling Tale;Changeling Tale - Demo Version 1.8.0d,2023-12-23,2023-12,vndb_steam_release,True,False,VNDB_ONLY,True,,v21616,r52886;r78188,Changeling Tale,complete;trial,True,,,,https://store.steampowered.com/app/1232870/,https://vndb.org/v21616
2093620,HAPPY SAIN† SHEOL - Trial Version,2023-12-23,2023-12,vndb_steam_release,True,False,VNDB_ONLY,True,,v33587,r116640,HAPPY SAIN† SHEOL,trial,True,,,,https://store.steampowered.com/app/2093620/,https://vndb.org/v33587
2619180,Xiaoye Guaiqi Wuyu,2023-12-24,2023-12,vndb_steam_release,True,False,VNDB_ONLY,True,,v49348,r118926,Xiaoye Guaiqi Wuyu,complete,True,,,,https://store.steampowered.com/app/2619180/,https://vndb.org/v49348
2710230,duplicity loop - Demo,2023-12-25,2023-12,vndb_steam_release,True,False,VNDB_ONLY,True,,v48246,r117360,duplicity loop,trial,True,,,,https://store.steampowered.com/app/2710230/,https://vndb.org/v48246
2697130,"[Hayasaki no Kuroyuri] Tsuika Scenario ""Hana to Itsuki no Gojitsu-dan 1""",2023-12-26,2023-12,vndb_steam_release,True,False,VNDB_ONLY,True,,v34121,r117267,Hayasaki no Kuroyuri,partial,True,,,,https://store.steampowered.com/app/2697130/,https://vndb.org/v34121
2724380,Xiari Shijian Bu - Demo,2023-12-27,2023-12,vndb_steam_release,True,False,VNDB_ONLY,True,,v47757,r117471,Xiari Shijian Bu,trial,True,,,,https://store.steampowered.com/app/2724380/,https://vndb.org/v47757
2650850,Do you like having sex with your colleague? I'll strip her down and make her a porn star!,2023-12-28,2023-12,vndb_steam_release,True,False,VNDB_ONLY,True,,v42100,r116545,Ecchi na Douki wa Suki Desu ka? ~Boku wa Kanojo o Nugasete Sodateru~,complete,True,,,,https://store.steampowered.com/app/2650850/,https://vndb.org/v42100
2699610,My oshi vtuber jumped through the screen and now we're living together: Chill and vibey beast girl game streamer,2023-12-28,2023-12,vndb_steam_release,True,False,VNDB_ONLY,True,,v40058,r115671,Gamen kara Detekita Oshi Vtuber to H na Dousei Seikatsu ~Kemo Mimi Game Haishinsha wa Downer-kei.~,complete,True,,,,https://store.steampowered.com/app/2699610/,https://vndb.org/v40058
2699600,My oshi vtuber jumped through the screen and now we're living together: I want to make a contract with the lady vampire,2023-12-28,2023-12,vndb_steam_release,True,False,VNDB_ONLY,True,,v42883,r115750,Gamen kara Detekita Oshi Vtuber to H na Dousei Seikatsu ~Shomin-ha Kyuuketsuki Ojou-sama wa Keiyaku Shitai~,complete,True,,,,https://store.steampowered.com/app/2699600/,https://vndb.org/v42883
2699620,My oshi vtuber jumped through the screen and now we're living together: Slightly psycho succubus ASMR streamer,2023-12-28,2023-12,vndb_steam_release,True,False,VNDB_ONLY,True,,v44092,r115751,Gamen kara Detekita Oshi Vtuber to H na Dousei Seikatsu ~Muma Kawa ASMR Haishinsha wa Jirai-kei ?~,complete,True,,,,https://store.steampowered.com/app/2699620/,https://vndb.org/v44092
1650290,The Married Manager's Scandalous Services - The Pleasures of the Night Shift,2023-12-28,2023-12,vndb_steam_release,True,False,VNDB_ONLY,True,,v19959,r122463,Hitozuma Tenchou no Chitai Kinmu ~Yakin Baito no Tanoshimi Kata~,complete,True,,,,https://store.steampowered.com/app/1650290/,https://vndb.org/v19959
2748500,Goblins on the March: Breed All Humans!,2023-12-29,2023-12,vndb_steam_release,True,False,VNDB_ONLY,True,,v33447,r109829,Shingun Goblin Gundan ~Jinrui-sou Naedoko-ka Sakusen~,complete,True,,,,https://store.steampowered.com/app/2748500/,https://vndb.org/v33447
2423070,Speakeasy;Speakeasy v2.0,2023-12-30,2023-12,vndb_steam_release,True,False,VNDB_ONLY,True,,v45049,r110097;r129078,Speakeasy,complete,True,,,,https://store.steampowered.com/app/2423070/,https://vndb.org/v45049
3709330,Coffee Buns - Demo,2023-12-31,2023-12,vndb_steam_release,True,False,VNDB_ONLY,True,,v49117,r118240,Coffee Buns,trial,True,,,,https://store.steampowered.com/app/3709330/,https://vndb.org/v49117
2782310,One Barbarian Futa Tribe Chapter 1: Violet,2023-12-31,2023-12,vndb_steam_release,True,False,VNDB_ONLY,True,,v49286,r118689,One Barbarian Futa Tribe,partial,True,,,,https://store.steampowered.com/app/2782310/,https://vndb.org/v49286
2050670,Time Tribunal,2023-12-31,2023-12,vndb_steam_release,True,False,VNDB_ONLY,True,,v49174,r118392,Time Tribunal,trial,True,,,,https://store.steampowered.com/app/2050670/,https://vndb.org/v49174
2703030,The Legend of Ogorets #4: Warren,2024-01-01,2024-01,vndb_steam_release,True,False,VNDB_ONLY,True,,v48280,r115812,The Legend of Ogorets #4: Warren,complete,True,,,,https://store.steampowered.com/app/2703030/,https://vndb.org/v48280
2508400,Mothers and Daughters (v0.5),2024-01-02,2024-01,vndb_steam_release,True,False,VNDB_ONLY,True,,v45805,r110195,Mothers and Daughters,partial,True,,,,https://store.steampowered.com/app/2508400/,https://vndb.org/v45805
1189070,Slimy Sextet,2024-01-02,2024-01,vndb_steam_release,True,False,VNDB_ONLY,True,,v31361,r123305,Slimy Sextet,complete,True,,,,https://store.steampowered.com/app/1189070/,https://vndb.org/v31361
3034040,The Deepwater Witch - Demo,2024-01-02,2024-01,vndb_steam_release,True,False,VNDB_ONLY,True,,v49012,r117911,The Deepwater Witch,trial,True,,,,https://store.steampowered.com/app/3034040/,https://vndb.org/v49012
2664280,"Alpha Male, Play With My Milf Housemaid",2024-01-05,2024-01,vndb_steam_release,True,False,VNDB_ONLY,True,,v49052,r118069,"Alpha Male, Play With My Milf Housemaid",complete,True,,,,https://store.steampowered.com/app/2664280/,https://vndb.org/v49052
2219410,Warlord,2024-01-05,2024-01,vndb_steam_release,True,False,VNDB_ONLY,True,,v40026,r99081,Warlord,complete,True,,,,https://store.steampowered.com/app/2219410/,https://vndb.org/v40026
2681400,Where the Music Dies - Mirror of regret,2024-01-05,2024-01,vndb_steam_release,True,False,VNDB_ONLY,True,,v48024,r118073,Where the Music Dies,partial,True,,,,https://store.steampowered.com/app/2681400/,https://vndb.org/v48024
2668160,Escort's Secrets 18+,2024-01-06,2024-01,vndb_steam_release,True,False,VNDB_ONLY,True,,v48205,r115619,Escort's Secrets 18+,complete,True,,,,https://store.steampowered.com/app/2668160/,https://vndb.org/v48205
2725430,Yokai City,2024-01-07,2024-01,vndb_steam_release,True,False,VNDB_ONLY,True,,v48817,r117407,Yokai City,complete,True,,,,https://store.steampowered.com/app/2725430/,https://vndb.org/v48817
2744590,My Lovey-Dovey Demon - Adult Patch,2024-01-09,2024-01,vndb_steam_release,True,False,VNDB_ONLY,True,,v39311,r118217,My Lovey-Dovey Demon,complete,True,,,,https://store.steampowered.com/app/2744590/,https://vndb.org/v39311
2736150,The Galactic Harem Handbook: Chapter 2 - NSFW Sci-Fi Porn,2024-01-09,2024-01,vndb_steam_release,True,False,VNDB_ONLY,True,,v46523,r117735,The Galactic Harem Handbook,partial,True,,,,https://store.steampowered.com/app/2736150/,https://vndb.org/v46523
2757730,Ibyeol Kkeute Mannandamyeon - Demo,2024-01-10,2024-01,vndb_steam_release,True,False,VNDB_ONLY,True,,v39863,r123178,Ibyeol Kkeute Mannandamyeon,trial,True,,,,https://store.steampowered.com/app/2757730/,https://vndb.org/v39863
2674020,Stolen Memories - Demo,2024-01-11,2024-01,vndb_steam_release,True,False,VNDB_ONLY,True,,v47041,r118345,Stolen Memories,trial,True,,,,https://store.steampowered.com/app/2674020/,https://vndb.org/v47041
2691220,Ara Ara Auntie Incest,2024-01-12,2024-01,vndb_steam_release,True,False,VNDB_ONLY,True,,v46875,r116731,Darashi ga nai Kyonyuu Onee-san no Osewa o Yaitara Tanetsuke Harem Seikatsu o Suru Koto ni Natta Ken,complete,True,,,,https://store.steampowered.com/app/2691220/,https://vndb.org/v46875
2700910,Emi - Christmas Special,2024-01-12,2024-01,vndb_steam_release,True,False,VNDB_ONLY,True,,v48096,r115441,Emi - Christmas Special,complete,True,,,,https://store.steampowered.com/app/2700910/,https://vndb.org/v48096
2713990,"I keep Dying in Another World -What the hell, Goddess!-",2024-01-12,2024-01,vndb_steam_release,True,False,VNDB_ONLY,True,,v48341,r115931,"I keep Dying in Another World -What the hell, Goddess!-",complete,True,,,,https://store.steampowered.com/app/2713990/,https://vndb.org/v48341
1737310,Ling Long Dao - Trial Edition,2024-01-14,2024-01,vndb_steam_release,True,False,VNDB_ONLY,True,,v34804,r118756,Ling Long Dao,trial,True,,,,https://store.steampowered.com/app/1737310/,https://vndb.org/v34804
2655570,Dreamscape of Delights,2024-01-15,2024-01,vndb_steam_release,True,False,VNDB_ONLY,True,,v47826,r114896,Dreamscape of Delights,complete,True,,,,https://store.steampowered.com/app/2655570/,https://vndb.org/v47826
2726080,The Bard for Her,2024-01-15,2024-01,vndb_steam_release,True,False,VNDB_ONLY,True,,v48418,r116112,The Bard for Her,complete,True,,,,https://store.steampowered.com/app/2726080/,https://vndb.org/v48418
2604760,The Muscle Bunny Girls Caught Me Cheatin'!!! - Censored Version,2024-01-15,2024-01,vndb_steam_release,True,False,VNDB_ONLY,True,,v47787,r116622,The Muscle Bunny Girls Caught Me Cheatin'!!!,complete,True,,,,https://store.steampowered.com/app/2604760/,https://vndb.org/v47787
2738970,Bancroft Academy - Lewd Upgrade!,2024-01-16,2024-01,vndb_steam_release,True,False,VNDB_ONLY,True,,v46673,r118411,Bancroft Academy,partial,True,,,,https://store.steampowered.com/app/2738970/,https://vndb.org/v46673
2733610,Gay Sex Adventures - Episode 3,2024-01-16,2024-01,vndb_steam_release,True,False,VNDB_ONLY,True,,v49150,r118341,Gay Sex Adventures,partial,True,,,,https://store.steampowered.com/app/2733610/,https://vndb.org/v49150
2398950,Guncade;Guncade (Demo),2024-01-16,2024-01,vndb_steam_release,True,False,VNDB_ONLY,True,,v49183,r118410;r136198,Guncade,complete;trial,True,,,,https://store.steampowered.com/app/2398950/,https://vndb.org/v49183
1988080,Jingling Nu Shangsi de Xun Gou Shu,2024-01-16,2024-01,vndb_steam_release,True,False,VNDB_ONLY,True,,v41458,r101528,Jingling Nu Shangsi de Xun Gou Shu,complete,True,,,,https://store.steampowered.com/app/1988080/,https://vndb.org/v41458
2763380,Soulbond - Demo,2024-01-17,2024-01,vndb_steam_release,True,False,VNDB_ONLY,True,,v49240,r118526,Soulbond,trial,True,,,,https://store.steampowered.com/app/2763380/,https://vndb.org/v49240
2757590,Uroki vlechenija,2024-01-18,2024-01,vndb_steam_release,True,False,VNDB_ONLY,True,,v49595,r119747,Uroki vlechenija,complete,True,,,,https://store.steampowered.com/app/2757590/,https://vndb.org/v49595
2724440,Weekend Romance,2024-01-18,2024-01,vndb_steam_release,True,False,VNDB_ONLY,True,,v49249,r118574,Weekend Romance,complete,True,,,,https://store.steampowered.com/app/2724440/,https://vndb.org/v49249
2768120,Benefitship - Demo,2024-01-19,2024-01,vndb_steam_release,True,False,VNDB_ONLY,True,,v46849,r125224,Benefitship,trial,True,,,,https://store.steampowered.com/app/2768120/,https://vndb.org/v46849
2775490,Fixer's Tale - Demo,2024-01-19,2024-01,vndb_steam_release,True,False,VNDB_ONLY,True,,v49241,r118528,Fixer's Tale,trial,True,,,,https://store.steampowered.com/app/2775490/,https://vndb.org/v49241
1749420,Sand Story,2024-01-19,2024-01,vndb_steam_release,True,False,VNDB_ONLY,True,,v32660,r129648,Sand Story,complete,True,,,,https://store.steampowered.com/app/1749420/,https://vndb.org/v32660
2573050,Zero End: Chapter One,2024-01-19,2024-01,vndb_steam_release,True,False,VNDB_ONLY,True,,v39846,r112679,Zero End,partial,True,,,,https://store.steampowered.com/app/2573050/,https://vndb.org/v39846
2681280,The Queendom of Lithzena - Demo,2024-01-20,2024-01,vndb_steam_release,True,False,VNDB_ONLY,True,,v52062,r126115,The Queendom of Lithzena,trial,True,,,,https://store.steampowered.com/app/2681280/,https://vndb.org/v52062
3141490,Asphodelium,2024-01-21,2024-01,vndb_steam_release,True,False,VNDB_ONLY,True,,v49001,r118285,Asphodelium,complete,True,,,,https://store.steampowered.com/app/3141490/,https://vndb.org/v49001
2780500,BLACK SHEEP TOWN  Demo,2024-01-22,2024-01,vndb_steam_release,True,False,VNDB_ONLY,True,,v21069,r118659,BLACK SHEEP TOWN,trial,True,,,,https://store.steampowered.com/app/2780500/,https://vndb.org/v21069
2576040,Goblin Gangbang 🧟🍆👩,2024-01-23,2024-01,vndb_steam_release,True,False,VNDB_ONLY,True,,v49109,r118207,Goblin Gangbang 🧟🍆👩,complete,True,,,,https://store.steampowered.com/app/2576040/,https://vndb.org/v49109
2746980,Love Delivery - Demo,2024-01-23,2024-01,vndb_steam_release,True,False,VNDB_ONLY,True,,v32945,r114630,Love Delivery,trial,True,,,,https://store.steampowered.com/app/2746980/,https://vndb.org/v32945
2758310,Love in Login - Demo,2024-01-23,2024-01,vndb_steam_release,True,False,VNDB_ONLY,True,,v47580,r126677,Love in Login,trial,True,,,,https://store.steampowered.com/app/2758310/,https://vndb.org/v47580
2800830,Ecosphere - Demo,2024-01-26,2024-01,vndb_steam_release,True,False,VNDB_ONLY,True,,v40661,r135640,Ecosphere,trial,True,,,,https://store.steampowered.com/app/2800830/,https://vndb.org/v40661
2816750,Netorare Ren'ai Jijou ~Joushi ni Karametorareta Otomegokoro~ DL Edition - Regular Edition,2024-01-26,2024-01,vndb_steam_release,True,False,VNDB_ONLY,True,,v47887,r115025,Netorare Ren'ai Jijou ~Joushi ni Karametorareta Otomegokoro~,complete,True,,,,https://store.steampowered.com/app/2816750/,https://vndb.org/v47887
2819310,Netorare Ren'ai Jijou ~Joushi ni Karametorareta Otomegokoro~ Kakuchou KIT Edition,2024-01-26,2024-01,vndb_steam_release,True,False,VNDB_ONLY,True,,v47887,r115028,Netorare Ren'ai Jijou ~Joushi ni Karametorareta Otomegokoro~,complete,True,,,,https://store.steampowered.com/app/2819310/,https://vndb.org/v47887
2640970,Strah i nenavist' v samarskoj shavushnoj - Demo,2024-01-26,2024-01,vndb_steam_release,True,False,VNDB_ONLY,True,,v41469;v47299,r118894,Strah i nenavist' v samarskoj shavushnoj;White Blood,complete;trial,True,,,,https://store.steampowered.com/app/2640970/,https://vndb.org/v41469
2721240,Brothel Secrets 🔞,2024-01-27,2024-01,vndb_steam_release,True,False,VNDB_ONLY,True,,v48518,r116647,Brothel Secrets 🔞,complete,True,,,,https://store.steampowered.com/app/2721240/,https://vndb.org/v48518
2612260,My Furry Protogen 2 🐾 - 18+ Adult Only Patch,2024-01-27,2024-01,vndb_steam_release,True,False,VNDB_ONLY,True,,v47072,r113039,My Furry Protogen 2 🐾,complete,True,,,,https://store.steampowered.com/app/2612260/,https://vndb.org/v47072
3041500,A Whore New Ball Game,2024-01-29,2024-01,vndb_steam_release,True,False,VNDB_ONLY,True,,v35755,r94982,A Whore New Ball Game,complete,True,,,,https://store.steampowered.com/app/3041500/,https://vndb.org/v35755
2758890,The Symbiant Re:Union - Adult Patch,2024-01-29,2024-01,vndb_steam_release,True,False,VNDB_ONLY,True,,v45308,r116742,The Symbiant Re:Union,complete,True,,,,https://store.steampowered.com/app/2758890/,https://vndb.org/v45308
2730570,Xuefeng Shan - Demo,2024-01-30,2024-01,vndb_steam_release,True,False,VNDB_ONLY,True,,v40050,r124357,Xuefeng Shan,trial,True,,,,https://store.steampowered.com/app/2730570/,https://vndb.org/v40050
2445340,Love n Life: Lucky Teacher,2024-01-31,2024-01,vndb_steam_release,True,False,VNDB_ONLY,True,,v63705,r152553,Love n Life: Lucky Teacher,complete,True,,,,https://store.steampowered.com/app/2445340/,https://vndb.org/v63705
1725910,Shards of Chaos,2024-01-31,2024-01,vndb_steam_release,True,False,VNDB_ONLY,True,,v49242,r118540,Shards of Chaos,complete,True,,,,https://store.steampowered.com/app/1725910/,https://vndb.org/v49242
2738690,Chicken Police: Into the HIVE!  - Demo,2024-02-01,2024-02,vndb_steam_release,True,False,VNDB_ONLY,True,,v53497,r129155,Chicken Police: Into the HIVE!,trial,True,,,,https://store.steampowered.com/app/2738690/,https://vndb.org/v53497
2745790,Folie Fatale ~Yandere Otoko ni Otosareru~ Trial Version,2024-02-01,2024-02,vndb_steam_release,True,False,VNDB_ONLY,True,,v49057,r123562,Folie Fatale ~Yandere Otoko ni Otosareru~,trial,True,,,,https://store.steampowered.com/app/2745790/,https://vndb.org/v49057
2814780,Hawaii Detective: Killing of a Krypto King - Adults Only 18+ Patch,2024-02-01,2024-02,vndb_steam_release,True,False,VNDB_ONLY,True,,v44759,r123567,Hawaii Detective: Killing of a Krypto King,complete,True,,,,https://store.steampowered.com/app/2814780/,https://vndb.org/v44759
1521020,The Clinic of Depravity - A Wife Reveals Her True Nature in Front of Her Husband,2024-02-01,2024-02,vndb_steam_release,True,False,VNDB_ONLY,True,,v18584,r118985,"Inraku Counseling ~Otto no Me no Mae de, Tsuma wa Honshou ni Ochiteyuku~",complete,True,,,,https://store.steampowered.com/app/1521020/,https://vndb.org/v18584
2805700,BDSM Sex - Episode 1,2024-02-02,2024-02,vndb_steam_release,True,False,VNDB_ONLY,True,,v51410,r124468,BDSM Sex,partial,True,,,,https://store.steampowered.com/app/2805700/,https://vndb.org/v51410
2802030,Bad Guys Good Boys - Demo,2024-02-02,2024-02,vndb_steam_release,True,False,VNDB_ONLY,True,,v48929,r132232,Bad Guys Good Boys,trial,True,,,,https://store.steampowered.com/app/2802030/,https://vndb.org/v48929
2791140,DEEPER CREEPER LUST🐙😱,2024-02-02,2024-02,vndb_steam_release,True,False,VNDB_ONLY,True,,v50771,r122976,DEEPER CREEPER LUST🐙😱,complete,True,,,,https://store.steampowered.com/app/2791140/,https://vndb.org/v50771
2737740,Deep Under Demo,2024-02-02,2024-02,vndb_steam_release,True,False,VNDB_ONLY,True,,v50352,r121734,Deep Under,trial,True,,,,https://store.steampowered.com/app/2737740/,https://vndb.org/v50352
2685680,Enelia: Dawn of Madness - Demo,2024-02-02,2024-02,vndb_steam_release,True,False,VNDB_ONLY,True,,v51380,r124753,Enelia: Dawn of Madness,trial,True,,,,https://store.steampowered.com/app/2685680/,https://vndb.org/v51380
1039940,Hashihime of the Old Book Town - Download Edition,2024-02-02,2024-02,vndb_steam_release,True,False,VNDB_ONLY,True,,v17018,r119159,Koshotengai no Hashihime,complete,True,,,,https://store.steampowered.com/app/1039940/,https://vndb.org/v17018
2725150,NTR with hypnosis application,2024-02-02,2024-02,vndb_steam_release,True,False,VNDB_ONLY,True,,v22771,r118482,Aniyome Saimin Appli Ochi ~Yokkyuu Fuman no Aniyome ni Saimin Appli o Tsukattara Rippa na Nikubenki ni Narimashita~,complete,True,,,,https://store.steampowered.com/app/2725150/,https://vndb.org/v22771
2799250,Tentacles Party With Nuns - Demo,2024-02-02,2024-02,vndb_steam_release,True,False,VNDB_ONLY,True,,v36254,r127487,Xiunu de Chushou Paidui,trial,True,,,,https://store.steampowered.com/app/2799250/,https://vndb.org/v36254
2778730,Xia Zhi Huan Xing,2024-02-02,2024-02,vndb_steam_release,True,False,VNDB_ONLY,True,,v49381,r119033,Xia Zhi Huan Xing,complete,True,,,,https://store.steampowered.com/app/2778730/,https://vndb.org/v49381
2772250,Cybernetic Seduction - Season 1 Demo,2024-02-03,2024-02,vndb_steam_release,True,False,VNDB_ONLY,True,,v40739,r119051,Cybernetic Seduction,trial,True,,,,https://store.steampowered.com/app/2772250/,https://vndb.org/v40739
2866200,Symmetric;Vision Chapter 01: Unobserved Dim Star,2024-02-03,2024-02,vndb_steam_release,True,False,VNDB_ONLY,True,,v49006,r119034,Symmetric;Vision,partial,True,,,,https://store.steampowered.com/app/2866200/,https://vndb.org/v49006
2810620,Threshold of Awakening - Demo,2024-02-03,2024-02,vndb_steam_release,True,False,VNDB_ONLY,True,,v50639,r122506,Threshold of Awakening,trial,True,,,,https://store.steampowered.com/app/2810620/,https://vndb.org/v50639
2767610,Miyue Lütu Demo,2024-02-04,2024-02,vndb_steam_release,True,False,VNDB_ONLY,True,,v48595,r119116,Miyue Lütu,trial,True,,,,https://store.steampowered.com/app/2767610/,https://vndb.org/v48595
2597760,Shen de Buzaichang Sex Demo,2024-02-04,2024-02,vndb_steam_release,True,False,VNDB_ONLY,True,,v47105,r113127,Shen de Buzaichang Sex,trial,True,,,,https://store.steampowered.com/app/2597760/,https://vndb.org/v47105
2811260,Wugou Zhi Lian: Zhanfang Yu Chun Zhi Huahai - Demo Version,2024-02-04,2024-02,vndb_steam_release,True,False,VNDB_ONLY,True,,v36662,r113952,Wugou Zhi Lian -Zhanfang Yu Chun Zhi Huahai-,trial,True,,,,https://store.steampowered.com/app/2811260/,https://vndb.org/v36662
2794840,Blood Midnight Blossom - Demo,2024-02-05,2024-02,vndb_steam_release,True,False,VNDB_ONLY,True,,v45774,r119155,Blood Midnight Blossom,trial,True,,,,https://store.steampowered.com/app/2794840/,https://vndb.org/v45774
2803880,Love in a Bottle - Demo,2024-02-05,2024-02,vndb_steam_release,True,False,VNDB_ONLY,True,,v37592,r119150,Love in a Bottle,trial,True,,,,https://store.steampowered.com/app/2803880/,https://vndb.org/v37592
2785930,Man of Steal - Demo,2024-02-05,2024-02,vndb_steam_release,True,False,VNDB_ONLY,True,,v46042,r119616,Man of Steal,trial,True,,,,https://store.steampowered.com/app/2785930/,https://vndb.org/v46042
2702240,Onii-chan ♥ I Think I Wanna Have Your Baby! - Demo,2024-02-05,2024-02,vndb_steam_release,True,False,VNDB_ONLY,True,,v47080,r113063,Onii-chan ♥ I Think I Wanna Have Your Baby!,trial,True,,,,https://store.steampowered.com/app/2702240/,https://vndb.org/v47080
2798920,"Sex and the Furry Titty 3: Come Inside, Sweety - Demo",2024-02-05,2024-02,vndb_steam_release,True,False,VNDB_ONLY,True,,v47005,r123394,"Sex and the Furry Titty 3: Come Inside, Sweety",trial,True,,,,https://store.steampowered.com/app/2798920/,https://vndb.org/v47005
2808680,Steps of Debauchery - Bonus Unlock,2024-02-05,2024-02,vndb_steam_release,True,False,VNDB_ONLY,True,,v46766,r119157,Steps of Debauchery,partial,True,,,,https://store.steampowered.com/app/2808680/,https://vndb.org/v46766
2810150,Gay Sex Adventures - Episode 4,2024-02-06,2024-02,vndb_steam_release,True,False,VNDB_ONLY,True,,v49150,r119923,Gay Sex Adventures,partial,True,,,,https://store.steampowered.com/app/2810150/,https://vndb.org/v49150
2804640,Huixing Zhan Tuan - Beiqing Chengshi,2024-02-06,2024-02,vndb_steam_release,True,False,VNDB_ONLY,True,,v45517,r123663,Huixing Zhan Tuan,complete,True,,,,https://store.steampowered.com/app/2804640/,https://vndb.org/v45517
2780670,Stolen Memories II - Demo,2024-02-06,2024-02,vndb_steam_release,True,False,VNDB_ONLY,True,,v47379,r119343,Debauched Memories,trial,True,,,,https://store.steampowered.com/app/2780670/,https://vndb.org/v47379
2760080,Blood Domination - Demo,2024-02-07,2024-02,vndb_steam_release,True,False,VNDB_ONLY,True,,v23293,r119247,Blood Domination,trial,True,,,,https://store.steampowered.com/app/2760080/,https://vndb.org/v23293
2792680,RADS The Radioactive Apocalypse Dating Simulator,2024-02-07,2024-02,vndb_steam_release,True,False,VNDB_ONLY,True,,v49287,r118690,RADS The Radioactive Apocalypse Dating Simulator,complete,True,,,,https://store.steampowered.com/app/2792680/,https://vndb.org/v49287
2271750,3001: A MILF Odyssey: Season 1 (Chapters 1-8),2024-02-09,2024-02,vndb_steam_release,True,False,VNDB_ONLY,True,,v36029,r123741,3001: A MILF Odyssey,partial,True,,,,https://store.steampowered.com/app/2271750/,https://vndb.org/v36029
2335050,LIP! Lewd Idol Project Vol. 3,2024-02-09,2024-02,vndb_steam_release,True,False,VNDB_ONLY,True,,v45468,r109443,LIP! Lewd Idol Project Vol. 3,complete,True,,,,https://store.steampowered.com/app/2335050/,https://vndb.org/v45468
2831680,Bride Of Darkness - Demo,2024-02-10,2024-02,vndb_steam_release,True,False,VNDB_ONLY,True,,v43970,r119302,Bride Of Darkness,trial,True,,,,https://store.steampowered.com/app/2831680/,https://vndb.org/v43970
762010,Echo Tokyo: Reaper,2024-02-10,2024-02,vndb_steam_release,True,False,VNDB_ONLY,True,,v30512,r78082,Echo Tokyo: Reaper,complete,True,,,,https://store.steampowered.com/app/762010/,https://vndb.org/v30512
2816650,"Mysterious Mystery, EP 1: The Duo Dilemma Demo",2024-02-11,2024-02,vndb_steam_release,True,False,VNDB_ONLY,True,,v49476,r119355,Mysterious Mystery,trial,True,,,,https://store.steampowered.com/app/2816650/,https://vndb.org/v49476
2752230,Pookie has a Fantasy!,2024-02-12,2024-02,vndb_steam_release,True,False,VNDB_ONLY,True,,v49177,r118399,Pookie has a Fantasy!,complete,True,,,,https://store.steampowered.com/app/2752230/,https://vndb.org/v49177
2772390,My VALENTINE is a FEMBOY,2024-02-14,2024-02,vndb_steam_release,True,False,VNDB_ONLY,True,,v49148,r118335,My VALENTINE is a FEMBOY,complete,True,,,,https://store.steampowered.com/app/2772390/,https://vndb.org/v49148
2507840,Osananajimi DAYS ~Anna to kurasu 14-nich~,2024-02-14,2024-02,vndb_steam_release,True,False,VNDB_ONLY,True,,v52903,r127745,Osananajimi DAYS ~Anna to kurasu 14-nich~,complete,True,,,,https://store.steampowered.com/app/2507840/,https://vndb.org/v52903
2842080,Akogare no Gachimuchi Oji-san ga Boku dake no Dosukebe Mama ni Nacchatta ❤ - Trial Edition,2024-02-15,2024-02,vndb_steam_release,True,False,VNDB_ONLY,True,,v48815,r120443,Akogare no Gachimuchi Oji-san ga Boku dake no Dosukebe Mama ni Nacchatta ❤,trial,True,,,,https://store.steampowered.com/app/2842080/,https://vndb.org/v48815
2668810,Challenge Love,2024-02-15,2024-02,vndb_steam_release,True,False,VNDB_ONLY,True,,v49510,r119478,Challenge Love,complete,True,,,,https://store.steampowered.com/app/2668810/,https://vndb.org/v49510
2832270,College Gay Sex - Episode 1,2024-02-15,2024-02,vndb_steam_release,True,False,VNDB_ONLY,True,,v49664,r119925,College Gay Sex,partial,True,,,,https://store.steampowered.com/app/2832270/,https://vndb.org/v49664
1901620,To Heart 2: Dungeon Travelers,2024-02-15,2024-02,vndb_steam_release,True,False,VNDB_ONLY,True,,v33944,r116086,ToHeart2 Dungeon Travelers,complete,True,,,,https://store.steampowered.com/app/1901620/,https://vndb.org/v33944
2159740,Chigau!!!+ Upgrade,2024-02-16,2024-02,vndb_steam_release,True,False,VNDB_ONLY,True,,v31573,r119527,Chigau!!!,complete,True,,,,https://store.steampowered.com/app/2159740/,https://vndb.org/v31573
2813530,EmyLiveShow: Dragon & Mistresses Tale - Demo,2024-02-16,2024-02,vndb_steam_release,True,False,VNDB_ONLY,True,,v48237,r119131,EmyLiveShow: Dragon & Mistresses Tale,trial,True,,,,https://store.steampowered.com/app/2813530/,https://vndb.org/v48237
2804980,Masinneun Sarang IF - Miyeonsi,2024-02-16,2024-02,vndb_steam_release,True,False,VNDB_ONLY,True,,v35459,r127056,Masinneun Sarang,partial,True,,,,https://store.steampowered.com/app/2804980/,https://vndb.org/v35459
2637110,EmyLiveShow: S&M story - Safe Edition,2024-02-17,2024-02,vndb_steam_release,True,False,VNDB_ONLY,True,,v44255,r119528,EmyLiveShow: S&M story,complete,True,,,,https://store.steampowered.com/app/2637110/,https://vndb.org/v44255
2747220,Blood Domination,2024-02-19,2024-02,vndb_steam_release,True,False,VNDB_ONLY,True,,v23293,r119248,Blood Domination,complete,True,,,,https://store.steampowered.com/app/2747220/,https://vndb.org/v23293
2790530,Cat's Cafeteria,2024-02-19,2024-02,vndb_steam_release,True,False,VNDB_ONLY,True,,v49308,r118785,Cat's Cafeteria,complete,True,,,,https://store.steampowered.com/app/2790530/,https://vndb.org/v49308
2704140,Fresh Story 2;Fresh Story 2 - Demo,2024-02-19,2024-02,vndb_steam_release,True,False,VNDB_ONLY,True,,v46783,r117099;r141447,Kate,partial;trial,True,,,,https://store.steampowered.com/app/2704140/,https://vndb.org/v46783
2718590,Particles of Reality - Obsession: Alexander Route,2024-02-19,2024-02,vndb_steam_release,True,False,VNDB_ONLY,True,,v42936,r119803,Particles of Reality,partial,True,,,,https://store.steampowered.com/app/2718590/,https://vndb.org/v42936
2724570,Sex Village,2024-02-20,2024-02,vndb_steam_release,True,False,VNDB_ONLY,True,,v53744,r129727,Sex Village,complete,True,,,,https://store.steampowered.com/app/2724570/,https://vndb.org/v53744
2755430,Fetish Locator Week Three - Bonus Endings DLC One,2024-02-21,2024-02,vndb_steam_release,True,False,VNDB_ONLY,True,,v32647,r118512,Fetish Locator: Week 3,partial,True,,,,https://store.steampowered.com/app/2755430/,https://vndb.org/v32647
2829280,Kkoch-ui Saebyeok - Demo,2024-02-21,2024-02,vndb_steam_release,True,False,VNDB_ONLY,True,,v29063,r120645,Kkoch-ui Saebyeok,trial,True,,,,https://store.steampowered.com/app/2829280/,https://vndb.org/v29063
2764850,Threads of You: Beyond the Bay - Demo;Threads of You: Beyond the Bay - Updated Demo,2024-02-21,2024-02,vndb_steam_release,True,False,VNDB_ONLY,True,,v49560,r119665;r142333,Threads of You: Beyond the Bay,trial,True,,,,https://store.steampowered.com/app/2764850/,https://vndb.org/v49560
2735120,FLIES FLIES FLIES - Demo,2024-02-22,2024-02,vndb_steam_release,True,False,VNDB_ONLY,True,,v48293,r127563,FLIES FLIES FLIES,trial,True,,,,https://store.steampowered.com/app/2735120/,https://vndb.org/v48293
2785670,Amadeus: A Riddle for Thee ~ Episode 1 ~ Waltz - Demo,2024-02-23,2024-02,vndb_steam_release,True,False,VNDB_ONLY,True,,v46455,r119907,Amadeus,trial,True,,,,https://store.steampowered.com/app/2785670/,https://vndb.org/v46455
2849470,BDSM Sex - Episode 2,2024-02-23,2024-02,vndb_steam_release,True,False,VNDB_ONLY,True,,v51410,r124469,BDSM Sex,partial,True,,,,https://store.steampowered.com/app/2849470/,https://vndb.org/v51410
2625860,Corporate Pussy,2024-02-23,2024-02,vndb_steam_release,True,False,VNDB_ONLY,True,,v49611,r119774,Corporate Pussy,complete,True,,,,https://store.steampowered.com/app/2625860/,https://vndb.org/v49611
2815210,Marzia lost in space,2024-02-23,2024-02,vndb_steam_release,True,False,VNDB_ONLY,True,,v49597,r119749,Marzia lost in space,complete,True,,,,https://store.steampowered.com/app/2815210/,https://vndb.org/v49597
2825360,Sladkaja Gorech',2024-02-23,2024-02,vndb_steam_release,True,False,VNDB_ONLY,True,,v49596,r119748,Sladkaja Gorech',complete,True,,,,https://store.steampowered.com/app/2825360/,https://vndb.org/v49596
2772460,The Femboy Next Door Thinks I'm Cute,2024-02-23,2024-02,vndb_steam_release,True,False,VNDB_ONLY,True,,v49230,r118511,The Femboy Next Door Thinks I'm Cute,complete,True,,,,https://store.steampowered.com/app/2772460/,https://vndb.org/v49230
2777260,Wonder Waifu: Ero-Hero NTR,2024-02-23,2024-02,vndb_steam_release,True,False,VNDB_ONLY,True,,v47189,r119495,Ure Muchi Bishoujo Senshi to Aku no Onna Kanbu wa Ore no Haramase Niku Onaho!,complete,True,,,,https://store.steampowered.com/app/2777260/,https://vndb.org/v47189
2793690,Bez tebja,2024-02-24,2024-02,vndb_steam_release,True,False,VNDB_ONLY,True,,v40575,r99946,Bez tebja,complete,True,,,,https://store.steampowered.com/app/2793690/,https://vndb.org/v40575
3219830,Blood & Play - Demo,2024-02-24,2024-02,vndb_steam_release,True,False,VNDB_ONLY,True,,v49608,r119769,Blood & Play,trial,True,,,,https://store.steampowered.com/app/3219830/,https://vndb.org/v49608
2764250,Judge Of Hasoon,2024-02-24,2024-02,vndb_steam_release,True,False,VNDB_ONLY,True,,v49610,r119771,Judge Of Hasoon,complete,True,,,,https://store.steampowered.com/app/2764250/,https://vndb.org/v49610
2742200,Project WAND: Festival of Futas,2024-02-25,2024-02,vndb_steam_release,True,False,VNDB_ONLY,True,,v49965,r120682,Project WAND: Festival of Futas,complete,True,,,,https://store.steampowered.com/app/2742200/,https://vndb.org/v49965
2472340,Fox Spirit Contract,2024-02-26,2024-02,vndb_steam_release,True,False,VNDB_ONLY,True,,v49640,r119854,Fox Spirit Contract,complete,True,,,,https://store.steampowered.com/app/2472340/,https://vndb.org/v49640
4710390,Starry Flowers v1.7.0,2024-02-26,2024-02,vndb_steam_release,True,False,VNDB_ONLY,True,,v30554,r120245,Starry Flowers,complete,True,,,,https://store.steampowered.com/app/4710390/,https://vndb.org/v30554
2539230,The Sweetest Ring,2024-02-26,2024-02,vndb_steam_release,True,False,VNDB_ONLY,True,,v47133,r113234,The Sweetest Ring,complete,True,,,,https://store.steampowered.com/app/2539230/,https://vndb.org/v47133
2670700,Whispers of the Citadel,2024-02-26,2024-02,vndb_steam_release,True,False,VNDB_ONLY,True,,v48645,r116936,Whispers of the Citadel,complete,True,,,,https://store.steampowered.com/app/2670700/,https://vndb.org/v48645
2817100,"FOOL'S PARADISE: Act 1, Part 1",2024-02-27,2024-02,vndb_steam_release,True,False,VNDB_ONLY,True,,v49711,r120033,FOOL'S PARADISE,trial,True,,,,https://store.steampowered.com/app/2817100/,https://vndb.org/v49711
2812800,For Ever Melancholia,2024-02-27,2024-02,vndb_steam_release,True,False,VNDB_ONLY,True,,v57783,r138520,For Ever Melancholia,complete,True,,,,https://store.steampowered.com/app/2812800/,https://vndb.org/v57783
2853540,Gay Sex Adventures - Episode 5,2024-02-27,2024-02,vndb_steam_release,True,False,VNDB_ONLY,True,,v49150,r119924,Gay Sex Adventures,partial,True,,,,https://store.steampowered.com/app/2853540/,https://vndb.org/v49150
2814610,The DeLuca Family - Season 1,2024-02-27,2024-02,vndb_steam_release,True,False,VNDB_ONLY,True,,v24242,r119278,The DeLuca Family: Season 1,complete,True,,,,https://store.steampowered.com/app/2814610/,https://vndb.org/v24242
2776690,Chun'ai Sheng Fangsong - Voice Love on Air Demo,2024-02-28,2024-02,vndb_steam_release,True,False,VNDB_ONLY,True,,v49098,r120273,Chun'ai Sheng Fangsong - Voice Love on Air,trial,True,,,,https://store.steampowered.com/app/2776690/,https://vndb.org/v49098
2673900,My Insect Girl Can't Be This Cute - Demo,2024-02-28,2024-02,vndb_steam_release,True,False,VNDB_ONLY,True,,v50308,r121624,My Insect Girl Can't Be This Cute,trial,True,,,,https://store.steampowered.com/app/2673900/,https://vndb.org/v50308
2725580,Slay the Dragon! The Fire-Breathing Tyrant Meets Her Match! - Demo,2024-02-28,2024-02,vndb_steam_release,True,False,VNDB_ONLY,True,,v36879,r120702,Slay the Dragon! Taming the Fire-Breathing Brat!,trial,True,,,,https://store.steampowered.com/app/2725580/,https://vndb.org/v36879
2800530,Alison: Fall of the Apple,2024-02-29,2024-02,vndb_steam_release,True,False,VNDB_ONLY,True,,v24693,r119960,Alison: Fall of the Apple,complete,True,,,,https://store.steampowered.com/app/2800530/,https://vndb.org/v24693
2644910,Zhong Mo Zhi Ming - ending name,2024-02-29,2024-02,vndb_steam_release,True,False,VNDB_ONLY,True,,v49681,r119959,Zhong Mo Zhi Ming - ending name,complete,True,,,,https://store.steampowered.com/app/2644910/,https://vndb.org/v49681
2757250,CUCKOLD'S GYM,2024-03-01,2024-03,vndb_steam_release,True,False,VNDB_ONLY,True,,v50650,r122535,CUCKOLD'S GYM,complete,True,,,,https://store.steampowered.com/app/2757250/,https://vndb.org/v50650
2772640,I Became a Femboy to Date One,2024-03-01,2024-03,vndb_steam_release,True,False,VNDB_ONLY,True,,v49295,r118750,I Became a Femboy to Date One,complete,True,,,,https://store.steampowered.com/app/2772640/,https://vndb.org/v49295
2732910,Nori Danshi‼ Trial Version,2024-03-01,2024-03,vndb_steam_release,True,False,VNDB_ONLY,True,,v49079,r118121,Nori Danshi‼,trial,True,,,,https://store.steampowered.com/app/2732910/,https://vndb.org/v49079
2809100,Sacrifice For Sale - Demo,2024-03-01,2024-03,vndb_steam_release,True,False,VNDB_ONLY,True,,v49747,r120145,Sacrifice For Sale,trial,True,,,,https://store.steampowered.com/app/2809100/,https://vndb.org/v49747
2854410,Spy 1 Lovecraftian - Demo,2024-03-01,2024-03,vndb_steam_release,True,False,VNDB_ONLY,True,,v49311,r127694,Spy 1 Lovecraftian,trial,True,,,,https://store.steampowered.com/app/2854410/,https://vndb.org/v49311
2613010,Zhuanlu Shaonü Zhengjiu Xingdong!,2024-03-01,2024-03,vndb_steam_release,True,False,VNDB_ONLY,True,,v53624,r129439,Zhuanlu Shaonü Zhengjiu Xingdong!,complete,True,,,,https://store.steampowered.com/app/2613010/,https://vndb.org/v53624
2850050,of the Devil - Episode 0,2024-03-01,2024-03,vndb_steam_release,True,False,VNDB_ONLY,True,,v37866,r119876,of the Devil,trial,True,,,,https://store.steampowered.com/app/2850050/,https://vndb.org/v37866
2843860,Oni Onsen - Demo,2024-03-02,2024-03,vndb_steam_release,True,False,VNDB_ONLY,True,,v50159,r121304,Oni Onsen,trial,True,,,,https://store.steampowered.com/app/2843860/,https://vndb.org/v50159
2856860,Entropic Float: Letters To A Beloved Ghost,2024-03-04,2024-03,vndb_steam_release,True,False,VNDB_ONLY,True,,v32782,r120136,Entropic Float: This World Will Decay and Disappear,complete,True,,,,https://store.steampowered.com/app/2856860/,https://vndb.org/v32782
2316370,Kot-Domovoj - Demo,2024-03-04,2024-03,vndb_steam_release,True,False,VNDB_ONLY,True,,v41056,r125491,Kot-Domovoj,trial,True,,,,https://store.steampowered.com/app/2316370/,https://vndb.org/v41056
2861540,Pleasure Thieves - Demo,2024-03-05,2024-03,vndb_steam_release,True,False,VNDB_ONLY,True,,v27578,r124353,Pleasure Thieves,trial,True,,,,https://store.steampowered.com/app/2861540/,https://vndb.org/v27578
1925060,SM de Youhuo Youxi,2024-03-05,2024-03,vndb_steam_release,True,False,VNDB_ONLY,True,,v50558,r122241,SM de Youhuo Youxi,complete,True,,,,https://store.steampowered.com/app/1925060/,https://vndb.org/v50558
1003020,Alluna and Brie Re-Tentacled,2024-03-06,2024-03,vndb_steam_release,True,False,VNDB_ONLY,True,,v20407,r122873,Alluna and Brie,complete,True,,,,https://store.steampowered.com/app/1003020/,https://vndb.org/v20407
1997430,Dousei Succubus,2024-03-06,2024-03,vndb_steam_release,True,False,VNDB_ONLY,True,,v53139,r128216,Dousei Succubus,complete,True,,,,https://store.steampowered.com/app/1997430/,https://vndb.org/v53139
2864510,College Gay Sex - Episode 2,2024-03-07,2024-03,vndb_steam_release,True,False,VNDB_ONLY,True,,v49664,r120317,College Gay Sex,partial,True,,,,https://store.steampowered.com/app/2864510/,https://vndb.org/v49664
2686790,"G-mode Archives+: Tantei Kibukawa Ryousuke Jikentan Vol.14 ""Rasen no Hitsugi Satsujin Jiken""",2024-03-07,2024-03,vndb_steam_release,True,False,VNDB_ONLY,True,,v44480,r120281,Tantei Kibukawa Ryousuke Jikentan 'Rasen no Hitsugi Satsujin Jiken',complete,True,,,,https://store.steampowered.com/app/2686790/,https://vndb.org/v44480
2806470,Hao Xihuan Meitian Du Kan Dao Zhi Chuan Neiku de Nu Shiyoumen,2024-03-08,2024-03,vndb_steam_release,True,False,VNDB_ONLY,True,,v49824,r120316,Hao Xihuan Meitian Du Kan Dao Zhi Chuan Neiku de Nu Shiyoumen,complete,True,,,,https://store.steampowered.com/app/2806470/,https://vndb.org/v49824
2882570,Tsuyo Chara Gakuen,2024-03-08,2024-03,vndb_steam_release,True,False,VNDB_ONLY,True,,v49866,r120445,Tsuyo Chara Gakuen,complete,True,,,,https://store.steampowered.com/app/2882570/,https://vndb.org/v49866
2762110,MOMENTS OF LOVE ❤️,2024-03-09,2024-03,vndb_steam_release,True,False,VNDB_ONLY,True,,v36193,r118062,Sky in your eyes,complete,True,,,,https://store.steampowered.com/app/2762110/,https://vndb.org/v36193
2558520,Slay the Dragon! The Fire-Breathing Tyrant Meets Her Match!,2024-03-09,2024-03,vndb_steam_release,True,False,VNDB_ONLY,True,,v36879,r114036,Slay the Dragon! Taming the Fire-Breathing Brat!,complete,True,,,,https://store.steampowered.com/app/2558520/,https://vndb.org/v36879
2769380,JUSFASLEX,2024-03-11,2024-03,vndb_steam_release,True,False,VNDB_ONLY,True,,v49369,r119006,JUSFASLEX,complete,True,,,,https://store.steampowered.com/app/2769380/,https://vndb.org/v49369
1554470,Ling Long Dao,2024-03-12,2024-03,vndb_steam_release,True,False,VNDB_ONLY,True,,v34804,r89113,Ling Long Dao,complete,True,,,,https://store.steampowered.com/app/1554470/,https://vndb.org/v34804
2878170,BDSM Sex - Episode 3,2024-03-13,2024-03,vndb_steam_release,True,False,VNDB_ONLY,True,,v51410,r124470,BDSM Sex,partial,True,,,,https://store.steampowered.com/app/2878170/,https://vndb.org/v51410
2780390,KYOUAI-INNOCENCE The Broken Platonic,2024-03-13,2024-03,vndb_steam_release,True,False,VNDB_ONLY,True,,v32851,r84837,KYOUAI-INNOCENCE The Broken Platonic,complete,True,,,,https://store.steampowered.com/app/2780390/,https://vndb.org/v32851
2819160,Jabarahime - Mamono o Haramu ka Kyouran ka Himekishi Shimai o Hakari ni Kakeru - Download Edition,2024-03-14,2024-03,vndb_steam_release,True,False,VNDB_ONLY,True,,v20901,r119892,Jabarahime - Mamono o Haramu ka Kyouran ka Himekishi Shimai o Hakari ni Kakeru,complete,True,,,,https://store.steampowered.com/app/2819160/,https://vndb.org/v20901
2860920,Ne odni v kosmose,2024-03-14,2024-03,vndb_steam_release,True,False,VNDB_ONLY,True,,v49921,r120591,Ne odni v kosmose,complete,True,,,,https://store.steampowered.com/app/2860920/,https://vndb.org/v49921
2329630,Shen de Buzaichang Sex,2024-03-14,2024-03,vndb_steam_release,True,False,VNDB_ONLY,True,,v47105,r113126,Shen de Buzaichang Sex,complete,True,,,,https://store.steampowered.com/app/2329630/,https://vndb.org/v47105
2755980,the head well lost - Censored Version,2024-03-14,2024-03,vndb_steam_release,True,False,VNDB_ONLY,True,,v28836,r118468,the head well lost,complete,True,,,,https://store.steampowered.com/app/2755980/,https://vndb.org/v28836
2761280,the head well lost - erotic scenes patch,2024-03-14,2024-03,vndb_steam_release,True,False,VNDB_ONLY,True,,v28836,r118469,the head well lost,complete,True,,,,https://store.steampowered.com/app/2761280/,https://vndb.org/v28836
2869550,Criminal Attraction - Demo,2024-03-15,2024-03,vndb_steam_release,True,False,VNDB_ONLY,True,,v50931,r123675,Criminal Attraction,trial,True,,,,https://store.steampowered.com/app/2869550/,https://vndb.org/v50931
2866760,Family Breeding - Steam Version Demo,2024-03-15,2024-03,vndb_steam_release,True,False,VNDB_ONLY,True,,v49655,r120842,Family Breeding,trial,True,,,,https://store.steampowered.com/app/2866760/,https://vndb.org/v49655
2772410,My Bestie is a Femboy Streamer,2024-03-15,2024-03,vndb_steam_release,True,False,VNDB_ONLY,True,,v49556,r119652,My Bestie is a Femboy Streamer,complete,True,,,,https://store.steampowered.com/app/2772410/,https://vndb.org/v49556
2869360,"[Hayasaki no Kuroyuri] Tsuika Scenario ""Hana to Itsuki no Naisho no Hanashi 2""",2024-03-18,2024-03,vndb_steam_release,True,False,VNDB_ONLY,True,,v34121,r139333,Hayasaki no Kuroyuri,partial,True,,,,https://store.steampowered.com/app/2869360/,https://vndb.org/v34121
2783600,Bubble Milf,2024-03-19,2024-03,vndb_steam_release,True,False,VNDB_ONLY,True,,v50023,r120838,Bubble Milf,complete,True,,,,https://store.steampowered.com/app/2783600/,https://vndb.org/v50023
2864960,The Galactic Harem Handbook: Chapter 2 - NSFW Sci-Fi Porn Demo,2024-03-19,2024-03,vndb_steam_release,True,False,VNDB_ONLY,True,,v46523,r124434,The Galactic Harem Handbook,trial,True,,,,https://store.steampowered.com/app/2864960/,https://vndb.org/v46523
2823420,Wandan Wo Bei OX Baoweile,2024-03-19,2024-03,vndb_steam_release,True,False,VNDB_ONLY,True,,v50022,r120837,Wandan Wo Bei OX Baoweile,complete,True,,,,https://store.steampowered.com/app/2823420/,https://vndb.org/v50022
2772420,A Futanari SPAT in my MOUTH!,2024-03-20,2024-03,vndb_steam_release,True,False,VNDB_ONLY,True,,v49447,r119294,A Futanari SPAT in my MOUTH!,complete,True,,,,https://store.steampowered.com/app/2772420/,https://vndb.org/v49447
2888140,Gay Sex Adventures - Episode 6,2024-03-21,2024-03,vndb_steam_release,True,False,VNDB_ONLY,True,,v49150,r122859,Gay Sex Adventures,partial,True,,,,https://store.steampowered.com/app/2888140/,https://vndb.org/v49150
2889540,Macau Midnight Madness 18+ Adults Only Patch,2024-03-21,2024-03,vndb_steam_release,True,False,VNDB_ONLY,True,,v49875,r120934,Macau Midnight Madness,complete,True,,,,https://store.steampowered.com/app/2889540/,https://vndb.org/v49875
2808280,Mobius de Fengyin,2024-03-21,2024-03,vndb_steam_release,True,False,VNDB_ONLY,True,,v49809,r120282,Mobius de Fengyin,complete,True,,,,https://store.steampowered.com/app/2808280/,https://vndb.org/v49809
2882290,One Barbarian Futa Tribe Chapter 2: Red,2024-03-21,2024-03,vndb_steam_release,True,False,VNDB_ONLY,True,,v49286,r120935,One Barbarian Futa Tribe,partial,True,,,,https://store.steampowered.com/app/2882290/,https://vndb.org/v49286
2725220,Project Aphotic - Demo,2024-03-21,2024-03,vndb_steam_release,True,False,VNDB_ONLY,True,,v49021,r121684,Project Aphotic,trial,True,,,,https://store.steampowered.com/app/2725220/,https://vndb.org/v49021
1695680,Lunar's Chosen - Episode 1,2024-03-22,2024-03,vndb_steam_release,True,False,VNDB_ONLY,True,,v32693,r115442,Lunar's Chosen,partial,True,,,,https://store.steampowered.com/app/1695680/,https://vndb.org/v32693
2836260,"REMINGTON, the A.I. - Episode 1",2024-03-22,2024-03,vndb_steam_release,True,False,VNDB_ONLY,True,,v50080,r120970,"REMINGTON, the A.I.",partial,True,,,,https://store.steampowered.com/app/2836260/,https://vndb.org/v50080
2890620,Springs of Ardor - Demo,2024-03-22,2024-03,vndb_steam_release,True,False,VNDB_ONLY,True,,v50147,r121273,Springs of Ardor,trial,True,,,,https://store.steampowered.com/app/2890620/,https://vndb.org/v50147
1827450,Champion of Venus v1.1,2024-03-23,2024-03,vndb_steam_release,True,False,VNDB_ONLY,True,,v28520,r121127,Champion of Venus,complete,True,,,,https://store.steampowered.com/app/1827450/,https://vndb.org/v28520
2746960,Lingchen 4 Dian Bu Jue Jian,2024-03-23,2024-03,vndb_steam_release,True,False,VNDB_ONLY,True,,v48291,r120063,Gozen 4-ji no Manimani -Nisemono World's End-,complete,True,,,,https://store.steampowered.com/app/2746960/,https://vndb.org/v48291
2573960,Follow the Leader,2024-03-24,2024-03,vndb_steam_release,True,False,VNDB_ONLY,True,,v46859,r112422,Follow the Leader,complete,True,,,,https://store.steampowered.com/app/2573960/,https://vndb.org/v46859
2824030,How to Get a Japanese Girlfriend (And Save the World),2024-03-25,2024-03,vndb_steam_release,True,False,VNDB_ONLY,True,,v60090,r143590,How to Get a Japanese Girlfriend (And Save the World),complete,True,,,,https://store.steampowered.com/app/2824030/,https://vndb.org/v60090
2628820,Mister Versatile: Driller's Turn,2024-03-26,2024-03,vndb_steam_release,True,False,VNDB_ONLY,True,,v28190,r113724,Mister Versatile,complete,True,,,,https://store.steampowered.com/app/2628820/,https://vndb.org/v28190
2352340,Suzerain: Kingdom of Rizia,2024-03-26,2024-03,vndb_steam_release,True,False,VNDB_ONLY,True,,v67524,r131740,Suzerain: Kingdom of Rizia,complete,True,,,,https://store.steampowered.com/app/2352340/,https://vndb.org/v67524
1853830,A Shot in the Dark (Chapters 1-4),2024-03-27,2024-03,vndb_steam_release,True,False,VNDB_ONLY,True,,v43154,r104573,A Shot in the Dark,partial,True,,,,https://store.steampowered.com/app/1853830/,https://vndb.org/v43154
2700530,Juese Banyan: Maki Pian 1,2024-03-28,2024-03,vndb_steam_release,True,False,VNDB_ONLY,True,,v50150,r121277,Juese Banyan: Maki,partial,True,,,,https://store.steampowered.com/app/2700530/,https://vndb.org/v50150
2328740,LustyVerse: Passion on Display,2024-03-28,2024-03,vndb_steam_release,True,False,VNDB_ONLY,True,,v53183,r128356,LustyVerse: Passion on Display,complete,True,,,,https://store.steampowered.com/app/2328740/,https://vndb.org/v53183
2610080,My Pleasure - Season 3,2024-03-28,2024-03,vndb_steam_release,True,False,VNDB_ONLY,True,,v27984,r113733,My Pleasure,partial,True,,,,https://store.steampowered.com/app/2610080/,https://vndb.org/v27984
2861150,Otsutome Sakuya-san,2024-03-28,2024-03,vndb_steam_release,True,False,VNDB_ONLY,True,,v50260,r121510,Otsutome Sakuya-san,complete,True,,,,https://store.steampowered.com/app/2861150/,https://vndb.org/v50260
2695290,EmyLiveShow: Dragon & Mistresses Tale,2024-03-29,2024-03,vndb_steam_release,True,False,VNDB_ONLY,True,,v48237,r115680,EmyLiveShow: Dragon & Mistresses Tale,complete,True,,,,https://store.steampowered.com/app/2695290/,https://vndb.org/v48237
4371480,Hame Ochi Hitozuma Nurse - DL Edition - Regular Edition,2024-03-29,2024-03,vndb_steam_release,True,False,VNDB_ONLY,True,,v49320,r118809,Hame Ochi Hitozuma Nurse ~Wasuretakute mo Karada wa Oboeteiru Mazo Mesu no Honshou~,complete,True,,,,https://store.steampowered.com/app/4371480/,https://vndb.org/v49320
2772480,My COUSIN is a FEMBOY,2024-03-29,2024-03,vndb_steam_release,True,False,VNDB_ONLY,True,,v49726,r120071,My COUSIN is a FEMBOY,complete,True,,,,https://store.steampowered.com/app/2772480/,https://vndb.org/v49726
2877260,Shendian - THE TEMPLE - Cthulhu Fengge Xiaoshuo,2024-03-29,2024-03,vndb_steam_release,True,False,VNDB_ONLY,True,,v50174,r121327,Shendian - THE TEMPLE,complete,True,,,,https://store.steampowered.com/app/2877260/,https://vndb.org/v50174
2867920,To Be A King Volume 2 - Part 1,2024-03-29,2024-03,vndb_steam_release,True,False,VNDB_ONLY,True,,v29340,r122358,To Be A King,partial,True,,,,https://store.steampowered.com/app/2867920/,https://vndb.org/v29340
2877950,FURRY HITLER 2,2024-03-30,2024-03,vndb_steam_release,True,False,VNDB_ONLY,True,,v50093,r121060,FURRY HITLER 2,complete,True,,,,https://store.steampowered.com/app/2877950/,https://vndb.org/v50093
2694770,Erotic Photoshoot,2024-03-31,2024-03,vndb_steam_release,True,False,VNDB_ONLY,True,,v49184,r118413,Erotic Photoshoot,complete,True,,,,https://store.steampowered.com/app/2694770/,https://vndb.org/v49184
2942010,TOKYO FREAK SHOW,2024-03-31,2024-03,vndb_steam_release,True,False,VNDB_ONLY,True,,v49854,r121403,TOKYO FREAK SHOW,complete,True,,,,https://store.steampowered.com/app/2942010/,https://vndb.org/v49854
2740190,Tao Chu Qinglong Shan Re,2024-03-31,2024-03,vndb_steam_release,True,False,VNDB_ONLY,True,,v49725,r120066,Tao Chu Qinglong Shan,complete,True,,,,https://store.steampowered.com/app/2740190/,https://vndb.org/v49725
2888290,Bunny Girl Cumming for my Carrot,2024-04-01,2024-04,vndb_steam_release,True,False,VNDB_ONLY,True,,v8387,r121493,Gijinka Pet no Kozukuri Ongaeshi ~Kenage de Amaeta na Usamusume ni Shinu hodo Aisareru!~,complete,True,,,,https://store.steampowered.com/app/2888290/,https://vndb.org/v8387
2772600,I got CUCKED by a FUTANARI,2024-04-01,2024-04,vndb_steam_release,True,False,VNDB_ONLY,True,,v49434,r119256,I got CUCKED by a FUTANARI,complete,True,,,,https://store.steampowered.com/app/2772600/,https://vndb.org/v49434
2772650,I got GOONED by a FEMBOY,2024-04-01,2024-04,vndb_steam_release,True,False,VNDB_ONLY,True,,v49517,r119508,I got GOONED by a FEMBOY,complete,True,,,,https://store.steampowered.com/app/2772650/,https://vndb.org/v49517
2874230,THE SHRiNK Season Two,2024-04-01,2024-04,vndb_steam_release,True,False,VNDB_ONLY,True,,v28390,r121524,THE SHRiNK,partial,True,,,,https://store.steampowered.com/app/2874230/,https://vndb.org/v28390
2895310,The One - Chapter 3,2024-04-01,2024-04,vndb_steam_release,True,False,VNDB_ONLY,True,,v35105,r115162,The One,partial,True,,,,https://store.steampowered.com/app/2895310/,https://vndb.org/v35105
2350130,Unluckily in Love - Adult Patch,2024-04-01,2024-04,vndb_steam_release,True,False,VNDB_ONLY,True,,v38891,r152352,Unluckily in Love,complete,True,,,,https://store.steampowered.com/app/2350130/,https://vndb.org/v38891
2878400,Ariane In Paradise v1.5,2024-04-02,2024-04,vndb_steam_release,True,False,VNDB_ONLY,True,,v28266,r122825,Ariane In Paradise,complete,True,,,,https://store.steampowered.com/app/2878400/,https://vndb.org/v28266
2911450,BDSM Sex - Episode 4,2024-04-02,2024-04,vndb_steam_release,True,False,VNDB_ONLY,True,,v51410,r124471,BDSM Sex,partial,True,,,,https://store.steampowered.com/app/2911450/,https://vndb.org/v51410
2573950,Sun Breed,2024-04-02,2024-04,vndb_steam_release,True,False,VNDB_ONLY,True,,v46858,r112421,Sun Breed,complete,True,,,,https://store.steampowered.com/app/2573950/,https://vndb.org/v46858
1369050,Nurse Me!,2024-04-03,2024-04,vndb_steam_release,True,False,VNDB_ONLY,True,,v50295,r121597,Nurse Me!,complete,True,,,,https://store.steampowered.com/app/1369050/,https://vndb.org/v50295
2772660,I got BLACKMAILED by a FUTANARI!,2024-04-04,2024-04,vndb_steam_release,True,False,VNDB_ONLY,True,,v49654,r119887,I got BLACKMAILED by a FUTANARI!,complete,True,,,,https://store.steampowered.com/app/2772660/,https://vndb.org/v49654
2861190,Once a Porn a Time 2 - Demo,2024-04-04,2024-04,vndb_steam_release,True,False,VNDB_ONLY,True,,v45537,r154272,Once a Porn a Time,trial,True,,,,https://store.steampowered.com/app/2861190/,https://vndb.org/v45537
2732730,Tomboy: Love in Hot Forge,2024-04-04,2024-04,vndb_steam_release,True,False,VNDB_ONLY,True,,v46318,r121665,Tomboy: Love in Hot Forge,complete,True,,,,https://store.steampowered.com/app/2732730/,https://vndb.org/v46318
2864210,Tomboy: Sex in the Forest,2024-04-04,2024-04,vndb_steam_release,True,False,VNDB_ONLY,True,,v49207,r120319,Tomboy: Sex in forest,complete,True,,,,https://store.steampowered.com/app/2864210/,https://vndb.org/v49207
2886180,Boginja-strazh - Demo,2024-04-05,2024-04,vndb_steam_release,True,False,VNDB_ONLY,True,,v41556,r122142,Sekimori Gami,trial,True,,,,https://store.steampowered.com/app/2886180/,https://vndb.org/v41556
2901170,Dreamland - Chapter 2,2024-04-05,2024-04,vndb_steam_release,True,False,VNDB_ONLY,True,,v39309,r121588,Dreamland,partial,True,,,,https://store.steampowered.com/app/2901170/,https://vndb.org/v39309
2483970,Miyue Lütu,2024-04-05,2024-04,vndb_steam_release,True,False,VNDB_ONLY,True,,v48595,r116826,Miyue Lütu,complete,True,,,,https://store.steampowered.com/app/2483970/,https://vndb.org/v48595
2694600,Wo de Mei Shu Jimu 2: Jiāting Paidui💋,2024-04-05,2024-04,vndb_steam_release,True,False,VNDB_ONLY,True,,v48820,r117409,Wo de Mei Shu Jimu 2: Jiāting Paidui💋,complete,True,,,,https://store.steampowered.com/app/2694600/,https://vndb.org/v48820
2715650,Rusy ne protiv Jascherok;Rusy ne protiv Jascherok - Lurkomor'e v1.2;Rusy ne protiv Jascherok - Malsas i Miloslava v1.3;Rusy ne protiv Jascherok - Malsas i Miloslava v1.4,2024-04-06,2024-04,vndb_steam_release,True,False,VNDB_ONLY,True,,v50399,r121836;r126681;r135470;r135471,Rusy ne protiv Jascherok,complete,True,,,,https://store.steampowered.com/app/2715650/,https://vndb.org/v50399
2772470,I got STRADDLED by a FEMBOY,2024-04-07,2024-04,vndb_steam_release,True,False,VNDB_ONLY,True,,v49826,r120320,I got STRADDLED by a FEMBOY,complete,True,,,,https://store.steampowered.com/app/2772470/,https://vndb.org/v49826
2898160,Trouble Comes Twice: Bonus Stories,2024-04-08,2024-04,vndb_steam_release,True,False,VNDB_ONLY,True,,v30190,r121728,Trouble Comes Twice,partial,True,,,,https://store.steampowered.com/app/2898160/,https://vndb.org/v30190
2772670,I made a FEMBOY SQUIRT!,2024-04-09,2024-04,vndb_steam_release,True,False,VNDB_ONLY,True,,v50134,r121209,I made a FEMBOY SQUIRT!,complete,True,,,,https://store.steampowered.com/app/2772670/,https://vndb.org/v50134
1987980,Suoming Daoshu - Beide de Yuwang Qingdan,2024-04-09,2024-04,vndb_steam_release,True,False,VNDB_ONLY,True,,v50376,r121781,Suoming Daoshu - Beide de Yuwang Qingdan,complete,True,,,,https://store.steampowered.com/app/1987980/,https://vndb.org/v50376
2926540,Innsmouth 22 - Demo,2024-04-10,2024-04,vndb_steam_release,True,False,VNDB_ONLY,True,,v51320,r124259,Innsmouth 22,trial,True,,,,https://store.steampowered.com/app/2926540/,https://vndb.org/v51320
2912580,College Gay Sex - Episode 3,2024-04-11,2024-04,vndb_steam_release,True,False,VNDB_ONLY,True,,v49664,r121808,College Gay Sex,partial,True,,,,https://store.steampowered.com/app/2912580/,https://vndb.org/v49664
2099210,Alaris - Enhanced Demo,2024-04-12,2024-04,vndb_steam_release,True,False,VNDB_ONLY,True,,v34460,r121881,Alaris,trial,True,,,,https://store.steampowered.com/app/2099210/,https://vndb.org/v34460
2873820,Redemption of Li Wei,2024-04-12,2024-04,vndb_steam_release,True,False,VNDB_ONLY,True,,v58188,r139351,Redemption of Li Wei,complete,True,,,,https://store.steampowered.com/app/2873820/,https://vndb.org/v58188
2911430,Jiaozhi de Yinji Demo,2024-04-16,2024-04,vndb_steam_release,True,False,VNDB_ONLY,True,,v50114,r122125,Jiaozhi de Yinji,trial,True,,,,https://store.steampowered.com/app/2911430/,https://vndb.org/v50114
2425720,Shards of the Past - Demo,2024-04-16,2024-04,vndb_steam_release,True,False,VNDB_ONLY,True,,v50976,r123453,Shards of the Past,trial,True,,,,https://store.steampowered.com/app/2425720/,https://vndb.org/v50976
2654470,Bunny Garden,2024-04-18,2024-04,vndb_steam_release,True,False,VNDB_ONLY,True,,v50643,r122510,Bunny Garden,complete,True,,,,https://store.steampowered.com/app/2654470/,https://vndb.org/v50643
2845510,Hentai Homewrecker,2024-04-19,2024-04,vndb_steam_release,True,False,VNDB_ONLY,True,,v17428,r121877,Seiso Bitch na Hitozuma Haruka-san to no Musabori Koubi Nisshi,complete,True,,,,https://store.steampowered.com/app/2845510/,https://vndb.org/v17428
2847120,Nanian Xiamo Demo,2024-04-19,2024-04,vndb_steam_release,True,False,VNDB_ONLY,True,,v50507,r122131,Nanian Xiamo,trial,True,,,,https://store.steampowered.com/app/2847120/,https://vndb.org/v50507
2568950,OUTMINER Demo,2024-04-19,2024-04,vndb_steam_release,True,False,VNDB_ONLY,True,,v51421,r125119,OUTMINER,trial,True,,,,https://store.steampowered.com/app/2568950/,https://vndb.org/v51421
2772630,I got STICKY with a FEMBOY,2024-04-20,2024-04,vndb_steam_release,True,False,VNDB_ONLY,True,,v50336,r121682,I got STICKY with a FEMBOY,complete,True,,,,https://store.steampowered.com/app/2772630/,https://vndb.org/v50336
2890520,Suffer to Please,2024-04-20,2024-04,vndb_steam_release,True,False,VNDB_ONLY,True,,v50495,r122080,Suffer to Please,complete,True,,,,https://store.steampowered.com/app/2890520/,https://vndb.org/v50495
2420780,Hotel Perkkow et les Deux Loups-Garous Végétariens,2024-04-21,2024-04,vndb_steam_release,True,False,VNDB_ONLY,True,,v50536,r122179,Hotel Perkkow et les Deux Loups-Garous Végétariens,complete,True,,,,https://store.steampowered.com/app/2420780/,https://vndb.org/v50536
2945310,You Are My Treasure - 18+ Patch,2024-04-21,2024-04,vndb_steam_release,True,False,VNDB_ONLY,True,,v50323,r122137,You Are My Treasure,complete,True,,,,https://store.steampowered.com/app/2945310/,https://vndb.org/v50323
2937980,House Of Chavez - Uncensor Patch,2024-04-22,2024-04,vndb_steam_release,True,False,VNDB_ONLY,True,,v47620,r122208,House Of Chavez,complete,True,,,,https://store.steampowered.com/app/2937980/,https://vndb.org/v47620
1925050,Wei Ni Chenfu,2024-04-22,2024-04,vndb_steam_release,True,False,VNDB_ONLY,True,,v50557,r122240,Wei Ni Chenfu,complete,True,,,,https://store.steampowered.com/app/1925050/,https://vndb.org/v50557
2778450,My Ex-Future Family: What IF?,2024-04-23,2024-04,vndb_steam_release,True,False,VNDB_ONLY,True,,v54953,r132480,My Ex-Future Family: What IF?,complete,True,,,,https://store.steampowered.com/app/2778450/,https://vndb.org/v54953
2946870,Security Guard Sex - Episode 1,2024-04-23,2024-04,vndb_steam_release,True,False,VNDB_ONLY,True,,v50755,r122861,Security Guard Sex,partial,True,,,,https://store.steampowered.com/app/2946870/,https://vndb.org/v50755
2715740,Katei Kyoushi x Saimin - MOTION EDITION,2024-04-26,2024-04,vndb_steam_release,True,False,VNDB_ONLY,True,,v26054,r119481,"Katei Kyoushi x Saimin ~Zettai Juujun, Wagamama JK to Haiso Tsuma o Saimin Sousa~",complete,True,,,,https://store.steampowered.com/app/2715740/,https://vndb.org/v26054
2732170,Katei Kyoushi x Saimin - Tsuika Episode,2024-04-26,2024-04,vndb_steam_release,True,False,VNDB_ONLY,True,,v26054,r121712,"Katei Kyoushi x Saimin ~Zettai Juujun, Wagamama JK to Haiso Tsuma o Saimin Sousa~",partial,True,,,,https://store.steampowered.com/app/2732170/,https://vndb.org/v26054
2744350,Katei Kyoushi x Saimin 2 - MOTION EDITION,2024-04-26,2024-04,vndb_steam_release,True,False,VNDB_ONLY,True,,v35246,r119482,"Katei Kyoushi x Saimin 2 ~Zettai Juujun, Takabisha Shimai o Dosukebe Inran ni Saimin Sousa~",complete,True,,,,https://store.steampowered.com/app/2744350/,https://vndb.org/v35246
1554260,Knightly Passions,2024-04-26,2024-04,vndb_steam_release,True,False,VNDB_ONLY,True,,v40511,r112512,Knightly Passions,complete,True,,,,https://store.steampowered.com/app/1554260/,https://vndb.org/v40511
1719310,Love Sucks: Night Two,2024-04-26,2024-04,vndb_steam_release,True,False,VNDB_ONLY,True,,v29727,r122397,Love Sucks,partial,True,,,,https://store.steampowered.com/app/1719310/,https://vndb.org/v29727
2800640,Office Harasser - Sell your girls!,2024-04-26,2024-04,vndb_steam_release,True,False,VNDB_ONLY,True,,v50603,r122395,Office Harasser - Sell your girls!,complete,True,,,,https://store.steampowered.com/app/2800640/,https://vndb.org/v50603
2913910,SHINJUKU SOUMEI Demo,2024-04-26,2024-04,vndb_steam_release,True,False,VNDB_ONLY,True,,v46553,r122288,SHINJUKU SOUMEI,trial,True,,,,https://store.steampowered.com/app/2913910/,https://vndb.org/v46553
2756820,Sex of Thrones 👑 Prologue,2024-04-26,2024-04,vndb_steam_release,True,False,VNDB_ONLY,True,,v45771,r119275,Sex of Thrones 👑,trial,True,,,,https://store.steampowered.com/app/2756820/,https://vndb.org/v45771
1784033,Tailor Tales - Aiden Plus,2024-04-26,2024-04,vndb_steam_release,True,False,VNDB_ONLY,True,,v20920,r127457,Tailor Tales,partial,True,,,,https://store.steampowered.com/app/1784033/,https://vndb.org/v20920
1784032,Tailor Tales - Gray Plus,2024-04-26,2024-04,vndb_steam_release,True,False,VNDB_ONLY,True,,v20920,r127456,Tailor Tales,partial,True,,,,https://store.steampowered.com/app/1784032/,https://vndb.org/v20920
2960590,Unveiling the Unknown,2024-04-26,2024-04,vndb_steam_release,True,False,VNDB_ONLY,True,,v45754,r110073,Unveiling the Unknown,complete,True,,,,https://store.steampowered.com/app/2960590/,https://vndb.org/v45754
2464590,Womanizer - Adult Content,2024-04-26,2024-04,vndb_steam_release,True,False,VNDB_ONLY,True,,v50649,r122533,Womanizer,complete,True,,,,https://store.steampowered.com/app/2464590/,https://vndb.org/v50649
2487120,Fetish Room 18+,2024-04-27,2024-04,vndb_steam_release,True,False,VNDB_ONLY,True,,v45772,r110122,Fetish Room 18+,complete,True,,,,https://store.steampowered.com/app/2487120/,https://vndb.org/v45772
2859130,For One Year,2024-04-27,2024-04,vndb_steam_release,True,False,VNDB_ONLY,True,,v52665,r127183,For One Year,complete,True,,,,https://store.steampowered.com/app/2859130/,https://vndb.org/v52665
4321960,The Club,2024-04-29,2024-04,vndb_steam_release,True,False,VNDB_ONLY,True,,v54745,r131910,The Club,complete,True,,,,https://store.steampowered.com/app/4321960/,https://vndb.org/v54745
2948040,Cuckold Sex - Episode 1,2024-04-30,2024-04,vndb_steam_release,True,False,VNDB_ONLY,True,,v50645,r122513,Cuckold Sex,partial,True,,,,https://store.steampowered.com/app/2948040/,https://vndb.org/v50645
2938220,My Ex-Future Family: Season 2 Demo,2024-04-30,2024-04,vndb_steam_release,True,False,VNDB_ONLY,True,,v46004,r131915,My Ex-Future Family,trial,True,,,,https://store.steampowered.com/app/2938220/,https://vndb.org/v46004
2590770,Stolen Memories,2024-04-30,2024-04,vndb_steam_release,True,False,VNDB_ONLY,True,,v47041,r112960;r137347,Stolen Memories,complete,True,,,,https://store.steampowered.com/app/2590770/,https://vndb.org/v47041
2928950,Cats in Heat - Sunshine Resort,2024-05-01,2024-05,vndb_steam_release,True,False,VNDB_ONLY,True,,v50457,r121958,Cats in Heat - Sunshine Resort,complete,True,,,,https://store.steampowered.com/app/2928950/,https://vndb.org/v50457
2890780,Fumiko and the Village of Lust,2024-05-02,2024-05,vndb_steam_release,True,False,VNDB_ONLY,True,,v50658,r122569,Fumiko and the Village of Lust,complete,True,,,,https://store.steampowered.com/app/2890780/,https://vndb.org/v50658
2711280,Her Soft Hands,2024-05-03,2024-05,vndb_steam_release,True,False,VNDB_ONLY,True,,v48625,r116872,Her Soft Hands,complete,True,,,,https://store.steampowered.com/app/2711280/,https://vndb.org/v48625
2886720,Kurikuri Click ~Ore no Natsuyasumi!~ Censored Edition,2024-05-03,2024-05,vndb_steam_release,True,False,VNDB_ONLY,True,,v46137,r121729,Kurikuri Click ~Ore no Natsuyasumi!~,complete,True,,,,https://store.steampowered.com/app/2886720/,https://vndb.org/v46137
2960780,Kurikuri Click ~Ore no Natsuyasumi!~ Uncensor DLC,2024-05-03,2024-05,vndb_steam_release,True,False,VNDB_ONLY,True,,v46137,r122616,Kurikuri Click ~Ore no Natsuyasumi!~,complete,True,,,,https://store.steampowered.com/app/2960780/,https://vndb.org/v46137
2872110,Superdeluxe! v0.8.0,2024-05-03,2024-05,vndb_steam_release,True,False,VNDB_ONLY,True,,v49179,r118403,Superdeluxe!,partial,True,,,,https://store.steampowered.com/app/2872110/,https://vndb.org/v49179
2941920,Wanmei Lianren ~fragile love Demo,2024-05-03,2024-05,vndb_steam_release,True,False,VNDB_ONLY,True,,v49337,r126184,Wanmei Lianren ~fragile love,trial,True,,,,https://store.steampowered.com/app/2941920/,https://vndb.org/v49337
2960710,BDSM Sex - Episode 5,2024-05-04,2024-05,vndb_steam_release,True,False,VNDB_ONLY,True,,v51410,r124472,BDSM Sex,partial,True,,,,https://store.steampowered.com/app/2960710/,https://vndb.org/v51410
2973600,Qianse Demo,2024-05-04,2024-05,vndb_steam_release,True,False,VNDB_ONLY,True,,v50574,r122731,Qianse,trial,True,,,,https://store.steampowered.com/app/2973600/,https://vndb.org/v50574
2144050,Wife of My Boss - 18+ Patch,2024-05-04,2024-05,vndb_steam_release,True,False,VNDB_ONLY,True,,v47894,r115047,Wife of My Boss,complete,True,,,,https://store.steampowered.com/app/2144050/,https://vndb.org/v47894
2581160,"Xiongguan Mandao, Yi Meng Wanli",2024-05-04,2024-05,vndb_steam_release,True,False,VNDB_ONLY,True,,v50684,r122640,"Xiongguan Mandao, Yi Meng Wanli",complete,True,,,,https://store.steampowered.com/app/2581160/,https://vndb.org/v50684
2988770,Poetry in Purgatory - Demo [v0.2.1],2024-05-05,2024-05,vndb_steam_release,True,False,VNDB_ONLY,True,,v45605,r109751,Poetry in Purgatory,trial,True,,,,https://store.steampowered.com/app/2988770/,https://vndb.org/v45605
3420430,"Quality Dreams, Reasonably Priced - Demo",2024-05-05,2024-05,vndb_steam_release,True,False,VNDB_ONLY,True,,v51612,r124953,"Quality Dreams, Reasonably Priced",trial,True,,,,https://store.steampowered.com/app/3420430/,https://vndb.org/v51612
2959600,Lian Lian Baodao ~Yu Gang Zai Shi Qi Yuan~ Demo,2024-05-06,2024-05,vndb_steam_release,True,False,VNDB_ONLY,True,,v51142,r147696,Lian Lian Baodao ~Yu Gang Zai Shi Qi Yuan,trial,True,,,,https://store.steampowered.com/app/2959600/,https://vndb.org/v51142
1988190,College Craze v0.7,2024-05-07,2024-05,vndb_steam_release,True,False,VNDB_ONLY,True,,v31066,r79653,College Craze,partial,True,,,,https://store.steampowered.com/app/1988190/,https://vndb.org/v31066
1988130,Souzhiyuan,2024-05-07,2024-05,vndb_steam_release,True,False,VNDB_ONLY,True,,v50741,r122820,Souzhiyuan,complete,True,,,,https://store.steampowered.com/app/1988130/,https://vndb.org/v50741
2849690,Springs of Ardor,2024-05-07,2024-05,vndb_steam_release,True,False,VNDB_ONLY,True,,v50147,r121274,Springs of Ardor,complete,True,,,,https://store.steampowered.com/app/2849690/,https://vndb.org/v50147
3113660,Veins Like Tapeworms - Demo,2024-05-07,2024-05,vndb_steam_release,True,False,VNDB_ONLY,True,,v50742,r122821,Veins Like Tapeworms,trial,True,,,,https://store.steampowered.com/app/3113660/,https://vndb.org/v50742
2965340,Gay Sex Adventures - Episode 7,2024-05-08,2024-05,vndb_steam_release,True,False,VNDB_ONLY,True,,v49150,r122860,Gay Sex Adventures,partial,True,,,,https://store.steampowered.com/app/2965340/,https://vndb.org/v49150
2930630,Quinn & Flynn - Demo,2024-05-09,2024-05,vndb_steam_release,True,False,VNDB_ONLY,True,,v47565,r122903,Quinn & Flynn,trial,True,,,,https://store.steampowered.com/app/2930630/,https://vndb.org/v47565
2931350,Too Small To Matter - Demo,2024-05-09,2024-05,vndb_steam_release,True,False,VNDB_ONLY,True,,v50764,r122904,Too Small To Matter,trial,True,,,,https://store.steampowered.com/app/2931350/,https://vndb.org/v50764
3292190,VTuber Paranoia,2024-05-09,2024-05,vndb_steam_release,True,False,VNDB_ONLY,True,,v50780,r122989,VTuber Paranoia,complete,True,,,,https://store.steampowered.com/app/3292190/,https://vndb.org/v50780
2909410,Flying High,2024-05-10,2024-05,vndb_steam_release,True,False,VNDB_ONLY,True,,v59824,r143030,Flying High,complete,True,,,,https://store.steampowered.com/app/2909410/,https://vndb.org/v59824
2943210,Heartless Corporation - Demo,2024-05-10,2024-05,vndb_steam_release,True,False,VNDB_ONLY,True,,v47950,r123020,Heartless Corporation,trial,True,,,,https://store.steampowered.com/app/2943210/,https://vndb.org/v47950
2937360,My Days With Mia,2024-05-10,2024-05,vndb_steam_release,True,False,VNDB_ONLY,True,,v50779,r122986,My Days With Mia,complete,True,,,,https://store.steampowered.com/app/2937360/,https://vndb.org/v50779
2878160,Convento - Demo,2024-05-12,2024-05,vndb_steam_release,True,False,VNDB_ONLY,True,,v51360,r124355,Convento,trial,True,,,,https://store.steampowered.com/app/2878160/,https://vndb.org/v51360
1997480,Liu Chan Yang Cheng Ji Hua,2024-05-13,2024-05,vndb_steam_release,True,False,VNDB_ONLY,True,,v50857,r123170,Liu Chan Yang Cheng Ji Hua,complete,True,,,,https://store.steampowered.com/app/1997480/,https://vndb.org/v50857
2980150,Security Guard Sex - Episode 2,2024-05-14,2024-05,vndb_steam_release,True,False,VNDB_ONLY,True,,v50755,r122862,Security Guard Sex,partial,True,,,,https://store.steampowered.com/app/2980150/,https://vndb.org/v50755
2221840,"Sex and the Furry Titty 3: Come Inside, Sweety;Sex and the Furry Titty 3: Come Inside, Sweety - Halloween Update;Sex and the Furry Titty 3: Come Inside, Sweety - Summer Stories;Sex and the Furry Titty 3: Come Inside, Sweety - Valentine's Update",2024-05-16,2024-05,vndb_steam_release,True,False,VNDB_ONLY,True,,v47005,r112853;r135900;r135913;r135914,"Sex and the Furry Titty 3: Come Inside, Sweety",complete,True,,,,https://store.steampowered.com/app/2221840/,https://vndb.org/v47005
2987880,Shi Ling - Er,2024-05-17,2024-05,vndb_steam_release,True,False,VNDB_ONLY,True,,v43028,r123264,Shi Ling - Er,complete,True,,,,https://store.steampowered.com/app/2987880/,https://vndb.org/v43028
2984570,Cuckold Sex - Episode 2,2024-05-18,2024-05,vndb_steam_release,True,False,VNDB_ONLY,True,,v50645,r122987,Cuckold Sex,partial,True,,,,https://store.steampowered.com/app/2984570/,https://vndb.org/v50645
2738670,PMC Promiscuity,2024-05-19,2024-05,vndb_steam_release,True,False,VNDB_ONLY,True,,v50900,r123270,PMC Promiscuity,complete,True,,,,https://store.steampowered.com/app/2738670/,https://vndb.org/v50900
2992940,Pineford: Prologue,2024-05-19,2024-05,vndb_steam_release,True,False,VNDB_ONLY,True,,v50607,r123446,Pajnford,trial,True,,,,https://store.steampowered.com/app/2992940/,https://vndb.org/v50607
2766400,Fixer's Tale,2024-05-22,2024-05,vndb_steam_release,True,False,VNDB_ONLY,True,,v49241,r118529,Fixer's Tale,complete,True,,,,https://store.steampowered.com/app/2766400/,https://vndb.org/v49241
2862530,Shen Zui Jiang Lin - Demo,2024-05-22,2024-05,vndb_steam_release,True,False,VNDB_ONLY,True,,v50263,r123202;r126631,Shen Zui Jiang Lin,trial,True,,,,https://store.steampowered.com/app/2862530/,https://vndb.org/v50263
3785550,VenusBlood RAGNAROK Story Scenes Trial,2024-05-22,2024-05,vndb_steam_release,True,False,VNDB_ONLY,True,,v19725,r123426,VenusBlood -RAGNAROK-,trial,True,,,,https://store.steampowered.com/app/3785550/,https://vndb.org/v19725
2998450,Akairo Mansion - Complete Edition - Demo,2024-05-23,2024-05,vndb_steam_release,True,False,VNDB_ONLY,True,,v51092,r124230,Akairo Mansion,trial,True,,,,https://store.steampowered.com/app/2998450/,https://vndb.org/v51092
2725330,Akogare no Gachimuchi Oji-san ga Boku dake no Dosukebe Mama ni Nacchatta ❤,2024-05-23,2024-05,vndb_steam_release,True,False,VNDB_ONLY,True,,v48815,r117405,Akogare no Gachimuchi Oji-san ga Boku dake no Dosukebe Mama ni Nacchatta ❤,complete,True,,,,https://store.steampowered.com/app/2725330/,https://vndb.org/v48815
3000320,BDSM Sex - Episode 6,2024-05-23,2024-05,vndb_steam_release,True,False,VNDB_ONLY,True,,v51410,r124473,BDSM Sex,partial,True,,,,https://store.steampowered.com/app/3000320/,https://vndb.org/v51410
2956310,Cosplay Cumdump: Doing it Doujin Style,2024-05-23,2024-05,vndb_steam_release,True,False,VNDB_ONLY,True,,v47979,r122988,Bakunyuu Layer Ore no Haramase Niku Onaho! ~Tomodachi no Kanojo o Netori Koubi de Chin Kobi Layer ni!~,complete,True,,,,https://store.steampowered.com/app/2956310/,https://vndb.org/v47979
2959120,Gongzhu×Guanzhong,2024-05-23,2024-05,vndb_steam_release,True,False,VNDB_ONLY,True,,v50576,r122785,Princess x Audience,complete,True,,,,https://store.steampowered.com/app/2959120/,https://vndb.org/v50576
2934880,HOT MAGIC SAUSAGE,2024-05-23,2024-05,vndb_steam_release,True,False,VNDB_ONLY,True,,v51398,r124448,HOT MAGIC SAUSAGE,complete,True,,,,https://store.steampowered.com/app/2934880/,https://vndb.org/v51398
2994870,S4U: Dushi Pengke 2011 Yu ai De Zhong Quan - Demo,2024-05-23,2024-05,vndb_steam_release,True,False,VNDB_ONLY,True,,v54366,r131084,S4U: Dushi Pengke 2011 Yu ai De Zhong Quan,trial,True,,,,https://store.steampowered.com/app/2994870/,https://vndb.org/v54366
3089450,malcatras' maiden,2024-05-23,2024-05,vndb_steam_release,True,False,VNDB_ONLY,True,,v50981,r123466,malcatras' maiden,complete,True,,,,https://store.steampowered.com/app/3089450/,https://vndb.org/v50981
2725540,"College Kings 2 Episodes 4 & 5 ""Moving Out""",2024-05-24,2024-05,vndb_steam_release,True,False,VNDB_ONLY,True,,v34824,r151616,College Kings 2,partial,True,,,,https://store.steampowered.com/app/2725540/,https://vndb.org/v34824
2923420,Interview with the Horny Ghost,2024-05-24,2024-05,vndb_steam_release,True,False,VNDB_ONLY,True,,v50970,r123443,Interview with the Horny Ghost,complete,True,,,,https://store.steampowered.com/app/2923420/,https://vndb.org/v50970
2983640,Short Sad Stories - A Night Out DLC,2024-05-24,2024-05,vndb_steam_release,True,False,VNDB_ONLY,True,,v54343,r142399,Short Sad Stories,complete,True,,,,https://store.steampowered.com/app/2983640/,https://vndb.org/v54343
2678520,Sigan-eul Meomuneun Piano,2024-05-24,2024-05,vndb_steam_release,True,False,VNDB_ONLY,True,,v50663,r122577,Sigan-eul Meomuneun Piano,complete,True,,,,https://store.steampowered.com/app/2678520/,https://vndb.org/v50663
2870480,XVTM - Demo,2024-05-24,2024-05,vndb_steam_release,True,False,VNDB_ONLY,True,,v51037,r123552,XVTM,trial,True,,,,https://store.steampowered.com/app/2870480/,https://vndb.org/v51037
2358500,Nothing is Forever v0.7.3,2024-05-25,2024-05,vndb_steam_release,True,False,VNDB_ONLY,True,,v37132,r115132,Nothing is Forever,partial,True,,,,https://store.steampowered.com/app/2358500/,https://vndb.org/v37132
2480200,Sex of Thrones 👑,2024-05-25,2024-05,vndb_steam_release,True,False,VNDB_ONLY,True,,v45771,r110121,Sex of Thrones 👑,complete,True,,,,https://store.steampowered.com/app/2480200/,https://vndb.org/v45771
2821430,Werewolf: The Apocalypse - Purgatory - Demo,2024-05-25,2024-05,vndb_steam_release,True,False,VNDB_ONLY,True,,v51020,r123555,Werewolf: The Apocalypse - Purgatory,trial,True,,,,https://store.steampowered.com/app/2821430/,https://vndb.org/v51020
2019240,Shackles of Ellswyn - Early Access v0.5 May,2024-05-26,2024-05,vndb_steam_release,True,False,VNDB_ONLY,True,,v36266,r92448,Shackles of Ellswyn,partial,True,,,,https://store.steampowered.com/app/2019240/,https://vndb.org/v36266
2655960,Lust Academy - Season 3,2024-05-27,2024-05,vndb_steam_release,True,False,VNDB_ONLY,True,,v48281,r115814,Lust Academy - Season 3,complete,True,,,,https://store.steampowered.com/app/2655960/,https://vndb.org/v48281
2385140,Personal Trainer - Remake,2024-05-27,2024-05,vndb_steam_release,True,False,VNDB_ONLY,True,,v31221,r134962,Personal Trainer,complete,True,,,,https://store.steampowered.com/app/2385140/,https://vndb.org/v31221
1262200,Without a Voice: Blooming Edition,2024-05-27,2024-05,vndb_steam_release,True,False,VNDB_ONLY,True,,v20251,r123942,Without a Voice,complete,True,,,,https://store.steampowered.com/app/1262200/,https://vndb.org/v20251
2814910,Aquarium wa Odoranai,2024-05-29,2024-05,vndb_steam_release,True,False,VNDB_ONLY,True,,v55113,r137623,Aquarium wa Odoranai,complete,True,,,,https://store.steampowered.com/app/2814910/,https://vndb.org/v55113
3010910,College Gay Sex - Episode 4,2024-05-29,2024-05,vndb_steam_release,True,False,VNDB_ONLY,True,,v49664,r123690,College Gay Sex,partial,True,,,,https://store.steampowered.com/app/3010910/,https://vndb.org/v49664
2971920,Lyndaria: Lust Adventure - Demo,2024-05-30,2024-05,vndb_steam_release,True,False,VNDB_ONLY,True,,v49388,r125225,Lyndaria: Lust Adventure,trial,True,,,,https://store.steampowered.com/app/2971920/,https://vndb.org/v49388
2985040,The Beautiful Island - Demo,2024-05-30,2024-05,vndb_steam_release,True,False,VNDB_ONLY,True,,v52178,r126135,The Beautiful Island,trial,True,,,,https://store.steampowered.com/app/2985040/,https://vndb.org/v52178
2986250,Vampire Therapist - Demo,2024-05-30,2024-05,vndb_steam_release,True,False,VNDB_ONLY,True,,v49188,r123853,Vampire Therapist,trial,True,,,,https://store.steampowered.com/app/2986250/,https://vndb.org/v49188
2339380,Eleanor's Handmaid,2024-05-31,2024-05,vndb_steam_release,True,False,VNDB_ONLY,True,,v44998,r108057,Eleanor's Handmaid,complete,True,,,,https://store.steampowered.com/app/2339380/,https://vndb.org/v44998
2619510,Huan Yu Youleyuan2,2024-05-31,2024-05,vndb_steam_release,True,False,VNDB_ONLY,True,,v51132,r123765,Huan Yu Youleyuan 2,complete,True,,,,https://store.steampowered.com/app/2619510/,https://vndb.org/v51132
2991470,Xiuchi Demo,2024-05-31,2024-05,vndb_steam_release,True,False,VNDB_ONLY,True,,v51069,r126862,Xiuchi Taoli Wo De Jiaxiang,trial,True,,,,https://store.steampowered.com/app/2991470/,https://vndb.org/v51069
3010400,Zai'e Heilong yu Huangyan Gongzhu - Demo,2024-05-31,2024-05,vndb_steam_release,True,False,VNDB_ONLY,True,,v50998,r124004,Zai'e Heilong yu Huangyan Gongzhu,trial,True,,,,https://store.steampowered.com/app/3010400/,https://vndb.org/v50998
2781760,Milfvania Ep. 1 - Winter DLC,2024-06-01,2024-06,vndb_steam_release,True,False,VNDB_ONLY,True,,v31901,r118447,Milfvania,partial,True,,,,https://store.steampowered.com/app/2781760/,https://vndb.org/v31901
2855970,The Vigilante Diaries - Demo,2024-06-01,2024-06,vndb_steam_release,True,False,VNDB_ONLY,True,,v51146,r123803,The Vigilante Diaries,trial,True,,,,https://store.steampowered.com/app/2855970/,https://vndb.org/v51146
2418550,My Hypnotized Family [Episode 1],2024-06-02,2024-06,vndb_steam_release,True,False,VNDB_ONLY,True,,v45297,r138434,My Hypnotized Family,partial,True,,,,https://store.steampowered.com/app/2418550/,https://vndb.org/v45297
3013430,Security Guard Sex - Episode 3,2024-06-02,2024-06,vndb_steam_release,True,False,VNDB_ONLY,True,,v50755,r123829,Security Guard Sex,partial,True,,,,https://store.steampowered.com/app/3013430/,https://vndb.org/v50755
2827190,All Scars and Starlight,2024-06-03,2024-06,vndb_steam_release,True,False,VNDB_ONLY,True,,v49460,r119318,All Scars and Starlight,complete,True,,,,https://store.steampowered.com/app/2827190/,https://vndb.org/v49460
3027800,Vs. Self - Demo,2024-06-03,2024-06,vndb_steam_release,True,False,VNDB_ONLY,True,,v51876,r125467,Vs. Self,trial,True,,,,https://store.steampowered.com/app/3027800/,https://vndb.org/v51876
3013660,Arcadia Fallen II - Demo,2024-06-04,2024-06,vndb_steam_release,True,False,VNDB_ONLY,True,,v49498,r123880,Arcadia Fallen II,trial,True,,,,https://store.steampowered.com/app/3013660/,https://vndb.org/v49498
2979320,SIS and BRO: The Cyborg Siblings - Demo,2024-06-04,2024-06,vndb_steam_release,True,False,VNDB_ONLY,True,,v58473,r139935,SIS and BRO: The Cyborg Siblings,trial,True,,,,https://store.steampowered.com/app/2979320/,https://vndb.org/v58473
2924140,Hime no Rakuen - Demo,2024-06-05,2024-06,vndb_steam_release,True,False,VNDB_ONLY,True,,v37415,r123906,Hime no Rakuen,trial,True,,,,https://store.steampowered.com/app/2924140/,https://vndb.org/v37415
3023660,Gay Sex Adventures - Episode 8,2024-06-06,2024-06,vndb_steam_release,True,False,VNDB_ONLY,True,,v49150,r123911,Gay Sex Adventures,partial,True,,,,https://store.steampowered.com/app/3023660/,https://vndb.org/v49150
2976560,Innocent Grape - Demo,2024-06-06,2024-06,vndb_steam_release,True,False,VNDB_ONLY,True,,v50498,r125086,Innocent Grape,trial,True,,,,https://store.steampowered.com/app/2976560/,https://vndb.org/v50498
2831190,Snow White Ashes - Extended Demo,2024-06-06,2024-06,vndb_steam_release,True,False,VNDB_ONLY,True,,v48923,r123929,Snow White Ashes,trial,True,,,,https://store.steampowered.com/app/2831190/,https://vndb.org/v48923
2475150,SuccuBoss💋 Wode Shangsi Shi Meimo,2024-06-06,2024-06,vndb_steam_release,True,False,VNDB_ONLY,True,,v51105,r123703,SuccuBoss💋 Wode Shangsi Shi Meimo,complete,True,,,,https://store.steampowered.com/app/2475150/,https://vndb.org/v51105
2862300,Anchored Hearts: A Tale of Destiny - Demo,2024-06-07,2024-06,vndb_steam_release,True,False,VNDB_ONLY,True,,v51422,r124504,Anchored Hearts: A Tale of Destiny,trial,True,,,,https://store.steampowered.com/app/2862300/,https://vndb.org/v51422
2972000,B-PROJECT: Ryuusei * Fantasia - Demo,2024-06-07,2024-06,vndb_steam_release,True,False,VNDB_ONLY,True,,v30175,r123943,B-PROJECT: Ryuusei * Fantasia,trial,True,,,,https://store.steampowered.com/app/2972000/,https://vndb.org/v30175
3013030,Bring Me that Shawarma – Supporter Pack,2024-06-07,2024-06,vndb_steam_release,True,False,VNDB_ONLY,True,,v36141,r143398,Bring Me that Shawarma,complete,True,,,,https://store.steampowered.com/app/3013030/,https://vndb.org/v36141
2521650,Forgotten Lectures - Fall of a Dynasty - The Beginning,2024-06-07,2024-06,vndb_steam_release,True,False,VNDB_ONLY,True,,v37141,r116046,Forgotten Lectures - Fall of a Dynasty,complete,True,,,,https://store.steampowered.com/app/2521650/,https://vndb.org/v37141
3019100,Past the Moon; Towards the Sun - Demo,2024-06-07,2024-06,vndb_steam_release,True,False,VNDB_ONLY,True,,v51190,r123951,Past the Moon; Towards the Sun,trial,True,,,,https://store.steampowered.com/app/3019100/,https://vndb.org/v51190
1925030,Sui Shi Shen Ce,2024-06-07,2024-06,vndb_steam_release,True,False,VNDB_ONLY,True,,v50862,r123185,Sui Shi Shen Ce,complete,True,,,,https://store.steampowered.com/app/1925030/,https://vndb.org/v50862
2945330,Vampire: The Masquerade - Reckoning of New York - Demo,2024-06-07,2024-06,vndb_steam_release,True,False,VNDB_ONLY,True,,v51294,r125541,Vampire: The Masquerade - Reckoning of New York,trial,True,,,,https://store.steampowered.com/app/2945330/,https://vndb.org/v51294
2987780,Horatio: Connector 13 (Chapters 1-12),2024-06-08,2024-06,vndb_steam_release,True,False,VNDB_ONLY,True,,v51205,r123969,Horatio: Connector 13,complete,True,,,,https://store.steampowered.com/app/2987780/,https://vndb.org/v51205
2821040,Imperial Harem,2024-06-08,2024-06,vndb_steam_release,True,False,VNDB_ONLY,True,,v42045,r124133,Imperial Harem,complete,True,,,,https://store.steampowered.com/app/2821040/,https://vndb.org/v42045
2676180,Fog of War: Book One,2024-06-09,2024-06,vndb_steam_release,True,False,VNDB_ONLY,True,,v44194,r115685,Fog of War,partial,True,,,,https://store.steampowered.com/app/2676180/,https://vndb.org/v44194
2968090,Celestia: Chain of Fate - Demo,2024-06-10,2024-06,vndb_steam_release,True,False,VNDB_ONLY,True,,v36908,r124116,Celestia: Chain of Fate,trial,True,,,,https://store.steampowered.com/app/2968090/,https://vndb.org/v36908
2507920,Hookah Haze - Demo,2024-06-10,2024-06,vndb_steam_release,True,False,VNDB_ONLY,True,,v48318,r124177,Hookah Haze,trial,True,,,,https://store.steampowered.com/app/2507920/,https://vndb.org/v48318
3001680,Moonless Moon - Demo,2024-06-10,2024-06,vndb_steam_release,True,False,VNDB_ONLY,True,,v51023,r124252,Moonless Moon,trial,True,,,,https://store.steampowered.com/app/3001680/,https://vndb.org/v51023
2882900,Pro Philosopher 2 Demo,2024-06-10,2024-06,vndb_steam_release,True,False,VNDB_ONLY,True,,v45386,r128104,Pro Philosopher 2: Governments & Grievances,trial,True,,,,https://store.steampowered.com/app/2882900/,https://vndb.org/v45386
3028980,Sigh of the Abyss - Demo,2024-06-10,2024-06,vndb_steam_release,True,False,VNDB_ONLY,True,,v36613,r124226,Sigh of the Abyss,trial,True,,,,https://store.steampowered.com/app/3028980/,https://vndb.org/v36613
2995090,This Magical Girl is a B⭐tch - Updated Demo,2024-06-10,2024-06,vndb_steam_release,True,False,VNDB_ONLY,True,,v47181,r124093,This Magical Girl is a B⭐tch,trial,True,,,,https://store.steampowered.com/app/2995090/,https://vndb.org/v47181
2697020,Baradroid - A Gay Visual Novel (Demo),2024-06-11,2024-06,vndb_steam_release,True,False,VNDB_ONLY,True,,v35461,r125073,Baradroid,trial,True,,,,https://store.steampowered.com/app/2697020/,https://vndb.org/v35461
2820410,Untold Atlas - Demo,2024-06-11,2024-06,vndb_steam_release,True,False,VNDB_ONLY,True,,v43758,r124253,Untold Atlas,trial,True,,,,https://store.steampowered.com/app/2820410/,https://vndb.org/v43758
3037760,Xi Xue Dong Jian - Lan'xue Yu Jian'er'duo Demo,2024-06-11,2024-06,vndb_steam_release,True,False,VNDB_ONLY,True,,v50289,r124213,Xi Xue Dong Jian,trial,True,,,,https://store.steampowered.com/app/3037760/,https://vndb.org/v50289
3038520,Cuckold Sex - Episode 3,2024-06-12,2024-06,vndb_steam_release,True,False,VNDB_ONLY,True,,v50645,r123972,Cuckold Sex,partial,True,,,,https://store.steampowered.com/app/3038520/,https://vndb.org/v50645
3044990,Metamorfoz - Demo,2024-06-12,2024-06,vndb_steam_release,True,False,VNDB_ONLY,True,,v52453,r126802,Metamorfoz,trial,True,,,,https://store.steampowered.com/app/3044990/,https://vndb.org/v52453
2734490,The Little Baby,2024-06-12,2024-06,vndb_steam_release,True,False,VNDB_ONLY,True,,v48765,r117249,The Little Baby,complete,True,,,,https://store.steampowered.com/app/2734490/,https://vndb.org/v48765
2981780,Bing'jiao X Qi'yue,2024-06-13,2024-06,vndb_steam_release,True,False,VNDB_ONLY,True,,v51300,r124210,Bing'jiao X Qi'yue,trial,True,,,,https://store.steampowered.com/app/2981780/,https://vndb.org/v51300
3045840,Pink Noise - Demo,2024-06-14,2024-06,vndb_steam_release,True,False,VNDB_ONLY,True,,v51860,r125443,Rozovyj shum,trial,True,,,,https://store.steampowered.com/app/3045840/,https://vndb.org/v51860
3051670,Pyun Pyun Heart Throbbing Endless Love Bakery - Demo,2024-06-14,2024-06,vndb_steam_release,True,False,VNDB_ONLY,True,,v51317,r124713,Pyun Pyun Heart Throbbing Endless Love Bakery,trial,True,,,,https://store.steampowered.com/app/3051670/,https://vndb.org/v51317
2735510,Once a Porn a Time 2,2024-06-15,2024-06,vndb_steam_release,True,False,VNDB_ONLY,True,,v45537,r124278,Once a Porn a Time,partial,True,,,,https://store.steampowered.com/app/2735510/,https://vndb.org/v45537
3038190,Futanari Sex Adventures - Episode 1,2024-06-17,2024-06,vndb_steam_release,True,False,VNDB_ONLY,True,,v51207,r123971,Futanari Sex Adventures,partial,True,,,,https://store.steampowered.com/app/3038190/,https://vndb.org/v51207
2293660,He Fucked the Girl Out of Me.,2024-06-17,2024-06,vndb_steam_release,True,False,VNDB_ONLY,True,,v36209,r124331,He Fucked the Girl Out of Me.,complete,True,,,,https://store.steampowered.com/app/2293660/,https://vndb.org/v36209
2981790,Kurikuri Click ~Ore no Renaissance~ Censored Edition,2024-06-17,2024-06,vndb_steam_release,True,False,VNDB_ONLY,True,,v47187,r123391,Kurikuri Click ~Ore no Renaissance~,complete,True,,,,https://store.steampowered.com/app/2981790/,https://vndb.org/v47187
2714170,Pleasure Thieves,2024-06-17,2024-06,vndb_steam_release,True,False,VNDB_ONLY,True,,v27578,r124352,Pleasure Thieves,complete,True,,,,https://store.steampowered.com/app/2714170/,https://vndb.org/v27578
2966990,Summoned by Accident,2024-06-18,2024-06,vndb_steam_release,True,False,VNDB_ONLY,True,,v34963,r89417,Summoned by Accident,complete,True,,,,https://store.steampowered.com/app/2966990/,https://vndb.org/v34963
3137460,Death Moon: Extended Edition,2024-06-19,2024-06,vndb_steam_release,True,False,VNDB_ONLY,True,,v51661,r127466,Death Moon,complete,True,,,,https://store.steampowered.com/app/3137460/,https://vndb.org/v51661
2132480,Touhou: Fading Illusion - Early Access,2024-06-19,2024-06,vndb_steam_release,True,False,VNDB_ONLY,True,,v39829,r98705,Touhou: Fading Illusion,partial,True,,,,https://store.steampowered.com/app/2132480/,https://vndb.org/v39829
3029370,The Gallo Presidency - Prologue,2024-06-20,2024-06,vndb_steam_release,True,False,VNDB_ONLY,True,,v51385,r124419,The Gallo Presidency,partial,True,,,,https://store.steampowered.com/app/3029370/,https://vndb.org/v51385
2090810,Chaoneng X Tianshi,2024-06-21,2024-06,vndb_steam_release,True,False,VNDB_ONLY,True,,v53546,r129265,Chaoneng X Tianshi,complete,True,,,,https://store.steampowered.com/app/2090810/,https://vndb.org/v53546
2924050,Innocent Grape,2024-06-21,2024-06,vndb_steam_release,True,False,VNDB_ONLY,True,,v50498,r122087,Innocent Grape,complete,True,,,,https://store.steampowered.com/app/2924050/,https://vndb.org/v50498
2703180,Isabella: Chasing Shadows v4.3,2024-06-21,2024-06,vndb_steam_release,True,False,VNDB_ONLY,True,,v51717,r125165,Isabella: Chasing Shadows,partial,True,,,,https://store.steampowered.com/app/2703180/,https://vndb.org/v51717
2880120,Who Murdered My Empress?,2024-06-21,2024-06,vndb_steam_release,True,False,VNDB_ONLY,True,,v49486,r119418,Who Murdered My Empress?,complete,True,,,,https://store.steampowered.com/app/2880120/,https://vndb.org/v49486
3049000,BDSM Sex - Episode 7,2024-06-22,2024-06,vndb_steam_release,True,False,VNDB_ONLY,True,,v51410,r124474,BDSM Sex,partial,True,,,,https://store.steampowered.com/app/3049000/,https://vndb.org/v51410
3031580,Devil and Pitfall,2024-06-22,2024-06,vndb_steam_release,True,False,VNDB_ONLY,True,,v53994,r130253,Akuma to Otoshiana,complete,True,,,,https://store.steampowered.com/app/3031580/,https://vndb.org/v53994
2811110,Siluety - Episode 1,2024-06-22,2024-06,vndb_steam_release,True,False,VNDB_ONLY,True,,v51409,r124467,Siluety,partial,True,,,,https://store.steampowered.com/app/2811110/,https://vndb.org/v51409
3048590,"Velvet Bite: Softly, With Teeth - Demo",2024-06-22,2024-06,vndb_steam_release,True,False,VNDB_ONLY,True,,v51670,r124450,"Velvet Bite: Softly, With Teeth",trial,True,,,,https://store.steampowered.com/app/3048590/,https://vndb.org/v51670
3076960,Xiang Bei Nüyou de Baoru Ma Chongxin Sheng Xialai,2024-06-22,2024-06,vndb_steam_release,True,False,VNDB_ONLY,True,,v55962,r134794,Xiang Bei Nüyou de Baoru Ma Chongxin Sheng Xialai,complete,True,,,,https://store.steampowered.com/app/3076960/,https://vndb.org/v55962
2396660,Anchored Hearts: A Tale of Destiny,2024-06-24,2024-06,vndb_steam_release,True,False,VNDB_ONLY,True,,v51422,r124505,Anchored Hearts: A Tale of Destiny,complete,True,,,,https://store.steampowered.com/app/2396660/,https://vndb.org/v51422
3063080,Scarlet Defiance: The Wall Between Us - Demo;Scarlet Defiance: The Wall Between Us - Voiced Demo,2024-06-24,2024-06,vndb_steam_release,True,False,VNDB_ONLY,True,,v51143,r124529;r129167,Scarlet Defiance: The Wall Between Us,trial,True,,,,https://store.steampowered.com/app/3063080/,https://vndb.org/v51143
2812180,Shili Danshen,2024-06-24,2024-06,vndb_steam_release,True,False,VNDB_ONLY,True,,v51445,r124559,Shili Danshen,complete,True,,,,https://store.steampowered.com/app/2812180/,https://vndb.org/v51445
1856210,The Frozen Kingdom,2024-06-24,2024-06,vndb_steam_release,True,False,VNDB_ONLY,True,,v42467,r103338,The Frozen Kingdom,complete,True,,,,https://store.steampowered.com/app/1856210/,https://vndb.org/v42467
2994810,Zoey: Horny Roommates - v1.03,2024-06-24,2024-06,vndb_steam_release,True,False,VNDB_ONLY,True,,v54441,r131219,Zoey: Horny Roommates,complete,True,,,,https://store.steampowered.com/app/2994810/,https://vndb.org/v54441
2822030,Luan Dou Shaonü,2024-06-25,2024-06,vndb_steam_release,True,False,VNDB_ONLY,True,,v53543,r129259,Luan Dou Shaonü,complete,True,,,,https://store.steampowered.com/app/2822030/,https://vndb.org/v53543
3045760,HOPE: Unlived Life - Demo;HOPE: Unlived Life - Updated Demo,2024-06-27,2024-06,vndb_steam_release,True,False,VNDB_ONLY,True,,v50347,r124627;r128374,HOPE: Unlived Life,trial,True,,,,https://store.steampowered.com/app/3045760/,https://vndb.org/v50347
2911660,"Kan'ochi x Gyaru Oyako ~Maji Kimochi Ii! Atashi-tachi, Anta no Niku Onaho ni Sarechau~",2024-06-27,2024-06,vndb_steam_release,True,False,VNDB_ONLY,True,,v50152,r122924,"Kan'ochi x Gyaru Oyako ~Maji Kimochi Ii! Atashi-tachi, Anta no Niku Onaho ni Sarechau~",complete,True,,,,https://store.steampowered.com/app/2911660/,https://vndb.org/v50152
2556000,Manhattan Dolls,2024-06-27,2024-06,vndb_steam_release,True,False,VNDB_ONLY,True,,v51467,r124644,Manhattan Dolls,complete,True,,,,https://store.steampowered.com/app/2556000/,https://vndb.org/v51467
3064070,Manhattan Dolls Adults Only 18+ Patch,2024-06-27,2024-06,vndb_steam_release,True,False,VNDB_ONLY,True,,v51467,r124645,Manhattan Dolls,complete,True,,,,https://store.steampowered.com/app/3064070/,https://vndb.org/v51467
2722000,Wo Shuo Shenme Tamen Dou Daying (OKeverything),2024-06-27,2024-06,vndb_steam_release,True,False,VNDB_ONLY,True,,v51466,r124643,Wo Shuo Shenme Tamen Dou Daying (OKeverything),complete,True,,,,https://store.steampowered.com/app/2722000/,https://vndb.org/v51466
2458860,Xiase Siyecao,2024-06-27,2024-06,vndb_steam_release,True,False,VNDB_ONLY,True,,v45510,r109583,Xiase Siyecao,complete,True,,,,https://store.steampowered.com/app/2458860/,https://vndb.org/v45510
3007360,Room of Lust - Dirty Conversation With Mom,2024-06-28,2024-06,vndb_steam_release,True,False,VNDB_ONLY,True,,v51041,r123563,Room of Lust - Dirty Conversation With Mom,complete,True,,,,https://store.steampowered.com/app/3007360/,https://vndb.org/v51041
3076640,Set Yourself on Fire - Demo,2024-06-28,2024-06,vndb_steam_release,True,False,VNDB_ONLY,True,,v51769,r125254,Set Yourself on Fire,trial,True,,,,https://store.steampowered.com/app/3076640/,https://vndb.org/v51769
2010510,Indenture,2024-06-29,2024-06,vndb_steam_release,True,False,VNDB_ONLY,True,,v37005,r93524,Indenture,complete,True,,,,https://store.steampowered.com/app/2010510/,https://vndb.org/v37005
3209550,"City Lights, Old Flames - Demo",2024-06-30,2024-06,vndb_steam_release,True,False,VNDB_ONLY,True,,v51517,r124775,"City Lights, Old Flames",trial,True,,,,https://store.steampowered.com/app/3209550/,https://vndb.org/v51517
1730500,Object Ward.,2024-06-30,2024-06,vndb_steam_release,True,False,VNDB_ONLY,True,,v24631,r123679,Object Ward.,complete,True,,,,https://store.steampowered.com/app/1730500/,https://vndb.org/v24631
3073030,Drăculești - Demo,2024-07-01,2024-07,vndb_steam_release,True,False,VNDB_ONLY,True,,v46777,r124857,Drăculești,trial,True,,,,https://store.steampowered.com/app/3073030/,https://vndb.org/v46777
3547540,Lecture Me Later - Demo,2024-07-01,2024-07,vndb_steam_release,True,False,VNDB_ONLY,True,,v51570,r124847,Lecture Me Later,trial,True,,,,https://store.steampowered.com/app/3547540/,https://vndb.org/v51570
3079030,Mirage Noir - Demo,2024-07-01,2024-07,vndb_steam_release,True,False,VNDB_ONLY,True,,v51565,r124841,Mirage Noir,trial,True,,,,https://store.steampowered.com/app/3079030/,https://vndb.org/v51565
1212020,Void's Calling: Episode 1,2024-07-03,2024-07,vndb_steam_release,True,False,VNDB_ONLY,True,,v27455,r152078,Void's Calling,partial,True,,,,https://store.steampowered.com/app/1212020/,https://vndb.org/v27455
3053450,BUSTAFELLOWS - Demo,2024-07-04,2024-07,vndb_steam_release,True,False,VNDB_ONLY,True,,v25197,r124949,BUSTAFELLOWS,trial,True,,,,https://store.steampowered.com/app/3053450/,https://vndb.org/v25197
2975720,Qiao|He / co|incidence,2024-07-04,2024-07,vndb_steam_release,True,False,VNDB_ONLY,True,,v51610,r124951,Qiao|He / co|incidence,complete,True,,,,https://store.steampowered.com/app/2975720/,https://vndb.org/v51610
2894960,Inverted Angel,2024-07-05,2024-07,vndb_steam_release,True,False,VNDB_ONLY,True,,v53613,r129412;r153666,Inverted Angel,complete,True,,,,https://store.steampowered.com/app/2894960/,https://vndb.org/v53613
2166470,The Survival of Sarah Rose (0.2.9.9) - Early Access,2024-07-06,2024-07,vndb_steam_release,True,False,VNDB_ONLY,True,,v33497,r102650,The Survival of Sarah Rose,partial,True,,,,https://store.steampowered.com/app/2166470/,https://vndb.org/v33497
3042320,Yiren - Demo,2024-07-08,2024-07,vndb_steam_release,True,False,VNDB_ONLY,True,,v51423,r132174,Yiren,trial,True,,,,https://store.steampowered.com/app/3042320/,https://vndb.org/v51423
3078450,Lethal Women: World of Femdom and Espionage - Demo,2024-07-10,2024-07,vndb_steam_release,True,False,VNDB_ONLY,True,,v52464,r126842,Lethal Women: World of Femdom and Espionage,trial,True,,,,https://store.steampowered.com/app/3078450/,https://vndb.org/v52464
2424810,Lost at Birth Chapter 9 - Complete Edition,2024-07-10,2024-07,vndb_steam_release,True,False,VNDB_ONLY,True,,v42857,r104005,Lost at Birth,partial,True,,,,https://store.steampowered.com/app/2424810/,https://vndb.org/v42857
3083460,Love Season - Sharing Fantasy,2024-07-11,2024-07,vndb_steam_release,True,False,VNDB_ONLY,True,,v28091,r136882,Love Season,partial,True,,,,https://store.steampowered.com/app/3083460/,https://vndb.org/v28091
2084730,Love Season: Season 2,2024-07-11,2024-07,vndb_steam_release,True,False,VNDB_ONLY,True,,v28091,r136881,Love Season,partial,True,,,,https://store.steampowered.com/app/2084730/,https://vndb.org/v28091
2332550,Monster Lover: Balasque,2024-07-11,2024-07,vndb_steam_release,True,False,VNDB_ONLY,True,,v45765,r110099,Monster Lover: Balasque,complete,True,,,,https://store.steampowered.com/app/2332550/,https://vndb.org/v45765
3066690,TUZAQ - Demo,2024-07-11,2024-07,vndb_steam_release,True,False,VNDB_ONLY,True,,v51746,r125218,TUZAQ,trial,True,,,,https://store.steampowered.com/app/3066690/,https://vndb.org/v51746
2927480,AMAP,2024-07-12,2024-07,vndb_steam_release,True,False,VNDB_ONLY,True,,v26708,r125221,All Men Are Pigs,complete,True,,,,https://store.steampowered.com/app/2927480/,https://vndb.org/v26708
3035910,Atonia: Netorare Annals,2024-07-12,2024-07,vndb_steam_release,True,False,VNDB_ONLY,True,,v33722;v35870,r125220,Atonia Blues;Atonia: The Holy Church of Ascension,complete,True,,,,https://store.steampowered.com/app/3035910/,https://vndb.org/v33722
3093610,Dare to Lucid Dream - Demo,2024-07-12,2024-07,vndb_steam_release,True,False,VNDB_ONLY,True,,v52792,r127488,Dare to Lucid Dream,trial,True,,,,https://store.steampowered.com/app/3093610/,https://vndb.org/v52792
2178930,Sexbot,2024-07-12,2024-07,vndb_steam_release,True,False,VNDB_ONLY,True,,v41610,r101750,Sexbot,complete,True,,,,https://store.steampowered.com/app/2178930/,https://vndb.org/v41610
3000280,Sexcalibur: Knights of the Pound Table,2024-07-12,2024-07,vndb_steam_release,True,False,VNDB_ONLY,True,,v48417,r124436,Musou no Haramase Onaho Kishidan ~Tsuyoi Mesu o Jutsu de Kuppuku Sasete Ero Hidoi Koto Yaritai Houdai no Zettai Chuusei Harem o Tsukuru!~,complete,True,,,,https://store.steampowered.com/app/3000280/,https://vndb.org/v48417
3039450,Shei Shi Zhong Zhi Ren - Demo,2024-07-12,2024-07,vndb_steam_release,True,False,VNDB_ONLY,True,,v50245,r132781,Shei Shi Zhong Zhi Ren,trial,True,,,,https://store.steampowered.com/app/3039450/,https://vndb.org/v50245
2881920,Unraveling Angel - Demo,2024-07-12,2024-07,vndb_steam_release,True,False,VNDB_ONLY,True,,v42172,r128632,Unraveling Angel: Coward's Paradise,trial,True,,,,https://store.steampowered.com/app/2881920/,https://vndb.org/v42172
1797300,Void's Calling: Episode 2,2024-07-12,2024-07,vndb_steam_release,True,False,VNDB_ONLY,True,,v27455,r152077,Void's Calling,partial,True,,,,https://store.steampowered.com/app/1797300/,https://vndb.org/v27455
3108440,Hunter: Space Pirates - Chapter 1 DEMO,2024-07-13,2024-07,vndb_steam_release,True,False,VNDB_ONLY,True,,v53894,r130021,Hunter: Space Pirates,trial,True,,,,https://store.steampowered.com/app/3108440/,https://vndb.org/v53894
3098870,BatteryNote - Demo,2024-07-14,2024-07,vndb_steam_release,True,False,VNDB_ONLY,True,,v58538,r140059,BatteryNote,trial,True,,,,https://store.steampowered.com/app/3098870/,https://vndb.org/v58538
3053860,College Gay Sex - Episode 5,2024-07-14,2024-07,vndb_steam_release,True,False,VNDB_ONLY,True,,v49664,r125312,College Gay Sex,partial,True,,,,https://store.steampowered.com/app/3053860/,https://vndb.org/v49664
3111540,NEKO-NIN exHeart SPIN! - 18+ Patch,2024-07-15,2024-07,vndb_steam_release,True,False,VNDB_ONLY,True,,v45381,r124962,Neko-nin exHeart SPIN!,complete,True,,,,https://store.steampowered.com/app/3111540/,https://vndb.org/v45381
3070540,Hua Lian Yue Yi Demo,2024-07-16,2024-07,vndb_steam_release,True,False,VNDB_ONLY,True,,v51291,r125345,Hua Lian Yue Yi,trial,True,,,,https://store.steampowered.com/app/3070540/,https://vndb.org/v51291
2277300,NTR'd By Clumsiness - Uncensored Edition,2024-07-17,2024-07,vndb_steam_release,True,False,VNDB_ONLY,True,,v40605,r125432,NTR'd By Clumsiness,complete,True,,,,https://store.steampowered.com/app/2277300/,https://vndb.org/v40605
3079760,Bored Wife - Demo,2024-07-19,2024-07,vndb_steam_release,True,False,VNDB_ONLY,True,,v49290,r126025,Bored Wife,trial,True,,,,https://store.steampowered.com/app/3079760/,https://vndb.org/v49290
3108930,Crash-Land Fantasy - Demo,2024-07-19,2024-07,vndb_steam_release,True,False,VNDB_ONLY,True,,v53622,r129432,Crash-Land Fantasy,trial,True,,,,https://store.steampowered.com/app/3108930/,https://vndb.org/v53622
2387380,Bare Witness,2024-07-20,2024-07,vndb_steam_release,True,False,VNDB_ONLY,True,,v34737,r111824;r131386,Bare Witness,complete,True,,,,https://store.steampowered.com/app/2387380/,https://vndb.org/v34737
2828670,Ai Zhi Chao Demo,2024-07-21,2024-07,vndb_steam_release,True,False,VNDB_ONLY,True,,v52557,r127028,Ai Zhi Chao,trial,True,,,,https://store.steampowered.com/app/2828670/,https://vndb.org/v52557
3127660,MY DEAR☆LOVE - Extended Demo,2024-07-21,2024-07,vndb_steam_release,True,False,VNDB_ONLY,True,,v51443,r125607,MY DEAR☆LOVE,trial,True,,,,https://store.steampowered.com/app/3127660/,https://vndb.org/v51443
3135930,Milfylicious: Chapter I,2024-07-21,2024-07,vndb_steam_release,True,False,VNDB_ONLY,True,,v53152,r133906,Milfylicious,partial,True,,,,https://store.steampowered.com/app/3135930/,https://vndb.org/v53152
3104940,Save the Villainess - Demo,2024-07-22,2024-07,vndb_steam_release,True,False,VNDB_ONLY,True,,v50296,r125500,Save the Villainess,trial,True,,,,https://store.steampowered.com/app/3104940/,https://vndb.org/v50296
3042070,summer haze/glory days - Demo,2024-07-22,2024-07,vndb_steam_release,True,False,VNDB_ONLY,True,,v51894,r125505,summer haze/glory days,trial,True,,,,https://store.steampowered.com/app/3042070/,https://vndb.org/v51894
1302560,Rosas de amor - Demo,2024-07-23,2024-07,vndb_steam_release,True,False,VNDB_ONLY,True,,v29649,r126047,Rosas de amor,trial,True,,,,https://store.steampowered.com/app/1302560/,https://vndb.org/v29649
3087490,SimuLOVE! Vol. 1,2024-07-23,2024-07,vndb_steam_release,True,False,VNDB_ONLY,True,,v51908,r125540,SimuLOVE!,partial,True,,,,https://store.steampowered.com/app/3087490/,https://vndb.org/v51908
2946650,A Promise Best Left Unkept - Bonus Scenes [Season 2],2024-07-24,2024-07,vndb_steam_release,True,False,VNDB_ONLY,True,,v52016,r129498,A Promise Best Left Unkept - Bonus Scenes [Season 2],complete,True,,,,https://store.steampowered.com/app/2946650/,https://vndb.org/v52016
2590790,Debauched Memories,2024-07-24,2024-07,vndb_steam_release,True,False,VNDB_ONLY,True,,v47379,r113819,Debauched Memories,complete,True,,,,https://store.steampowered.com/app/2590790/,https://vndb.org/v47379
3090500,E'yi Guinu Juexing Zhi Lu ～Chise Yu Chunbai Roman Pianzhang,2024-07-24,2024-07,vndb_steam_release,True,False,VNDB_ONLY,True,,v51710,r125153,E'yi Guinu Juexing Zhi Lu ～Chise Yu Chunbai Roman Pianzhang,complete,True,,,,https://store.steampowered.com/app/3090500/,https://vndb.org/v51710
1952750,Baradroid - A Gay Visual Novel,2024-07-25,2024-07,vndb_steam_release,True,False,VNDB_ONLY,True,,v35461,r90319,Baradroid,complete,True,,,,https://store.steampowered.com/app/1952750/,https://vndb.org/v35461
3123330,Cangkong De Biduan Demo,2024-07-25,2024-07,vndb_steam_release,True,False,VNDB_ONLY,True,,v51921,r125740,Cangkong De Biduan,trial,True,,,,https://store.steampowered.com/app/3123330/,https://vndb.org/v51921
3004790,Monster Ops,2024-07-25,2024-07,vndb_steam_release,True,False,VNDB_ONLY,True,,v51705,r125147,Monster Ops,partial,True,,,,https://store.steampowered.com/app/3004790/,https://vndb.org/v51705
2824610,8 Days of School,2024-07-26,2024-07,vndb_steam_release,True,False,VNDB_ONLY,True,,v51942,r125628,8 Days of School,complete,True,,,,https://store.steampowered.com/app/2824610/,https://vndb.org/v51942
2775050,Criminal Attraction,2024-07-26,2024-07,vndb_steam_release,True,False,VNDB_ONLY,True,,v50931,r123349,Criminal Attraction,complete,True,,,,https://store.steampowered.com/app/2775050/,https://vndb.org/v50931
2702160,Rail Romanesque origin,2024-07-26,2024-07,vndb_steam_release,True,False,VNDB_ONLY,True,,v25635,r120707,Maitetsu - Last Run!!,complete,True,,,,https://store.steampowered.com/app/2702160/,https://vndb.org/v25635
2249970,Umichan Sentoryu,2024-07-26,2024-07,vndb_steam_release,True,False,VNDB_ONLY,True,,v51944,r125630,Umichan Sentoryu,complete,True,,,,https://store.steampowered.com/app/2249970/,https://vndb.org/v51944
2989360,"Detective Instinct: Farewell, My Beloved - Demo",2024-07-29,2024-07,vndb_steam_release,True,False,VNDB_ONLY,True,,v52017,r125810,"Detective Instinct: Farewell, My Beloved",trial,True,,,,https://store.steampowered.com/app/2989360/,https://vndb.org/v52017
2517190,Champion of Venus: Tayla's Big Adventure,2024-07-30,2024-07,vndb_steam_release,True,False,VNDB_ONLY,True,,v47069,r115444,Champion of Venus: Tayla's Big Adventure,complete,True,,,,https://store.steampowered.com/app/2517190/,https://vndb.org/v47069
3072690,Futanari Sex Adventures - Episode 2,2024-07-30,2024-07,vndb_steam_release,True,False,VNDB_ONLY,True,,v51207,r125800,Futanari Sex Adventures,partial,True,,,,https://store.steampowered.com/app/3072690/,https://vndb.org/v51207
1987990,Xiangcao Bulei yu Meigui Guaidao,2024-07-30,2024-07,vndb_steam_release,True,False,VNDB_ONLY,True,,v50863,r123184,Xiangcao Bulei yu Meigui Guaidao,complete,True,,,,https://store.steampowered.com/app/1987990/,https://vndb.org/v50863
2936020,Bishoujo Hanafuda Kikou Michinoku Hitou Koimonogatari,2024-07-31,2024-07,vndb_steam_release,True,False,VNDB_ONLY,True,,v16365,r125184,Bishoujo Hanafuda Kikou Michinoku Hitou Koimonogatari,complete,True,,,,https://store.steampowered.com/app/2936020/,https://vndb.org/v16365
2949830,Legendy Savvary: Vremja Parii DLC 18+,2024-07-31,2024-07,vndb_steam_release,True,False,VNDB_ONLY,True,,v46857,r125818,Legendy Savvary: Vremja Parii,complete,True,,,,https://store.steampowered.com/app/2949830/,https://vndb.org/v46857
3237930,Occultus: Daughter of Darkness,2024-07-31,2024-07,vndb_steam_release,True,False,VNDB_ONLY,True,,v45986,r110602,Occultus: Daughter of Darkness,complete,True,,,,https://store.steampowered.com/app/3237930/,https://vndb.org/v45986
2205320,Saint Ceri,2024-07-31,2024-07,vndb_steam_release,True,False,VNDB_ONLY,True,,v37904,r102323,Saint Ceri,complete,True,,,,https://store.steampowered.com/app/2205320/,https://vndb.org/v37904
2752370,"Unfaithful Wife: Ayano's ""Netorare Report"" - My gentle wife is fucking another man -",2024-07-31,2024-07,vndb_steam_release,True,False,VNDB_ONLY,True,,v16043,r120183,"Nagasarezuma, Ayano no ""Netorare"" Houkoku -Ottori Tsuma & Hitoban Buttooshi Chou Nikushoku Furin Sex-",complete,True,,,,https://store.steampowered.com/app/2752370/,https://vndb.org/v16043
3069230,A Night With: Bartender,2024-08-01,2024-08,vndb_steam_release,True,False,VNDB_ONLY,True,,v52045,r125852,A Night With: Bartender,complete,True,,,,https://store.steampowered.com/app/3069230/,https://vndb.org/v52045
2854170,Motto! Haramase! Honoo no Oppai Isekai Chou Ero ♥ Succubus Gakuen!,2024-08-01,2024-08,vndb_steam_release,True,False,VNDB_ONLY,True,,v29909,r124311,Motto! Haramase! Honoo no Oppai Isekai Chou Ero ♥ Succubus Gakuen!,complete,True,,,,https://store.steampowered.com/app/2854170/,https://vndb.org/v29909
2998620,"OPPAI Succubus Academy Sucky and Busty, Demonic and Lusty! Special Mosaic Removal DLC",2024-08-01,2024-08,vndb_steam_release,True,False,VNDB_ONLY,True,,v29909,r124524,Motto! Haramase! Honoo no Oppai Isekai Chou Ero ♥ Succubus Gakuen!,complete,True,,,,https://store.steampowered.com/app/2998620/,https://vndb.org/v29909
2879670,All the Darkest Places [v1.0.24.08.08],2024-08-06,2024-08,vndb_steam_release,True,False,VNDB_ONLY,True,,v52252,r126293,All the Darkest Places,partial,True,,,,https://store.steampowered.com/app/2879670/,https://vndb.org/v52252
3030740,The Awakening - Femboy Saga,2024-08-06,2024-08,vndb_steam_release,True,False,VNDB_ONLY,True,,v52807,r127548,The Awakening - Femboy Saga,complete,True,,,,https://store.steampowered.com/app/3030740/,https://vndb.org/v52807
3074790,Cheongchun Frame - Demo,2024-08-07,2024-08,vndb_steam_release,True,False,VNDB_ONLY,True,,v51071,r126070,Cheongchun Frame,trial,True,,,,https://store.steampowered.com/app/3074790/,https://vndb.org/v51071
3074780,Hwanghonui Yulyeong - Demo,2024-08-07,2024-08,vndb_steam_release,True,False,VNDB_ONLY,True,,v51060,r126069,Hwanghon-ui Yulyeong,trial,True,,,,https://store.steampowered.com/app/3074780/,https://vndb.org/v51060
3090930,G-MODE Archives+: Tantei Kibukawa Ryousuke Jikentan Vol.15 'Oumagadoki no Kyoushikyoku',2024-08-09,2024-08,vndb_steam_release,True,False,VNDB_ONLY,True,,v44481,r126133,Tantei Kibukawa Ryousuke Jikentan 'Oumagadoki no Kyoushikyoku',complete,True,,,,https://store.steampowered.com/app/3090930/,https://vndb.org/v44481
3067200,I Wanna Fuck my Mom's Best Friend,2024-08-09,2024-08,vndb_steam_release,True,False,VNDB_ONLY,True,,v26563,r125441,Kaa-chan no Tomodachi ni Shikotteru Tokoro Mirareta.,complete,True,,,,https://store.steampowered.com/app/3067200/,https://vndb.org/v26563
2602770,Maou-sama to Issho. ~Isekai no Maou to Amaama Dousei Seikatsu~,2024-08-09,2024-08,vndb_steam_release,True,False,VNDB_ONLY,True,,v52135,r126007,Maou-sama to Issho. ~Isekai no Maou to Amaama Dousei Seikatsu~,complete,True,,,,https://store.steampowered.com/app/2602770/,https://vndb.org/v52135
3143140,Poxiao Shifen de Shuxin - Zhaowen Pian - Demo,2024-08-09,2024-08,vndb_steam_release,True,False,VNDB_ONLY,True,,v50685,r131799,Poxiao Shifen de Shuxin - Zhaowen Pian,trial,True,,,,https://store.steampowered.com/app/3143140/,https://vndb.org/v50685
2799940,"Sierra no Bouken, Hametsu no Doukutsu",2024-08-09,2024-08,vndb_steam_release,True,False,VNDB_ONLY,True,,v33637,r121101,"Sierra no Bouken, Hametsu no Doukutsu",complete,True,,,,https://store.steampowered.com/app/2799940/,https://vndb.org/v33637
3141840,Security Guard Sex - Episode 4,2024-08-10,2024-08,vndb_steam_release,True,False,VNDB_ONLY,True,,v50755,r126158,Security Guard Sex,partial,True,,,,https://store.steampowered.com/app/3141840/,https://vndb.org/v50755
2978240,The Heft Effect,2024-08-10,2024-08,vndb_steam_release,True,False,VNDB_ONLY,True,,v52406,r126679,The Heft Effect,complete,True,,,,https://store.steampowered.com/app/2978240/,https://vndb.org/v52406
2001830,A Crown of Thorns: Book 1,2024-08-12,2024-08,vndb_steam_release,True,False,VNDB_ONLY,True,,v52217,r126219,A Crown of Thorns,partial,True,,,,https://store.steampowered.com/app/2001830/,https://vndb.org/v52217
2701210,MWNeus,2024-08-12,2024-08,vndb_steam_release,True,False,VNDB_ONLY,True,,v48752,r117222,MWNeus,complete,True,,,,https://store.steampowered.com/app/2701210/,https://vndb.org/v48752
3040470,Eroge Kaisha no Kindan no Sekuhara Jijou ~Nerawareta Shinjin Illustrator~ DL Edition,2024-08-13,2024-08,vndb_steam_release,True,False,VNDB_ONLY,True,,v50142,r126215,Eroge Kaisha no Kindan no Sekuhara Jijou ~Nerawareta Shinjin Illustrator~,complete,True,,,,https://store.steampowered.com/app/3040470/,https://vndb.org/v50142
2990180,Lady's Escape,2024-08-14,2024-08,vndb_steam_release,True,False,VNDB_ONLY,True,,v50502,r126278,Lady's Escape,complete,True,,,,https://store.steampowered.com/app/2990180/,https://vndb.org/v50502
3157770,Divine Omen - Demo,2024-08-15,2024-08,vndb_steam_release,True,False,VNDB_ONLY,True,,v52648,r127153,Divine Omen,trial,True,,,,https://store.steampowered.com/app/3157770/,https://vndb.org/v52648
2855820,Lethal Women: World of Femdom and Espionage,2024-08-15,2024-08,vndb_steam_release,True,False,VNDB_ONLY,True,,v52464,r126841,Lethal Women: World of Femdom and Espionage,complete,True,,,,https://store.steampowered.com/app/2855820/,https://vndb.org/v52464
3123630,Real life day: Threesome,2024-08-15,2024-08,vndb_steam_release,True,False,VNDB_ONLY,True,,v52246,r126277,Real life day: Threesome,complete,True,,,,https://store.steampowered.com/app/3123630/,https://vndb.org/v52246
2758940,Rusy Dushat Zmeja,2024-08-15,2024-08,vndb_steam_release,True,False,VNDB_ONLY,True,,v52247,r126280,Rusy Dushat Zmeja,complete,True,,,,https://store.steampowered.com/app/2758940/,https://vndb.org/v52247
2925680,SPERM INTO LABIA,2024-08-15,2024-08,vndb_steam_release,True,False,VNDB_ONLY,True,,v52260,r126307,SPERM INTO LABIA,complete,True,,,,https://store.steampowered.com/app/2925680/,https://vndb.org/v52260
2918890,Spirit Harem,2024-08-15,2024-08,vndb_steam_release,True,False,VNDB_ONLY,True,,v52261,r126308,Spirit Harem,complete,True,,,,https://store.steampowered.com/app/2918890/,https://vndb.org/v52261
3136950,The Songbird Guild - Demo,2024-08-15,2024-08,vndb_steam_release,True,False,VNDB_ONLY,True,,v52242,r126269,The Songbird Guild,trial,True,,,,https://store.steampowered.com/app/3136950/,https://vndb.org/v52242
3002920,City Park Play Date,2024-08-16,2024-08,vndb_steam_release,True,False,VNDB_ONLY,True,,v52263,r126313,City Park Play Date,complete,True,,,,https://store.steampowered.com/app/3002920/,https://vndb.org/v52263
3077150,Cuckold Sex - Episode 4,2024-08-16,2024-08,vndb_steam_release,True,False,VNDB_ONLY,True,,v50645,r126310,Cuckold Sex,partial,True,,,,https://store.steampowered.com/app/3077150/,https://vndb.org/v50645
3145550,"Daddy, Say My Name - Demo",2024-08-16,2024-08,vndb_steam_release,True,False,VNDB_ONLY,True,,v52258,r126303,"Daddy, Say My Name",trial,True,,,,https://store.steampowered.com/app/3145550/,https://vndb.org/v52258
3080210,I got PINNED by a FUTANARI,2024-08-16,2024-08,vndb_steam_release,True,False,VNDB_ONLY,True,,v52080,r125923,I got PINNED by a FUTANARI,complete,True,,,,https://store.steampowered.com/app/3080210/,https://vndb.org/v52080
3123320,Sort of Justice - Chapter 1,2024-08-16,2024-08,vndb_steam_release,True,False,VNDB_ONLY,True,,v51987,r126312,Sort of Justice,partial,True,,,,https://store.steampowered.com/app/3123320/,https://vndb.org/v51987
3176570,Monster Lover 2 - Demo,2024-08-17,2024-08,vndb_steam_release,True,False,VNDB_ONLY,True,,v53956,r130192,Monster Lover 2: Ambrosilas,trial,True,,,,https://store.steampowered.com/app/3176570/,https://vndb.org/v53956
3559030,"Our Home, My Keeper - Demo",2024-08-17,2024-08,vndb_steam_release,True,False,VNDB_ONLY,True,,v35945,r133127,"Our Home, My Keeper",trial,True,,,,https://store.steampowered.com/app/3559030/,https://vndb.org/v35945
3066910,SEX Massage 2 🔞,2024-08-17,2024-08,vndb_steam_release,True,False,VNDB_ONLY,True,,v52271,r126338,SEX Massage 2 🔞,complete,True,,,,https://store.steampowered.com/app/3066910/,https://vndb.org/v52271
3166890,The Fast and the Flirtatious 18+ Patch,2024-08-17,2024-08,vndb_steam_release,True,False,VNDB_ONLY,True,,v51159,r126337,The Fast and the Flirtatious: LA Drift,complete,True,,,,https://store.steampowered.com/app/3166890/,https://vndb.org/v51159
2982220,Hunter: Space Pirates - Chapter 1,2024-08-19,2024-08,vndb_steam_release,True,False,VNDB_ONLY,True,,v53894,r130020,Hunter: Space Pirates,partial,True,,,,https://store.steampowered.com/app/2982220/,https://vndb.org/v53894
3091080,Robot's Fate: Alice - Demo,2024-08-19,2024-08,vndb_steam_release,True,False,VNDB_ONLY,True,,v53236,r128472,Robot's Fate: Alice,trial,True,,,,https://store.steampowered.com/app/3091080/,https://vndb.org/v53236
3151890,Snowfall Symphony - A tale of Crustallus - Demo,2024-08-20,2024-08,vndb_steam_release,True,False,VNDB_ONLY,True,,v52417,r126711,Snowfall Symphony - A tale of Crustallus,trial,True,,,,https://store.steampowered.com/app/3151890/,https://vndb.org/v52417
3103010,Lost in Limbo - Demo,2024-08-21,2024-08,vndb_steam_release,True,False,VNDB_ONLY,True,,v52313,r126441,Lost in Limbo,trial,True,,,,https://store.steampowered.com/app/3103010/,https://vndb.org/v52313
1552140,Suzukuri Dungeon: Karin in the Mountain - Censored Edition,2024-08-21,2024-08,vndb_steam_release,True,False,VNDB_ONLY,True,,v26238,r121988,Suzukuri Karin-chan,complete,True,,,,https://store.steampowered.com/app/1552140/,https://vndb.org/v26238
3167450,BDSM Sex - Episode 8,2024-08-22,2024-08,vndb_steam_release,True,False,VNDB_ONLY,True,,v51410,r126502,BDSM Sex,partial,True,,,,https://store.steampowered.com/app/3167450/,https://vndb.org/v51410
2243570,Orc Covenant: Gay Bara Orc Visual Novel,2024-08-22,2024-08,vndb_steam_release,True,False,VNDB_ONLY,True,,v40644,r100172,Orc Covenant,complete,True,,,,https://store.steampowered.com/app/2243570/,https://vndb.org/v40644
3172320,Vivere Memento - Demo,2024-08-22,2024-08,vndb_steam_release,True,False,VNDB_ONLY,True,,v50247,r126848,Vivere Memento,trial,True,,,,https://store.steampowered.com/app/3172320/,https://vndb.org/v50247
2895560,Harlot's Diary,2024-08-23,2024-08,vndb_steam_release,True,False,VNDB_ONLY,True,,v51156,r123849,Harlot's Diary,complete,True,,,,https://store.steampowered.com/app/2895560/,https://vndb.org/v51156
2765080,Hime no Rakuen,2024-08-23,2024-08,vndb_steam_release,True,False,VNDB_ONLY,True,,v37415,r113049,Hime no Rakuen,complete,True,,,,https://store.steampowered.com/app/2765080/,https://vndb.org/v37415
3126100,No More Money - Season 3,2024-08-24,2024-08,vndb_steam_release,True,False,VNDB_ONLY,True,,v41172,r148294,No More Money,partial,True,,,,https://store.steampowered.com/app/3126100/,https://vndb.org/v41172
3171600,Yellow House - Demo,2024-08-24,2024-08,vndb_steam_release,True,False,VNDB_ONLY,True,,v52416,r126709,Yellow House,trial,True,,,,https://store.steampowered.com/app/3171600/,https://vndb.org/v52416
3137660,Animus Non Grata - Demo,2024-08-25,2024-08,vndb_steam_release,True,False,VNDB_ONLY,True,,v51611,r129875,Animus Non Grata,trial,True,,,,https://store.steampowered.com/app/3137660/,https://vndb.org/v51611
3581060,Unforgettable: 4th Dimensional Bartending - Appetizer,2024-08-25,2024-08,vndb_steam_release,True,False,VNDB_ONLY,True,,v55282,r133231,Unforgettable: 4th Dimensional Bartending,trial,True,,,,https://store.steampowered.com/app/3581060/,https://vndb.org/v55282
3074770,"FFS, Another Northern Duke?!",2024-08-26,2024-08,vndb_steam_release,True,False,VNDB_ONLY,True,,v48988,r126658,"FFS, Another Northern Duke",complete,True,,,,https://store.steampowered.com/app/3074770/,https://vndb.org/v48988
3174430,Gay Sex Adventures - Episode 9,2024-08-26,2024-08,vndb_steam_release,True,False,VNDB_ONLY,True,,v49150,r126620,Gay Sex Adventures,partial,True,,,,https://store.steampowered.com/app/3174430/,https://vndb.org/v49150
1553890,"Krasotki, otstan'te! Ja lish' hochu smotret' anime i igrat' v videoigry! Hentaj izdanie",2024-08-26,2024-08,vndb_steam_release,True,False,VNDB_ONLY,True,,v30556,r127178,"Krasotki, otstan'te! Ja lish' hochu smotret' anime i igrat' v videoigry! Hentaj izdanie",complete,True,,,,https://store.steampowered.com/app/1553890/,https://vndb.org/v30556
2661620,Love in Login,2024-08-26,2024-08,vndb_steam_release,True,False,VNDB_ONLY,True,,v47580,r114684,Love in Login,complete,True,,,,https://store.steampowered.com/app/2661620/,https://vndb.org/v47580
2870550,Galactic Love Utopia - Act 1;Galactic Love Utopia: Arrival,2024-08-27,2024-08,vndb_steam_release,True,False,VNDB_ONLY,True,,v49524;v58314,r119525;r119568,"Galactic Love Utopia;I Will Never Fall For My Tsundere Classmate, So I Will Just Date A Background Character Instead!",complete;partial,True,,,,https://store.steampowered.com/app/2870550/,https://vndb.org/v49524
3112510,Lust Theory: Season 3 - Demo,2024-08-27,2024-08,vndb_steam_release,True,False,VNDB_ONLY,True,,v53240,r128479,Lust Theory: Season 3,trial,True,,,,https://store.steampowered.com/app/3112510/,https://vndb.org/v53240
2651570,Mei Mo Lilim Xianyao Shēngji ♥,2024-08-27,2024-08,vndb_steam_release,True,False,VNDB_ONLY,True,,v47753,r114724,Mei Mo Lilim Xiangyao Shengji ♥,complete,True,,,,https://store.steampowered.com/app/2651570/,https://vndb.org/v47753
2761230,2007 - Demo,2024-08-28,2024-08,vndb_steam_release,True,False,VNDB_ONLY,True,,v49131,r119102,2007,trial,True,,,,https://store.steampowered.com/app/2761230/,https://vndb.org/v49131
3377550,Baskin All-In the Family Ch. 1-2,2024-08-28,2024-08,vndb_steam_release,True,False,VNDB_ONLY,True,,v57607,r138248,Baskin All-In the Family,partial,True,,,,https://store.steampowered.com/app/3377550/,https://vndb.org/v57607
1602570,Life as Designed,2024-08-28,2024-08,vndb_steam_release,True,False,VNDB_ONLY,True,,v38743,r96758,Life as Designed,complete,True,,,,https://store.steampowered.com/app/1602570/,https://vndb.org/v38743
3161800,Bu Lian'ai Jiu Wandan le Demo,2024-08-29,2024-08,vndb_steam_release,True,False,VNDB_ONLY,True,,v51590,r128449,Bu Lian'ai Jiu Wandan le,trial,True,,,,https://store.steampowered.com/app/3161800/,https://vndb.org/v51590
3119140,"Married Woman's Heaven2 -Breeding Apartments, Filling Married Women's Wombs with Child Seeds-",2024-08-29,2024-08,vndb_steam_release,True,False,VNDB_ONLY,True,,v50141,r126187,"Hitozuma Heaven 2 ~Hanshoku Mansion, Hitozuma no Shikyuu o Kodane de Mitasu~",complete,True,,,,https://store.steampowered.com/app/3119140/,https://vndb.org/v50141
2459350,Taboo University: Book One (0.6.15),2024-08-29,2024-08,vndb_steam_release,True,False,VNDB_ONLY,True,,v34728,r89001,Taboo University,partial,True,,,,https://store.steampowered.com/app/2459350/,https://vndb.org/v34728
2994260,The Assistant Season 2,2024-08-29,2024-08,vndb_steam_release,True,False,VNDB_ONLY,True,,v49883,r141987,The Assistant,partial,True,,,,https://store.steampowered.com/app/2994260/,https://vndb.org/v49883
3138610,The Mafia and Mom,2024-08-29,2024-08,vndb_steam_release,True,False,VNDB_ONLY,True,,v52428,r126746,The Mafia and Mom,complete,True,,,,https://store.steampowered.com/app/3138610/,https://vndb.org/v52428
3113710,Witch Academy H,2024-08-29,2024-08,vndb_steam_release,True,False,VNDB_ONLY,True,,v52427,r126743,Witch Academy H,complete,True,,,,https://store.steampowered.com/app/3113710/,https://vndb.org/v52427
2951390,Date Z - Hazardous Amour Pack,2024-08-30,2024-08,vndb_steam_release,True,False,VNDB_ONLY,True,,v46329,r126897,Date Z,complete,True,,,,https://store.steampowered.com/app/2951390/,https://vndb.org/v46329
2951450,Date Z - Romance Completionist Pack,2024-08-30,2024-08,vndb_steam_release,True,False,VNDB_ONLY,True,,v46329,r126898,Date Z,complete,True,,,,https://store.steampowered.com/app/2951450/,https://vndb.org/v46329
2951400,Date Z - Special Report Pack,2024-08-30,2024-08,vndb_steam_release,True,False,VNDB_ONLY,True,,v46329,r126896,Date Z,complete,True,,,,https://store.steampowered.com/app/2951400/,https://vndb.org/v46329
2951410,Date Z - TTRPG Enthusiast Pack,2024-08-30,2024-08,vndb_steam_release,True,False,VNDB_ONLY,True,,v46329,r126895,Date Z,complete,True,,,,https://store.steampowered.com/app/2951410/,https://vndb.org/v46329
3179990,Futanari Sex Adventures - Episode 3,2024-08-30,2024-08,vndb_steam_release,True,False,VNDB_ONLY,True,,v51207,r126801,Futanari Sex Adventures,partial,True,,,,https://store.steampowered.com/app/3179990/,https://vndb.org/v51207
3126820,Raven's Daring Adventure,2024-08-30,2024-08,vndb_steam_release,True,False,VNDB_ONLY,True,,v60703,r145314,Raven's Daring Adventure,complete,True,,,,https://store.steampowered.com/app/3126820/,https://vndb.org/v60703
3172510,Renlei Zhongjie Zhi Ri——2074 Demo,2024-08-30,2024-08,vndb_steam_release,True,False,VNDB_ONLY,True,,v52430,r126751,Renlei Zhongjie Zhi Ri——2074,trial,True,,,,https://store.steampowered.com/app/3172510/,https://vndb.org/v52430
3142920,Scholomatch - Demo,2024-08-30,2024-08,vndb_steam_release,True,False,VNDB_ONLY,True,,v52452,r126798,Heartspell: Horizon Academy,trial,True,,,,https://store.steampowered.com/app/3142920/,https://vndb.org/v52452
3122390,Zhiming Zhongju Demo,2024-08-30,2024-08,vndb_steam_release,True,False,VNDB_ONLY,True,,v44124,r126800,Zhiming Zhongju,trial,True,,,,https://store.steampowered.com/app/3122390/,https://vndb.org/v44124
3162210,Wuzui zhi Ting Demo,2024-08-31,2024-08,vndb_steam_release,True,False,VNDB_ONLY,True,,v52018,r128448,Zhege Jiahuo Wuzui,trial,True,,,,https://store.steampowered.com/app/3162210/,https://vndb.org/v52018
3490240,"LATEX, LEATHER, LIPSTICK, LOVE, LUST",2024-09-01,2024-09,vndb_steam_release,True,False,VNDB_ONLY,True,,v52634,r127135,"LATEX, LEATHER, LIPSTICK, LOVE, LUST",complete,True,,,,https://store.steampowered.com/app/3490240/,https://vndb.org/v52634
3132230,Lüren de Ziyang,2024-09-01,2024-09,vndb_steam_release,True,False,VNDB_ONLY,True,,v51151,r126872,Lüren de Ziyang,trial,True,,,,https://store.steampowered.com/app/3132230/,https://vndb.org/v51151
3128300,Fame - Demo,2024-09-02,2024-09,vndb_steam_release,True,False,VNDB_ONLY,True,,v53365,r128796,Fame,trial,True,,,,https://store.steampowered.com/app/3128300/,https://vndb.org/v53365
3132070,Rain and the Wolf - Adult Patch,2024-09-02,2024-09,vndb_steam_release,True,False,VNDB_ONLY,True,,v51677,r126890,Rain and the Wolf,complete,True,,,,https://store.steampowered.com/app/3132070/,https://vndb.org/v51677
3175150,Sentou Gakuen: Revival - Demo,2024-09-02,2024-09,vndb_steam_release,True,False,VNDB_ONLY,True,,v8145,r128407,Sentou Gakuen,trial,True,,,,https://store.steampowered.com/app/3175150/,https://vndb.org/v8145
3166530,Hasugsaengi Jeonbu Minyeoibnidaman? - Demo,2024-09-03,2024-09,vndb_steam_release,True,False,VNDB_ONLY,True,,v56519,r135896,Hasuksaeng-i Jeonbu Minyeoimnidaman?,trial,True,,,,https://store.steampowered.com/app/3166530/,https://vndb.org/v56519
3196840,Security Guard Sex - Episode 5,2024-09-04,2024-09,vndb_steam_release,True,False,VNDB_ONLY,True,,v50755,r126950,Security Guard Sex,partial,True,,,,https://store.steampowered.com/app/3196840/,https://vndb.org/v50755
3146280,A Night With: Spirit,2024-09-05,2024-09,vndb_steam_release,True,False,VNDB_ONLY,True,,v52189,r126160,A Night With: Spirit,complete,True,,,,https://store.steampowered.com/app/3146280/,https://vndb.org/v52189
3078550,Logical Inconsistencies,2024-09-05,2024-09,vndb_steam_release,True,False,VNDB_ONLY,True,,v37752,r126979,Logical Inconsistencies,complete,True,,,,https://store.steampowered.com/app/3078550/,https://vndb.org/v37752
2403290,Shounenki no Owari;Shounenki no Owari - Chapter 1;Shounenki no Owari - Chapter 2,2024-09-05,2024-09,vndb_steam_release,True,False,VNDB_ONLY,True,,v52611,r127100;r127106;r130597,Shounenki no Owari,complete;partial,True,,,,https://store.steampowered.com/app/2403290/,https://vndb.org/v52611
3115060,Hypno Idols: Greatest Tits,2024-09-06,2024-09,vndb_steam_release,True,False,VNDB_ONLY,True,,v16041,r126640,Saimin Live ~Shiranai Uchi ni Hentai idol Katsudou de Sen'you Haradoll ni Sarechatta~,complete,True,,,,https://store.steampowered.com/app/3115060/,https://vndb.org/v16041
3157240,Kumitantei: Old-School Slaughter Demo Version,2024-09-06,2024-09,vndb_steam_release,True,False,VNDB_ONLY,True,,v54002,r130284,Kumitantei: Old-School Slaughter,trial,True,,,,https://store.steampowered.com/app/3157240/,https://vndb.org/v54002
3137130,My Dictator Stalin Can't Be This Cute ?!,2024-09-06,2024-09,vndb_steam_release,True,False,VNDB_ONLY,True,,v52456,r154381,My Dictator Stalin Can't Be This Cute ?!,complete,True,,,,https://store.steampowered.com/app/3137130/,https://vndb.org/v52456
3034600,Sandy Planet - Season 1,2024-09-06,2024-09,vndb_steam_release,True,False,VNDB_ONLY,True,,v52664,r127182,Sandy Planet - Season 1,complete,True,,,,https://store.steampowered.com/app/3034600/,https://vndb.org/v52664
3176370,Ventreville: A Cure for Sorrow - Demo,2024-09-06,2024-09,vndb_steam_release,True,False,VNDB_ONLY,True,,v52561,r127035,Ventreville: A Cure for Sorrow,trial,True,,,,https://store.steampowered.com/app/3176370/,https://vndb.org/v52561
3206570,Ezrebeth: Definitive Edition - Demo,2024-09-07,2024-09,vndb_steam_release,True,False,VNDB_ONLY,True,,v41452,r127207,Ezrebeth (A Holiday Mindfudge),trial,True,,,,https://store.steampowered.com/app/3206570/,https://vndb.org/v41452
3210670,College Gay Sex - Episode 6,2024-09-10,2024-09,vndb_steam_release,True,False,VNDB_ONLY,True,,v49664,r127171,College Gay Sex,partial,True,,,,https://store.steampowered.com/app/3210670/,https://vndb.org/v49664
2639100,Inari,2024-09-10,2024-09,vndb_steam_release,True,False,VNDB_ONLY,True,,v52754,r127373,Inari,complete,True,,,,https://store.steampowered.com/app/2639100/,https://vndb.org/v52754
3060180,Plastic Trick - Demo,2024-09-10,2024-09,vndb_steam_release,True,False,VNDB_ONLY,True,,v51446,r127204,Plastic Trick,trial,True,,,,https://store.steampowered.com/app/3060180/,https://vndb.org/v51446
3207110,Shattered Souls - Demo,2024-09-10,2024-09,vndb_steam_release,True,False,VNDB_ONLY,True,,v52683,r127225,Shattered Souls,trial,True,,,,https://store.steampowered.com/app/3207110/,https://vndb.org/v52683
3148620,Blood of Inquisition - Demo,2024-09-11,2024-09,vndb_steam_release,True,False,VNDB_ONLY,True,,v52206,r127285,Krov' Inkvizicii,trial,True,,,,https://store.steampowered.com/app/3148620/,https://vndb.org/v52206
2920390,Hokkaido Rensa Satsujin: Ohotsk ni Kiyu ~Tsuioku no Ryuuhyou · Namida no Nipopo Ningyou~,2024-09-11,2024-09,vndb_steam_release,True,False,VNDB_ONLY,True,,v16856,r122875,Hokkaido Rensa Satsujin: Ohotsk ni Kiyu,complete,True,,,,https://store.steampowered.com/app/2920390/,https://vndb.org/v16856
3031950,YouthSignal Demo,2024-09-13,2024-09,vndb_steam_release,True,False,VNDB_ONLY,True,,v28696,r131928,Youth Signal,trial,True,,,,https://store.steampowered.com/app/3031950/,https://vndb.org/v28696
3173070,BDSM Sex - Episode 9,2024-09-14,2024-09,vndb_steam_release,True,False,VNDB_ONLY,True,,v51410,r127326,BDSM Sex,partial,True,,,,https://store.steampowered.com/app/3173070/,https://vndb.org/v51410
3220340,SYHNAL: Nezvidani zemli - Demo,2024-09-14,2024-09,vndb_steam_release,True,False,VNDB_ONLY,True,,v52751,r127365,SYHNAL: Nezvidani zemli,trial,True,,,,https://store.steampowered.com/app/3220340/,https://vndb.org/v52751
3180320,Stellifier - Demo,2024-09-16,2024-09,vndb_steam_release,True,False,VNDB_ONLY,True,,v52152,r127372,Stellifier,trial,True,,,,https://store.steampowered.com/app/3180320/,https://vndb.org/v52152
3058410,"Al'tushka dlja skufa: Eschjo, eschjo!",2024-09-17,2024-09,vndb_steam_release,True,False,VNDB_ONLY,True,,v50504,r133150,Al'tushka dlja skufa,partial,True,,,,https://store.steampowered.com/app/3058410/,https://vndb.org/v50504
2985490,Weekend in Waimanalo Adults Only 18+ Patch,2024-09-17,2024-09,vndb_steam_release,True,False,VNDB_ONLY,True,,v50835,r123124,Weekend in Waimanalo,complete,True,,,,https://store.steampowered.com/app/2985490/,https://vndb.org/v50835
3219670,Cuckold Sex - Episode 5,2024-09-18,2024-09,vndb_steam_release,True,False,VNDB_ONLY,True,,v50645,r127396,Cuckold Sex,partial,True,,,,https://store.steampowered.com/app/3219670/,https://vndb.org/v50645
3185530,Teatral'naja shkola,2024-09-18,2024-09,vndb_steam_release,True,False,VNDB_ONLY,True,,v52562,r127037,Teatral'naja shkola,complete,True,,,,https://store.steampowered.com/app/3185530/,https://vndb.org/v52562
3218800,Himei -Chikashitsu ni Torawareta 11 Nin- Taiken-ban,2024-09-19,2024-09,vndb_steam_release,True,False,VNDB_ONLY,True,,v51932,r127490,Himei -Chikashitsu ni Torawareta 11 Nin-,trial,True,,,,https://store.steampowered.com/app/3218800/,https://vndb.org/v51932
2955130,Ling He Zhi Xin - Demo,2024-09-19,2024-09,vndb_steam_release,True,False,VNDB_ONLY,True,,v53192,r128371,Ling He Zhi Xin,trial,True,,,,https://store.steampowered.com/app/2955130/,https://vndb.org/v53192
3557290,Lover's Enigma - Demo,2024-09-19,2024-09,vndb_steam_release,True,False,VNDB_ONLY,True,,v55093,r132735,Lover's Enigma,trial,True,,,,https://store.steampowered.com/app/3557290/,https://vndb.org/v55093
2576940,Void's Calling: Last stand,2024-09-19,2024-09,vndb_steam_release,True,False,VNDB_ONLY,True,,v27455,r152082,Void's Calling,partial,True,,,,https://store.steampowered.com/app/2576940/,https://vndb.org/v27455
1555910,Wet Nightmares - Chapter 1 Demo;Wet Nightmares: Chapter 2 v3.0,2024-09-19,2024-09,vndb_steam_release,True,False,VNDB_ONLY,True,,v30513,r130474;r78084,Wet Nightmares,partial;trial,True,,,,https://store.steampowered.com/app/1555910/,https://vndb.org/v30513
3227700,Futanari Sex Adventures - Episode 4,2024-09-20,2024-09,vndb_steam_release,True,False,VNDB_ONLY,True,,v51207,r127329,Futanari Sex Adventures,partial,True,,,,https://store.steampowered.com/app/3227700/,https://vndb.org/v51207
3221840,High Times - Demo,2024-09-20,2024-09,vndb_steam_release,True,False,VNDB_ONLY,True,,v52361,r127728,High Times,trial,True,,,,https://store.steampowered.com/app/3221840/,https://vndb.org/v52361
2781250,Lyndaria: Lust Adventure,2024-09-20,2024-09,vndb_steam_release,True,False,VNDB_ONLY,True,,v49388,r119058,Lyndaria: Lust Adventure,complete,True,,,,https://store.steampowered.com/app/2781250/,https://vndb.org/v49388
3095760,Touhou: Fading Illusion - Podzemnaja glava,2024-09-20,2024-09,vndb_steam_release,True,False,VNDB_ONLY,True,,v39829,r127463,Touhou: Fading Illusion,partial,True,,,,https://store.steampowered.com/app/3095760/,https://vndb.org/v39829
2698340,A different summer Episodes 1-7,2024-09-21,2024-09,vndb_steam_release,True,False,VNDB_ONLY,True,,v48250,r115752,A different summer,partial,True,,,,https://store.steampowered.com/app/2698340/,https://vndb.org/v48250
3170360,Prikljuchenie Brodjagi,2024-09-21,2024-09,vndb_steam_release,True,False,VNDB_ONLY,True,,v52805,r127541,Prikljuchenie Brodjagi,complete,True,,,,https://store.steampowered.com/app/3170360/,https://vndb.org/v52805
3179110,Gyeoulsonyeo DEMO,2024-09-22,2024-09,vndb_steam_release,True,False,VNDB_ONLY,True,,v50666,r122581,Gyeoulsonyeo,trial,True,,,,https://store.steampowered.com/app/3179110/,https://vndb.org/v50666
3183980,A Night With: Emily,2024-09-23,2024-09,vndb_steam_release,True,False,VNDB_ONLY,True,,v52419,r126715,A Night With: Emily,complete,True,,,,https://store.steampowered.com/app/3183980/,https://vndb.org/v52419
1662000,Furry Fatale,2024-09-23,2024-09,vndb_steam_release,True,False,VNDB_ONLY,True,,v51995,r127258,Furry Fatale,complete,True,,,,https://store.steampowered.com/app/1662000/,https://vndb.org/v51995
3219120,Ariane In Paradise v2.0 Demo,2024-09-25,2024-09,vndb_steam_release,True,False,VNDB_ONLY,True,,v28266,r161448,Ariane In Paradise,trial,True,,,,https://store.steampowered.com/app/3219120/,https://vndb.org/v28266
3240060,Can we be three? 18+ DLC,2024-09-25,2024-09,vndb_steam_release,True,False,VNDB_ONLY,True,,v52717,r127639,Can we be three?,complete,True,,,,https://store.steampowered.com/app/3240060/,https://vndb.org/v52717
3242250,Jill O' Lantern: First Slice Demo,2024-09-25,2024-09,vndb_steam_release,True,False,VNDB_ONLY,True,,v39160,r127613,Jill O' Lantern,trial,True,,,,https://store.steampowered.com/app/3242250/,https://vndb.org/v39160
3208240,My Beeloved - Demo,2024-09-25,2024-09,vndb_steam_release,True,False,VNDB_ONLY,True,,v53987,r130241,My Beeloved,trial,True,,,,https://store.steampowered.com/app/3208240/,https://vndb.org/v53987
3217910,Dirty Fantasy v2.9.0,2024-09-26,2024-09,vndb_steam_release,True,False,VNDB_ONLY,True,,v56846,r136771,Dirty Fantasy,partial,True,,,,https://store.steampowered.com/app/3217910/,https://vndb.org/v56846
3108590,Hei Shenjing: Wukong Po Tian,2024-09-26,2024-09,vndb_steam_release,True,False,VNDB_ONLY,True,,v52872,r127693,Hei Shenjing: Wukong Po Tian,complete,True,,,,https://store.steampowered.com/app/3108590/,https://vndb.org/v52872
3135590,Monster Ops 2 - Demo,2024-09-26,2024-09,vndb_steam_release,True,False,VNDB_ONLY,True,,v51705,r131104,Monster Ops,trial,True,,,,https://store.steampowered.com/app/3135590/,https://vndb.org/v51705
2908470,My Bullies Are Fucking My Mom!,2024-09-26,2024-09,vndb_steam_release,True,False,VNDB_ONLY,True,,v50343,r121707,My Bullies Are Fucking My Mom!,complete,True,,,,https://store.steampowered.com/app/2908470/,https://vndb.org/v50343
2424910,Red Ops: The First Infection,2024-09-26,2024-09,vndb_steam_release,True,False,VNDB_ONLY,True,,v45062,r110100,Red Ops: The First Infection,complete,True,,,,https://store.steampowered.com/app/2424910/,https://vndb.org/v45062
2832400,The Lust City 2,2024-09-26,2024-09,vndb_steam_release,True,False,VNDB_ONLY,True,,v53104,r128123,The Lust City 2,complete,True,,,,https://store.steampowered.com/app/2832400/,https://vndb.org/v53104
3224400,Xinghai Yin You,2024-09-26,2024-09,vndb_steam_release,True,False,VNDB_ONLY,True,,v52870,r127691,Xinghai Yin You,complete,True,,,,https://store.steampowered.com/app/3224400/,https://vndb.org/v52870
3202980,Z Diaries,2024-09-26,2024-09,vndb_steam_release,True,False,VNDB_ONLY,True,,v52898,r127734,Z Diaries,complete,True,,,,https://store.steampowered.com/app/3202980/,https://vndb.org/v52898
3027220,Comet Angel - Demo,2024-09-27,2024-09,vndb_steam_release,True,False,VNDB_ONLY,True,,v52857,r127663,Comet Angel,trial,True,,,,https://store.steampowered.com/app/3027220/,https://vndb.org/v52857
2724540,Cybernetic Seduction - Season 1,2024-09-27,2024-09,vndb_steam_release,True,False,VNDB_ONLY,True,,v40739,r145203,Cybernetic Seduction,partial,True,,,,https://store.steampowered.com/app/2724540/,https://vndb.org/v40739
3069900,Forbidden Ward: Raunchy Recovery Plan,2024-09-27,2024-09,vndb_steam_release,True,False,VNDB_ONLY,True,,v37875,r114722,Kankin Byoutou ~Kyonyuu Chijo Nurse no Nyuuin Kango Kiroku~,complete,True,,,,https://store.steampowered.com/app/3069900/,https://vndb.org/v37875
2290390,Guilty Parade: Episode 4,2024-09-28,2024-09,vndb_steam_release,True,False,VNDB_ONLY,True,,v25612,r109631,Guilty Parade,partial,True,,,,https://store.steampowered.com/app/2290390/,https://vndb.org/v25612
2997980,Natsu no Sagashimono ~What We Found That Summer~ - Censored Edition,2024-09-28,2024-09,vndb_steam_release,True,False,VNDB_ONLY,True,,v53815,r129845,Natsu no Sagashimono,complete,True,,,,https://store.steampowered.com/app/2997980/,https://vndb.org/v53815
3269540,Fledgling Manor - Demo,2024-10-01,2024-10,vndb_steam_release,True,False,VNDB_ONLY,True,,v53134,r128203,Fledgling Manor,trial,True,,,,https://store.steampowered.com/app/3269540/,https://vndb.org/v53134
1355800,Luminous Threads - Demo,2024-10-01,2024-10,vndb_steam_release,True,False,VNDB_ONLY,True,,v53319,r128695,Luminous Threads,trial,True,,,,https://store.steampowered.com/app/1355800/,https://vndb.org/v53319
3213450,Heartsworn Abyss  - Demo,2024-10-02,2024-10,vndb_steam_release,True,False,VNDB_ONLY,True,,v52160,r128995,Heartsworn Abyss,trial,True,,,,https://store.steampowered.com/app/3213450/,https://vndb.org/v52160
2945780,Love & Sex: Second Base - For A Fistful Of Waifu,2024-10-02,2024-10,vndb_steam_release,True,False,VNDB_ONLY,True,,v30221,r134621,Love & Sex: Second Base,partial,True,,,,https://store.steampowered.com/app/2945780/,https://vndb.org/v30221
1997460,Mo Jie Shaonu Yu Nuli Zhaohuan Shu,2024-10-02,2024-10,vndb_steam_release,True,False,VNDB_ONLY,True,,v53126,r128189,Mo Jie Shaonu Yu Nuli Zhaohuan Shu,complete,True,,,,https://store.steampowered.com/app/1997460/,https://vndb.org/v53126
3134600,Family Secrets: Mommy,2024-10-03,2024-10,vndb_steam_release,True,False,VNDB_ONLY,True,,v53047,r127967,Family Secrets: Mommy,complete,True,,,,https://store.steampowered.com/app/3134600/,https://vndb.org/v53047
1754870,Lust Theory: Season 2 v2.1.0,2024-10-03,2024-10,vndb_steam_release,True,False,VNDB_ONLY,True,,v31880,r128475,Lust Theory: Season 2,complete,True,,,,https://store.steampowered.com/app/1754870/,https://vndb.org/v31880
3103180,Manwol-ui Jeotaek Demo,2024-10-03,2024-10,vndb_steam_release,True,False,VNDB_ONLY,True,,v53100,r128190;r128337,Manwol-ui Jeotaek,trial,True,,,,https://store.steampowered.com/app/3103180/,https://vndb.org/v53100
3236100,No Fap Island - Demo,2024-10-03,2024-10,vndb_steam_release,True,False,VNDB_ONLY,True,,v53436,r128976,No Fap Island,trial,True,,,,https://store.steampowered.com/app/3236100/,https://vndb.org/v53436
3237150,"One Iced Latte With Your Breast Milk, Please! Demo",2024-10-03,2024-10,vndb_steam_release,True,False,VNDB_ONLY,True,,v51665,r128038,"One Iced Latte With Your Breast Milk, Please! ☕",trial,True,,,,https://store.steampowered.com/app/3237150/,https://vndb.org/v51665
3221200,Silicon Wasteland - Demo,2024-10-03,2024-10,vndb_steam_release,True,False,VNDB_ONLY,True,,v53320,r128698,Silicon Wasteland,trial,True,,,,https://store.steampowered.com/app/3221200/,https://vndb.org/v53320
3200590,Axxx: Enseñadas y folladas,2024-10-04,2024-10,vndb_steam_release,True,False,VNDB_ONLY,True,,v53064,r128017,Axxx: Enseñadas y folladas,complete,True,,,,https://store.steampowered.com/app/3200590/,https://vndb.org/v53064
3237340,College Gay Sex - Episode 7,2024-10-04,2024-10,vndb_steam_release,True,False,VNDB_ONLY,True,,v49664,r127506,College Gay Sex,partial,True,,,,https://store.steampowered.com/app/3237340/,https://vndb.org/v49664
1828970,Futā Nupu Hougōng,2024-10-04,2024-10,vndb_steam_release,True,False,VNDB_ONLY,True,,v48821,r117410,Futā Nupu Hougōng,complete,True,,,,https://store.steampowered.com/app/1828970/,https://vndb.org/v48821
3161620,Keyframes - Extended Spring Demo,2024-10-04,2024-10,vndb_steam_release,True,False,VNDB_ONLY,True,,v45639,r128043,Keyframes,trial,True,,,,https://store.steampowered.com/app/3161620/,https://vndb.org/v45639
3176260,Out of Your Mind - Demo,2024-10-04,2024-10,vndb_steam_release,True,False,VNDB_ONLY,True,,v53503,r129171,Out of Your Mind,trial,True,,,,https://store.steampowered.com/app/3176260/,https://vndb.org/v53503
3221410,Shaonü Guaiqi Shijianbu: Yongsheng Demo,2024-10-04,2024-10,vndb_steam_release,True,False,VNDB_ONLY,True,,v51826,r130506,Shaonü Guaiqi Shijianbu: Yongsheng,trial,True,,,,https://store.steampowered.com/app/3221410/,https://vndb.org/v51826
3803840,Sverh Estestvennaja Obschaga - Demo,2024-10-04,2024-10,vndb_steam_release,True,False,VNDB_ONLY,True,,v53117,r128165,Sverh Estestvennaja Obschaga,trial,True,,,,https://store.steampowered.com/app/3803840/,https://vndb.org/v53117
3078750,The Scorchfarer - Episode 2: Raid & Fortress,2024-10-04,2024-10,vndb_steam_release,True,False,VNDB_ONLY,True,,v35013,r128016,The Scorchfarer,partial,True,,,,https://store.steampowered.com/app/3078750/,https://vndb.org/v35013
2611700,Heart Cage - Demo 3.0,2024-10-05,2024-10,vndb_steam_release,True,False,VNDB_ONLY,True,,v45656,r128036,Heart Cage,trial,True,,,,https://store.steampowered.com/app/2611700/,https://vndb.org/v45656
2471650,Sassy Girl,2024-10-05,2024-10,vndb_steam_release,True,False,VNDB_ONLY,True,,v50757,r122864,Sassy Girl,complete,True,,,,https://store.steampowered.com/app/2471650/,https://vndb.org/v50757
3258040,VIOLE[n]T RUSH Demo,2024-10-06,2024-10,vndb_steam_release,True,False,VNDB_ONLY,True,,v52563,r128093,VIOLE[n]T RUSH,trial,True,,,,https://store.steampowered.com/app/3258040/,https://vndb.org/v52563
3251230,Arts & Hearts Academy Demo,2024-10-07,2024-10,vndb_steam_release,True,False,VNDB_ONLY,True,,v47756,r128318,Arts & Hearts Academy,trial,True,,,,https://store.steampowered.com/app/3251230/,https://vndb.org/v47756
3266980,I Wanna Be A Game Dev! - Demo,2024-10-07,2024-10,vndb_steam_release,True,False,VNDB_ONLY,True,,v53149,r128241,I Wanna Be A Game Dev!,trial,True,,,,https://store.steampowered.com/app/3266980/,https://vndb.org/v53149
2238450,Pious Ari,2024-10-07,2024-10,vndb_steam_release,True,False,VNDB_ONLY,True,,v48455,r127737,Pious Ari,complete,True,,,,https://store.steampowered.com/app/2238450/,https://vndb.org/v48455
3029950,Sky Resort 2 - Demo,2024-10-07,2024-10,vndb_steam_release,True,False,VNDB_ONLY,True,,v53145,r128225,Sky Resort 2,trial,True,,,,https://store.steampowered.com/app/3029950/,https://vndb.org/v53145
3252410,Wo yu Tamen de Daxue Huaxiang Demo,2024-10-07,2024-10,vndb_steam_release,True,False,VNDB_ONLY,True,,v52288,r140651,Wo yu Tamen de Daxue Huaxiang,trial,True,,,,https://store.steampowered.com/app/3252410/,https://vndb.org/v52288
3272480,My Boss Is Scaring Me - Demo,2024-10-08,2024-10,vndb_steam_release,True,False,VNDB_ONLY,True,,v53106,r128128,My Boss Is Scaring Me,trial,True,,,,https://store.steampowered.com/app/3272480/,https://vndb.org/v53106
3208360,My Wife Sucked a Futanari's Toes,2024-10-08,2024-10,vndb_steam_release,True,False,VNDB_ONLY,True,,v52844,r127640,My Wife Sucked a Futanari's Toes,complete,True,,,,https://store.steampowered.com/app/3208360/,https://vndb.org/v52844
3090540,Sovetskie Stringi Stilja Retro - Demo,2024-10-08,2024-10,vndb_steam_release,True,False,VNDB_ONLY,True,,v31637,r129311,Sovetskie Stringi Stilja Retro,trial,True,,,,https://store.steampowered.com/app/3090540/,https://vndb.org/v31637
3046800,GLASS Zero,2024-10-09,2024-10,vndb_steam_release,True,False,VNDB_ONLY,True,,v53108,r128136,GLASS Zero,complete,True,,,,https://store.steampowered.com/app/3046800/,https://vndb.org/v53108
3202040,Natsume Ryouran -High-Spec Noukin Youko no Renai Kitan-,2024-10-09,2024-10,vndb_steam_release,True,False,VNDB_ONLY,True,,v49803,r127939,Natsume Ryouran -High-Spec Noukin Youko no Renai Kitan-,complete,True,,,,https://store.steampowered.com/app/3202040/,https://vndb.org/v49803
3177000,"Shine On, My Little Sun - Demo",2024-10-09,2024-10,vndb_steam_release,True,False,VNDB_ONLY,True,,v53136,r128208,"Shine On, My Little Sun",trial,True,,,,https://store.steampowered.com/app/3177000/,https://vndb.org/v53136
3222480,Decollate Decoration - Trial Edition,2024-10-10,2024-10,vndb_steam_release,True,False,VNDB_ONLY,True,,v46891,r128233,Decollate Decoration!,trial,True,,,,https://store.steampowered.com/app/3222480/,https://vndb.org/v46891
3168190,Kain x Nika Demo,2024-10-10,2024-10,vndb_steam_release,True,False,VNDB_ONLY,True,,v51182,r128231,Kain x Nika,trial,True,,,,https://store.steampowered.com/app/3168190/,https://vndb.org/v51182
3270040,Our Ephemeral Nights - Demo,2024-10-10,2024-10,vndb_steam_release,True,False,VNDB_ONLY,True,,v53116,r128205,Our Ephemeral Nights,trial,True,,,,https://store.steampowered.com/app/3270040/,https://vndb.org/v53116
3242110,Security Guard Sex - Episode 6,2024-10-10,2024-10,vndb_steam_release,True,False,VNDB_ONLY,True,,v50755,r127507,Security Guard Sex,partial,True,,,,https://store.steampowered.com/app/3242110/,https://vndb.org/v50755
3251770,Talewarden: Riders of the New Day - Demo,2024-10-10,2024-10,vndb_steam_release,True,False,VNDB_ONLY,True,,v53135,r128206,Talewarden: Riders of the New Day,trial,True,,,,https://store.steampowered.com/app/3251770/,https://vndb.org/v53135
3180060,Big Boobie Boss Blackmail,2024-10-11,2024-10,vndb_steam_release,True,False,VNDB_ONLY,True,,v49133,r128018,Majime Cool na Kyonyuu Hitozuma Joushi wa Ore no Netori Haramase Onaho!,complete,True,,,,https://store.steampowered.com/app/3180060/,https://vndb.org/v49133
3270710,Dekadant - Demo,2024-10-11,2024-10,vndb_steam_release,True,False,VNDB_ONLY,True,,v56635,r136255,Dekadant,trial,True,,,,https://store.steampowered.com/app/3270710/,https://vndb.org/v56635
3170530,Dialtown: Roger's Route DLC,2024-10-11,2024-10,vndb_steam_release,True,False,VNDB_ONLY,True,,v30546,r129166,Dialtown: Phone Dating Sim,partial,True,,,,https://store.steampowered.com/app/3170530/,https://vndb.org/v30546
3209720,Gensou Manège - Demo,2024-10-11,2024-10,vndb_steam_release,True,False,VNDB_ONLY,True,,v25993,r128195,Gensou Manège,trial,True,,,,https://store.steampowered.com/app/3209720/,https://vndb.org/v25993
3244860,Himitsu Sousakan Saku  - Demo,2024-10-11,2024-10,vndb_steam_release,True,False,VNDB_ONLY,True,,v63139,r156982,Tewu Shuo De Mimi Xingdong,trial,True,,,,https://store.steampowered.com/app/3244860/,https://vndb.org/v63139
3238430,How to Melt a Maiden's Heart - Demo,2024-10-11,2024-10,vndb_steam_release,True,False,VNDB_ONLY,True,,v51846,r128196,How to Melt a Maiden's Heart,trial,True,,,,https://store.steampowered.com/app/3238430/,https://vndb.org/v51846
3268660,Lost Seed Demo,2024-10-11,2024-10,vndb_steam_release,True,False,VNDB_ONLY,True,,v48786,r134223,Lost Seed,trial,True,,,,https://store.steampowered.com/app/3268660/,https://vndb.org/v48786
3153650,Tanetsumi no Uta - Demo,2024-10-11,2024-10,vndb_steam_release,True,False,VNDB_ONLY,True,,v50081,r128181,Tanetsumi no Uta,trial,True,,,,https://store.steampowered.com/app/3153650/,https://vndb.org/v50081
3237130,U vas est' SOL'? - Demo,2024-10-11,2024-10,vndb_steam_release,True,False,VNDB_ONLY,True,,v53435,r128974,U vas est' SOL'?,trial,True,,,,https://store.steampowered.com/app/3237130/,https://vndb.org/v53435
3195210,EmyLiveShow: How To Write A Bestseller - Demo,2024-10-12,2024-10,vndb_steam_release,True,False,VNDB_ONLY,True,,v53461,r129034,EmyLiveShow: How To Write A Bestseller,trial,True,,,,https://store.steampowered.com/app/3195210/,https://vndb.org/v53461
3227220,Kaitou Tenshi Twin Angel ~Toki to Sekai no Labyrinth~ Re:light - Demo,2024-10-13,2024-10,vndb_steam_release,True,False,VNDB_ONLY,True,,v16238,r128265,Kaitou Tenshi Twin Angel ~Toki to Sekai no Labyrinth~,trial,True,,,,https://store.steampowered.com/app/3227220/,https://vndb.org/v16238
3240730,MEAT-GRINDER Demo,2024-10-13,2024-10,vndb_steam_release,True,False,VNDB_ONLY,True,,v50787,r128259,MEAT-GRINDER,trial,True,,,,https://store.steampowered.com/app/3240730/,https://vndb.org/v50787
3276460,The Hungry Town - Demo,2024-10-13,2024-10,vndb_steam_release,True,False,VNDB_ONLY,True,,v53832,r129890,Golodnyj gorod,trial,True,,,,https://store.steampowered.com/app/3276460/,https://vndb.org/v53832
3143590,All in Abyss: Ikasama Sabaki Demo,2024-10-14,2024-10,vndb_steam_release,True,False,VNDB_ONLY,True,,v51024,r128325,All in Abyss: Ikasama Sabaki,trial,True,,,,https://store.steampowered.com/app/3143590/,https://vndb.org/v51024
3156980,Augury Point - Demo,2024-10-14,2024-10,vndb_steam_release,True,False,VNDB_ONLY,True,,v59356,r141925,Augury Point,trial,True,,,,https://store.steampowered.com/app/3156980/,https://vndb.org/v59356
2507680,Baoshi de Guaishou Gongzhu: Huoxing Meishi Zhi Lu - Demo,2024-10-14,2024-10,vndb_steam_release,True,False,VNDB_ONLY,True,,v38203,r130073,Bàoshí de Guàishòu Gōngzhǔ: Huòxīng Měishí zhī Lǚ,trial,True,,,,https://store.steampowered.com/app/2507680/,https://vndb.org/v38203
3288590,Confinio: Reality Prison - Demo,2024-10-14,2024-10,vndb_steam_release,True,False,VNDB_ONLY,True,,v54411,r131154,Confinio: Reality Prison,trial,True,,,,https://store.steampowered.com/app/3288590/,https://vndb.org/v54411
3053280,CuckTales 🐓🌈 Demo,2024-10-14,2024-10,vndb_steam_release,True,False,VNDB_ONLY,True,,v51658,r133490,CuckTales 🐓🌈,trial,True,,,,https://store.steampowered.com/app/3053280/,https://vndb.org/v51658
3270530,Darkly Glass - Demo,2024-10-14,2024-10,vndb_steam_release,True,False,VNDB_ONLY,True,,v53317,r128689,Darkly Glass,trial,True,,,,https://store.steampowered.com/app/3270530/,https://vndb.org/v53317
3238460,My Shy Futanari Succubus - Demo,2024-10-14,2024-10,vndb_steam_release,True,False,VNDB_ONLY,True,,v53226,r128454,My Shy Futanari Succubus,trial,True,,,,https://store.steampowered.com/app/3238460/,https://vndb.org/v53226
3044760,Taiwan Lian'ai Wuyu⁵ - Demo,2024-10-14,2024-10,vndb_steam_release,True,False,VNDB_ONLY,True,,v48522,r130074,Taiwan Lian'ai Wuyu⁵,trial,True,,,,https://store.steampowered.com/app/3044760/,https://vndb.org/v48522
3269890,Toshi Densetsu Kaitai Center - Demo,2024-10-14,2024-10,vndb_steam_release,True,False,VNDB_ONLY,True,,v53545,r129696,Toshi Densetsu Kaitai Center,trial,True,,,,https://store.steampowered.com/app/3269890/,https://vndb.org/v53545
3227870,ZaiJian Duan Dao Demo,2024-10-14,2024-10,vndb_steam_release,True,False,VNDB_ONLY,True,,v54920,r132658,ZaiJian Duan Dao,trial,True,,,,https://store.steampowered.com/app/3227870/,https://vndb.org/v54920
3207890,Lusty Mother,2024-10-15,2024-10,vndb_steam_release,True,False,VNDB_ONLY,True,,v53181,r128348,Lusty Mother,complete,True,,,,https://store.steampowered.com/app/3207890/,https://vndb.org/v53181
3231830,Shileyuan Geliuduo,2024-10-15,2024-10,vndb_steam_release,True,False,VNDB_ONLY,True,,v50460,r127805,Shitsu Rakuen Karuta,complete,True,,,,https://store.steampowered.com/app/3231830/,https://vndb.org/v50460
3236320,Days with Evraco: The Blind witch in Blue Forest - Demo,2024-10-17,2024-10,vndb_steam_release,True,False,VNDB_ONLY,True,,v34100,r128561,Wo Yu Cang Lan Zhi Sen de Mang Yan Monu,trial,True,,,,https://store.steampowered.com/app/3236320/,https://vndb.org/v34100
3266470,Futanari Sex Adventures - Episode 5,2024-10-17,2024-10,vndb_steam_release,True,False,VNDB_ONLY,True,,v51207,r128019,Futanari Sex Adventures,partial,True,,,,https://store.steampowered.com/app/3266470/,https://vndb.org/v51207
3288690,Love is in the Airship - Demo,2024-10-17,2024-10,vndb_steam_release,True,False,VNDB_ONLY,True,,v53293,r128624,Love is in the Airship,trial,True,,,,https://store.steampowered.com/app/3288690/,https://vndb.org/v53293
3292280,Geu Eoneu Yeoleumnal-ui Iyagi: GRAPHIC REMASTERED,2024-10-18,2024-10,vndb_steam_release,True,False,VNDB_ONLY,True,,v29101,r128404,Geu Eoneu Yeoleumnal-ui Iyagi,complete,True,,,,https://store.steampowered.com/app/3292280/,https://vndb.org/v29101
1032740,Fuyuu Toshi no Tsukurikata -Soratobu Fuuzoku Toshi Un'ei Hajimemashita!- Censored Edition,2024-10-19,2024-10,vndb_steam_release,True,False,VNDB_ONLY,True,,v17394,r146829,Fuyuu Toshi no Tsukurikata -Soratobu Fuuzoku Toshi Un'ei Hajimemashita!-,complete,True,,,,https://store.steampowered.com/app/1032740/,https://vndb.org/v17394
3260880,Cuckold Sex - Episode 6,2024-10-21,2024-10,vndb_steam_release,True,False,VNDB_ONLY,True,,v50645,r128451,Cuckold Sex,partial,True,,,,https://store.steampowered.com/app/3260880/,https://vndb.org/v50645
2593850,Mech Academy,2024-10-21,2024-10,vndb_steam_release,True,False,VNDB_ONLY,True,,v47103,r113123,Mech Academy,complete,True,,,,https://store.steampowered.com/app/2593850/,https://vndb.org/v47103
3241880,Come Right Inn - Season 1 - Early Access;Come Right Inn Ep. 1-3,2024-10-22,2024-10,vndb_steam_release,True,False,VNDB_ONLY,True,,v52331,r128593;r146390,Come Right Inn,partial,True,,,,https://store.steampowered.com/app/3241880/,https://vndb.org/v52331
3313950,Backrooms Stories - Demo,2024-10-23,2024-10,vndb_steam_release,True,False,VNDB_ONLY,True,,v57422,r137925,Backrooms Stories,trial,True,,,,https://store.steampowered.com/app/3313950/,https://vndb.org/v57422
3296290,Portrait of a Cornish Woman 18+ Patch,2024-10-23,2024-10,vndb_steam_release,True,False,VNDB_ONLY,True,,v53093,r128594,Portrait of a Cornish Woman,complete,True,,,,https://store.steampowered.com/app/3296290/,https://vndb.org/v53093
3298610,Xin Suo Xiangwang de Beijixing - Demo,2024-10-23,2024-10,vndb_steam_release,True,False,VNDB_ONLY,True,,v54527,r131462,Xin Suo Xiangwang de Beijixing,trial,True,,,,https://store.steampowered.com/app/3298610/,https://vndb.org/v54527
3216900,Boom Boom KONBINI,2024-10-24,2024-10,vndb_steam_release,True,False,VNDB_ONLY,True,,v53296,r128630,Boom Boom KONBINI,complete,True,,,,https://store.steampowered.com/app/3216900/,https://vndb.org/v53296
3284560,CELL 0: Cyber Entertainment Leisure Lounge - Demo,2024-10-24,2024-10,vndb_steam_release,True,False,VNDB_ONLY,True,,v53304,r130978,CELL 0: Cyber Entertainment Leisure Lounge,trial,True,,,,https://store.steampowered.com/app/3284560/,https://vndb.org/v53304
2741820,Drama Queens,2024-10-24,2024-10,vndb_steam_release,True,False,VNDB_ONLY,True,,v53114,r128618,Dong-ari,complete,True,,,,https://store.steampowered.com/app/2741820/,https://vndb.org/v53114
3231720,My Shy Futanari Succubus,2024-10-24,2024-10,vndb_steam_release,True,False,VNDB_ONLY,True,,v53226,r128455,My Shy Futanari Succubus,complete,True,,,,https://store.steampowered.com/app/3231720/,https://vndb.org/v53226
2896520,Tales From The Under-Realm: Lilith,2024-10-24,2024-10,vndb_steam_release,True,False,VNDB_ONLY,True,,v51083,r123636,Tales From The Under-Realm: Lilith,complete,True,,,,https://store.steampowered.com/app/2896520/,https://vndb.org/v51083
2877970,My Protogen Engineer - 18+ Adult Only Patch,2024-10-25,2024-10,vndb_steam_release,True,False,VNDB_ONLY,True,,v49952,r120648,My Protogen Engineer ⚙️,complete,True,,,,https://store.steampowered.com/app/2877970/,https://vndb.org/v49952
3257410,Their Invitation,2024-10-25,2024-10,vndb_steam_release,True,False,VNDB_ONLY,True,,v53309,r128668,Their Invitation,complete,True,,,,https://store.steampowered.com/app/3257410/,https://vndb.org/v53309
2148790,Hazel & The Deep,2024-10-26,2024-10,vndb_steam_release,True,False,VNDB_ONLY,True,,v53327,r128716,Hazel & The Deep,complete,True,,,,https://store.steampowered.com/app/2148790/,https://vndb.org/v53327
2274260,DEVIL'S LIMINAL - Extended Demo,2024-10-27,2024-10,vndb_steam_release,True,False,VNDB_ONLY,True,,v40795,r134586,DEVIL'S LIMINAL,trial,True,,,,https://store.steampowered.com/app/2274260/,https://vndb.org/v40795
2435610,My Neighbour is a Bunny Demon,2024-10-28,2024-10,vndb_steam_release,True,False,VNDB_ONLY,True,,v46115,r110857,My Neighbour is a Bunny Demon,complete,True,,,,https://store.steampowered.com/app/2435610/,https://vndb.org/v46115
3070210,Fame,2024-10-29,2024-10,vndb_steam_release,True,False,VNDB_ONLY,True,,v53365,r128797,Fame,complete,True,,,,https://store.steampowered.com/app/3070210/,https://vndb.org/v53365
2624050,Lustful Brides,2024-10-29,2024-10,vndb_steam_release,True,False,VNDB_ONLY,True,,v53402,r128895,Lustful Brides,complete,True,,,,https://store.steampowered.com/app/2624050/,https://vndb.org/v53402
3302930,One Night ~Ichiyakagiri no Osanazuma~ Demo,2024-10-29,2024-10,vndb_steam_release,True,False,VNDB_ONLY,True,,v52713,r142285,One Night ~Ichiyakagiri no Osanazuma~,trial,True,,,,https://store.steampowered.com/app/3302930/,https://vndb.org/v52713
3051920,Fetish Locator Week Three - Bonus Endings DLC Two,2024-10-30,2024-10,vndb_steam_release,True,False,VNDB_ONLY,True,,v32647,r128878,Fetish Locator: Week 3,partial,True,,,,https://store.steampowered.com/app/3051920/,https://vndb.org/v32647
3154810,Horae Zhuxian Jianjiban Demo,2024-10-30,2024-10,vndb_steam_release,True,False,VNDB_ONLY,True,,v46539,r146415,Horae,trial,True,,,,https://store.steampowered.com/app/3154810/,https://vndb.org/v46539
3112140,Kimi ga Nozomu Eien ～Enhanced Edition～ another episode collection+,2024-10-30,2024-10,vndb_steam_release,True,False,VNDB_ONLY,True,,v358,r128830,Kimi ga Nozomu Eien ~Special Fan Disc~,partial,True,,,,https://store.steampowered.com/app/3112140/,https://vndb.org/v358
3295400,Fusheng Ruomeng-Shugong Demo,2024-10-31,2024-10,vndb_steam_release,True,False,VNDB_ONLY,True,,v52207,r144235,Fusheng Ruomeng-Shugong,trial,True,,,,https://store.steampowered.com/app/3295400/,https://vndb.org/v52207
3324300,Lythe The Forgetful Witch - Demo,2024-10-31,2024-10,vndb_steam_release,True,False,VNDB_ONLY,True,,v53574,r129341,Lythe The Forgetful Witch,trial,True,,,,https://store.steampowered.com/app/3324300/,https://vndb.org/v53574
2464890,Agent Heart: Deception,2024-11-01,2024-11,vndb_steam_release,True,False,VNDB_ONLY,True,,v47119,r113196,Agent Heart: Deception,complete,True,,,,https://store.steampowered.com/app/2464890/,https://vndb.org/v47119
3295200,Full Service - Taste of Power (Rudolf Schwarz) DLC Pack,2024-11-01,2024-11,vndb_steam_release,True,False,VNDB_ONLY,True,,v20443,r129881,Full Service,complete,True,,,,https://store.steampowered.com/app/3295200/,https://vndb.org/v20443
3260900,Sex Adventures - Naughty Sisters - Episode 1,2024-11-01,2024-11,vndb_steam_release,True,False,VNDB_ONLY,True,,v53329,r128718,Sex Adventures - Naughty Sisters,partial,True,,,,https://store.steampowered.com/app/3260900/,https://vndb.org/v53329
3017830,Sky Resort 2,2024-11-01,2024-11,vndb_steam_release,True,False,VNDB_ONLY,True,,v53145,r128224,Sky Resort 2,complete,True,,,,https://store.steampowered.com/app/3017830/,https://vndb.org/v53145
3277480,One Night ~Ichiyakagiri no Osanazuma~,2024-11-02,2024-11,vndb_steam_release,True,False,VNDB_ONLY,True,,v52713,r128396,One Night ~Ichiyakagiri no Osanazuma~,complete,True,,,,https://store.steampowered.com/app/3277480/,https://vndb.org/v52713
3139420,Alex's Journey to the Grave - Demo,2024-11-04,2024-11,vndb_steam_release,True,False,VNDB_ONLY,True,,v51768,r129011,Alex's Journey to the Grave,trial,True,,,,https://store.steampowered.com/app/3139420/,https://vndb.org/v51768
2693710,Hardcoded,2024-11-04,2024-11,vndb_steam_release,True,False,VNDB_ONLY,True,,v22504,r59330,Hardcoded,complete,True,,,,https://store.steampowered.com/app/2693710/,https://vndb.org/v22504
2477590,An Evening of Wonders,2024-11-05,2024-11,vndb_steam_release,True,False,VNDB_ONLY,True,,v67721,r162535,An Evening of Wonders,complete,True,,,,https://store.steampowered.com/app/2477590/,https://vndb.org/v67721
2864850,Lilith Rising - Season 2,2024-11-05,2024-11,vndb_steam_release,True,False,VNDB_ONLY,True,,v43912,r128051,Lilith Rising,partial,True,,,,https://store.steampowered.com/app/2864850/,https://vndb.org/v43912
3295730,Adventure Awaits in The Secret of the Golden Key - Demo,2024-11-07,2024-11,vndb_steam_release,True,False,VNDB_ONLY,True,,v54065,r130464,Adventure Awaits in The Secret of the Golden Key,trial,True,,,,https://store.steampowered.com/app/3295730/,https://vndb.org/v54065
3309730,College Gay Sex - Episode 8,2024-11-07,2024-11,vndb_steam_release,True,False,VNDB_ONLY,True,,v49664,r129107,College Gay Sex,partial,True,,,,https://store.steampowered.com/app/3309730/,https://vndb.org/v49664
1538730,Pirates : Golden Tits Chapter 1 v0.25.1,2024-11-07,2024-11,vndb_steam_release,True,False,VNDB_ONLY,True,,v35812,r91133,Pirates : Golden Tits,partial,True,,,,https://store.steampowered.com/app/1538730/,https://vndb.org/v35812
3298020,A Night With: Succubus,2024-11-08,2024-11,vndb_steam_release,True,False,VNDB_ONLY,True,,v53495,r129150,A Night With: Succubus,complete,True,,,,https://store.steampowered.com/app/3298020/,https://vndb.org/v53495
3316070,Bright Lord - Bonus Unlock,2024-11-08,2024-11,vndb_steam_release,True,False,VNDB_ONLY,True,,v30884,r143627,Bright Lord,partial,True,,,,https://store.steampowered.com/app/3316070/,https://vndb.org/v30884
3001560,Japan Trip,2024-11-08,2024-11,vndb_steam_release,True,False,VNDB_ONLY,True,,v53606,r129395,Japan Trip,complete,True,,,,https://store.steampowered.com/app/3001560/,https://vndb.org/v53606
2211090,Villain's Legacy,2024-11-08,2024-11,vndb_steam_release,True,False,VNDB_ONLY,True,,v47425,r113894,Villain's Legacy,complete,True,,,,https://store.steampowered.com/app/2211090/,https://vndb.org/v47425
3331340,Yaoguai Budong Tan Lian'ai - Demo,2024-11-08,2024-11,vndb_steam_release,True,False,VNDB_ONLY,True,,v53371,r129103,Yaoguai Budong Tan Lian'ai,trial,True,,,,https://store.steampowered.com/app/3331340/,https://vndb.org/v53371
3185370,Zatsuon-kei Shounen Shoujo DEMO,2024-11-08,2024-11,vndb_steam_release,True,False,VNDB_ONLY,True,,v51021,r136662,Zatsuon-kei Shounen Shoujo,trial,True,,,,https://store.steampowered.com/app/3185370/,https://vndb.org/v51021
2414440,Soulgasm PatreonAlpha v0.0.30,2024-11-10,2024-11,vndb_steam_release,True,False,VNDB_ONLY,True,,v47030,r112923,Soulgasm,partial,True,,,,https://store.steampowered.com/app/2414440/,https://vndb.org/v47030
3111240,Agent Horny - Season 1,2024-11-11,2024-11,vndb_steam_release,True,False,VNDB_ONLY,True,,v35936,r91334,Agent Horny,partial,True,,,,https://store.steampowered.com/app/3111240/,https://vndb.org/v35936
4064230,Bellochia: Love Powered by Gears - Demo v1.3.6,2024-11-11,2024-11,vndb_steam_release,True,False,VNDB_ONLY,True,,v56995,r143970,Bellochia: O Amor Movido por Engrenagens,trial,True,,,,https://store.steampowered.com/app/4064230/,https://vndb.org/v56995
2396740,Morningstar: Book of the fallen,2024-11-11,2024-11,vndb_steam_release,True,False,VNDB_ONLY,True,,v53593,r129375,Morningstar: Book of the fallen,complete,True,,,,https://store.steampowered.com/app/2396740/,https://vndb.org/v53593
3244740,Tavern Talk: Tempest Tantrum,2024-11-12,2024-11,vndb_steam_release,True,False,VNDB_ONLY,True,,v49307,r129334,Tavern Talk,complete,True,,,,https://store.steampowered.com/app/3244740/,https://vndb.org/v49307
3327150,Futanari Sex Adventures - Episode 6,2024-11-13,2024-11,vndb_steam_release,True,False,VNDB_ONLY,True,,v51207,r129269,Futanari Sex Adventures,partial,True,,,,https://store.steampowered.com/app/3327150/,https://vndb.org/v51207
3122580,"Milf Diary, I am Trying to Impregnate My Mom",2024-11-13,2024-11,vndb_steam_release,True,False,VNDB_ONLY,True,,v52812,r127570,"Milf Diary, I am Trying to Impregnate My Mom",complete,True,,,,https://store.steampowered.com/app/3122580/,https://vndb.org/v52812
3112290,Sofia's Dark Fantasies Beta v1.06 - Episode 1,2024-11-13,2024-11,vndb_steam_release,True,False,VNDB_ONLY,True,,v53919,r130108,Sofia's Dark Fantasies,partial,True,,,,https://store.steampowered.com/app/3112290/,https://vndb.org/v53919
3169990,City of Broken Dreamers: Book Two,2024-11-14,2024-11,vndb_steam_release,True,False,VNDB_ONLY,True,,v25342,r128366,City of Broken Dreamers,partial,True,,,,https://store.steampowered.com/app/3169990/,https://vndb.org/v25342
2564190,Hush Hush - Peanut DLC,2024-11-15,2024-11,vndb_steam_release,True,False,VNDB_ONLY,True,,v24239,r135194,Hush Hush: Only Your Love Can Save Them,partial,True,,,,https://store.steampowered.com/app/2564190/,https://vndb.org/v24239
3174960,Magical Gyarus Milk Me for Mana,2024-11-15,2024-11,vndb_steam_release,True,False,VNDB_ONLY,True,,v50292,r128958,Gyaru na Kyonyuu Mahou Shoujo-tachi ni Itsukarete ~Uchi o Tamariba ni Suru Mesu-tachi o Haramase Onaho ni Suru Seikatsu~,complete,True,,,,https://store.steampowered.com/app/3174960/,https://vndb.org/v50292
3252180,Naughty Nate: Cosplay - Demo,2024-11-15,2024-11,vndb_steam_release,True,False,VNDB_ONLY,True,,v53949,r130171,Naughty Nate: Cosplay,trial,True,,,,https://store.steampowered.com/app/3252180/,https://vndb.org/v53949
2908040,Xiari Yuanyang Jiaqi  - Demo 2.0,2024-11-15,2024-11,vndb_steam_release,True,False,VNDB_ONLY,True,,v50480,r129307,Xiari Yuanyang Jiaqi,trial,True,,,,https://store.steampowered.com/app/2908040/,https://vndb.org/v50480
3328090,Cuckold Sex - Episode 7,2024-11-16,2024-11,vndb_steam_release,True,False,VNDB_ONLY,True,,v50645,r129367,Cuckold Sex,partial,True,,,,https://store.steampowered.com/app/3328090/,https://vndb.org/v50645
2379720,Every Letter,2024-11-17,2024-11,vndb_steam_release,True,False,VNDB_ONLY,True,,v56596,r136149,Every Letter,complete,True,,,,https://store.steampowered.com/app/2379720/,https://vndb.org/v56596
3262720,Fantasy Valley - Season 2,2024-11-17,2024-11,vndb_steam_release,True,False,VNDB_ONLY,True,,v24775,r129393,Fantasy Valley,partial,True,,,,https://store.steampowered.com/app/3262720/,https://vndb.org/v24775
3009960,Huanxiang Xiang: Youzui Tuiding ~Yeming qian de Sansejin Demo,2024-11-17,2024-11,vndb_steam_release,True,False,VNDB_ONLY,True,,v50905,r132866,Huanxiang Xiang: Youzui Tuiding ~Yeming qian de Sansejin,trial,True,,,,https://store.steampowered.com/app/3009960/,https://vndb.org/v50905
3306160,Lieolseog,2024-11-18,2024-11,vndb_steam_release,True,False,VNDB_ONLY,True,,v53611,r129406,Lieolseog,complete,True,,,,https://store.steampowered.com/app/3306160/,https://vndb.org/v53611
2442400,Qing Qu Wawa Biancheng Ren,2024-11-18,2024-11,vndb_steam_release,True,False,VNDB_ONLY,True,,v53141,r128218,Qing Qu Wawa Biancheng Ren,complete,True,,,,https://store.steampowered.com/app/2442400/,https://vndb.org/v53141
2638560,Forbidden Fantasy,2024-11-19,2024-11,vndb_steam_release,True,False,VNDB_ONLY,True,,v48177,r115577,Forbidden Fantasy,complete,True,,,,https://store.steampowered.com/app/2638560/,https://vndb.org/v48177
1590730,Helping the Hotties,2024-11-19,2024-11,vndb_steam_release,True,False,VNDB_ONLY,True,,v34247,r131278,Helping the Hotties,complete,True,,,,https://store.steampowered.com/app/1590730/,https://vndb.org/v34247
3276160,Helping the Hotties - Storytime,2024-11-19,2024-11,vndb_steam_release,True,False,VNDB_ONLY,True,,v34247,r131279,Helping the Hotties,partial,True,,,,https://store.steampowered.com/app/3276160/,https://vndb.org/v34247
3312410,I Touched Tips with a Femboy,2024-11-19,2024-11,vndb_steam_release,True,False,VNDB_ONLY,True,,v53620,r129426,I Touched Tips with a Femboy,complete,True,,,,https://store.steampowered.com/app/3312410/,https://vndb.org/v53620
2580130,The Seven Realms - Realm 3: High Lathión,2024-11-19,2024-11,vndb_steam_release,True,False,VNDB_ONLY,True,,v35803,r113169,The Seven Realms,partial,True,,,,https://store.steampowered.com/app/2580130/,https://vndb.org/v35803
2287710,Where the Heart Is: Season 1,2024-11-19,2024-11,vndb_steam_release,True,False,VNDB_ONLY,True,,v23008,r121834,Where the Heart Is,partial,True,,,,https://store.steampowered.com/app/2287710/,https://vndb.org/v23008
3060900,Yuzhi Meng,2024-11-19,2024-11,vndb_steam_release,True,False,VNDB_ONLY,True,,v53616,r129418,Yuzhi Meng,complete,True,,,,https://store.steampowered.com/app/3060900/,https://vndb.org/v53616
3293610,FIL'MOSKOP UZHASOV: Zeljonye Glaza - Demo,2024-11-21,2024-11,vndb_steam_release,True,False,VNDB_ONLY,True,,v52159,r129489,FIL'MOSKOP UZHASOV: Zeljonye Glaza,trial,True,,,,https://store.steampowered.com/app/3293610/,https://vndb.org/v52159
3294360,Interim Crossroads,2024-11-21,2024-11,vndb_steam_release,True,False,VNDB_ONLY,True,,v53635,r129473,Interim Crossroads,complete,True,,,,https://store.steampowered.com/app/3294360/,https://vndb.org/v53635
3090100,Prison Princess Hamerareshi Hime-tachi,2024-11-21,2024-11,vndb_steam_release,True,False,VNDB_ONLY,True,,v53551,r129279,Prison Princess Hamerareshi Hime-tachi,complete,True,,,,https://store.steampowered.com/app/3090100/,https://vndb.org/v53551
3345720,Truer than You - Demo,2024-11-21,2024-11,vndb_steam_release,True,False,VNDB_ONLY,True,,v42099,r129462,Truer than You,trial,True,,,,https://store.steampowered.com/app/3345720/,https://vndb.org/v42099
2685500,Xialai a! Bing Niao,2024-11-21,2024-11,vndb_steam_release,True,False,VNDB_ONLY,True,,v53703,r129644,Xialai a! Bing Niao,complete,True,,,,https://store.steampowered.com/app/2685500/,https://vndb.org/v53703
3312340,Feng zhi Ge,2024-11-22,2024-11,vndb_steam_release,True,False,VNDB_ONLY,True,,v53474,r129090,Feng zhi Ge,complete,True,,,,https://store.steampowered.com/app/3312340/,https://vndb.org/v53474
2959640,Owari no Mori,2024-11-22,2024-11,vndb_steam_release,True,False,VNDB_ONLY,True,,v51953,r127392,Owari no Mori,complete,True,,,,https://store.steampowered.com/app/2959640/,https://vndb.org/v51953
3333570,Starry - Xun Xing Zhi Lü Demo,2024-11-22,2024-11,vndb_steam_release,True,False,VNDB_ONLY,True,,v49360,r129494,Starry - Xun Xing Zhi Lü,trial,True,,,,https://store.steampowered.com/app/3333570/,https://vndb.org/v49360
3127760,Zai Yiqie Qinglang De Rizi Li｜On all clear days,2024-11-22,2024-11,vndb_steam_release,True,False,VNDB_ONLY,True,,v52033,r125819,Zai Yiqie Qinglang De Rizi Li｜On all clear days,complete,True,,,,https://store.steampowered.com/app/3127760/,https://vndb.org/v52033
3308140,Who Needs to Study?,2024-11-23,2024-11,vndb_steam_release,True,False,VNDB_ONLY,True,,v47379,r129508,Debauched Memories,complete,True,,,,https://store.steampowered.com/app/3308140/,https://vndb.org/v47379
3732210,UnderGirl: Submission Patch - Demo,2024-11-25,2024-11,vndb_steam_release,True,False,VNDB_ONLY,True,,v55106,r136805,UnderGirl: Submission Path,trial,True,,,,https://store.steampowered.com/app/3732210/,https://vndb.org/v55106
3095940,Our Secret: Price of Forbidden Wishes - Early Access,2024-11-26,2024-11,vndb_steam_release,True,False,VNDB_ONLY,True,,v40056,r132685,Our Secret,partial,True,,,,https://store.steampowered.com/app/3095940/,https://vndb.org/v40056
3109350,Dirty Daughters,2024-11-27,2024-11,vndb_steam_release,True,False,VNDB_ONLY,True,,v66202,r158862,Dirty Daughters,complete,True,,,,https://store.steampowered.com/app/3109350/,https://vndb.org/v66202
3186750,Koregafuko - Demo,2024-11-27,2024-11,vndb_steam_release,True,False,VNDB_ONLY,True,,v54064,r130462,Koregafuko: The First Limit,trial,True,,,,https://store.steampowered.com/app/3186750/,https://vndb.org/v54064
3320770,A Femboy Polished My Knob,2024-11-28,2024-11,vndb_steam_release,True,False,VNDB_ONLY,True,,v53720,r129682,A Femboy Polished My Knob,complete,True,,,,https://store.steampowered.com/app/3320770/,https://vndb.org/v53720
3078910,Ane Ane Z Saimin -MOTION EDITION-,2024-11-28,2024-11,vndb_steam_release,True,False,VNDB_ONLY,True,,v29188,r128137,"Ane Ane Z Saimin ~Sumaho Saimin Souchi de Bakunyuu Ane-domo ni Saimin Choukyou, Kichiku Netori de Haramasete Yaru!~",complete,True,,,,https://store.steampowered.com/app/3078910/,https://vndb.org/v29188
3181300,Himei -Chikashitsu ni Torawareta 11 Nin-,2024-11-28,2024-11,vndb_steam_release,True,False,VNDB_ONLY,True,,v51932,r127314,Himei -Chikashitsu ni Torawareta 11 Nin-,complete,True,,,,https://store.steampowered.com/app/3181300/,https://vndb.org/v51932
3353490,Hitozuma no Netori wa Anal kara,2024-11-28,2024-11,vndb_steam_release,True,False,VNDB_ONLY,True,,v54089,r130505,Heng Dao Duo Ai Renqi Cong Pixue Kaishi,complete,True,,,,https://store.steampowered.com/app/3353490/,https://vndb.org/v54089
3334370,Xue Baihe Guaitan Demo,2024-11-28,2024-11,vndb_steam_release,True,False,VNDB_ONLY,True,,v59357,r142078,Xue Baihe Guaitan,trial,True,,,,https://store.steampowered.com/app/3334370/,https://vndb.org/v59357
3318010,D'javol'skoe Iskushenie,2024-11-29,2024-11,vndb_steam_release,True,False,VNDB_ONLY,True,,v53739,r129712,D'javol'skoe Iskushenie,complete,True,,,,https://store.steampowered.com/app/3318010/,https://vndb.org/v53739
2336610,Draconic Date,2024-11-29,2024-11,vndb_steam_release,True,False,VNDB_ONLY,True,,v56531,r135946,Draconic Date,complete,True,,,,https://store.steampowered.com/app/2336610/,https://vndb.org/v56531
3195400,EmyLiveShow: Case of Four Hot Witnesses,2024-11-29,2024-11,vndb_steam_release,True,False,VNDB_ONLY,True,,v52737,r129938,EmyLiveShow: Case of Four Hot Witnesses,complete,True,,,,https://store.steampowered.com/app/3195400/,https://vndb.org/v52737
2738860,Seductive Shadows - Early Access,2024-11-29,2024-11,vndb_steam_release,True,False,VNDB_ONLY,True,,v46862,r129711,Seductive Shadows,partial,True,,,,https://store.steampowered.com/app/2738860/,https://vndb.org/v46862
2283780,Stranded in Space Days 1-19 - Steam Edition,2024-11-29,2024-11,vndb_steam_release,True,False,VNDB_ONLY,True,,v49281,r118654,Stranded in Space,partial,True,,,,https://store.steampowered.com/app/2283780/,https://vndb.org/v49281
3446710,Succubus Marin no Sakukatsu ~Akuma wa Mashou no Banana ni Miirare Ochiru~ Download Edition,2024-11-29,2024-11,vndb_steam_release,True,False,VNDB_ONLY,True,,v53172,r128319,Succubus Marin no Sakukatsu ~Akuma wa Mashou no Banana ni Miirare Ochiru~,complete,True,,,,https://store.steampowered.com/app/3446710/,https://vndb.org/v53172
3356270,Shi Meng zhi Zhu - Demo,2024-11-30,2024-11,vndb_steam_release,True,False,VNDB_ONLY,True,,v53712,r129840,Shi Meng zhi Zhu,trial,True,,,,https://store.steampowered.com/app/3356270/,https://vndb.org/v53712
1407210,Space Rescue: Code Pink v12.0,2024-11-30,2024-11,vndb_steam_release,True,False,VNDB_ONLY,True,,v52666,r127187,Space Rescue: Code Pink,partial,True,,,,https://store.steampowered.com/app/1407210/,https://vndb.org/v52666
3289280,Lady's Tourney,2024-12-01,2024-12,vndb_steam_release,True,False,VNDB_ONLY,True,,v53797,r129803,Lady's Tourney,complete,True,,,,https://store.steampowered.com/app/3289280/,https://vndb.org/v53797
3304210,MEMORALYSIS: The Scorched Home - Demo,2024-12-02,2024-12,vndb_steam_release,True,False,VNDB_ONLY,True,,v53825,r129870,MEMORALYSIS: The Scorched Home,trial,True,,,,https://store.steampowered.com/app/3304210/,https://vndb.org/v53825
3137190,Animus Non Grata,2024-12-03,2024-12,vndb_steam_release,True,False,VNDB_ONLY,True,,v51611,r124952,Animus Non Grata,complete,True,,,,https://store.steampowered.com/app/3137190/,https://vndb.org/v51611
3304060,Hungry Neighbors - A Delicious Demo,2024-12-03,2024-12,vndb_steam_release,True,False,VNDB_ONLY,True,,v53824,r129868,Hungry Neighbors,trial,True,,,,https://store.steampowered.com/app/3304060/,https://vndb.org/v53824
3378170,Kimochii Classroom - Demo,2024-12-04,2024-12,vndb_steam_release,True,False,VNDB_ONLY,True,,v53836,r129887,Kimochii Classroom,trial,True,,,,https://store.steampowered.com/app/3378170/,https://vndb.org/v53836
2935230,Speakeasy: Last Call,2024-12-04,2024-12,vndb_steam_release,True,False,VNDB_ONLY,True,,v50729,r122775,Speakeasy: Last Call,complete,True,,,,https://store.steampowered.com/app/2935230/,https://vndb.org/v50729
3355260,Wuxian Shaizi - Demo,2024-12-04,2024-12,vndb_steam_release,True,False,VNDB_ONLY,True,,v55114,r132772,Wuxian Shaizi,trial,True,,,,https://store.steampowered.com/app/3355260/,https://vndb.org/v55114
2982560,A Lily from the Lightless Water,2024-12-05,2024-12,vndb_steam_release,True,False,VNDB_ONLY,True,,v53685,r129612,A Lily from the Lightless Water,complete,True,,,,https://store.steampowered.com/app/2982560/,https://vndb.org/v53685
1566840,Eden's Ritter 1:2 - Priestess of Pleasure,2024-12-05,2024-12,vndb_steam_release,True,False,VNDB_ONLY,True,,v25555,r129904,Eden's Ritter - Chapter 1 Gaiden - Innan no Miko-hime Cecily Hen,complete,True,,,,https://store.steampowered.com/app/1566840/,https://vndb.org/v25555
3378110,Wei - Demo,2024-12-05,2024-12,vndb_steam_release,True,False,VNDB_ONLY,True,,v53038,r141232,Wei,trial,True,,,,https://store.steampowered.com/app/3378110/,https://vndb.org/v53038
3338540,Dai Akugyaku Reijou Strategy of Lily - Demo,2024-12-06,2024-12,vndb_steam_release,True,False,VNDB_ONLY,True,,v58305,r139562,Dai Akugyaku Reijou Strategy of Lily,trial,True,,,,https://store.steampowered.com/app/3338540/,https://vndb.org/v58305
3253710,Landlady Seduction Simulator,2024-12-06,2024-12,vndb_steam_release,True,False,VNDB_ONLY,True,,v53907,r130066,Landlady Seduction Simulator,complete,True,,,,https://store.steampowered.com/app/3253710/,https://vndb.org/v53907
3270440,Lewd Family,2024-12-06,2024-12,vndb_steam_release,True,False,VNDB_ONLY,True,,v53621,r129429,Lewd Family,complete,True,,,,https://store.steampowered.com/app/3270440/,https://vndb.org/v53621
3377780,Yet Another Killing Game - Demo,2024-12-06,2024-12,vndb_steam_release,True,False,VNDB_ONLY,True,,v53855,r129947,Yet Another Killing Game,trial,True,,,,https://store.steampowered.com/app/3377780/,https://vndb.org/v53855
3333360,Harem Inn,2024-12-07,2024-12,vndb_steam_release,True,False,VNDB_ONLY,True,,v51305,r129808,Ure Muchi Bakunyuu Boukensha Party wa Haramase Niku Onaho! ~ Tsuida Yadoya o Tamariba ni Suru Toshiue Mesu-tachi o Chin Kobi Zenkai no Mazo Ana ni Shitsukete Yatta!~,complete,True,,,,https://store.steampowered.com/app/3333360/,https://vndb.org/v51305
3326630,Tong Dao Yin Jian Demo,2024-12-07,2024-12,vndb_steam_release,True,False,VNDB_ONLY,True,,v54584,r132630,Tong Dao Yin Jian,trial,True,,,,https://store.steampowered.com/app/3326630/,https://vndb.org/v54584
3389270,Wo de Lian'ai Taosheng Gonglve - Demo,2024-12-07,2024-12,vndb_steam_release,True,False,VNDB_ONLY,True,,v54856,r132926,Wo de Lian'ai Taosheng Gonglve,trial,True,,,,https://store.steampowered.com/app/3389270/,https://vndb.org/v54856
3216270,A Date with Death - Beyond the Bet Adult Patch;A Date with Death - Beyond the Bet Adult Patch - Voiced Edition,2024-12-09,2024-12,vndb_steam_release,True,False,VNDB_ONLY,True,,v45706,r123155;r153475,A Date with Death,complete,True,,,,https://store.steampowered.com/app/3216270/,https://vndb.org/v45706
2799720,A Date with Death - Beyond the Bet DLC;A Date with Death - Beyond the Bet DLC - Voiced Edition,2024-12-09,2024-12,vndb_steam_release,True,False,VNDB_ONLY,True,,v45706,r118919;r143534;r153474,A Date with Death,complete,True,,,,https://store.steampowered.com/app/2799720/,https://vndb.org/v45706
2777210,Man of Steal,2024-12-09,2024-12,vndb_steam_release,True,False,VNDB_ONLY,True,,v46042,r110699,Man of Steal,complete,True,,,,https://store.steampowered.com/app/2777210/,https://vndb.org/v46042
3388130,Sex Adventures - Naughty Sisters - Episode 2,2024-12-10,2024-12,vndb_steam_release,True,False,VNDB_ONLY,True,,v53329,r130070,Sex Adventures - Naughty Sisters,partial,True,,,,https://store.steampowered.com/app/3388130/,https://vndb.org/v53329
2833620,Cong Hua'mian Zhong Chu'lai de Wo Tui Vtuber de Tongju Shenghuo  ~shou'er You'xi Zhu'bo Shi Xiao'ji'zhe~ Censored Edition,2024-12-11,2024-12,vndb_steam_release,True,False,VNDB_ONLY,True,,v40058,r128157,Gamen kara Detekita Oshi Vtuber to H na Dousei Seikatsu ~Kemo Mimi Game Haishinsha wa Downer-kei.~,complete,True,,,,https://store.steampowered.com/app/2833620/,https://vndb.org/v40058
3349040,Hunter: Space Pirates - Chapter 2,2024-12-11,2024-12,vndb_steam_release,True,False,VNDB_ONLY,True,,v53894,r160124,Hunter: Space Pirates,partial,True,,,,https://store.steampowered.com/app/3349040/,https://vndb.org/v53894
3369030,Chen Zhou Demo,2024-12-12,2024-12,vndb_steam_release,True,False,VNDB_ONLY,True,,v56708,r141280,Chen Zhou,trial,True,,,,https://store.steampowered.com/app/3369030/,https://vndb.org/v56708
3171240,LIP! Lewd Idol Project Vol. 3 - Hot Springs and Beach Episodes,2024-12-12,2024-12,vndb_steam_release,True,False,VNDB_ONLY,True,,v53612,r129407,LIP! Lewd Idol Project Vol. 3 - Hot Springs and Beach Episodes,complete,True,,,,https://store.steampowered.com/app/3171240/,https://vndb.org/v53612
3384870,Mutant College - Demo,2024-12-12,2024-12,vndb_steam_release,True,False,VNDB_ONLY,True,,v54483,r131339,Mutant College,trial,True,,,,https://store.steampowered.com/app/3384870/,https://vndb.org/v54483
3400730,Roseline - Demo,2024-12-12,2024-12,vndb_steam_release,True,False,VNDB_ONLY,True,,v53986,r130239,Roseline,trial,True,,,,https://store.steampowered.com/app/3400730/,https://vndb.org/v53986
2289720,Bàoshí de Guàishòu Gōngzhǔ: Huòxīng Měishí zhī Lǚ,2024-12-13,2024-12,vndb_steam_release,True,False,VNDB_ONLY,True,,v38203,r95894,Bàoshí de Guàishòu Gōngzhǔ: Huòxīng Měishí zhī Lǚ,complete,True,,,,https://store.steampowered.com/app/2289720/,https://vndb.org/v38203
3284210,Inside Utopia - Demo,2024-12-13,2024-12,vndb_steam_release,True,False,VNDB_ONLY,True,,v54032,r130381,Inside Utopia,trial,True,,,,https://store.steampowered.com/app/3284210/,https://vndb.org/v54032
2485270,Midnight Paradise - Extra Edition;Midnight Paradise - Extra Edition v1.1,2024-12-13,2024-12,vndb_steam_release,True,False,VNDB_ONLY,True,,v29048,r111906;r131363;r144882,Midnight Paradise,complete,True,,,,https://store.steampowered.com/app/2485270/,https://vndb.org/v29048
3228290,St. Yariman's Former Sluts: Mega MILF Edition,2024-12-13,2024-12,vndb_steam_release,True,False,VNDB_ONLY,True,,v39836,r125274,Oku-sama wa Moto Yariman 2022,complete,True,,,,https://store.steampowered.com/app/3228290/,https://vndb.org/v39836
3334290,"The Mysterious Thief, Forget Me Not - Demo",2024-12-13,2024-12,vndb_steam_release,True,False,VNDB_ONLY,True,,v53937,r130150,"The Mysterious Thief, Forget Me Not",trial,True,,,,https://store.steampowered.com/app/3334290/,https://vndb.org/v53937
2670260,Cufflinks & Cages,2024-12-16,2024-12,vndb_steam_release,True,False,VNDB_ONLY,True,,v47825,r114895,Cufflinks & Cages,complete,True,,,,https://store.steampowered.com/app/2670260/,https://vndb.org/v47825
1231560,Aurelia,2024-12-17,2024-12,vndb_steam_release,True,False,VNDB_ONLY,True,,v28331,r118052,Aurelia,complete,True,,,,https://store.steampowered.com/app/1231560/,https://vndb.org/v28331
3173200,Kurikuri Click! ~Ore nomi Oppai!~ Censored Edition,2024-12-18,2024-12,vndb_steam_release,True,False,VNDB_ONLY,True,,v48184,r130394,Kurikuri Click! ~Ore nomi Oppai!~,complete,True,,,,https://store.steampowered.com/app/3173200/,https://vndb.org/v48184
1894100,Wo Yu Cang Lan Zhi Sen de Mang Yan Monu,2024-12-18,2024-12,vndb_steam_release,True,False,VNDB_ONLY,True,,v34100,r87723,Wo Yu Cang Lan Zhi Sen de Mang Yan Monu,complete,True,,,,https://store.steampowered.com/app/1894100/,https://vndb.org/v34100
3113260,Forgotten Memories,2024-12-19,2024-12,vndb_steam_release,True,False,VNDB_ONLY,True,,v54055,r130421,Forgotten Memories,complete,True,,,,https://store.steampowered.com/app/3113260/,https://vndb.org/v54055
2890890,LingerieS,2024-12-19,2024-12,vndb_steam_release,True,False,VNDB_ONLY,True,,v50148,r121275;r140720,LingerieS,complete,True,,,,https://store.steampowered.com/app/2890890/,https://vndb.org/v50148
2893920,LingerieS  R-18 DLC;LingerieS R-18 DLC,2024-12-19,2024-12,vndb_steam_release,True,False,VNDB_ONLY,True,,v50148,r121281;r140723,LingerieS,complete,True,,,,https://store.steampowered.com/app/2893920/,https://vndb.org/v50148
3299220,Lyndaria: Christmas Passion DLC,2024-12-19,2024-12,vndb_steam_release,True,False,VNDB_ONLY,True,,v49388,r129523,Lyndaria: Lust Adventure,complete,True,,,,https://store.steampowered.com/app/3299220/,https://vndb.org/v49388
2982460,Taiwan Lian'ai Wuyu⁵ - 18+ DLC,2024-12-19,2024-12,vndb_steam_release,True,False,VNDB_ONLY,True,,v48522,r127381,Taiwan Lian'ai Wuyu⁵,complete,True,,,,https://store.steampowered.com/app/2982460/,https://vndb.org/v48522
3142830,Touming De Ta Yu Zhenshi De Wo Demo,2024-12-19,2024-12,vndb_steam_release,True,False,VNDB_ONLY,True,,v52175,r137026,Touming De Ta Yu Zhenshi De Wo,trial,True,,,,https://store.steampowered.com/app/3142830/,https://vndb.org/v52175
3306310,"Welcome to a Sexy, Open World",2024-12-19,2024-12,vndb_steam_release,True,False,VNDB_ONLY,True,,v25942,r109825,Sex Open World e Youkoso!,complete,True,,,,https://store.steampowered.com/app/3306310/,https://vndb.org/v25942
2404000,Benefitship,2024-12-20,2024-12,vndb_steam_release,True,False,VNDB_ONLY,True,,v46849,r137123,Benefitship,complete,True,,,,https://store.steampowered.com/app/2404000/,https://vndb.org/v46849
3220680,Hangoverse - Season 1 v0.05,2024-12-20,2024-12,vndb_steam_release,True,False,VNDB_ONLY,True,,v53020,r127908,Hangoverse,partial,True,,,,https://store.steampowered.com/app/3220680/,https://vndb.org/v53020
3211320,"Holy Undead ~Himote de Bocchi no Shirei Jutsushi ga, Seijo ni Tensei Shite Otomodachi o Fuyashimasu~ - Download Edition",2024-12-20,2024-12,vndb_steam_release,True,False,VNDB_ONLY,True,,v33348,r86073,"Holy Undead ~Himote de Bocchi no Shirei Jutsushi ga, Seijo ni Tensei Shite Otomodachi o Fuyashimasu~",complete,True,,,,https://store.steampowered.com/app/3211320/,https://vndb.org/v33348
3401070,Kindred [SnowBound] - Demo,2024-12-20,2024-12,vndb_steam_release,True,False,VNDB_ONLY,True,,v54063,r130456,Kindred [SnowBound],trial,True,,,,https://store.steampowered.com/app/3401070/,https://vndb.org/v54063
958720,Second Chance - Steam Early Access,2024-12-23,2024-12,vndb_steam_release,True,False,VNDB_ONLY,True,,v20146,r60731,Second Chance: The Game,partial,True,,,,https://store.steampowered.com/app/958720/,https://vndb.org/v20146
3413180,Shu Lian Yu Jun: Mei Shaonu Jiao Wo Zhui Xi Hua Demo,2024-12-24,2024-12,vndb_steam_release,True,False,VNDB_ONLY,True,,v50768,r131475,Shu Lian Yu Jun: Mei Shaonu Jiao Wo Zhui Xi Hua,trial,True,,,,https://store.steampowered.com/app/3413180/,https://vndb.org/v50768
2415470,Thirty Days v0.07.50,2024-12-24,2024-12,vndb_steam_release,True,False,VNDB_ONLY,True,,v36236,r92001,Thirty Days,partial,True,,,,https://store.steampowered.com/app/2415470/,https://vndb.org/v36236
3357470,Super Tokkiui Moheom,2024-12-25,2024-12,vndb_steam_release,True,False,VNDB_ONLY,True,,v53923,r130119,Super Tokkiui Moheom,complete,True,,,,https://store.steampowered.com/app/3357470/,https://vndb.org/v53923
2115310,Jock Studio;Jock Studio - Demo 2,2024-12-27,2024-12,vndb_steam_release,True,False,VNDB_ONLY,True,,v38573,r130785;r96456,Jock Studio,complete;trial,True,,,,https://store.steampowered.com/app/2115310/,https://vndb.org/v38573
3374680,Haitoku Shirene -Sex Friend de ii Kara Soba ni Ite- Download Edition,2024-12-30,2024-12,vndb_steam_release,True,False,VNDB_ONLY,True,,v25506,r118079,Haitoku Shirene - Anata no Shiranai Naraku no Soko,complete,True,,,,https://store.steampowered.com/app/3374680/,https://vndb.org/v25506
3979040,Perfect Date - HD,2025-01-01,2025-01,vndb_steam_release,True,False,VNDB_ONLY,True,,v67138,r161113,Perfect Date - HD,complete,True,,,,https://store.steampowered.com/app/3979040/,https://vndb.org/v67138
3005890,Monster Ops 2,2025-01-02,2025-01,vndb_steam_release,True,False,VNDB_ONLY,True,,v51705,r125542,Monster Ops,partial,True,,,,https://store.steampowered.com/app/3005890/,https://vndb.org/v51705
3325590,Emi - Long Road Home,2025-01-03,2025-01,vndb_steam_release,True,False,VNDB_ONLY,True,,v62112,r148254,Emi - Long Road Home,complete,True,,,,https://store.steampowered.com/app/3325590/,https://vndb.org/v62112
1793440,Shale Hill Secrets v0.18.9b,2025-01-03,2025-01,vndb_steam_release,True,False,VNDB_ONLY,True,,v33265,r91369,Shale Hill Secrets,complete,True,,,,https://store.steampowered.com/app/1793440/,https://vndb.org/v33265
2587600,Talents (Demo 3.0),2025-01-04,2025-01,vndb_steam_release,True,False,VNDB_ONLY,True,,v44252,r130837,Talents,trial,True,,,,https://store.steampowered.com/app/2587600/,https://vndb.org/v44252
3390890,UCOPIA,2025-01-05,2025-01,vndb_steam_release,True,False,VNDB_ONLY,True,,v54281,r130866,UCOPIA,complete,True,,,,https://store.steampowered.com/app/3390890/,https://vndb.org/v54281
3338660,STWA: Unbroken: Book One,2025-01-07,2025-01,vndb_steam_release,True,False,VNDB_ONLY,True,,v37296,r94026,Unbroken,partial,True,,,,https://store.steampowered.com/app/3338660/,https://vndb.org/v37296
2906420,Huanxiang · Yujian Qin Shi Huang - Demo,2025-01-09,2025-01,vndb_steam_release,True,False,VNDB_ONLY,True,,v55740,r134233,Huanxiang · Yujian Qin Shi Huang,trial,True,,,,https://store.steampowered.com/app/2906420/,https://vndb.org/v55740
3327440,Ta Yue Xun Ge - Demo,2025-01-09,2025-01,vndb_steam_release,True,False,VNDB_ONLY,True,,v54362,r131057,Ta Yue Xun Ge,trial,True,,,,https://store.steampowered.com/app/3327440/,https://vndb.org/v54362
3271470,Zoey: Nightclub Secrets,2025-01-09,2025-01,vndb_steam_release,True,False,VNDB_ONLY,True,,v54440,r131217,Zoey: Nightclub Secrets,complete,True,,,,https://store.steampowered.com/app/3271470/,https://vndb.org/v54440
3359830,I Wanna Fuck my Busty Boss,2025-01-10,2025-01,vndb_steam_release,True,False,VNDB_ONLY,True,,v27151,r131092,Akogare no Onna Joushi ga Shin'ya no Office de Onatteru Tokoro o Mite kara Hajimaru Himitsu no Kankei.,complete,True,,,,https://store.steampowered.com/app/3359830/,https://vndb.org/v27151
2454570,Race of Life - Act 1,2025-01-10,2025-01,vndb_steam_release,True,False,VNDB_ONLY,True,,v38326,r131055,Race of Life,partial,True,,,,https://store.steampowered.com/app/2454570/,https://vndb.org/v38326
3395190,Sex Adventures - Incest Family - Episode 1,2025-01-10,2025-01,vndb_steam_release,True,False,VNDB_ONLY,True,,v54361,r131056,Sex Adventures - Incest Family,partial,True,,,,https://store.steampowered.com/app/3395190/,https://vndb.org/v54361
2135830,Connected through fate,2025-01-11,2025-01,vndb_steam_release,True,False,VNDB_ONLY,True,,v37707,r132165,Connected through fate,complete,True,,,,https://store.steampowered.com/app/2135830/,https://vndb.org/v37707
2657120,My Sexy Neighbor 🔞,2025-01-11,2025-01,vndb_steam_release,True,False,VNDB_ONLY,True,,v49306,r118777,My Sexy Neighbor 🔞,complete,True,,,,https://store.steampowered.com/app/2657120/,https://vndb.org/v49306
3148070,Summer For You v0.5.2,2025-01-11,2025-01,vndb_steam_release,True,False,VNDB_ONLY,True,,v53140,r128235,Summer For You,trial,True,,,,https://store.steampowered.com/app/3148070/,https://vndb.org/v53140
3416150,Akademija Vampirov,2025-01-13,2025-01,vndb_steam_release,True,False,VNDB_ONLY,True,,v54408,r131150,Akademija Vampirov,complete,True,,,,https://store.steampowered.com/app/3416150/,https://vndb.org/v54408
3161340,Ling Xiaoyuan de Qimiao Richang,2025-01-13,2025-01,vndb_steam_release,True,False,VNDB_ONLY,True,,v54409,r131153,Ling Xiaoyuan de Qimiao Richang,complete,True,,,,https://store.steampowered.com/app/3161340/,https://vndb.org/v54409
3431660,Billie Beetleneck -A detective tale- Demo,2025-01-15,2025-01,vndb_steam_release,True,False,VNDB_ONLY,True,,v60584,r145005,Billie Beetleneck -A detective tale-,trial,True,,,,https://store.steampowered.com/app/3431660/,https://vndb.org/v60584
3285790,SpyLens: Apuntando al sexo,2025-01-16,2025-01,vndb_steam_release,True,False,VNDB_ONLY,True,,v53259,r128516,SpyLens: Apuntando al sexo,complete,True,,,,https://store.steampowered.com/app/3285790/,https://vndb.org/v53259
3446650,Casino Heist: Aruba 18+ Patch,2025-01-17,2025-01,vndb_steam_release,True,False,VNDB_ONLY,True,,v54452,r131254,Casino Heist: Aruba,complete,True,,,,https://store.steampowered.com/app/3446650/,https://vndb.org/v54452
3428980,Pookie's Lingerie Shop - Demo,2025-01-17,2025-01,vndb_steam_release,True,False,VNDB_ONLY,True,,v55152,r132869,Pookie's Lingerie Shop,trial,True,,,,https://store.steampowered.com/app/3428980/,https://vndb.org/v55152
3427720,Ttanim-eun Jega Deligo Issseubnida - Trial Edition,2025-01-19,2025-01,vndb_steam_release,True,False,VNDB_ONLY,True,,v50433,r134773,Ttanim-eun Jega Deligo Issseubnida,trial,True,,,,https://store.steampowered.com/app/3427720/,https://vndb.org/v50433
3466510,Küçük Bir Uzay Macerası - Demo,2025-01-20,2025-01,vndb_steam_release,True,False,VNDB_ONLY,True,,v55081,r132709,Küçük Bir Uzay Macerası,trial,True,,,,https://store.steampowered.com/app/3466510/,https://vndb.org/v55081
2384600,Monster College,2025-01-20,2025-01,vndb_steam_release,True,False,VNDB_ONLY,True,,v45764,r110095,Monster College,complete,True,,,,https://store.steampowered.com/app/2384600/,https://vndb.org/v45764
3291310,Mutant College - Early Access,2025-01-20,2025-01,vndb_steam_release,True,False,VNDB_ONLY,True,,v54483,r131340,Mutant College,partial,True,,,,https://store.steampowered.com/app/3291310/,https://vndb.org/v54483
3422470,Chang - Demo,2025-01-22,2025-01,vndb_steam_release,True,False,VNDB_ONLY,True,,v55536,r133757,Chang,trial,True,,,,https://store.steampowered.com/app/3422470/,https://vndb.org/v55536
3167950,Mansion Affairs v0.3,2025-01-22,2025-01,vndb_steam_release,True,False,VNDB_ONLY,True,,v53973,r130220,Mansion Affairs,partial,True,,,,https://store.steampowered.com/app/3167950/,https://vndb.org/v53973
3350110,The Alchemist & His Battle-Scarred Homunculus,2025-01-23,2025-01,vndb_steam_release,True,False,VNDB_ONLY,True,,v36749,r125026,Ningen Fushin no Renkinjutsushi to Moto Heishi no Homunculus,complete,True,,,,https://store.steampowered.com/app/3350110/,https://vndb.org/v36749
2753750,Knight Case Files - Demo;Knight Case Files - Voiced Demo,2025-01-24,2025-01,vndb_steam_release,True,False,VNDB_ONLY,True,,v47805,r134256;r145000,Knight Case Files,trial,True,,,,https://store.steampowered.com/app/2753750/,https://vndb.org/v47805
1962480,Night of Love - 18+ Adult Only Patch,2025-01-24,2025-01,vndb_steam_release,True,False,VNDB_ONLY,True,,v35153,r116558,Night of Love 🌓,complete,True,,,,https://store.steampowered.com/app/1962480/,https://vndb.org/v35153
2674700,Tianshi☆Xiaoxiao RE-BOOT! - Censored Edition,2025-01-24,2025-01,vndb_steam_release,True,False,VNDB_ONLY,True,,v40520,r135549,Tenshi☆Souzou RE-BOOT!,complete,True,,,,https://store.steampowered.com/app/2674700/,https://vndb.org/v40520
3416890,GROWTH EXPERIMENT - Demo,2025-01-25,2025-01,vndb_steam_release,True,False,VNDB_ONLY,True,,v48683,r129487,GROWTH EXPERIMENT,trial,True,,,,https://store.steampowered.com/app/3416890/,https://vndb.org/v48683
3456680,Greh Margaret - Demo,2025-01-25,2025-01,vndb_steam_release,True,False,VNDB_ONLY,True,,v54588,r131573,Greh Margaret,trial,True,,,,https://store.steampowered.com/app/3456680/,https://vndb.org/v54588
3331220,Jingdi-Yu Qiji Xiehou de Jingdi Zhiren Demo,2025-01-25,2025-01,vndb_steam_release,True,False,VNDB_ONLY,True,,v53614,r145684,Jingdi,trial,True,,,,https://store.steampowered.com/app/3331220/,https://vndb.org/v53614
3421870,Xindong Lunzheng - Demo,2025-01-26,2025-01,vndb_steam_release,True,False,VNDB_ONLY,True,,v48436,r131576,Xindong Lunzheng,trial,True,,,,https://store.steampowered.com/app/3421870/,https://vndb.org/v48436
3353820,Makoku - The Seductive Twilight Squadron,2025-01-27,2025-01,vndb_steam_release,True,False,VNDB_ONLY,True,,v9850,r131535,Inbi no Makoku,complete,True,,,,https://store.steampowered.com/app/3353820/,https://vndb.org/v9850
3426030,G-MODE Archives+: Tantei Kibukawa Ryousuke Jikentan Vol.16 'Awayuki wa Hi no Kanashimi',2025-01-28,2025-01,vndb_steam_release,True,False,VNDB_ONLY,True,,v44484,r131548,Tantei Kibukawa Ryousuke Jikentan 'Awayuki wa Hi no Kanashimi',complete,True,,,,https://store.steampowered.com/app/3426030/,https://vndb.org/v44484
3475280,Fu Rong Ren: Tang Jianzhong Shisan-nian Demo,2025-01-29,2025-01,vndb_steam_release,True,False,VNDB_ONLY,True,,v54163,r140872,Fu Rong Ren: Tang Jianzhong Shisan-nian,trial,True,,,,https://store.steampowered.com/app/3475280/,https://vndb.org/v54163
3458160,NOX AETERNA - Veil of Darkness - Demo,2025-01-29,2025-01,vndb_steam_release,True,False,VNDB_ONLY,True,,v55156,r132882,NOX AETERNA - Veil of Darkness,trial,True,,,,https://store.steampowered.com/app/3458160/,https://vndb.org/v55156
3431050,PongPong,2025-01-30,2025-01,vndb_steam_release,True,False,VNDB_ONLY,True,,v54611,r131625,PongPong,complete,True,,,,https://store.steampowered.com/app/3431050/,https://vndb.org/v54611
2509190,A Night With Angel,2025-01-31,2025-01,vndb_steam_release,True,False,VNDB_ONLY,True,,v54410,r131152,A Night With Angel,complete,True,,,,https://store.steampowered.com/app/2509190/,https://vndb.org/v54410
3087470,EmyLiveShow: Demons & Mistresses Tale,2025-01-31,2025-01,vndb_steam_release,True,False,VNDB_ONLY,True,,v54674,r131732;r159301,EmyLiveShow: Demons & Mistresses Tale,complete,True,,,,https://store.steampowered.com/app/3087470/,https://vndb.org/v54674
2066980,Summer For You,2025-01-31,2025-01,vndb_steam_release,True,False,VNDB_ONLY,True,,v53140,r128217,Summer For You,complete,True,,,,https://store.steampowered.com/app/2066980/,https://vndb.org/v53140
3203310,Desideratum: Blood Bonds v0.1.2,2025-02-01,2025-02,vndb_steam_release,True,False,VNDB_ONLY,True,,v62336,r148961,Desideratum,partial,True,,,,https://store.steampowered.com/app/3203310/,https://vndb.org/v62336
3032940,Monster Ops 3,2025-02-03,2025-02,vndb_steam_release,True,False,VNDB_ONLY,True,,v51705,r127364,Monster Ops,partial,True,,,,https://store.steampowered.com/app/3032940/,https://vndb.org/v51705
2979840,Surviving the Apocalypse Is More Fun When There’s Sex,2025-02-03,2025-02,vndb_steam_release,True,False,VNDB_ONLY,True,,v51820,r125335,Surviving the Apocalypse Is More Fun When There’s Sex,complete,True,,,,https://store.steampowered.com/app/2979840/,https://vndb.org/v51820
3359480,Model Casting,2025-02-04,2025-02,vndb_steam_release,True,False,VNDB_ONLY,True,,v54795,r132052,Model Casting,complete,True,,,,https://store.steampowered.com/app/3359480/,https://vndb.org/v54795
3487130,Sex Adventures - Naughty Sisters - Episode 3,2025-02-04,2025-02,vndb_steam_release,True,False,VNDB_ONLY,True,,v53329,r131852,Sex Adventures - Naughty Sisters,partial,True,,,,https://store.steampowered.com/app/3487130/,https://vndb.org/v53329
3433490,Suki Suki Love - Demo,2025-02-04,2025-02,vndb_steam_release,True,False,VNDB_ONLY,True,,v54765,r131929,Suki Suki Love,trial,True,,,,https://store.steampowered.com/app/3433490/,https://vndb.org/v54765
3411080,Cultural Exchange,2025-02-05,2025-02,vndb_steam_release,True,False,VNDB_ONLY,True,,v54744,r131886,Cultural Exchange,complete,True,,,,https://store.steampowered.com/app/3411080/,https://vndb.org/v54744
3538030,KVARTIRANT Demo,2025-02-05,2025-02,vndb_steam_release,True,False,VNDB_ONLY,True,,v55047,r132637,KVARTIRANT,trial,True,,,,https://store.steampowered.com/app/3538030/,https://vndb.org/v55047
2549200,Fate and Life: The Mystery of Vaulinhorn - 18+ Edition,2025-02-06,2025-02,vndb_steam_release,True,False,VNDB_ONLY,True,,v47057,r113009,Fate and Life: The Mystery of Vaulinhorn,complete,True,,,,https://store.steampowered.com/app/2549200/,https://vndb.org/v47057
2989770,Kurage Life - Steam Edition,2025-02-06,2025-02,vndb_steam_release,True,False,VNDB_ONLY,True,,v50765,r128082,Kurage Life,complete,True,,,,https://store.steampowered.com/app/2989770/,https://vndb.org/v50765
3124580,of the Devil - Episode 1,2025-02-06,2025-02,vndb_steam_release,True,False,VNDB_ONLY,True,,v37866,r131266,of the Devil,partial,True,,,,https://store.steampowered.com/app/3124580/,https://vndb.org/v37866
3415140,Hajimete no NICU (Tansaku Hen),2025-02-07,2025-02,vndb_steam_release,True,False,VNDB_ONLY,True,,v54682,r131898,Hajimete no NICU (Tansaku Hen),complete,True,,,,https://store.steampowered.com/app/3415140/,https://vndb.org/v54682
3381190,I Am Motherfucker,2025-02-07,2025-02,vndb_steam_release,True,False,VNDB_ONLY,True,,v49682,r131665,Tomodachi no Kyonyuu Mama wa Zenbu Ore no Mono! Tomo Haha Netori Haramase Harem,complete,True,,,,https://store.steampowered.com/app/3381190/,https://vndb.org/v49682
3433690,Meeting a Hunk in the Park,2025-02-07,2025-02,vndb_steam_release,True,False,VNDB_ONLY,True,,v54766,r131930,Meeting a Hunk in the Park,complete,True,,,,https://store.steampowered.com/app/3433690/,https://vndb.org/v54766
3362480,Sex Apartment,2025-02-07,2025-02,vndb_steam_release,True,False,VNDB_ONLY,True,,v60784,r145484,Sex Apartment,complete,True,,,,https://store.steampowered.com/app/3362480/,https://vndb.org/v60784
2478810,Strangers on Paper [Ch. 2],2025-02-07,2025-02,vndb_steam_release,True,False,VNDB_ONLY,True,,v47775,r114780,Strangers on Paper,partial,True,,,,https://store.steampowered.com/app/2478810/,https://vndb.org/v47775
3433480,Suki Suki Love,2025-02-07,2025-02,vndb_steam_release,True,False,VNDB_ONLY,True,,v54765,r131927,Suki Suki Love,complete,True,,,,https://store.steampowered.com/app/3433480/,https://vndb.org/v54765
3320590,Vampire Therapist: Couples Therapy,2025-02-07,2025-02,vndb_steam_release,True,False,VNDB_ONLY,True,,v49188,r129914,Vampire Therapist,partial,True,,,,https://store.steampowered.com/app/3320590/,https://vndb.org/v49188
3519290,Zhong Zhuan Yubeiyi - Demo,2025-02-07,2025-02,vndb_steam_release,True,False,VNDB_ONLY,True,,v54929,r132394,Zhong Zhuan Yubeiyi,trial,True,,,,https://store.steampowered.com/app/3519290/,https://vndb.org/v54929
3396340,Em-8ER,2025-02-08,2025-02,vndb_steam_release,True,False,VNDB_ONLY,True,,v54792,r132006,Em-8ER,complete,True,,,,https://store.steampowered.com/app/3396340/,https://vndb.org/v54792
3484130,Sex Adventures - Incest Family - Episode 2,2025-02-08,2025-02,vndb_steam_release,True,False,VNDB_ONLY,True,,v54361,r131965,Sex Adventures - Incest Family,partial,True,,,,https://store.steampowered.com/app/3484130/,https://vndb.org/v54361
3552060,Fate's Masquerade - Demo,2025-02-09,2025-02,vndb_steam_release,True,False,VNDB_ONLY,True,,v55124,r133248,Fate's Masquerade,trial,True,,,,https://store.steampowered.com/app/3552060/,https://vndb.org/v55124
3466410,Hero's Odyssey - Demo,2025-02-09,2025-02,vndb_steam_release,True,False,VNDB_ONLY,True,,v54784,r131992,Hero's Odyssey,trial,True,,,,https://store.steampowered.com/app/3466410/,https://vndb.org/v54784
3432450,New Perspective Demo,2025-02-09,2025-02,vndb_steam_release,True,False,VNDB_ONLY,True,,v46520,r132657,New Perspective,trial,True,,,,https://store.steampowered.com/app/3432450/,https://vndb.org/v46520
3449190,Comfort and Warmth,2025-02-11,2025-02,vndb_steam_release,True,False,VNDB_ONLY,True,,v54809,r132047,Comfort and Warmth,complete,True,,,,https://store.steampowered.com/app/3449190/,https://vndb.org/v54809
3334200,OneDayOne,2025-02-12,2025-02,vndb_steam_release,True,False,VNDB_ONLY,True,,v54202,r131255,OneDayOne,complete,True,,,,https://store.steampowered.com/app/3334200/,https://vndb.org/v54202
3453290,Wo de Feizhou Nan Pengyou,2025-02-12,2025-02,vndb_steam_release,True,False,VNDB_ONLY,True,,v54818,r132073,Wo de Feizhou Nan Pengyou,complete,True,,,,https://store.steampowered.com/app/3453290/,https://vndb.org/v54818
3196790,Fearbonding - Demo,2025-02-13,2025-02,vndb_steam_release,True,False,VNDB_ONLY,True,,v52479,r132096,Fearbonding,trial,True,,,,https://store.steampowered.com/app/3196790/,https://vndb.org/v52479
3313270,"Ljubov', Den'gi, Rok-n-Roll — Leto '94",2025-02-13,2025-02,vndb_steam_release,True,False,VNDB_ONLY,True,,v53427,r128964,"Ljubov', Den'gi, Rok-n-Roll — Leto '94",complete,True,,,,https://store.steampowered.com/app/3313270/,https://vndb.org/v53427
2086240,Lust Trip - 18+ Scenes,2025-02-13,2025-02,vndb_steam_release,True,False,VNDB_ONLY,True,,v47895,r115049,Lust Trip 💕,complete,True,,,,https://store.steampowered.com/app/2086240/,https://vndb.org/v47895
3439530,Tomboy: Annoying Childhood Friend,2025-02-13,2025-02,vndb_steam_release,True,False,VNDB_ONLY,True,,v54829,r132091,Tomboy: Annoying Childhood Friend,complete,True,,,,https://store.steampowered.com/app/3439530/,https://vndb.org/v54829
3519860,A Night With: SuperHero - Demo,2025-02-14,2025-02,vndb_steam_release,True,False,VNDB_ONLY,True,,v55400,r136685,A Night With: SuperHero,trial,True,,,,https://store.steampowered.com/app/3519860/,https://vndb.org/v55400
3427140,Aquilon Lust,2025-02-14,2025-02,vndb_steam_release,True,False,VNDB_ONLY,True,,v60785,r145487,Aquilon Lust,complete,True,,,,https://store.steampowered.com/app/3427140/,https://vndb.org/v60785
3467930,CABALL: sunset hour - Demo,2025-02-14,2025-02,vndb_steam_release,True,False,VNDB_ONLY,True,,v55169,r132924,CABALL: sunset hour,trial,True,,,,https://store.steampowered.com/app/3467930/,https://vndb.org/v55169
3320790,Caught Lacking - Femboy Edition,2025-02-14,2025-02,vndb_steam_release,True,False,VNDB_ONLY,True,,v54853,r132201,Caught Lacking - Femboy Edition,complete,True,,,,https://store.steampowered.com/app/3320790/,https://vndb.org/v54853
3042250,Her Last Piece - Early Access [Act 1-2],2025-02-14,2025-02,vndb_steam_release,True,False,VNDB_ONLY,True,,v52755,r127376,Her Last Piece,partial,True,,,,https://store.steampowered.com/app/3042250/,https://vndb.org/v52755
3437720,Negaeui Bit: Je 3 Segye [Hari Route],2025-02-14,2025-02,vndb_steam_release,True,False,VNDB_ONLY,True,,v45037,r142075,Negaeui Bit,partial,True,,,,https://store.steampowered.com/app/3437720/,https://vndb.org/v45037
3505460,Online Obsession - Demo,2025-02-14,2025-02,vndb_steam_release,True,False,VNDB_ONLY,True,,v54895,r132298,Online Obsession,trial,True,,,,https://store.steampowered.com/app/3505460/,https://vndb.org/v54895
3363390,Passioners,2025-02-14,2025-02,vndb_steam_release,True,False,VNDB_ONLY,True,,v55857,r134512,Passioners,complete,True,,,,https://store.steampowered.com/app/3363390/,https://vndb.org/v55857
3518080,RAKKA: WAKE 01 - SOOT Demo,2025-02-14,2025-02,vndb_steam_release,True,False,VNDB_ONLY,True,,v63256,r151087,RAKKA: WAKE 01 - SOOT,trial,True,,,,https://store.steampowered.com/app/3518080/,https://vndb.org/v63256
3062530,Satan is an Astronaut,2025-02-14,2025-02,vndb_steam_release,True,False,VNDB_ONLY,True,,v47245,r124813,Satan is an Astronaut,complete,True,,,,https://store.steampowered.com/app/3062530/,https://vndb.org/v47245
3510040,Witch’s Lewd Curse - Demo,2025-02-14,2025-02,vndb_steam_release,True,False,VNDB_ONLY,True,,v57763,r138487,Witch’s Lewd Curse,trial,True,,,,https://store.steampowered.com/app/3510040/,https://vndb.org/v57763
2676930,Rebel Duet v0.11,2025-02-16,2025-02,vndb_steam_release,True,False,VNDB_ONLY,True,,v47843,r114928,Rebel Duet,partial,True,,,,https://store.steampowered.com/app/2676930/,https://vndb.org/v47843
3515770,Sex Adventures - Naughty Sisters - Episode 4,2025-02-16,2025-02,vndb_steam_release,True,False,VNDB_ONLY,True,,v53329,r132231,Sex Adventures - Naughty Sisters,partial,True,,,,https://store.steampowered.com/app/3515770/,https://vndb.org/v53329
3364590,Human-Hunting Hijinks,2025-02-17,2025-02,vndb_steam_release,True,False,VNDB_ONLY,True,,v54595,r132426,Human-Hunting Hijinks,complete,True,,,,https://store.steampowered.com/app/3364590/,https://vndb.org/v54595
3509350,Killer Chat! - Expanded Edition Demo,2025-02-17,2025-02,vndb_steam_release,True,False,VNDB_ONLY,True,,v52995,r132251,Killer Chat!,trial,True,,,,https://store.steampowered.com/app/3509350/,https://vndb.org/v52995
3533950,Death & Faeology - Demo,2025-02-18,2025-02,vndb_steam_release,True,False,VNDB_ONLY,True,,v53074,r132286,Death & Faeology,trial,True,,,,https://store.steampowered.com/app/3533950/,https://vndb.org/v53074
3180620,Eternal Glory - Demo,2025-02-18,2025-02,vndb_steam_release,True,False,VNDB_ONLY,True,,v52474,r134352,Eternal Glory,trial,True,,,,https://store.steampowered.com/app/3180620/,https://vndb.org/v52474
3386470,HUNDRED LINE -Saishuu Bouei Gakuen- Demo Ver.,2025-02-18,2025-02,vndb_steam_release,True,False,VNDB_ONLY,True,,v54897,r132312,HUNDRED LINE -Saishuu Bouei Gakuen-,trial,True,,,,https://store.steampowered.com/app/3386470/,https://vndb.org/v54897
3486670,Saihate Eki - Demo,2025-02-18,2025-02,vndb_steam_release,True,False,VNDB_ONLY,True,,v50880,r132628,Saihate Eki,trial,True,,,,https://store.steampowered.com/app/3486670/,https://vndb.org/v50880
3478800,ShadowLess Light Demo,2025-02-18,2025-02,vndb_steam_release,True,False,VNDB_ONLY,True,,v67405,r161705,ShadowLess Light,trial,True,,,,https://store.steampowered.com/app/3478800/,https://vndb.org/v67405
3462990,The Butterfly Dreams Demo,2025-02-18,2025-02,vndb_steam_release,True,False,VNDB_ONLY,True,,v52307,r142509,The Butterfly Dreams,trial,True,,,,https://store.steampowered.com/app/3462990/,https://vndb.org/v52307
3313420,Ai Guang: Jinpingmei,2025-02-19,2025-02,vndb_steam_release,True,False,VNDB_ONLY,True,,v54901,r132326,Ai Guang: Jinpingmei,complete,True,,,,https://store.steampowered.com/app/3313420/,https://vndb.org/v54901
2651530,Chuanyue Huang You Kai Hougong,2025-02-19,2025-02,vndb_steam_release,True,False,VNDB_ONLY,True,,v53142,r128219,Chuanyue Huang You Kai Hougong,complete,True,,,,https://store.steampowered.com/app/2651530/,https://vndb.org/v53142
3538300,Legendy Savvary: Cvety i Skorpiony - Demo,2025-02-19,2025-02,vndb_steam_release,True,False,VNDB_ONLY,True,,v47158,r132339,Legendy Savvary: Cvety i Skorpiony,trial,True,,,,https://store.steampowered.com/app/3538300/,https://vndb.org/v47158
3349490,Quantum Soteriology,2025-02-19,2025-02,vndb_steam_release,True,False,VNDB_ONLY,True,,v54902,r132327,Quantum Soteriology,complete,True,,,,https://store.steampowered.com/app/3349490/,https://vndb.org/v54902
3540140,Blumenia - Historias de un Mundo de Plantas - Demo,2025-02-20,2025-02,vndb_steam_release,True,False,VNDB_ONLY,True,,v54996,r132517,Blumenia - Historias de un Mundo de Plantas,trial,True,,,,https://store.steampowered.com/app/3540140/,https://vndb.org/v54996
3531140,Molytropia: Chapter II - Dead Stars Still Shine Here - Demo,2025-02-20,2025-02,vndb_steam_release,True,False,VNDB_ONLY,True,,v38494;v47662,r132362,"Kak v tom fil'me, tol'ko sovsem po-drugomu;Molytropia",complete;trial,True,,,,https://store.steampowered.com/app/3531140/,https://vndb.org/v38494
3100190,Naughty Nate: Cosplay,2025-02-20,2025-02,vndb_steam_release,True,False,VNDB_ONLY,True,,v53949,r130172,Naughty Nate: Cosplay,complete,True,,,,https://store.steampowered.com/app/3100190/,https://vndb.org/v53949
3530610,Unique Ladies 18+ Patch,2025-02-20,2025-02,vndb_steam_release,True,False,VNDB_ONLY,True,,v54911,r132350,Unique Ladies,complete,True,,,,https://store.steampowered.com/app/3530610/,https://vndb.org/v54911
3517140,Amneja28: dve vechnosti - Demo,2025-02-21,2025-02,vndb_steam_release,True,False,VNDB_ONLY,True,,v30804,r132570,Amneja28: dve vechnosti,trial,True,,,,https://store.steampowered.com/app/3517140/,https://vndb.org/v30804
3325550,BUSTAFELLOWS Season 2 - Demo,2025-02-21,2025-02,vndb_steam_release,True,False,VNDB_ONLY,True,,v29871,r132363,BUSTAFELLOWS Season 2,trial,True,,,,https://store.steampowered.com/app/3325550/,https://vndb.org/v29871
3491600,Dr. Kinderwood's Asylum,2025-02-21,2025-02,vndb_steam_release,True,False,VNDB_ONLY,True,,v52343,r132365,Lazaret Doktora Kindervuda,trial,True,,,,https://store.steampowered.com/app/3491600/,https://vndb.org/v52343
3152990,EmyLiveShow: How To Write A Bestseller - Adult Patch,2025-02-21,2025-02,vndb_steam_release,True,False,VNDB_ONLY,True,,v53461,r129041,EmyLiveShow: How To Write A Bestseller,complete,True,,,,https://store.steampowered.com/app/3152990/,https://vndb.org/v53461
3473020,I'd Lowkey Simp for that Bussin Femboy at Work,2025-02-21,2025-02,vndb_steam_release,True,False,VNDB_ONLY,True,,v54919,r132376,I'd Lowkey Simp for that Bussin Femboy at Work,complete,True,,,,https://store.steampowered.com/app/3473020/,https://vndb.org/v54919
3450070,In Your Shoes - Demo,2025-02-21,2025-02,vndb_steam_release,True,False,VNDB_ONLY,True,,v55853,r134503,In Your Shoes,trial,True,,,,https://store.steampowered.com/app/3450070/,https://vndb.org/v55853
2846220,Onee-chan to Issho. ~Yuina no Ama Ama Zen Koutei~,2025-02-21,2025-02,vndb_steam_release,True,False,VNDB_ONLY,True,,v45680,r126093,Onee-chan to Issho. ~Yuina no Ama Ama Zen Koutei~,complete,True,,,,https://store.steampowered.com/app/2846220/,https://vndb.org/v45680
3450810,Sci-Futa,2025-02-21,2025-02,vndb_steam_release,True,False,VNDB_ONLY,True,,v54918,r132374,Sci-Futa,complete,True,,,,https://store.steampowered.com/app/3450810/,https://vndb.org/v54918
3433710,Sex Wish: A Deliciously Naughty Porn VN - Demo,2025-02-21,2025-02,vndb_steam_release,True,False,VNDB_ONLY,True,,v55071,r134176,Sex Wish: A Deliciously Naughty Porn VN,trial,True,,,,https://store.steampowered.com/app/3433710/,https://vndb.org/v55071
3541700,Hardships Of A Vampire - Extended Demo,2025-02-22,2025-02,vndb_steam_release,True,False,VNDB_ONLY,True,,v47324,r132448,Hardships Of A Vampire,trial,True,,,,https://store.steampowered.com/app/3541700/,https://vndb.org/v47324
3257270,Haunted by Femboy - Demo,2025-02-22,2025-02,vndb_steam_release,True,False,VNDB_ONLY,True,,v55029,r132611,Haunted by Femboy,trial,True,,,,https://store.steampowered.com/app/3257270/,https://vndb.org/v55029
3151250,Zhong Zhuan Yubeiyi,2025-02-22,2025-02,vndb_steam_release,True,False,VNDB_ONLY,True,,v54929,r132393,Zhong Zhuan Yubeiyi,complete,True,,,,https://store.steampowered.com/app/3151250/,https://vndb.org/v54929
3542800,Sprunki Town - Demo,2025-02-23,2025-02,vndb_steam_release,True,False,VNDB_ONLY,True,,v54995,r132515,Sprunki Town,trial,True,,,,https://store.steampowered.com/app/3542800/,https://vndb.org/v54995
1330190,A Town Uncovered,2025-02-24,2025-02,vndb_steam_release,True,False,VNDB_ONLY,True,,v20614,r50229,A Town Uncovered,complete,True,,,,https://store.steampowered.com/app/1330190/,https://vndb.org/v20614
3490100,Born to Breed - Demo,2025-02-24,2025-02,vndb_steam_release,True,False,VNDB_ONLY,True,,v52176,r135279,Born to Breed,trial,True,,,,https://store.steampowered.com/app/3490100/,https://vndb.org/v52176
3511020,"Ja p'ju Schavelevyj Kofe, chtoby perezapustit' real'nost', no na menja ohotjatsja Monstro-Devushki i vooruzhjonnye agenty;Ja p'ju Schavelevyj Kofe, chtoby perezapustit' real'nost', no na menja ohotjatsja Monstro-Devushki i vooruzhjonnye agenty - Demo",2025-02-24,2025-02,vndb_steam_release,True,False,VNDB_ONLY,True,,v56399,r135642;r135650,"Ja p'ju Schavelevyj Kofe, chtoby perezapustit' real'nost', no na menja ohotjatsja Monstro-Devushki i vooruzhjonnye agenty",complete;trial,True,,,,https://store.steampowered.com/app/3511020/,https://vndb.org/v56399
3499650,Sex Adventures - Incest Family - Episode 3,2025-02-24,2025-02,vndb_steam_release,True,False,VNDB_ONLY,True,,v54361,r132453,Sex Adventures - Incest Family,partial,True,,,,https://store.steampowered.com/app/3499650/,https://vndb.org/v54361
3264870,Unspoken Echoes - Demo,2025-02-24,2025-02,vndb_steam_release,True,False,VNDB_ONLY,True,,v60892,r145662,Unspoken Echoes,trial,True,,,,https://store.steampowered.com/app/3264870/,https://vndb.org/v60892
2275560,Westview Academy - Season 1,2025-02-24,2025-02,vndb_steam_release,True,False,VNDB_ONLY,True,,v38219,r112179,Westview Academy,partial,True,,,,https://store.steampowered.com/app/2275560/,https://vndb.org/v38219
3513630,Poterjannaja beskonechnost' - Demo,2025-02-25,2025-02,vndb_steam_release,True,False,VNDB_ONLY,True,,v57813,r138554,Poterjannaja beskonechnost',trial,True,,,,https://store.steampowered.com/app/3513630/,https://vndb.org/v57813
3310630,Ai Ai Demo,2025-02-26,2025-02,vndb_steam_release,True,False,VNDB_ONLY,True,,v59041,r141113,Ai Ai,trial,True,,,,https://store.steampowered.com/app/3310630/,https://vndb.org/v59041
3145810,Boku to Kanojo-tachi no Jisshuu Nisshi,2025-02-26,2025-02,vndb_steam_release,True,False,VNDB_ONLY,True,,v55001,r132529,Boku to Kanojo-tachi no Jisshuu Nisshi,complete,True,,,,https://store.steampowered.com/app/3145810/,https://vndb.org/v55001
2473890,DDinosaur with Double D's,2025-02-26,2025-02,vndb_steam_release,True,False,VNDB_ONLY,True,,v61528,r147026,DDinosaur with Double D's,complete,True,,,,https://store.steampowered.com/app/2473890/,https://vndb.org/v61528
3375760,Orc Covenant: Yurl's Redemption,2025-02-26,2025-02,vndb_steam_release,True,False,VNDB_ONLY,True,,v40644,r133843,Orc Covenant,complete,True,,,,https://store.steampowered.com/app/3375760/,https://vndb.org/v40644
3546200,Dang'an Guiji Demo,2025-02-27,2025-02,vndb_steam_release,True,False,VNDB_ONLY,True,,v60619,r145115,Dang'an Guiji,trial,True,,,,https://store.steampowered.com/app/3546200/,https://vndb.org/v60619
3558710,"Darling, Darling... Devious!",2025-02-27,2025-02,vndb_steam_release,True,False,VNDB_ONLY,True,,v55153,r132871,"Darling, Darling... Devious!",complete,True,,,,https://store.steampowered.com/app/3558710/,https://vndb.org/v55153
3282830,Hanaemu Kare to & bloom - Additional Scenario - Flower Halloween Night,2025-02-27,2025-02,vndb_steam_release,True,False,VNDB_ONLY,True,,v47546,r136136,Hanaemu Kare to & bloom,partial,True,,,,https://store.steampowered.com/app/3282830/,https://vndb.org/v47546
3544690,TIHIJ DEN Demo,2025-02-27,2025-02,vndb_steam_release,True,False,VNDB_ONLY,True,,v55077,r132700,TIHIJ DEN,trial,True,,,,https://store.steampowered.com/app/3544690/,https://vndb.org/v55077
3502160,Worn Out - Demo,2025-02-28,2025-02,vndb_steam_release,True,False,VNDB_ONLY,True,,v56749,r146695,Worn Out,trial,True,,,,https://store.steampowered.com/app/3502160/,https://vndb.org/v56749
3289010,Xmas Surprise,2025-02-28,2025-02,vndb_steam_release,True,False,VNDB_ONLY,True,,v53629,r129460,Xmas Surprise,complete,True,,,,https://store.steampowered.com/app/3289010/,https://vndb.org/v53629
3345010,Qianse DLC,2025-03-01,2025-03,vndb_steam_release,True,False,VNDB_ONLY,True,,v50574,r132603,Qianse,complete,True,,,,https://store.steampowered.com/app/3345010/,https://vndb.org/v50574
3052310,Monster Ops 4,2025-03-02,2025-03,vndb_steam_release,True,False,VNDB_ONLY,True,,v51705,r128247,Monster Ops,partial,True,,,,https://store.steampowered.com/app/3052310/,https://vndb.org/v51705
3555720,Echoes - Demo,2025-03-03,2025-03,vndb_steam_release,True,False,VNDB_ONLY,True,,v16982,r132705,Echoes: Greenhearth,trial,True,,,,https://store.steampowered.com/app/3555720/,https://vndb.org/v16982
3520850,In Ashes - Demo,2025-03-03,2025-03,vndb_steam_release,True,False,VNDB_ONLY,True,,v55079,r132706,In Ashes,trial,True,,,,https://store.steampowered.com/app/3520850/,https://vndb.org/v55079
2348820,Living In A Brothel - Early Access,2025-03-03,2025-03,vndb_steam_release,True,False,VNDB_ONLY,True,,v46884,r112524,Living In A Brothel,partial,True,,,,https://store.steampowered.com/app/2348820/,https://vndb.org/v46884
3547500,Rottenroots: Sundown Demo,2025-03-03,2025-03,vndb_steam_release,True,False,VNDB_ONLY,True,,v55092,r132731,Rottenroots,trial,True,,,,https://store.steampowered.com/app/3547500/,https://vndb.org/v55092
2586150,The Builder - Season 1,2025-03-03,2025-03,vndb_steam_release,True,False,VNDB_ONLY,True,,v54439,r132740,The Builder,partial,True,,,,https://store.steampowered.com/app/2586150/,https://vndb.org/v54439
3166910,The Builder - Season 2 - Early Access,2025-03-03,2025-03,vndb_steam_release,True,False,VNDB_ONLY,True,,v54439,r132741,The Builder,partial,True,,,,https://store.steampowered.com/app/3166910/,https://vndb.org/v54439
3556950,The Symbiant II - SFW Demo,2025-03-03,2025-03,vndb_steam_release,True,False,VNDB_ONLY,True,,v54891,r132701,The Symbiant II,trial,True,,,,https://store.steampowered.com/app/3556950/,https://vndb.org/v54891
3555290,Whispering Memories - Demo,2025-03-03,2025-03,vndb_steam_release,True,False,VNDB_ONLY,True,,v55082,r132714,Whispering Memories,trial,True,,,,https://store.steampowered.com/app/3555290/,https://vndb.org/v55082
3512440,Love Cult - Demo,2025-03-04,2025-03,vndb_steam_release,True,False,VNDB_ONLY,True,,v54313,r132733,Love Cult,trial,True,,,,https://store.steampowered.com/app/3512440/,https://vndb.org/v54313
3394720,Scarlett University;Scarlett University Demo,2025-03-04,2025-03,vndb_steam_release,True,False,VNDB_ONLY,True,,v55016,r132567;r132569,Scarlett University,complete;trial,True,,,,https://store.steampowered.com/app/3394720/,https://vndb.org/v55016
3527930,Sex Adventures - Incest Family - Episode 4,2025-03-04,2025-03,vndb_steam_release,True,False,VNDB_ONLY,True,,v54361,r132775,Sex Adventures - Incest Family,partial,True,,,,https://store.steampowered.com/app/3527930/,https://vndb.org/v54361
3552490,Stellar Code Demo,2025-03-04,2025-03,vndb_steam_release,True,False,VNDB_ONLY,True,,v54091,r136794,Stellar Code,trial,True,,,,https://store.steampowered.com/app/3552490/,https://vndb.org/v54091
3565960,Ved'my zov - Demo,2025-03-04,2025-03,vndb_steam_release,True,False,VNDB_ONLY,True,,v55255,r133168,Ved'my zov,trial,True,,,,https://store.steampowered.com/app/3565960/,https://vndb.org/v55255
3571860,Gretel no Honkai - Demo,2025-03-05,2025-03,vndb_steam_release,True,False,VNDB_ONLY,True,,v55112,r132769,Gretel no Honkai,trial,True,,,,https://store.steampowered.com/app/3571860/,https://vndb.org/v55112
3467870,Lyndaria: Shadows of the Past DLC,2025-03-06,2025-03,vndb_steam_release,True,False,VNDB_ONLY,True,,v49388,r132914,Lyndaria: Lust Adventure,complete,True,,,,https://store.steampowered.com/app/3467870/,https://vndb.org/v49388
2778850,"One Iced Latte With Your Breast Milk, Please!",2025-03-06,2025-03,vndb_steam_release,True,False,VNDB_ONLY,True,,v51665,r125083,"One Iced Latte With Your Breast Milk, Please! ☕",complete,True,,,,https://store.steampowered.com/app/2778850/,https://vndb.org/v51665
3038740,Tea Girls,2025-03-06,2025-03,vndb_steam_release,True,False,VNDB_ONLY,True,,v53557,r129805,Tea Girls,complete,True,,,,https://store.steampowered.com/app/3038740/,https://vndb.org/v53557
3542690,Colors of the Past,2025-03-07,2025-03,vndb_steam_release,True,False,VNDB_ONLY,True,,v55155,r132880,Colors of the Past,complete,True,,,,https://store.steampowered.com/app/3542690/,https://vndb.org/v55155
3213410,Mythos: Book One - Demo,2025-03-07,2025-03,vndb_steam_release,True,False,VNDB_ONLY,True,,v51034,r136015,Mythos: Book One,trial,True,,,,https://store.steampowered.com/app/3213410/,https://vndb.org/v51034
1998050,The Swordbearer [v0.11],2025-03-07,2025-03,vndb_steam_release,True,False,VNDB_ONLY,True,,v45921,r110476,The Swordbearer,partial,True,,,,https://store.steampowered.com/app/1998050/,https://vndb.org/v45921
3584070,Wolf and The Warren,2025-03-07,2025-03,vndb_steam_release,True,False,VNDB_ONLY,True,,v55573,r133828,Wolf and The Warren,complete,True,,,,https://store.steampowered.com/app/3584070/,https://vndb.org/v55573
3298250,Yoshima: Hentai Simulator,2025-03-07,2025-03,vndb_steam_release,True,False,VNDB_ONLY,True,,v63183,r150928,Yoshima: Hentai Simulator,complete,True,,,,https://store.steampowered.com/app/3298250/,https://vndb.org/v63183
3507380,"Jason, Coming of Age - Demo",2025-03-10,2025-03,vndb_steam_release,True,False,VNDB_ONLY,True,,v48939,r138043,"Jason, Coming of Age",trial,True,,,,https://store.steampowered.com/app/3507380/,https://vndb.org/v48939
3556800,Moondusk Masquerade - Demo,2025-03-10,2025-03,vndb_steam_release,True,False,VNDB_ONLY,True,,v55270,r133205,Moondusk Masquerade,trial,True,,,,https://store.steampowered.com/app/3556800/,https://vndb.org/v55270
3437280,The Masculine Urge To Blow a Femboy,2025-03-10,2025-03,vndb_steam_release,True,False,VNDB_ONLY,True,,v55168,r132923,The Masculine Urge To Blow a Femboy,complete,True,,,,https://store.steampowered.com/app/3437280/,https://vndb.org/v55168
3524570,Bliss Valley,2025-03-11,2025-03,vndb_steam_release,True,False,VNDB_ONLY,True,,v55173,r132951,Bliss Valley,complete,True,,,,https://store.steampowered.com/app/3524570/,https://vndb.org/v55173
3532920,Sex Adventures - Naughty Sisters - Episode 5,2025-03-12,2025-03,vndb_steam_release,True,False,VNDB_ONLY,True,,v53329,r132982,Sex Adventures - Naughty Sisters,partial,True,,,,https://store.steampowered.com/app/3532920/,https://vndb.org/v53329
3051720,Bloodcrave: R18 Prologue,2025-03-13,2025-03,vndb_steam_release,True,False,VNDB_ONLY,True,,v43022,r127736,Bloodcrave,trial,True,,,,https://store.steampowered.com/app/3051720/,https://vndb.org/v43022
3491370,HELL-O-UNIVERSITY,2025-03-13,2025-03,vndb_steam_release,True,False,VNDB_ONLY,True,,v54451,r131250,Hell-O-University,complete,True,,,,https://store.steampowered.com/app/3491370/,https://vndb.org/v54451
3489100,Clover Reset Demo,2025-03-14,2025-03,vndb_steam_release,True,False,VNDB_ONLY,True,,v51155,r133116,Clover Reset,trial,True,,,,https://store.steampowered.com/app/3489100/,https://vndb.org/v51155
3646220,Edgefield - V0.1.0,2025-03-14,2025-03,vndb_steam_release,True,False,VNDB_ONLY,True,,v56436,r135746,Edgefield,partial,True,,,,https://store.steampowered.com/app/3646220/,https://vndb.org/v56436
3477210,Mingi Zhuiyi - Trial Version,2025-03-14,2025-03,vndb_steam_release,True,False,VNDB_ONLY,True,,v46788,r133217,Mingi Zhuiyi,trial,True,,,,https://store.steampowered.com/app/3477210/,https://vndb.org/v46788
2437640,Parfum Nostalgique: Full Bloom Edition,2025-03-14,2025-03,vndb_steam_release,True,False,VNDB_ONLY,True,,v38795,r133025,Parfum Nostalgique,complete,True,,,,https://store.steampowered.com/app/2437640/,https://vndb.org/v38795
3551200,slime feet,2025-03-15,2025-03,vndb_steam_release,True,False,VNDB_ONLY,True,,v53662,r132550,slime feet,complete,True,,,,https://store.steampowered.com/app/3551200/,https://vndb.org/v53662
3471590,Coffee & Boobs;Coffee & Boobs v0.2,2025-03-17,2025-03,vndb_steam_release,True,False,VNDB_ONLY,True,,v54720,r131828;r132523,Coffee & Boobs,complete;trial,True,,,,https://store.steampowered.com/app/3471590/,https://vndb.org/v54720
2884750,Monstrous Liberation - Early Access,2025-03-17,2025-03,vndb_steam_release,True,False,VNDB_ONLY,True,,v54287,r130899,Monstrous Liberation,partial,True,,,,https://store.steampowered.com/app/2884750/,https://vndb.org/v54287
2487090,Symbol of Sacrifice Demo,2025-03-17,2025-03,vndb_steam_release,True,False,VNDB_ONLY,True,,v49451,r144989,Symbol of Sacrifice,trial,True,,,,https://store.steampowered.com/app/2487090/,https://vndb.org/v49451
3201360,Xiaojie! Bie danwu wo shang fen!,2025-03-17,2025-03,vndb_steam_release,True,False,VNDB_ONLY,True,,v63186,r150933,Xiaojie! Bie danwu wo shang fen!,complete,True,,,,https://store.steampowered.com/app/3201360/,https://vndb.org/v63186
3536400,Incest Story: Mother and Aunt,2025-03-18,2025-03,vndb_steam_release,True,False,VNDB_ONLY,True,,v55284,r133235,Incest Story: Mother and Aunt,complete,True,,,,https://store.steampowered.com/app/3536400/,https://vndb.org/v55284
2431690,We Are Lost: Part I,2025-03-18,2025-03,vndb_steam_release,True,False,VNDB_ONLY,True,,v53892,r130016,We Are Lost,partial,True,,,,https://store.steampowered.com/app/2431690/,https://vndb.org/v53892
3559550,Sex Adventures - Incest Family - Episode 5,2025-03-20,2025-03,vndb_steam_release,True,False,VNDB_ONLY,True,,v54361,r133221,Sex Adventures - Incest Family,partial,True,,,,https://store.steampowered.com/app/3559550/,https://vndb.org/v54361
3426930,Adult Education,2025-03-21,2025-03,vndb_steam_release,True,False,VNDB_ONLY,True,,v59170,r141373,Adult Education,complete,True,,,,https://store.steampowered.com/app/3426930/,https://vndb.org/v59170
3208880,Aquilon's Sex Quest,2025-03-21,2025-03,vndb_steam_release,True,False,VNDB_ONLY,True,,v60786,r145488,Aquilon's Sex Quest,complete,True,,,,https://store.steampowered.com/app/3208880/,https://vndb.org/v60786
3770250,Game of Hearts,2025-03-21,2025-03,vndb_steam_release,True,False,VNDB_ONLY,True,,v46087,r110791,Game of Hearts,complete,True,,,,https://store.steampowered.com/app/3770250/,https://vndb.org/v46087
3524190,Kaitou Tenshi Twin Angel ~Toki to Sekai no Labyrinth~ Re:light+ DLC,2025-03-21,2025-03,vndb_steam_release,True,False,VNDB_ONLY,True,,v16238,r130340,Kaitou Tenshi Twin Angel ~Toki to Sekai no Labyrinth~,complete,True,,,,https://store.steampowered.com/app/3524190/,https://vndb.org/v16238
3587540,Scenes from the Heart Part 1 - Demo,2025-03-21,2025-03,vndb_steam_release,True,False,VNDB_ONLY,True,,v58624,r140246,Scenes from the Heart,trial,True,,,,https://store.steampowered.com/app/3587540/,https://vndb.org/v58624
3461470,Keishi no Tame no Counsel - Demo,2025-03-23,2025-03,vndb_steam_release,True,False,VNDB_ONLY,True,,v55412,r134806,Keishi no Tame no Counsel,trial,True,,,,https://store.steampowered.com/app/3461470/,https://vndb.org/v55412
3544220,Miwu Daoyu: 9 Hao Wanneng Demo,2025-03-23,2025-03,vndb_steam_release,True,False,VNDB_ONLY,True,,v60329,r144401,Miwu Daoyu: 9 Hao Wanneng Shiji,trial,True,,,,https://store.steampowered.com/app/3544220/,https://vndb.org/v60329
3456510,Cage of Roses - Adult Patch,2025-03-24,2025-03,vndb_steam_release,True,False,VNDB_ONLY,True,,v50879,r161340,Cage of Roses,complete,True,,,,https://store.steampowered.com/app/3456510/,https://vndb.org/v50879
3227550,Cage of Roses - Demo,2025-03-24,2025-03,vndb_steam_release,True,False,VNDB_ONLY,True,,v50879,r161343,Cage of Roses,trial,True,,,,https://store.steampowered.com/app/3227550/,https://vndb.org/v50879
3317630,Christine's Care,2025-03-25,2025-03,vndb_steam_release,True,False,VNDB_ONLY,True,,v55326,r133334,Christine's Care,complete,True,,,,https://store.steampowered.com/app/3317630/,https://vndb.org/v55326
3615120,You Shouldn't Be Here - Demo,2025-03-25,2025-03,vndb_steam_release,True,False,VNDB_ONLY,True,,v55335,r133352,You Shouldn't Be Here,trial,True,,,,https://store.steampowered.com/app/3615120/,https://vndb.org/v55335
2949440,Cong Hua'mian Zhong Chu'lai de Wo Tui Vtuber de Tongju Shenghuo Xiang'gen Shu'min'pai De Xi'xue'gui Da'xiao'jie Qian'xia Qi'yue Censored Edition,2025-03-26,2025-03,vndb_steam_release,True,False,VNDB_ONLY,True,,v42883,r130077,Gamen kara Detekita Oshi Vtuber to H na Dousei Seikatsu ~Shomin-ha Kyuuketsuki Ojou-sama wa Keiyaku Shitai~,complete,True,,,,https://store.steampowered.com/app/2949440/,https://vndb.org/v42883
2949450,Cong Hua'mian Zhong Chu'lai de Wo Tui Vtuber de Tongju Shenghuo ~Meng'mo Ke'ai ASMR Zhu'bo Shi Di'lei'xi~ Censored Edition,2025-03-26,2025-03,vndb_steam_release,True,False,VNDB_ONLY,True,,v44092,r130078,Gamen kara Detekita Oshi Vtuber to H na Dousei Seikatsu ~Muma Kawa ASMR Haishinsha wa Jirai-kei ?~,complete,True,,,,https://store.steampowered.com/app/2949450/,https://vndb.org/v44092
3299570,No Mercy,2025-03-26,2025-03,vndb_steam_release,True,False,VNDB_ONLY,True,,v54031,r130380,No Mercy,complete,True,,,,https://store.steampowered.com/app/3299570/,https://vndb.org/v54031
2697490,Qi Shen Nong Gui - Early Access,2025-03-26,2025-03,vndb_steam_release,True,False,VNDB_ONLY,True,,v55894,r134646,Qi Shen Nong Gui,partial,True,,,,https://store.steampowered.com/app/2697490/,https://vndb.org/v55894
3439800,Between Invisible Walls,2025-03-27,2025-03,vndb_steam_release,True,False,VNDB_ONLY,True,,v55369,r133443,Between Invisible Walls,complete,True,,,,https://store.steampowered.com/app/3439800/,https://vndb.org/v55369
3218120,Fuuraiki,2025-03-27,2025-03,vndb_steam_release,True,False,VNDB_ONLY,True,,v7289,r130006,Fuuraiki,complete,True,,,,https://store.steampowered.com/app/3218120/,https://vndb.org/v7289
3442450,In The Dark - Part 1,2025-03-27,2025-03,vndb_steam_release,True,False,VNDB_ONLY,True,,v51994,r133444,In The Dark,partial,True,,,,https://store.steampowered.com/app/3442450/,https://vndb.org/v51994
3626980,"Proschaj, my vidimsja s toboj v poslednij raz… - Demo",2025-03-27,2025-03,vndb_steam_release,True,False,VNDB_ONLY,True,,v36427,r133916,"Proschaj, my vidimsja s toboj v poslednij raz…",trial,True,,,,https://store.steampowered.com/app/3626980/,https://vndb.org/v36427
3482100,A Night With: SuperHero,2025-03-28,2025-03,vndb_steam_release,True,False,VNDB_ONLY,True,,v55400,r133525,A Night With: SuperHero,complete,True,,,,https://store.steampowered.com/app/3482100/,https://vndb.org/v55400
3407830,Changgui Tuoli Creative Tu,2025-03-28,2025-03,vndb_steam_release,True,False,VNDB_ONLY,True,,v33205,r118911,Hamidashi Creative Totsu,complete,True,,,,https://store.steampowered.com/app/3407830/,https://vndb.org/v33205
3030240,CuckTales 🐓🌈,2025-03-28,2025-03,vndb_steam_release,True,False,VNDB_ONLY,True,,v51658,r125070,CuckTales 🐓🌈,complete,True,,,,https://store.steampowered.com/app/3030240/,https://vndb.org/v51658
3394080,Friendship with Benefits 2,2025-03-28,2025-03,vndb_steam_release,True,False,VNDB_ONLY,True,,v52420,r126725,Friendship with Benefits 2,complete,True,,,,https://store.steampowered.com/app/3394080/,https://vndb.org/v52420
3541280,Isekai Mom Stories,2025-03-28,2025-03,vndb_steam_release,True,False,VNDB_ONLY,True,,v55409,r133547,Isekai Mom Stories,complete,True,,,,https://store.steampowered.com/app/3541280/,https://vndb.org/v55409
3561980,Sex Adventures - Naughty Sisters - Episode 6,2025-03-28,2025-03,vndb_steam_release,True,False,VNDB_ONLY,True,,v53329,r133489,Sex Adventures - Naughty Sisters,partial,True,,,,https://store.steampowered.com/app/3561980/,https://vndb.org/v53329
2804550,Saikyou☆Angel Zerachiel! - Censored Edition,2025-03-29,2025-03,vndb_steam_release,True,False,VNDB_ONLY,True,,v59781,r142930,Saikyou☆Angel Zerachiel!,complete,True,,,,https://store.steampowered.com/app/2804550/,https://vndb.org/v59781
4008410,My Toes Story Demo,2025-03-30,2025-03,vndb_steam_release,True,False,VNDB_ONLY,True,,v59603,r142571,My Toes Story,trial,True,,,,https://store.steampowered.com/app/4008410/,https://vndb.org/v59603
3535500,Kamilia - Demo,2025-04-01,2025-04,vndb_steam_release,True,False,VNDB_ONLY,True,,v65340,r156748,Kamilia,trial,True,,,,https://store.steampowered.com/app/3535500/,https://vndb.org/v65340
1264710,Love & Sex: Second Base v25.03,2025-04-01,2025-04,vndb_steam_release,True,False,VNDB_ONLY,True,,v30221,r77325,Love & Sex: Second Base,partial,True,,,,https://store.steampowered.com/app/1264710/,https://vndb.org/v30221
3015930,Monster Lover 2: Ambrosilas,2025-04-01,2025-04,vndb_steam_release,True,False,VNDB_ONLY,True,,v53956,r130193,Monster Lover 2: Ambrosilas,complete,True,,,,https://store.steampowered.com/app/3015930/,https://vndb.org/v53956
3564250,Room of Lust - Dirty Conversation With Mom After,2025-04-01,2025-04,vndb_steam_release,True,False,VNDB_ONLY,True,,v61271,r146375,Room of Lust - Dirty Conversation With Mom After,complete,True,,,,https://store.steampowered.com/app/3564250/,https://vndb.org/v61271
4703480,The One - Chapter 4,2025-04-01,2025-04,vndb_steam_release,True,False,VNDB_ONLY,True,,v35105,r115163,The One,partial,True,,,,https://store.steampowered.com/app/4703480/,https://vndb.org/v35105
3583800,Hai yu Yu - Ocean and Fish,2025-04-02,2025-04,vndb_steam_release,True,False,VNDB_ONLY,True,,v65255,r156423,Hai yu Yu - Ocean and Fish,complete,True,,,,https://store.steampowered.com/app/3583800/,https://vndb.org/v65255
3161530,Monster Ops 5,2025-04-02,2025-04,vndb_steam_release,True,False,VNDB_ONLY,True,,v51705,r129227,Monster Ops,partial,True,,,,https://store.steampowered.com/app/3161530/,https://vndb.org/v51705
3201560,RENAI BAKUDAN,2025-04-02,2025-04,vndb_steam_release,True,False,VNDB_ONLY,True,,v47162,r113326,RENAI BAKUDAN,complete,True,,,,https://store.steampowered.com/app/3201560/,https://vndb.org/v47162
3423050,"An alien girl fell on my head, and now I must save our world by demonstrating great and beautiful love",2025-04-03,2025-04,vndb_steam_release,True,False,VNDB_ONLY,True,,v55537,r133759,"An alien girl fell on my head, and now I must save our world by demonstrating great and beautiful love",complete,True,,,,https://store.steampowered.com/app/3423050/,https://vndb.org/v55537
3530660,Reboot My Heart,2025-04-03,2025-04,vndb_steam_release,True,False,VNDB_ONLY,True,,v55538,r133760,Reboot My Heart,complete,True,,,,https://store.steampowered.com/app/3530660/,https://vndb.org/v55538
3690810,Actual Roommates,2025-04-04,2025-04,vndb_steam_release,True,False,VNDB_ONLY,True,,v50706,r122705,Actual Roommates,complete,True,,,,https://store.steampowered.com/app/3690810/,https://vndb.org/v50706
3521670,My Femboy Maid,2025-04-04,2025-04,vndb_steam_release,True,False,VNDB_ONLY,True,,v55563,r133799,My Femboy Maid,complete,True,,,,https://store.steampowered.com/app/3521670/,https://vndb.org/v55563
2863160,Projekt: Passion - Season 2,2025-04-04,2025-04,vndb_steam_release,True,False,VNDB_ONLY,True,,v39788,r133801,Projekt: Passion,partial,True,,,,https://store.steampowered.com/app/2863160/,https://vndb.org/v39788
3573780,Sex Adventures - Incest Family - Episode 6,2025-04-04,2025-04,vndb_steam_release,True,False,VNDB_ONLY,True,,v54361,r133798,Sex Adventures - Incest Family,partial,True,,,,https://store.steampowered.com/app/3573780/,https://vndb.org/v54361
3465680,Sex Note,2025-04-04,2025-04,vndb_steam_release,True,False,VNDB_ONLY,True,,v55562,r133797,Sex Note,complete,True,,,,https://store.steampowered.com/app/3465680/,https://vndb.org/v55562
2713690,Shattered Minds - Early Acess,2025-04-04,2025-04,vndb_steam_release,True,False,VNDB_ONLY,True,,v54843,r139159,Shattered Minds,partial,True,,,,https://store.steampowered.com/app/2713690/,https://vndb.org/v54843
3528490,Swipe Right for Sugar Mama Sensei,2025-04-04,2025-04,vndb_steam_release,True,False,VNDB_ONLY,True,,v51017,r133528,Mamakatsu Shitara Tomodachi no Majime na Kyonyuu Mama ga Aite Datta no de Haramase Onaho ni Shita Ken,complete,True,,,,https://store.steampowered.com/app/3528490/,https://vndb.org/v51017
3621630,This Party Is Killer - Demo,2025-04-04,2025-04,vndb_steam_release,True,False,VNDB_ONLY,True,,v55561,r133795,This Party Is Killer,trial,True,,,,https://store.steampowered.com/app/3621630/,https://vndb.org/v55561
3625610,Futanari Affairs,2025-04-07,2025-04,vndb_steam_release,True,False,VNDB_ONLY,True,,v55606,r133896,Futanari Affairs,complete,True,,,,https://store.steampowered.com/app/3625610/,https://vndb.org/v55606
3437270,I Rizzed Up a Femboy,2025-04-07,2025-04,vndb_steam_release,True,False,VNDB_ONLY,True,,v55616,r133927,I Rizzed Up a Femboy,complete,True,,,,https://store.steampowered.com/app/3437270/,https://vndb.org/v55616
3585840,Lavandove pole - Demo,2025-04-07,2025-04,vndb_steam_release,True,False,VNDB_ONLY,True,,v58741,r140531,Lavandove pole,trial,True,,,,https://store.steampowered.com/app/3585840/,https://vndb.org/v58741
3393580,Phantoms,2025-04-08,2025-04,vndb_steam_release,True,False,VNDB_ONLY,True,,v55654,r133988,Phantoms,complete,True,,,,https://store.steampowered.com/app/3393580/,https://vndb.org/v55654
3554360,Voices: From the Stars - Demo,2025-04-08,2025-04,vndb_steam_release,True,False,VNDB_ONLY,True,,v55724,r134158,Voices: From the Stars,trial,True,,,,https://store.steampowered.com/app/3554360/,https://vndb.org/v55724
3627850,Zhou'erfushi de Xiatian Demo,2025-04-08,2025-04,vndb_steam_release,True,False,VNDB_ONLY,True,,v55413,r134220,Zhou'erfushi de Xiatian,trial,True,,,,https://store.steampowered.com/app/3627850/,https://vndb.org/v55413
2989590,A Tithe in Blood - Voiced Demo,2025-04-09,2025-04,vndb_steam_release,True,False,VNDB_ONLY,True,,v51138,r134000,A Tithe in Blood,trial,True,,,,https://store.steampowered.com/app/2989590/,https://vndb.org/v51138
3412680,Sex Wish: A Deliciously Naughty Porn VN,2025-04-10,2025-04,vndb_steam_release,True,False,VNDB_ONLY,True,,v55071,r132687,Sex Wish: A Deliciously Naughty Porn VN,complete,True,,,,https://store.steampowered.com/app/3412680/,https://vndb.org/v55071
3601730,Camp Buddy: Scoutmaster Season - Side Stories DLC,2025-04-11,2025-04,vndb_steam_release,True,False,VNDB_ONLY,True,,v29882,r134212,Camp Buddy: Scoutmaster Season,complete,True,,,,https://store.steampowered.com/app/3601730/,https://vndb.org/v29882
2418120,Saviour of the Wasteland,2025-04-11,2025-04,vndb_steam_release,True,False,VNDB_ONLY,True,,v45800,r110186,Saviour of the Wasteland,complete,True,,,,https://store.steampowered.com/app/2418120/,https://vndb.org/v45800
3651290,Invisible Wall - Demo,2025-04-12,2025-04,vndb_steam_release,True,False,VNDB_ONLY,True,,v55753,r134234,Invisible Wall,trial,True,,,,https://store.steampowered.com/app/3651290/,https://vndb.org/v55753
3596630,Sex Adventures - Naughty Sisters - Episode 7,2025-04-13,2025-04,vndb_steam_release,True,False,VNDB_ONLY,True,,v53329,r134277,Sex Adventures - Naughty Sisters,partial,True,,,,https://store.steampowered.com/app/3596630/,https://vndb.org/v53329
3658880,Gaozhongsheng Moniqi Demo,2025-04-16,2025-04,vndb_steam_release,True,False,VNDB_ONLY,True,,v60611,r145080,Gaozhongsheng Moniqi,trial,True,,,,https://store.steampowered.com/app/3658880/,https://vndb.org/v60611
3576960,Les meto la pija a las amigas de mi hija,2025-04-16,2025-04,vndb_steam_release,True,False,VNDB_ONLY,True,,v55816,r134411,Les meto la pija a las amigas de mi hija,complete,True,,,,https://store.steampowered.com/app/3576960/,https://vndb.org/v55816
3615830,Sex Adventures - Incest Family - Episode 7,2025-04-16,2025-04,vndb_steam_release,True,False,VNDB_ONLY,True,,v54361,r134351,Sex Adventures - Incest Family,partial,True,,,,https://store.steampowered.com/app/3615830/,https://vndb.org/v54361
3845740,Your Crown is Mine - Demo,2025-04-16,2025-04,vndb_steam_release,True,False,VNDB_ONLY,True,,v56830,r136719,Your Crown Is Mine,trial,True,,,,https://store.steampowered.com/app/3845740/,https://vndb.org/v56830
3477950,Perfect Shot,2025-04-18,2025-04,vndb_steam_release,True,False,VNDB_ONLY,True,,v62086,r148179,Perfect Shot,complete,True,,,,https://store.steampowered.com/app/3477950/,https://vndb.org/v62086
2902570,Rebellion: Rise of the Damned,2025-04-18,2025-04,vndb_steam_release,True,False,VNDB_ONLY,True,,v41879,r122896,Rebellion,partial,True,,,,https://store.steampowered.com/app/2902570/,https://vndb.org/v41879
3410270,Cerulean Invasion - Demo,2025-04-19,2025-04,vndb_steam_release,True,False,VNDB_ONLY,True,,v55824,r134444,Cerulean Invasion,trial,True,,,,https://store.steampowered.com/app/3410270/,https://vndb.org/v55824
3022950,In Your Shoes,2025-04-21,2025-04,vndb_steam_release,True,False,VNDB_ONLY,True,,v55853,r134504,In Your Shoes,complete,True,,,,https://store.steampowered.com/app/3022950/,https://vndb.org/v55853
3666310,Neko No Sentouki: The Greatest Fighter - Demo,2025-04-21,2025-04,vndb_steam_release,True,False,VNDB_ONLY,True,,v56108,r135012,Neko No Sentouki: The Greatest Fighter,trial,True,,,,https://store.steampowered.com/app/3666310/,https://vndb.org/v56108
3500550,Schrödinger's Call Episode 1 Demo,2025-04-23,2025-04,vndb_steam_release,True,False,VNDB_ONLY,True,,v58103,r139198,Schrödinger's Call,trial,True,,,,https://store.steampowered.com/app/3500550/,https://vndb.org/v58103
1528650,Slobbish Dragon Princess - Demo,2025-04-23,2025-04,vndb_steam_release,True,False,VNDB_ONLY,True,,v28634,r135737,DraPri Guu-ta-life,trial,True,,,,https://store.steampowered.com/app/1528650/,https://vndb.org/v28634
3592130,Al'tushka dlja skufa - Tretij Shans,2025-04-24,2025-04,vndb_steam_release,True,False,VNDB_ONLY,True,,v50504,r134686,Al'tushka dlja skufa,partial,True,,,,https://store.steampowered.com/app/3592130/,https://vndb.org/v50504
3987510,JAS: Job App Sux! - Demo,2025-04-25,2025-04,vndb_steam_release,True,False,VNDB_ONLY,True,,v60802,r145529,JAS: Job App Sux!,trial,True,,,,https://store.steampowered.com/app/3987510/,https://vndb.org/v60802
3625560,Sex Adventures - Naughty Sisters - Episode 8,2025-04-25,2025-04,vndb_steam_release,True,False,VNDB_ONLY,True,,v53329,r134684,Sex Adventures - Naughty Sisters,partial,True,,,,https://store.steampowered.com/app/3625560/,https://vndb.org/v53329
3665280,Stand By Me - New Demo,2025-04-25,2025-04,vndb_steam_release,True,False,VNDB_ONLY,True,,v30465,r124275,Stand By Me,trial,True,,,,https://store.steampowered.com/app/3665280/,https://vndb.org/v30465
2311080,TOUCHSTARVED - Demo 2.0,2025-04-25,2025-04,vndb_steam_release,True,False,VNDB_ONLY,True,,v43288,r152184,TOUCHSTARVED,trial,True,,,,https://store.steampowered.com/app/2311080/,https://vndb.org/v43288
3384140,The Chastity Scholarship,2025-04-25,2025-04,vndb_steam_release,True,False,VNDB_ONLY,True,,v55908,r134685,The Chastity Scholarship,complete,True,,,,https://store.steampowered.com/app/3384140/,https://vndb.org/v55908
1159520,Twists of My Life - Steam Edition,2025-04-25,2025-04,vndb_steam_release,True,False,VNDB_ONLY,True,,v22234;v26042,r152085,A New Life;Twists of My Life,complete,True,,,,https://store.steampowered.com/app/1159520/,https://vndb.org/v22234
3682430,Life of Tabayama - Demo,2025-04-26,2025-04,vndb_steam_release,True,False,VNDB_ONLY,True,,v57097,r137308,Life of Tabayama,trial,True,,,,https://store.steampowered.com/app/3682430/,https://vndb.org/v57097
3333820,My evil magician boss suddenly loves me?! Demo v0.6,2025-04-26,2025-04,vndb_steam_release,True,False,VNDB_ONLY,True,,v55000,r132527,My evil magician boss suddenly loves me?!,trial,True,,,,https://store.steampowered.com/app/3333820/,https://vndb.org/v55000
3673100,Yuri Demon Demo (Ch. 1-3),2025-04-26,2025-04,vndb_steam_release,True,False,VNDB_ONLY,True,,v60370,r144470,Yuri Demon,trial,True,,,,https://store.steampowered.com/app/3673100/,https://vndb.org/v60370
3623430,MAGIC of LUST,2025-04-28,2025-04,vndb_steam_release,True,False,VNDB_ONLY,True,,v55968,r134804,MAGIC of LUST,complete,True,,,,https://store.steampowered.com/app/3623430/,https://vndb.org/v55968
3572980,Kesson Shitsuai Demo,2025-04-29,2025-04,vndb_steam_release,True,False,VNDB_ONLY,True,,v56321,r135481,Kesson Shitsuai,trial,True,,,,https://store.steampowered.com/app/3572980/,https://vndb.org/v56321
3620960,"Ballada o Krovi, Tumane i Mgle",2025-04-30,2025-04,vndb_steam_release,True,False,VNDB_ONLY,True,,v56140,r135063,"Ballada o Krovi, Tumane i Mgle",complete,True,,,,https://store.steampowered.com/app/3620960/,https://vndb.org/v56140
3428750,Pookie's Lingerie Shop,2025-04-30,2025-04,vndb_steam_release,True,False,VNDB_ONLY,True,,v55152,r132870,Pookie's Lingerie Shop,complete,True,,,,https://store.steampowered.com/app/3428750/,https://vndb.org/v55152
3264360,Monster Ops 6,2025-05-01,2025-05,vndb_steam_release,True,False,VNDB_ONLY,True,,v51705,r131829,Monster Ops,partial,True,,,,https://store.steampowered.com/app/3264360/,https://vndb.org/v51705
1771700,Vaygren - Lustful Temptation - Early Access [Episode 2],2025-05-01,2025-05,vndb_steam_release,True,False,VNDB_ONLY,True,,v49105,r118203,Vaygren - Lustful Temptation,partial,True,,,,https://store.steampowered.com/app/1771700/,https://vndb.org/v49105
2470860,Knockout Master,2025-05-02,2025-05,vndb_steam_release,True,False,VNDB_ONLY,True,,v29020,r110048,Knockout Master,complete,True,,,,https://store.steampowered.com/app/2470860/,https://vndb.org/v29020
3157200,Cupid's Chatroom - New Demo,2025-05-03,2025-05,vndb_steam_release,True,False,VNDB_ONLY,True,,v51548,r135176,Cupid's Chatroom,trial,True,,,,https://store.steampowered.com/app/3157200/,https://vndb.org/v51548
3677750,Sex Adventures - Incest Family - Episode 8,2025-05-04,2025-05,vndb_steam_release,True,False,VNDB_ONLY,True,,v54361,r135129,Sex Adventures - Incest Family,partial,True,,,,https://store.steampowered.com/app/3677750/,https://vndb.org/v54361
3444590,Dazheng Langman Juchang - Demo 2.0;Dazheng Langman Juchang - Demo 3.0,2025-05-05,2025-05,vndb_steam_release,True,False,VNDB_ONLY,True,,v54539,r142482;r155134,Dazheng Langman Juchang,trial,True,,,,https://store.steampowered.com/app/3444590/,https://vndb.org/v54539
3677220,The Demons Told Me to Make This Game - Demo,2025-05-05,2025-05,vndb_steam_release,True,False,VNDB_ONLY,True,,v57088,r137292,The Demons Told Me to Make This Game,trial,True,,,,https://store.steampowered.com/app/3677220/,https://vndb.org/v57088
3578040,The victims of lost sunny days: Eclipse - Chapter 1,2025-05-05,2025-05,vndb_steam_release,True,False,VNDB_ONLY,True,,v55913,r134696,Zhertvy poterjannyh solnechnyh dnej: Zatmenie,partial,True,,,,https://store.steampowered.com/app/3578040/,https://vndb.org/v55913
3230990,Lust Academy - Season Final,2025-05-08,2025-05,vndb_steam_release,True,False,VNDB_ONLY,True,,v52440,r126777,Lust Academy - Season Final,complete,True,,,,https://store.steampowered.com/app/3230990/,https://vndb.org/v52440
2866790,Mushroom Musume - Demo,2025-05-08,2025-05,vndb_steam_release,True,False,VNDB_ONLY,True,,v41132,r101071,Mushroom Musume,trial,True,,,,https://store.steampowered.com/app/2866790/,https://vndb.org/v41132
3009570,StreamLove Voyage,2025-05-08,2025-05,vndb_steam_release,True,False,VNDB_ONLY,True,,v55843,r134479,StreamLove Voyage,complete,True,,,,https://store.steampowered.com/app/3009570/,https://vndb.org/v55843
3712640,Through the Lens Demo,2025-05-08,2025-05,vndb_steam_release,True,False,VNDB_ONLY,True,,v65914,r157966,Through the Lens,trial,True,,,,https://store.steampowered.com/app/3712640/,https://vndb.org/v65914
3134780,Born to Breed,2025-05-09,2025-05,vndb_steam_release,True,False,VNDB_ONLY,True,,v52176,r126126,Born to Breed,complete,True,,,,https://store.steampowered.com/app/3134780/,https://vndb.org/v52176
3759910,Bunkered With Femboy - Demo;Bunkered with Femboy,2025-05-09,2025-05,vndb_steam_release,True,False,VNDB_ONLY,True,,v57062,r137250;r144026,Bunkered with Femboy,complete;trial,True,,,,https://store.steampowered.com/app/3759910/,https://vndb.org/v57062
3072130,Oceanlust: Erotic Descent,2025-05-09,2025-05,vndb_steam_release,True,False,VNDB_ONLY,True,,v56235,r135280,Oceanlust: Erotic Descent,complete,True,,,,https://store.steampowered.com/app/3072130/,https://vndb.org/v56235
3704280,Reflections of the void - Demo v0.7,2025-05-09,2025-05,vndb_steam_release,True,False,VNDB_ONLY,True,,v57139,r137404,Reflections of the void,trial,True,,,,https://store.steampowered.com/app/3704280/,https://vndb.org/v57139
3499330,SUCCU-MAMA,2025-05-09,2025-05,vndb_steam_release,True,False,VNDB_ONLY,True,,v44707,r134707,Muchimuchi♥Dekapai♥Marakui♥Succubus Mama wa Hatashite Mama na no ka?,complete,True,,,,https://store.steampowered.com/app/3499330/,https://vndb.org/v44707
3677040,Pre-Odyssey: Love at First Quack - Demo,2025-05-11,2025-05,vndb_steam_release,True,False,VNDB_ONLY,True,,v34693,r135685,"Pre-Odyssey: Odysseus, Penelope & her Ducks",trial,True,,,,https://store.steampowered.com/app/3677040/,https://vndb.org/v34693
3705730,Nina - Demo,2025-05-12,2025-05,vndb_steam_release,True,False,VNDB_ONLY,True,,v56394,r135634,Nina,trial,True,,,,https://store.steampowered.com/app/3705730/,https://vndb.org/v56394
3576650,The Queen of Phalli - Demo,2025-05-13,2025-05,vndb_steam_release,True,False,VNDB_ONLY,True,,v60172,r143818,The Queen of Phalli,trial,True,,,,https://store.steampowered.com/app/3576650/,https://vndb.org/v60172
3663960,Sex Adventures - Naughty Sisters - Episode 9,2025-05-14,2025-05,vndb_steam_release,True,False,VNDB_ONLY,True,,v53329,r135491,Sex Adventures - Naughty Sisters,partial,True,,,,https://store.steampowered.com/app/3663960/,https://vndb.org/v53329
3052420,The Better Deal v0.7c,2025-05-14,2025-05,vndb_steam_release,True,False,VNDB_ONLY,True,,v59792,r142960,The Better Deal,partial,True,,,,https://store.steampowered.com/app/3052420/,https://vndb.org/v59792
2360620,The Queendom of Lithzena [v41c],2025-05-14,2025-05,vndb_steam_release,True,False,VNDB_ONLY,True,,v52062,r125895,The Queendom of Lithzena,partial,True,,,,https://store.steampowered.com/app/2360620/,https://vndb.org/v52062
3460120,Lover Interface - Demo,2025-05-15,2025-05,vndb_steam_release,True,False,VNDB_ONLY,True,,v55232,r135522,Lover Interface,trial,True,,,,https://store.steampowered.com/app/3460120/,https://vndb.org/v55232
3339730,Lust Survivor,2025-05-15,2025-05,vndb_steam_release,True,False,VNDB_ONLY,True,,v54288,r130900,Lust Survivor,complete,True,,,,https://store.steampowered.com/app/3339730/,https://vndb.org/v54288
3424130,Why Not Both?,2025-05-15,2025-05,vndb_steam_release,True,False,VNDB_ONLY,True,,v55671,r134029,Why Not Both?,complete,True,,,,https://store.steampowered.com/app/3424130/,https://vndb.org/v55671
2468950,"Bonding, Now;Bonding, Now - Demo",2025-05-16,2025-05,vndb_steam_release,True,False,VNDB_ONLY,True,,v57262,r137655;r137663,"Bonding, Now",partial;trial,True,,,,https://store.steampowered.com/app/2468950/,https://vndb.org/v57262
2465840,Club Velvet Rose: Midnight Bliss - Steam Edition,2025-05-16,2025-05,vndb_steam_release,True,False,VNDB_ONLY,True,,v56369,r135572,Club Velvet Rose: Midnight Bliss,complete,True,,,,https://store.steampowered.com/app/2465840/,https://vndb.org/v56369
3516700,Isekai Harem Quest ~Saikyou no Chikara to Koi no Bouken~,2025-05-16,2025-05,vndb_steam_release,True,False,VNDB_ONLY,True,,v56367,r135562,Isekai Harem Quest ~Saikyou no Chikara to Koi no Bouken~,complete,True,,,,https://store.steampowered.com/app/3516700/,https://vndb.org/v56367
3063520,LISC - Season 1,2025-05-16,2025-05,vndb_steam_release,True,False,VNDB_ONLY,True,,v35948,r142786,LISC - Season 1,complete,True,,,,https://store.steampowered.com/app/3063520/,https://vndb.org/v35948
3538880,Leann sins,2025-05-16,2025-05,vndb_steam_release,True,False,VNDB_ONLY,True,,v61874,r147788,Leann sins,complete,True,,,,https://store.steampowered.com/app/3538880/,https://vndb.org/v61874
2804900,Lust Bound [v0.4.4],2025-05-16,2025-05,vndb_steam_release,True,False,VNDB_ONLY,True,,v53363,r128792,Lust Bound,partial,True,,,,https://store.steampowered.com/app/2804900/,https://vndb.org/v53363
3201440,MY PLACE IS CURSED - v0.8.1 (Animated ver.),2025-05-16,2025-05,vndb_steam_release,True,False,VNDB_ONLY,True,,v51891,r125498,MY PLACE IS CURSED,partial,True,,,,https://store.steampowered.com/app/3201440/,https://vndb.org/v51891
3448160,REUNION: Autumn Leaf - FINAL RELEASE,2025-05-16,2025-05,vndb_steam_release,True,False,VNDB_ONLY,True,,v50007,r135563,Reunion: Autumn Leaf,complete,True,,,,https://store.steampowered.com/app/3448160/,https://vndb.org/v50007
3747780,The Monster Next Door - Demo,2025-05-16,2025-05,vndb_steam_release,True,False,VNDB_ONLY,True,,v57052,r137230,The Monster Next Door,trial,True,,,,https://store.steampowered.com/app/3747780/,https://vndb.org/v57052
3769570,To Grant A Wish - Extended Demo,2025-05-16,2025-05,vndb_steam_release,True,False,VNDB_ONLY,True,,v45699,r137301,To Grant A Wish,trial,True,,,,https://store.steampowered.com/app/3769570/,https://vndb.org/v45699
3638940,Yagate Chiriyuku Kagami no Hana e - Demo,2025-05-16,2025-05,vndb_steam_release,True,False,VNDB_ONLY,True,,v55725,r135544,Yagate Chiriyuku Kagami no Hana e,trial,True,,,,https://store.steampowered.com/app/3638940/,https://vndb.org/v55725
3667290,Lap of the Gods: A Visual Novel - Demo,2025-05-17,2025-05,vndb_steam_release,True,False,VNDB_ONLY,True,,v56393,r135627,Lap of the Gods,trial,True,,,,https://store.steampowered.com/app/3667290/,https://vndb.org/v56393
1589940,Ne sprashivaj Sukkuba,2025-05-17,2025-05,vndb_steam_release,True,False,VNDB_ONLY,True,,v56377,r135589,Ne sprashivaj Sukkuba,complete,True,,,,https://store.steampowered.com/app/1589940/,https://vndb.org/v56377
3578270,Spell Candle - Demo,2025-05-18,2025-05,vndb_steam_release,True,False,VNDB_ONLY,True,,v56386,r135611,Spell Candle,trial,True,,,,https://store.steampowered.com/app/3578270/,https://vndb.org/v56386
3080000,Crimson Waves on the Emerald Sea: Amaranthine Moon - Demo v1.04,2025-05-19,2025-05,vndb_steam_release,True,False,VNDB_ONLY,True,,v51554,r144179,Crimson Waves on the Emerald Sea: Amaranthine Moon,trial,True,,,,https://store.steampowered.com/app/3080000/,https://vndb.org/v51554
3458860,Seducing My Elf Family,2025-05-20,2025-05,vndb_steam_release,True,False,VNDB_ONLY,True,,v60091,r143591,Seducing My Elf Family,complete,True,,,,https://store.steampowered.com/app/3458860/,https://vndb.org/v60091
3721380,The Solitary Existence of a Little Universe - Demo,2025-05-20,2025-05,vndb_steam_release,True,False,VNDB_ONLY,True,,v56411,r135683,The Solitary Existence of a Little Universe,trial,True,,,,https://store.steampowered.com/app/3721380/,https://vndb.org/v56411
3731230,Zhuyang Demo,2025-05-20,2025-05,vndb_steam_release,True,False,VNDB_ONLY,True,,v56200,r137432,Zhuyang,trial,True,,,,https://store.steampowered.com/app/3731230/,https://vndb.org/v56200
3685420,Hei Shangyang BlackGoat - Demo,2025-05-21,2025-05,vndb_steam_release,True,False,VNDB_ONLY,True,,v56435,r135742,Hei Shangyang BlackGoat,trial,True,,,,https://store.steampowered.com/app/3685420/,https://vndb.org/v56435
3561260,Accidental Hypnosis,2025-05-22,2025-05,vndb_steam_release,True,False,VNDB_ONLY,True,,v56453,r135781,Accidental Hypnosis,complete,True,,,,https://store.steampowered.com/app/3561260/,https://vndb.org/v56453
2807610,Queens Climax,2025-05-22,2025-05,vndb_steam_release,True,False,VNDB_ONLY,True,,v56454,r135782,Queens Climax,complete,True,,,,https://store.steampowered.com/app/2807610/,https://vndb.org/v56454
3609310,Wanderlust: The Magnificent Journey - Demo,2025-05-22,2025-05,vndb_steam_release,True,False,VNDB_ONLY,True,,v56464,r135804,Wanderlust: The Magnificent Journey,trial,True,,,,https://store.steampowered.com/app/3609310/,https://vndb.org/v56464
3687690,"Netorare Wife -Yukiko- 20 Years After Marriage, End of The Story",2025-05-23,2025-05,vndb_steam_release,True,False,VNDB_ONLY,True,,v61270,r146374,"Netorare Wife -Yukiko- 20 Years After Marriage, End of The Story",complete,True,,,,https://store.steampowered.com/app/3687690/,https://vndb.org/v61270
3431020,Office Rivals,2025-05-23,2025-05,vndb_steam_release,True,False,VNDB_ONLY,True,,v53549,r129270,Office Rivals,complete,True,,,,https://store.steampowered.com/app/3431020/,https://vndb.org/v53549
3758040,Addy - Demo,2025-05-24,2025-05,vndb_steam_release,True,False,VNDB_ONLY,True,,v60474,r144661,Addy,trial,True,,,,https://store.steampowered.com/app/3758040/,https://vndb.org/v60474
3744390,Office Sirens Hard at Work - Demo,2025-05-24,2025-05,vndb_steam_release,True,False,VNDB_ONLY,True,,v56542,r135984,Office Sirens Hard at Work,trial,True,,,,https://store.steampowered.com/app/3744390/,https://vndb.org/v56542
3116370,Posui Lengjing,2025-05-24,2025-05,vndb_steam_release,True,False,VNDB_ONLY,True,,v52162,r135827,Posui Lengjing,complete,True,,,,https://store.steampowered.com/app/3116370/,https://vndb.org/v52162
2203590,Tune in to the show Ep. 1-9,2025-05-24,2025-05,vndb_steam_release,True,False,VNDB_ONLY,True,,v42471,r103342,Tune in to the show,partial,True,,,,https://store.steampowered.com/app/2203590/,https://vndb.org/v42471
3756920,Recordando a Emily - Demo,2025-05-25,2025-05,vndb_steam_release,True,False,VNDB_ONLY,True,,v56203,r135210,Recordando a Emily,trial,True,,,,https://store.steampowered.com/app/3756920/,https://vndb.org/v56203
2921690,Himitsu Sousakan Saku,2025-05-26,2025-05,vndb_steam_release,True,False,VNDB_ONLY,True,,v63139,r150864,Tewu Shuo De Mimi Xingdong,complete,True,,,,https://store.steampowered.com/app/2921690/,https://vndb.org/v63139
3502900,Saniyang Yeongusil Demo,2025-05-26,2025-05,vndb_steam_release,True,False,VNDB_ONLY,True,,v52409,r135862,Sani Yang Yeongusil,trial,True,,,,https://store.steampowered.com/app/3502900/,https://vndb.org/v52409
3482700,Sky Resort 3 - Demo,2025-05-26,2025-05,vndb_steam_release,True,False,VNDB_ONLY,True,,v54855,r137239,Sky Resort 3,trial,True,,,,https://store.steampowered.com/app/3482700/,https://vndb.org/v54855
3606110,Coffee Talk Tokyo - Demo,2025-05-28,2025-05,vndb_steam_release,True,False,VNDB_ONLY,True,,v52402,r135960,Coffee Talk Tokyo,trial,True,,,,https://store.steampowered.com/app/3606110/,https://vndb.org/v52402
3687590,Lian'ai Paomo! Qingchun Lao-Shaan Demo,2025-05-28,2025-05,vndb_steam_release,True,False,VNDB_ONLY,True,,v54903,r136121,Lian'ai Paomo! Qingchun Lao-Shaan,trial,True,,,,https://store.steampowered.com/app/3687590/,https://vndb.org/v54903
3753330,Silian Yu Nide Zhongyan - Demo,2025-05-28,2025-05,vndb_steam_release,True,False,VNDB_ONLY,True,,v56317,r135959,Silian Yu Nide Zhongyan,trial,True,,,,https://store.steampowered.com/app/3753330/,https://vndb.org/v56317
3643570,Blossoms of Eternity - Demo,2025-05-29,2025-05,vndb_steam_release,True,False,VNDB_ONLY,True,,v58639,r140279,Blossoms of Eternity,trial,True,,,,https://store.steampowered.com/app/3643570/,https://vndb.org/v58639
3716350,Hailanxing zhi Meng Demo,2025-05-29,2025-05,vndb_steam_release,True,False,VNDB_ONLY,True,,v53897,r136123,Hailanxing zhi Meng,trial,True,,,,https://store.steampowered.com/app/3716350/,https://vndb.org/v53897
3712290,Sips and Sonnets - Demo,2025-05-29,2025-05,vndb_steam_release,True,False,VNDB_ONLY,True,,v56555,r136018,Sips and Sonnets,trial,True,,,,https://store.steampowered.com/app/3712290/,https://vndb.org/v56555
3654040,Tomboy: Trapped by Orcs,2025-05-29,2025-05,vndb_steam_release,True,False,VNDB_ONLY,True,,v56556,r136021,Tomboy: Trapped by Orcs,complete,True,,,,https://store.steampowered.com/app/3654040/,https://vndb.org/v56556
3678560,Dodosuko Love Love Content Pack,2025-05-30,2025-05,vndb_steam_release,True,False,VNDB_ONLY,True,,v38742,r138300,Kyouki yori Ai o Komete,complete,True,,,,https://store.steampowered.com/app/3678560/,https://vndb.org/v38742
2498010,Doki Boki! Guoji Biantai Yuyan Xuexiao,2025-05-30,2025-05,vndb_steam_release,True,False,VNDB_ONLY,True,,v63368,r151475,Doki Boki! Guoji Biantai Yuyan Xuexiao,complete,True,,,,https://store.steampowered.com/app/2498010/,https://vndb.org/v63368
3561400,Fallen / Brand New World,2025-05-30,2025-05,vndb_steam_release,True,False,VNDB_ONLY,True,,v57358,r137844,Fallen / Brand New World,complete,True,,,,https://store.steampowered.com/app/3561400/,https://vndb.org/v57358
3694780,Zhiyuan - Demo,2025-05-30,2025-05,vndb_steam_release,True,False,VNDB_ONLY,True,,v55726,r136122,Weiwan Xinjian: Zhiyuan,trial,True,,,,https://store.steampowered.com/app/3694780/,https://vndb.org/v55726
3588910,Gaokao Lian'ai Yibai Tian - Shinian Hou de Yueding,2025-05-31,2025-05,vndb_steam_release,True,False,VNDB_ONLY,True,,v17716;v29992,r135301,Gaokao Lian'ai Yibai Tian;Yingjie Chuntian de Mofashi,complete;partial,True,,,,https://store.steampowered.com/app/3588910/,https://vndb.org/v17716
3769630,My Demon Family Demo,2025-05-31,2025-05,vndb_steam_release,True,False,VNDB_ONLY,True,,v56870,r136845,My Demon Family,trial,True,,,,https://store.steampowered.com/app/3769630/,https://vndb.org/v56870
2865880,Touhou: Fading Illusion - Nischaja Glava Day 3,2025-05-31,2025-05,vndb_steam_release,True,False,VNDB_ONLY,True,,v39829,r121456,Touhou: Fading Illusion,partial,True,,,,https://store.steampowered.com/app/2865880/,https://vndb.org/v39829
3731730,Wenti Ouxiang de Yangcheng Jihua Demo,2025-05-31,2025-05,vndb_steam_release,True,False,VNDB_ONLY,True,,v55088,r136085,Wenti Ouxiang de Yangcheng Jihua,trial,True,,,,https://store.steampowered.com/app/3731730/,https://vndb.org/v55088
3686290,"His Bet, Her Loss - Demo",2025-06-02,2025-06,vndb_steam_release,True,False,VNDB_ONLY,True,,v55823,r136947,"His Bet, Her Loss",trial,True,,,,https://store.steampowered.com/app/3686290/,https://vndb.org/v55823
3481060,Iwakura Aria - Trial ver.,2025-06-02,2025-06,vndb_steam_release,True,False,VNDB_ONLY,True,,v49686,r136158,Iwakura Aria,trial,True,,,,https://store.steampowered.com/app/3481060/,https://vndb.org/v49686
3790780,Love and Lust Beach Stories - Demo,2025-06-02,2025-06,vndb_steam_release,True,False,VNDB_ONLY,True,,v56844,r136761,Love or Lust Beach Stories,trial,True,,,,https://store.steampowered.com/app/3790780/,https://vndb.org/v56844
3264370,Monster Ops 7,2025-06-02,2025-06,vndb_steam_release,True,False,VNDB_ONLY,True,,v51705,r131830,Monster Ops,partial,True,,,,https://store.steampowered.com/app/3264370/,https://vndb.org/v51705
3763890,Necromance - Demo,2025-06-02,2025-06,vndb_steam_release,True,False,VNDB_ONLY,True,,v52937,r136456,Necromance,trial,True,,,,https://store.steampowered.com/app/3763890/,https://vndb.org/v52937
2564970,University Days - Season 1,2025-06-02,2025-06,vndb_steam_release,True,False,VNDB_ONLY,True,,v46654,r137660,University Days!,partial,True,,,,https://store.steampowered.com/app/2564970/,https://vndb.org/v46654
3688490,Zhi E Ling de Ni - Demo,2025-06-02,2025-06,vndb_steam_release,True,False,VNDB_ONLY,True,,v59742,r142835,Zhi E Ling de Ni,trial,True,,,,https://store.steampowered.com/app/3688490/,https://vndb.org/v59742
3700430,Zhifangzi Demo,2025-06-02,2025-06,vndb_steam_release,True,False,VNDB_ONLY,True,,v55286,r140509,Zhifangzi,trial,True,,,,https://store.steampowered.com/app/3700430/,https://vndb.org/v55286
3751270,Iris Odyssey - Demo,2025-06-03,2025-06,vndb_steam_release,True,False,VNDB_ONLY,True,,v53130,r136802,Iris Odyssey,trial,True,,,,https://store.steampowered.com/app/3751270/,https://vndb.org/v53130
3787920,Livber: Smoke and Mirrors - Demo,2025-06-03,2025-06,vndb_steam_release,True,False,VNDB_ONLY,True,,v56179,r136220,Livber: Smoke and Mirrors,trial,True,,,,https://store.steampowered.com/app/3787920/,https://vndb.org/v56179
3777760,Jurnal Risa: Dark Destiny - Demo,2025-06-04,2025-06,vndb_steam_release,True,False,VNDB_ONLY,True,,v59576,r142524,Jurnal Risa: Dark Destiny,trial,True,,,,https://store.steampowered.com/app/3777760/,https://vndb.org/v59576
3772380,Tales of Klodan,2025-06-04,2025-06,vndb_steam_release,True,False,VNDB_ONLY,True,,v63291,r151187,Tales of Klodan,trial,True,,,,https://store.steampowered.com/app/3772380/,https://vndb.org/v63291
3773020,Chou-tantei Sherlock-chan ~Okiteyaburi no Misdirection~ Demo,2025-06-05,2025-06,vndb_steam_release,True,False,VNDB_ONLY,True,,v55119,r146485,Chou-tantei Sherlock-chan ~Okiteyaburi no Misdirection~,trial,True,,,,https://store.steampowered.com/app/3773020/,https://vndb.org/v55119
3386260,Nie no Machi -Iro Musubi-,2025-06-05,2025-06,vndb_steam_release,True,False,VNDB_ONLY,True,,v30162,r121554,Nie no Machi -Iro Musubi-,complete,True,,,,https://store.steampowered.com/app/3386260/,https://vndb.org/v30162
1517850,Quickie: A Love Hotel Story,2025-06-05,2025-06,vndb_steam_release,True,False,VNDB_ONLY,True,,v36152,r92925,Quickie: A Love Hotel Story,complete,True,,,,https://store.steampowered.com/app/1517850/,https://vndb.org/v36152
3686300,Volshebnaya svadba guslyara Ivana - Demo,2025-06-05,2025-06,vndb_steam_release,True,False,VNDB_ONLY,True,,v57892,r138660,Volshebnaya svadba guslyara Ivana,trial,True,,,,https://store.steampowered.com/app/3686300/,https://vndb.org/v57892
3629180,A Night With: Brazilian Waifu,2025-06-06,2025-06,vndb_steam_release,True,False,VNDB_ONLY,True,,v56733,r136455,A Night With: Brazilian Waifu,complete,True,,,,https://store.steampowered.com/app/3629180/,https://vndb.org/v56733
3671360,Dream Spectra - Demo,2025-06-06,2025-06,vndb_steam_release,True,False,VNDB_ONLY,True,,v56762,r136585,Dream Spectra,trial,True,,,,https://store.steampowered.com/app/3671360/,https://vndb.org/v56762
3649220,"Ja p'ju Schavelevyj Kofe, chtoby perezapustit' real'nost', no na menja ohotjatsja Monstro-Devushki i vooruzhjonnye agenty - DLC 18+",2025-06-06,2025-06,vndb_steam_release,True,False,VNDB_ONLY,True,,v56399,r136431,"Ja p'ju Schavelevyj Kofe, chtoby perezapustit' real'nost', no na menja ohotjatsja Monstro-Devushki i vooruzhjonnye agenty",complete,True,,,,https://store.steampowered.com/app/3649220/,https://vndb.org/v56399
3395680,Nenavizhu svoju vajfu-strimershu Demo,2025-06-06,2025-06,vndb_steam_release,True,False,VNDB_ONLY,True,,v60276,r144275,Nenavizhu svoju vajfu-strimershu,trial,True,,,,https://store.steampowered.com/app/3395680/,https://vndb.org/v60276
3595490,Pussylympics,2025-06-06,2025-06,vndb_steam_release,True,False,VNDB_ONLY,True,,v52042,r135592,"Kyonyuu Athlete-tachi wa Haramase Niku Onaho ~Rikujo-bu, Suiei-bu, Volley-bu, Tenis-bu no Ishiki Takai Mesu-tachi de Tsukuru Zettai Chuusei no Chinkobi Harem!~",complete,True,,,,https://store.steampowered.com/app/3595490/,https://vndb.org/v52042
3729590,Sex of Thrones 2 👑 -Demo,2025-06-06,2025-06,vndb_steam_release,True,False,VNDB_ONLY,True,,v66086,r158421,Sex of Thrones 2 👑,trial,True,,,,https://store.steampowered.com/app/3729590/,https://vndb.org/v66086
3666350,Upgrade My Heart - Demo,2025-06-06,2025-06,vndb_steam_release,True,False,VNDB_ONLY,True,,v57096,r137306,Upgrade My Heart,trial,True,,,,https://store.steampowered.com/app/3666350/,https://vndb.org/v57096
3786020,My Silly Science Summer in the Past - Demo,2025-06-07,2025-06,vndb_steam_release,True,False,VNDB_ONLY,True,,v56818,r136688,My Silly Science Summer in the Past,trial,True,,,,https://store.steampowered.com/app/3786020/,https://vndb.org/v56818
3794040,Neko Neko Love - Demo,2025-06-07,2025-06,vndb_steam_release,True,False,VNDB_ONLY,True,,v58352,r139682,Neko Neko Love,trial,True,,,,https://store.steampowered.com/app/3794040/,https://vndb.org/v58352
3762330,Ekhoamneziya - Demo,2025-06-08,2025-06,vndb_steam_release,True,False,VNDB_ONLY,True,,v67719,r162529,Ekhoamneziya,trial,True,,,,https://store.steampowered.com/app/3762330/,https://vndb.org/v67719
3707590,Sex Adventures - Incest Family - Episode 9,2025-06-08,2025-06,vndb_steam_release,True,False,VNDB_ONLY,True,,v54361,r136625,Sex Adventures - Incest Family,partial,True,,,,https://store.steampowered.com/app/3707590/,https://vndb.org/v54361
3794530,Three Wishes - Demo,2025-06-08,2025-06,vndb_steam_release,True,False,VNDB_ONLY,True,,v51145,r140528,Three Wishes,trial,True,,,,https://store.steampowered.com/app/3794530/,https://vndb.org/v51145
3775690,Ashen Reverie - Demo,2025-06-09,2025-06,vndb_steam_release,True,False,VNDB_ONLY,True,,v58488,r139962,Ashen Reverie,trial,True,,,,https://store.steampowered.com/app/3775690/,https://vndb.org/v58488
3286420,Chick'n Mushroom Soup - Demo,2025-06-09,2025-06,vndb_steam_release,True,False,VNDB_ONLY,True,,v56837,r136741,Chick'n Mushroom Soup,trial,True,,,,https://store.steampowered.com/app/3286420/,https://vndb.org/v56837
3785290,Double Date - Demo,2025-06-09,2025-06,vndb_steam_release,True,False,VNDB_ONLY,True,,v55799,r136660,Double Date,trial,True,,,,https://store.steampowered.com/app/3785290/,https://vndb.org/v55799
3767200,Hermeneus no Hakoniwa - Trial Version,2025-06-09,2025-06,vndb_steam_release,True,False,VNDB_ONLY,True,,v49862,r137690,Hermeneus no Hakoniwa,trial,True,,,,https://store.steampowered.com/app/3767200/,https://vndb.org/v49862
2430890,I Wani Hug that Gator! - Demo v1.8.0,2025-06-09,2025-06,vndb_steam_release,True,False,VNDB_ONLY,True,,v36845,r155399,I Wani Hug that Gator!,trial,True,,,,https://store.steampowered.com/app/2430890/,https://vndb.org/v36845
3360370,Love Mansion - Demo,2025-06-09,2025-06,vndb_steam_release,True,False,VNDB_ONLY,True,,v56130,r136946,Love Mansion,trial,True,,,,https://store.steampowered.com/app/3360370/,https://vndb.org/v56130
3369090,Mahou Shoujo no Majo Saiban Demo: First-victim Edition,2025-06-09,2025-06,vndb_steam_release,True,False,VNDB_ONLY,True,,v50283,r141099,Mahou Shoujo no Majo Saiban,trial,True,,,,https://store.steampowered.com/app/3369090/,https://vndb.org/v50283
3595690,Metahorror Therapy Session - Demo,2025-06-09,2025-06,vndb_steam_release,True,False,VNDB_ONLY,True,,v55832,r136656,Metahorror Therapy Session,trial,True,,,,https://store.steampowered.com/app/3595690/,https://vndb.org/v55832
2642840,Rusy ne protiv Jascherok 2;Rusy ne protiv Jascherok 2 - Demo,2025-06-09,2025-06,vndb_steam_release,True,False,VNDB_ONLY,True,,v56336,r136723;r149899,Rusy ne protiv Jascherok 2,complete;trial,True,,,,https://store.steampowered.com/app/2642840/,https://vndb.org/v56336
3731800,TOUQI - Demo,2025-06-09,2025-06,vndb_steam_release,True,False,VNDB_ONLY,True,,v59062,r141152,TOUQI,trial,True,,,,https://store.steampowered.com/app/3731800/,https://vndb.org/v59062
3675440,Zhi'ai Jieti Zhi Yin - Demo,2025-06-09,2025-06,vndb_steam_release,True,False,VNDB_ONLY,True,,v57301,r137740,Zhi'ai Jieti Zhi Yin,trial,True,,,,https://store.steampowered.com/app/3675440/,https://vndb.org/v57301
3764050,Kamitsubaki Gakuen Shinbunbu Demo,2025-06-10,2025-06,vndb_steam_release,True,False,VNDB_ONLY,True,,v55733,r137216,Kamitsubaki Gakuen Shinbunbu,trial,True,,,,https://store.steampowered.com/app/3764050/,https://vndb.org/v55733
3675460,Mayday Trials - Demo,2025-06-10,2025-06,vndb_steam_release,True,False,VNDB_ONLY,True,,v57117,r137368,Mayday Trials,trial,True,,,,https://store.steampowered.com/app/3675460/,https://vndb.org/v57117
3708000,OnlyDefense - Demo,2025-06-10,2025-06,vndb_steam_release,True,False,VNDB_ONLY,True,,v56827,r136725,OnlyDefense,trial,True,,,,https://store.steampowered.com/app/3708000/,https://vndb.org/v56827
3797890,Truth Beneath the Shadows - Demo,2025-06-10,2025-06,vndb_steam_release,True,False,VNDB_ONLY,True,,v57302,r137741,Truth Beneath the Shadows,trial,True,,,,https://store.steampowered.com/app/3797890/,https://vndb.org/v57302
3740230,Prison 69 - 24 Hours In Jail Demo v1.0.2,2025-06-11,2025-06,vndb_steam_release,True,False,VNDB_ONLY,True,,v36652,r143324,Prison 69,trial,True,,,,https://store.steampowered.com/app/3740230/,https://vndb.org/v36652
3670590,Waifu Days,2025-06-11,2025-06,vndb_steam_release,True,False,VNDB_ONLY,True,,v56847,r136772,Waifu Days,complete,True,,,,https://store.steampowered.com/app/3670590/,https://vndb.org/v56847
3512290,Bad Summer - Extended Demo v2.0.2,2025-06-12,2025-06,vndb_steam_release,True,False,VNDB_ONLY,True,,v56872,r136849,Bad Summer,trial,True,,,,https://store.steampowered.com/app/3512290/,https://vndb.org/v56872
1975280,Between Two Worlds,2025-06-12,2025-06,vndb_steam_release,True,False,VNDB_ONLY,True,,v40585,r140799;r99969,Between Two Worlds,complete,True,,,,https://store.steampowered.com/app/1975280/,https://vndb.org/v40585
3808070,Princess of Worlds End - Demo,2025-06-12,2025-06,vndb_steam_release,True,False,VNDB_ONLY,True,,v56900,r136937,Princess of Worlds End,trial,True,,,,https://store.steampowered.com/app/3808070/,https://vndb.org/v56900
3496940,Loot Line - Season 1,2025-06-13,2025-06,vndb_steam_release,True,False,VNDB_ONLY,True,,v61530,r147028,Loot Line - Season 1,complete,True,,,,https://store.steampowered.com/app/3496940/,https://vndb.org/v61530
3808390,Single Forever - Demo,2025-06-13,2025-06,vndb_steam_release,True,False,VNDB_ONLY,True,,v56903,r136944,Dānshēn Dàshī,trial,True,,,,https://store.steampowered.com/app/3808390/,https://vndb.org/v56903
3793820,The Way We All Go - Remake Demo,2025-06-13,2025-06,vndb_steam_release,True,False,VNDB_ONLY,True,,v15506,r143472,The Way We All Go,trial,True,,,,https://store.steampowered.com/app/3793820/,https://vndb.org/v15506
3774650,Bao Sha Can Yu Zhī Ye - Demo,2025-06-14,2025-06,vndb_steam_release,True,False,VNDB_ONLY,True,,v65640,r157230,Bao Sha Can Yu Zhī Ye,trial,True,,,,https://store.steampowered.com/app/3774650/,https://vndb.org/v65640
3522410,Sanctuary of Petals - Demo,2025-06-16,2025-06,vndb_steam_release,True,False,VNDB_ONLY,True,,v57059,r137243,Sanctuary of Petals,trial,True,,,,https://store.steampowered.com/app/3522410/,https://vndb.org/v57059
3709550,Beneath the Bleeding Moon - Adult Patch,2025-06-17,2025-06,vndb_steam_release,True,False,VNDB_ONLY,True,,v46519,r111575,Beneath the Bleeding Moon,complete,True,,,,https://store.steampowered.com/app/3709550/,https://vndb.org/v46519
3452170,Sky Resort 3,2025-06-17,2025-06,vndb_steam_release,True,False,VNDB_ONLY,True,,v54855,r132207,Sky Resort 3,complete,True,,,,https://store.steampowered.com/app/3452170/,https://vndb.org/v54855
2262220,Glowing Stones : Heroes' Awakening - Chapter 6,2025-06-18,2025-06,vndb_steam_release,True,False,VNDB_ONLY,True,,v42590,r110222,Glowing Stones : Heroes' Awakening,partial,True,,,,https://store.steampowered.com/app/2262220/,https://vndb.org/v42590
3761300,Landmine Princess - Demo,2025-06-18,2025-06,vndb_steam_release,True,False,VNDB_ONLY,True,,v60542,r144871,Landmine Princess,trial,True,,,,https://store.steampowered.com/app/3761300/,https://vndb.org/v60542
3136900,Mine Memory - Demo,2025-06-18,2025-06,vndb_steam_release,True,False,VNDB_ONLY,True,,v53502,r145342,Mine Memory,trial,True,,,,https://store.steampowered.com/app/3136900/,https://vndb.org/v53502
3559070,Morse Academy - Demo,2025-06-18,2025-06,vndb_steam_release,True,False,VNDB_ONLY,True,,v55468,r145344,Morse Academy,trial,True,,,,https://store.steampowered.com/app/3559070/,https://vndb.org/v55468
4152750,Night Shift: 1999 - Demo,2025-06-18,2025-06,vndb_steam_release,True,False,VNDB_ONLY,True,,v60618,r145113,Night Shift: 1999,trial,True,,,,https://store.steampowered.com/app/4152750/,https://vndb.org/v60618
3735040,HELP! My New Roommate is a Hung Goth Futanari Ghost !,2025-06-19,2025-06,vndb_steam_release,True,False,VNDB_ONLY,True,,v57095,r137305,HELP! My New Roommate is a Hung Goth Futanari Ghost !,complete,True,,,,https://store.steampowered.com/app/3735040/,https://vndb.org/v57095
3789550,Kindred [High Tide] - Demo,2025-06-19,2025-06,vndb_steam_release,True,False,VNDB_ONLY,True,,v56250,r139313,Kindred [High Tide],trial,True,,,,https://store.steampowered.com/app/3789550/,https://vndb.org/v56250
3538400,Love Lock,2025-06-19,2025-06,vndb_steam_release,True,False,VNDB_ONLY,True,,v43265,r137277,Love Lock,complete,True,,,,https://store.steampowered.com/app/3538400/,https://vndb.org/v43265
3810690,Maid For My Master - Adult Patch,2025-06-19,2025-06,vndb_steam_release,True,False,VNDB_ONLY,True,,v54117,r137321,Maid For My Master,complete,True,,,,https://store.steampowered.com/app/3810690/,https://vndb.org/v54117
3682450,Nina,2025-06-19,2025-06,vndb_steam_release,True,False,VNDB_ONLY,True,,v56394,r135635,Nina,complete,True,,,,https://store.steampowered.com/app/3682450/,https://vndb.org/v56394
3644980,Upgrade My Heart,2025-06-19,2025-06,vndb_steam_release,True,False,VNDB_ONLY,True,,v57096,r137307,Upgrade My Heart,complete,True,,,,https://store.steampowered.com/app/3644980/,https://vndb.org/v57096
3602290,FEMBOY FUTA HOUSE;FEMBOY FUTA HOUSE - Demo v0.2,2025-06-20,2025-06,vndb_steam_release,True,False,VNDB_ONLY,True,,v56838,r136743;r141663,FEMBOY FUTA HOUSE,complete;trial,True,,,,https://store.steampowered.com/app/3602290/,https://vndb.org/v56838
3247830,Greh Margaret,2025-06-20,2025-06,vndb_steam_release,True,False,VNDB_ONLY,True,,v54588,r131574,Greh Margaret,complete,True,,,,https://store.steampowered.com/app/3247830/,https://vndb.org/v54588
3263380,Heaven's Door - Early Access,2025-06-20,2025-06,vndb_steam_release,True,False,VNDB_ONLY,True,,v51931,r125596,Heaven's Door,partial,True,,,,https://store.steampowered.com/app/3263380/,https://vndb.org/v51931
3644940,Hotel Deseo,2025-06-20,2025-06,vndb_steam_release,True,False,VNDB_ONLY,True,,v57150,r137424,Hotel Deseo,complete,True,,,,https://store.steampowered.com/app/3644940/,https://vndb.org/v57150
2484580,Mushroom Musume,2025-06-20,2025-06,vndb_steam_release,True,False,VNDB_ONLY,True,,v41132,r135676,Mushroom Musume,complete,True,,,,https://store.steampowered.com/app/2484580/,https://vndb.org/v41132
3779400,Night in Delirium - Demo,2025-06-20,2025-06,vndb_steam_release,True,False,VNDB_ONLY,True,,v57172,r137479,Night in Delirium,trial,True,,,,https://store.steampowered.com/app/3779400/,https://vndb.org/v57172
3676460,Sourou Oi to Fukanshou Oba-san - Nikutai Koukan Monogatari,2025-06-20,2025-06,vndb_steam_release,True,False,VNDB_ONLY,True,,v56253,r151437,Sourou Oi to Fukanshou Oba-san - Nikutai Koukan Monogatari,complete,True,,,,https://store.steampowered.com/app/3676460/,https://vndb.org/v56253
3787020,The Lustful Touch,2025-06-20,2025-06,vndb_steam_release,True,False,VNDB_ONLY,True,,v61078,r145985,The Lustful Touch,complete,True,,,,https://store.steampowered.com/app/3787020/,https://vndb.org/v61078
4220990,Tempting Trevor,2025-06-23,2025-06,vndb_steam_release,True,False,VNDB_ONLY,True,,v61375,r146635,Tempting Trevor,complete,True,,,,https://store.steampowered.com/app/4220990/,https://vndb.org/v61375
4021990,The Demon's Apple - Demo,2025-06-23,2025-06,vndb_steam_release,True,False,VNDB_ONLY,True,,v57195,r137511,The Demon's Apple,trial,True,,,,https://store.steampowered.com/app/4021990/,https://vndb.org/v57195
2959420,The Dragonspire: Episode 3 Part 1,2025-06-23,2025-06,vndb_steam_release,True,False,VNDB_ONLY,True,,v46571,r111678,The Dragonspire,partial,True,,,,https://store.steampowered.com/app/2959420/,https://vndb.org/v46571
1728490,Bangongshi Shushu,2025-06-24,2025-06,vndb_steam_release,True,False,VNDB_ONLY,True,,v57224,r137565,Bangongshi Shushu,complete,True,,,,https://store.steampowered.com/app/1728490/,https://vndb.org/v57224
2875610,Heleisi de Juedouchang III,2025-06-24,2025-06,vndb_steam_release,True,False,VNDB_ONLY,True,,v50824,r123097,Heleisih de Jyuedouchang III,complete,True,,,,https://store.steampowered.com/app/2875610/,https://vndb.org/v50824
3930840,Welcome to Free Will,2025-06-24,2025-06,vndb_steam_release,True,False,VNDB_ONLY,True,,v32286,r84702,Welcome to Free Will,complete,True,,,,https://store.steampowered.com/app/3930840/,https://vndb.org/v32286
3813230,Aquarium wa Odoranai Special Edition Demo,2025-06-25,2025-06,vndb_steam_release,True,False,VNDB_ONLY,True,,v55113,r137917,Aquarium wa Odoranai,trial,True,,,,https://store.steampowered.com/app/3813230/,https://vndb.org/v55113
3044740,Qing Chengwei Zui Nenggan de VTuber ba!,2025-06-25,2025-06,vndb_steam_release,True,False,VNDB_ONLY,True,,v61444,r146827,Qing Chengwei Zui Nenggan de VTuber ba!,complete,True,,,,https://store.steampowered.com/app/3044740/,https://vndb.org/v61444
3826980,Return to Ash - Demo,2025-06-25,2025-06,vndb_steam_release,True,False,VNDB_ONLY,True,,v56629,r137739,Return to Ash,trial,True,,,,https://store.steampowered.com/app/3826980/,https://vndb.org/v56629
2442530,Shards of Her v0.4.6,2025-06-25,2025-06,vndb_steam_release,True,False,VNDB_ONLY,True,,v45098,r112707,Shards of Her,partial,True,,,,https://store.steampowered.com/app/2442530/,https://vndb.org/v45098
2103130,Matchmaking Inc.,2025-06-26,2025-06,vndb_steam_release,True,False,VNDB_ONLY,True,,v61532,r147030,Matchmaking Inc.,complete,True,,,,https://store.steampowered.com/app/2103130/,https://vndb.org/v61532
2010210,Sunwave Hotel,2025-06-26,2025-06,vndb_steam_release,True,False,VNDB_ONLY,True,,v47320,r113689,Sunwave Hotel,complete,True,,,,https://store.steampowered.com/app/2010210/,https://vndb.org/v47320
3814010,The Traded Groom - Extended Edition,2025-06-26,2025-06,vndb_steam_release,True,False,VNDB_ONLY,True,,v53328,r137686,The Traded Groom,complete,True,,,,https://store.steampowered.com/app/3814010/,https://vndb.org/v53328
4328330,Jest Messters - Demo,2025-06-28,2025-06,vndb_steam_release,True,False,VNDB_ONLY,True,,v57298,r137735,Jest Messters,trial,True,,,,https://store.steampowered.com/app/4328330/,https://vndb.org/v57298
4426780,My Husband is a Stranger - Demo,2025-06-29,2025-06,vndb_steam_release,True,False,VNDB_ONLY,True,,v57305,r137746,My Husband is a Stranger,trial,True,,,,https://store.steampowered.com/app/4426780/,https://vndb.org/v57305
4185860,Chongwu Lianren - Demo,2025-06-30,2025-06,vndb_steam_release,True,False,VNDB_ONLY,True,,v57387,r137877,Chongwu Lianren,trial,True,,,,https://store.steampowered.com/app/4185860/,https://vndb.org/v57387
3744850,Ibangindeul - Demo,2025-06-30,2025-06,vndb_steam_release,True,False,VNDB_ONLY,True,,v57427,r138205,Ibangindeul,trial,True,,,,https://store.steampowered.com/app/3744850/,https://vndb.org/v57427
4001250,In My Orbit - Demo,2025-06-30,2025-06,vndb_steam_release,True,False,VNDB_ONLY,True,,v57384,r137874,In My Orbit,trial,True,,,,https://store.steampowered.com/app/4001250/,https://vndb.org/v57384
4047140,My Wife is a Spy?! - Demo,2025-06-30,2025-06,vndb_steam_release,True,False,VNDB_ONLY,True,,v56794,r137847,My Wife is a Spy?!,trial,True,,,,https://store.steampowered.com/app/4047140/,https://vndb.org/v56794
3852480,TELLURICENE - Demo,2025-06-30,2025-06,vndb_steam_release,True,False,VNDB_ONLY,True,,v57379,r137869,TELLURICENE,trial,True,,,,https://store.steampowered.com/app/3852480/,https://vndb.org/v57379
3786650,Yuika My Bestie,2025-06-30,2025-06,vndb_steam_release,True,False,VNDB_ONLY,True,,v57393,r137884,Yuika My Bestie,complete,True,,,,https://store.steampowered.com/app/3786650/,https://vndb.org/v57393
3946710,Faint Echo - Demo,2025-07-01,2025-07,vndb_steam_release,True,False,VNDB_ONLY,True,,v58199,r139383,Faint Echo,trial,True,,,,https://store.steampowered.com/app/3946710/,https://vndb.org/v58199
3414760,Monster Ops 8,2025-07-01,2025-07,vndb_steam_release,True,False,VNDB_ONLY,True,,v51705,r131831,Monster Ops,partial,True,,,,https://store.steampowered.com/app/3414760/,https://vndb.org/v51705
3792360,Peach Tangle,2025-07-01,2025-07,vndb_steam_release,True,False,VNDB_ONLY,True,,v56358,r136816,Peach Tangle,complete,True,,,,https://store.steampowered.com/app/3792360/,https://vndb.org/v56358
3452830,ToHeart Tsuika Story - Serio・Masashi,2025-07-02,2025-07,vndb_steam_release,True,False,VNDB_ONLY,True,,v30616,r137967,ToHeart,partial,True,,,,https://store.steampowered.com/app/3452830/,https://vndb.org/v30616
3485920,The Thistle and the Flower - Chapter One,2025-07-03,2025-07,vndb_steam_release,True,False,VNDB_ONLY,True,,v54586,r131571,The Thistle and the Flower,partial,True,,,,https://store.steampowered.com/app/3485920/,https://vndb.org/v54586
2252310,Dog Days of Summer v0.5.1 Remake,2025-07-05,2025-07,vndb_steam_release,True,False,VNDB_ONLY,True,,v28109,r70177,Dog Days of Summer,partial,True,,,,https://store.steampowered.com/app/2252310/,https://vndb.org/v28109
1856600,Rewrite Harvest festa! - Censored Edition,2025-07-05,2025-07,vndb_steam_release,True,False,VNDB_ONLY,True,,v8020,r85060,Rewrite Harvest festa!,complete,True,,,,https://store.steampowered.com/app/1856600/,https://vndb.org/v8020
3610630,Yuri Demon Chapter 7,2025-07-06,2025-07,vndb_steam_release,True,False,VNDB_ONLY,True,,v60370,r144471,Yuri Demon,partial,True,,,,https://store.steampowered.com/app/3610630/,https://vndb.org/v60370
3008550,Spill the Beans - Updated Demo,2025-07-07,2025-07,vndb_steam_release,True,False,VNDB_ONLY,True,,v51306,r142344,Spill the Beans,trial,True,,,,https://store.steampowered.com/app/3008550/,https://vndb.org/v51306
3754660,Gouxiang Bifang Demo,2025-07-08,2025-07,vndb_steam_release,True,False,VNDB_ONLY,True,,v51840,r142169,Gouxiang Bifang,trial,True,,,,https://store.steampowered.com/app/3754660/,https://vndb.org/v51840
3756360,Makou Seiki Variant Birth,2025-07-10,2025-07,vndb_steam_release,True,False,VNDB_ONLY,True,,v24771,r137661,Makou Seiki Variant Birth,complete,True,,,,https://store.steampowered.com/app/3756360/,https://vndb.org/v24771
3867420,Spirit Whisperer Conversation With Kamiko - Demo,2025-07-10,2025-07,vndb_steam_release,True,False,VNDB_ONLY,True,,v57728,r138426,Spirit Whisperer Conversation With Kamiko,trial,True,,,,https://store.steampowered.com/app/3867420/,https://vndb.org/v57728
3745500,Whispers from the Star - Demo,2025-07-10,2025-07,vndb_steam_release,True,False,VNDB_ONLY,True,,v58972,r140936,Whispers from the Star,trial,True,,,,https://store.steampowered.com/app/3745500/,https://vndb.org/v58972
3868210,Wo Qin'ai de Meimei After,2025-07-10,2025-07,vndb_steam_release,True,False,VNDB_ONLY,True,,v54685,r138631,Wo Qin'ai de Meimei,complete,True,,,,https://store.steampowered.com/app/3868210/,https://vndb.org/v54685
3070660,DATING OF THE FUTURE - Demo,2025-07-11,2025-07,vndb_steam_release,True,False,VNDB_ONLY,True,,v60222,r144030,DATING OF THE FUTURE,trial,True,,,,https://store.steampowered.com/app/3070660/,https://vndb.org/v60222
3708180,Harem Academy: Tales of the Titty Tamer,2025-07-11,2025-07,vndb_steam_release,True,False,VNDB_ONLY,True,,v52526,r138166,Haramase Tamer no Isekai Gakuen Musou ~Kyonyuu Mesu-tachi o Kozukuri Tamer Shite Saikyou no Harem Gundan o Tsukutte Nariagaru!~,complete,True,,,,https://store.steampowered.com/app/3708180/,https://vndb.org/v52526
3845150,Lian Yu Weixie Zhiyu Demo,2025-07-11,2025-07,vndb_steam_release,True,False,VNDB_ONLY,True,,v56809,r138611,Lian Yu Weixie Zhiyu,trial,True,,,,https://store.steampowered.com/app/3845150/,https://vndb.org/v56809
3674930,Prison 69 - 24 Hours In Jail,2025-07-11,2025-07,vndb_steam_release,True,False,VNDB_ONLY,True,,v36652,r137236,Prison 69,complete,True,,,,https://store.steampowered.com/app/3674930/,https://vndb.org/v36652
3859980,Re.dive Wonderland - Demo,2025-07-11,2025-07,vndb_steam_release,True,False,VNDB_ONLY,True,,v55817,r151310,Re.dive Wonderland,trial,True,,,,https://store.steampowered.com/app/3859980/,https://vndb.org/v55817
3407700,Witch’s Lewd Curse,2025-07-11,2025-07,vndb_steam_release,True,False,VNDB_ONLY,True,,v57763,r138488,Witch’s Lewd Curse,complete,True,,,,https://store.steampowered.com/app/3407700/,https://vndb.org/v57763
2998300,PERSEVERANCE Chapter 1,2025-07-13,2025-07,vndb_steam_release,True,False,VNDB_ONLY,True,,v35131,r138613,Perseverance,partial,True,,,,https://store.steampowered.com/app/2998300/,https://vndb.org/v35131
3854320,Xixuegui Daxiaojie Xiang he Wo Tanlian'ai Demo,2025-07-14,2025-07,vndb_steam_release,True,False,VNDB_ONLY,True,,v60508,r144757,Xixuegui Daxiaojie Xiang he Wo Tanlian'ai,trial,True,,,,https://store.steampowered.com/app/3854320/,https://vndb.org/v60508
3842420,Cumming of Age - Demo,2025-07-15,2025-07,vndb_steam_release,True,False,VNDB_ONLY,True,,v60772,r145467,Cumming of Age,trial,True,,,,https://store.steampowered.com/app/3842420/,https://vndb.org/v60772
3850400,Shu Lian Yu Jun: Xianzi's Route - Demo,2025-07-15,2025-07,vndb_steam_release,True,False,VNDB_ONLY,True,,v57941,r140383,Shu Lian Yu Jun: Xianzi's Route,trial,True,,,,https://store.steampowered.com/app/3850400/,https://vndb.org/v57941
3515380,YKMET: Strade,2025-07-15,2025-07,vndb_steam_release,True,False,VNDB_ONLY,True,,v57944,r138740,YKMET: Strade,complete,True,,,,https://store.steampowered.com/app/3515380/,https://vndb.org/v57944
2853840,Breeding EVERYONE!,2025-07-16,2025-07,vndb_steam_release,True,False,VNDB_ONLY,True,,v49655,r138774,Family Breeding,complete,True,,,,https://store.steampowered.com/app/2853840/,https://vndb.org/v49655
3819920,Femboy Streamer - Demo,2025-07-16,2025-07,vndb_steam_release,True,False,VNDB_ONLY,True,,v60502,r144780,Femboy Streamer,trial,True,,,,https://store.steampowered.com/app/3819920/,https://vndb.org/v60502
3692840,Lavender Quartz Kyoukai Hyoudou - Demo,2025-07-16,2025-07,vndb_steam_release,True,False,VNDB_ONLY,True,,v57977,r139189,Lavender Quartz Kyoukai Hyoudou,trial,True,,,,https://store.steampowered.com/app/3692840/,https://vndb.org/v57977
2413570,Solo Breeding,2025-07-16,2025-07,vndb_steam_release,True,False,VNDB_ONLY,True,,v46255,r111087,Solo Breeding,complete,True,,,,https://store.steampowered.com/app/2413570/,https://vndb.org/v46255
2965230,Where It All Began - Ch. 4,2025-07-16,2025-07,vndb_steam_release,True,False,VNDB_ONLY,True,,v24623,r86893,Where It All Began,partial,True,,,,https://store.steampowered.com/app/2965230/,https://vndb.org/v24623
3809910,Midnight Shifts with Femboy;Midnight Shifts with Femboy - Demo,2025-07-17,2025-07,vndb_steam_release,True,False,VNDB_ONLY,True,,v63742,r152711;r153948,Midnight Shifts with Femboy,complete;trial,True,,,,https://store.steampowered.com/app/3809910/,https://vndb.org/v63742
2545010,New Perspective,2025-07-17,2025-07,vndb_steam_release,True,False,VNDB_ONLY,True,,v46520,r111577,New Perspective,complete,True,,,,https://store.steampowered.com/app/2545010/,https://vndb.org/v46520
2337210,Shen Zui Jiang Lin - Book 2,2025-07-17,2025-07,vndb_steam_release,True,False,VNDB_ONLY,True,,v50263,r137248,Shen Zui Jiang Lin,partial,True,,,,https://store.steampowered.com/app/2337210/,https://vndb.org/v50263
3589260,Train Molester Big-Titty Undercover Agent ~Hot and Sexy Prey~,2025-07-17,2025-07,vndb_steam_release,True,False,VNDB_ONLY,True,,v24121,r138389,Chikan Densha Kyonyuu Otori Sousakan ~Nerawareta Ureta Nikutai~,complete,True,,,,https://store.steampowered.com/app/3589260/,https://vndb.org/v24121
3874900,Chuyu Shi Demo,2025-07-18,2025-07,vndb_steam_release,True,False,VNDB_ONLY,True,,v56560,r140873,Chuyu Shi,trial,True,,,,https://store.steampowered.com/app/3874900/,https://vndb.org/v56560
3530770,Monster City: A Monster College Story - Demo;Monster City: A Monster College Story v0.12.3,2025-07-18,2025-07,vndb_steam_release,True,False,VNDB_ONLY,True,,v60643,r145188;r145200,Monster City: A Monster College Story,partial;trial,True,,,,https://store.steampowered.com/app/3530770/,https://vndb.org/v60643
3264480,Owari no Mori 2,2025-07-18,2025-07,vndb_steam_release,True,False,VNDB_ONLY,True,,v51954,r139104,Owari no Mori 2,complete,True,,,,https://store.steampowered.com/app/3264480/,https://vndb.org/v51954
3859200,Um Conto de Bigodes Sujos - Demo,2025-07-18,2025-07,vndb_steam_release,True,False,VNDB_ONLY,True,,v58474,r139939,Um Conto de Bigodes Sujos,trial,True,,,,https://store.steampowered.com/app/3859200/,https://vndb.org/v58474
3664240,Norn's Dine - First Part;Norn's Dine - Trial Version,2025-07-19,2025-07,vndb_steam_release,True,False,VNDB_ONLY,True,,v47858,r130235;r145884,Norn's Dine,partial;trial,True,,,,https://store.steampowered.com/app/3664240/,https://vndb.org/v47858
3633840,Zhuoling,2025-07-19,2025-07,vndb_steam_release,True,False,VNDB_ONLY,True,,v58102,r139196,Zhuoling,complete,True,,,,https://store.steampowered.com/app/3633840/,https://vndb.org/v58102
3726470,EmyLiveShow: Dungeon & Mistresses Tale - Demo,2025-07-20,2025-07,vndb_steam_release,True,False,VNDB_ONLY,True,,v60286,r144301,EmyLiveShow: Dungeon & Mistresses Tale,trial,True,,,,https://store.steampowered.com/app/3726470/,https://vndb.org/v60286
3865600,Isegye Maid / Pureun Jangmiui Cinderella,2025-07-20,2025-07,vndb_steam_release,True,False,VNDB_ONLY,True,,v38308,r138757,Isegye Maid,partial,True,,,,https://store.steampowered.com/app/3865600/,https://vndb.org/v38308
3746180,MATCH APP! Demo,2025-07-20,2025-07,vndb_steam_release,True,False,VNDB_ONLY,True,,v58687,r140385,MATCH APP!,trial,True,,,,https://store.steampowered.com/app/3746180/,https://vndb.org/v58687
3894640,"Xiaoxiao de Shenying, Chongdie de Neixin - Demo",2025-07-20,2025-07,vndb_steam_release,True,False,VNDB_ONLY,True,,v58650,r140305,"Xiaoxiao de Shenying, Chongdie de Neixin",trial,True,,,,https://store.steampowered.com/app/3894640/,https://vndb.org/v58650
3708470,Horny Studio 🎨,2025-07-21,2025-07,vndb_steam_release,True,False,VNDB_ONLY,True,,v66679,r160033,Horny Studio 🎨,complete,True,,,,https://store.steampowered.com/app/3708470/,https://vndb.org/v66679
3913440,Re:Curse - Extended Demo,2025-07-21,2025-07,vndb_steam_release,True,False,VNDB_ONLY,True,,v53753,r141275,Re:Curse,trial,True,,,,https://store.steampowered.com/app/3913440/,https://vndb.org/v53753
3222250,Nudist School v0.20,2025-07-22,2025-07,vndb_steam_release,True,False,VNDB_ONLY,True,,v33730,r86849,Nudist College,partial,True,,,,https://store.steampowered.com/app/3222250/,https://vndb.org/v33730
3803350,Project B-FER: Prime Cut - Demo,2025-07-22,2025-07,vndb_steam_release,True,False,VNDB_ONLY,True,,v46051,r140061,Project B-FER,trial,True,,,,https://store.steampowered.com/app/3803350/,https://vndb.org/v46051
3841380,Fugue of Delights,2025-07-23,2025-07,vndb_steam_release,True,False,VNDB_ONLY,True,,v58212,r139407,Fugue of Delights,complete,True,,,,https://store.steampowered.com/app/3841380/,https://vndb.org/v58212
3369070,Law School - Season 1,2025-07-23,2025-07,vndb_steam_release,True,False,VNDB_ONLY,True,,v62089,r148206,Law School,partial,True,,,,https://store.steampowered.com/app/3369070/,https://vndb.org/v62089
3645200,Lyndaria: The Court of Tricksters DLC,2025-07-23,2025-07,vndb_steam_release,True,False,VNDB_ONLY,True,,v49388,r139650,Lyndaria: Lust Adventure,complete,True,,,,https://store.steampowered.com/app/3645200/,https://vndb.org/v49388
3877670,Mass of Consumption - Demo,2025-07-23,2025-07,vndb_steam_release,True,False,VNDB_ONLY,True,,v58344,r139648,Mass of Consumption,trial,True,,,,https://store.steampowered.com/app/3877670/,https://vndb.org/v58344
1783110,Chasing Sunsets,2025-07-24,2025-07,vndb_steam_release,True,False,VNDB_ONLY,True,,v29267,r74655,Chasing Sunsets,complete,True,,,,https://store.steampowered.com/app/1783110/,https://vndb.org/v29267
2454960,Dai Akugyaku Reijou Strategy of Lily,2025-07-24,2025-07,vndb_steam_release,True,False,VNDB_ONLY,True,,v58305,r139555,Dai Akugyaku Reijou Strategy of Lily,complete,True,,,,https://store.steampowered.com/app/2454960/,https://vndb.org/v58305
3623080,"Days with Marie, My Love - MOTION EDITION -",2025-07-24,2025-07,vndb_steam_release,True,False,VNDB_ONLY,True,,v27368,r133719,Saikou ni Tsugou no Ii Paizuri Jouzu no Mari-san,complete,True,,,,https://store.steampowered.com/app/3623080/,https://vndb.org/v27368
3869700,Los Angeles 1985 18+ Patch,2025-07-24,2025-07,vndb_steam_release,True,False,VNDB_ONLY,True,,v58233,r139488,Los Angeles 1985,complete,True,,,,https://store.steampowered.com/app/3869700/,https://vndb.org/v58233
3785690,Motto! Saikou ni Tsugou no ii Paizuri Jouzu no Sophie-san,2025-07-24,2025-07,vndb_steam_release,True,False,VNDB_ONLY,True,,v55877,r137692,Motto! Saikou ni Tsugou no ii Paizuri Jouzu no Sophie-san,complete,True,,,,https://store.steampowered.com/app/3785690/,https://vndb.org/v55877
3901730,Sumrak Demo,2025-07-24,2025-07,vndb_steam_release,True,False,VNDB_ONLY,True,,v54873,r141185,Sumrak,trial,True,,,,https://store.steampowered.com/app/3901730/,https://vndb.org/v54873
3840060,Tavern Talk Stories: Dreamwalker - Demo,2025-07-24,2025-07,vndb_steam_release,True,False,VNDB_ONLY,True,,v56553,r139440,Tavern Talk Stories: Dreamwalker,trial,True,,,,https://store.steampowered.com/app/3840060/,https://vndb.org/v56553
3877320,The Next Stop - Demo,2025-07-24,2025-07,vndb_steam_release,True,False,VNDB_ONLY,True,,v58542,r140066,The Next Stop,trial,True,,,,https://store.steampowered.com/app/3877320/,https://vndb.org/v58542
3823560,A Dream That Changes Everything,2025-07-25,2025-07,vndb_steam_release,True,False,VNDB_ONLY,True,,v58319,r139584,A Dream That Changes Everything,complete,True,,,,https://store.steampowered.com/app/3823560/,https://vndb.org/v58319
3829270,A Dream That Changes Everything - Demo Version,2025-07-25,2025-07,vndb_steam_release,True,False,VNDB_ONLY,True,,v58319,r139583,A Dream That Changes Everything,trial,True,,,,https://store.steampowered.com/app/3829270/,https://vndb.org/v58319
3126690,"College Kings 2 Episode 6 ""Summer Showdown""",2025-07-25,2025-07,vndb_steam_release,True,False,VNDB_ONLY,True,,v34824,r151617,College Kings 2,partial,True,,,,https://store.steampowered.com/app/3126690/,https://vndb.org/v34824
3841480,My Sweet Summer,2025-07-25,2025-07,vndb_steam_release,True,False,VNDB_ONLY,True,,v58266,r139492,My Sweet Summer,complete,True,,,,https://store.steampowered.com/app/3841480/,https://vndb.org/v58266
3654030,Onna ga Muragaru Kaosu Bi-chi Feromon o Makichirasu Doutei Otoko ga Neriaruku!;Onna ga Muragaru Kaosu Bi-chi Feromon o Makichirasu Doutei Otoko ga Neriaruku! Demo,2025-07-25,2025-07,vndb_steam_release,True,False,VNDB_ONLY,True,,v61048,r145917;r145918,Onna ga Muragaru Kaosu Bi-chi Feromon o Makichirasu Doutei Otoko ga Neriaruku!,complete;trial,True,,,,https://store.steampowered.com/app/3654030/,https://vndb.org/v61048
3812030,Pookie has a Fantasy 2,2025-07-25,2025-07,vndb_steam_release,True,False,VNDB_ONLY,True,,v58267,r139494,Pookie has a Fantasy 2,complete,True,,,,https://store.steampowered.com/app/3812030/,https://vndb.org/v58267
3676590,Witch Please: Sex Service,2025-07-25,2025-07,vndb_steam_release,True,False,VNDB_ONLY,True,,v60789,r145497,Witch Please: Sex Service,complete,True,,,,https://store.steampowered.com/app/3676590/,https://vndb.org/v60789
3913680,Molitva - Demo,2025-07-27,2025-07,vndb_steam_release,True,False,VNDB_ONLY,True,,v58329,r139596,Molitva,trial,True,,,,https://store.steampowered.com/app/3913680/,https://vndb.org/v58329
3877890,My Furry Protogen 3 - 18+ Adult Only Patch,2025-07-27,2025-07,vndb_steam_release,True,False,VNDB_ONLY,True,,v50825,r139652,My Furry Protogen 3 🐾,complete,True,,,,https://store.steampowered.com/app/3877890/,https://vndb.org/v50825
1529350,Astral Ascension,2025-07-28,2025-07,vndb_steam_release,True,False,VNDB_ONLY,True,,v36099,r147527,Astral Ascension,complete,True,,,,https://store.steampowered.com/app/1529350/,https://vndb.org/v36099
2579730,My Bimbo Dream,2025-07-28,2025-07,vndb_steam_release,True,False,VNDB_ONLY,True,,v45681,r140334,My Bimbo Dream,complete,True,,,,https://store.steampowered.com/app/2579730/,https://vndb.org/v45681
3867930,Shi Lou Jiexian -edge- Demo,2025-07-28,2025-07,vndb_steam_release,True,False,VNDB_ONLY,True,,v58357,r145077,Shi Lou Jiexian -edge-,trial,True,,,,https://store.steampowered.com/app/3867930/,https://vndb.org/v58357
3474720,Slut Metamorphosis,2025-07-28,2025-07,vndb_steam_release,True,False,VNDB_ONLY,True,,v56199,r135193,Slut Metamorphosis,complete,True,,,,https://store.steampowered.com/app/3474720/,https://vndb.org/v56199
3726420,Warrior's Reward 🗡️,2025-07-29,2025-07,vndb_steam_release,True,False,VNDB_ONLY,True,,v66682,r160039,Warrior's Reward 🗡️,complete,True,,,,https://store.steampowered.com/app/3726420/,https://vndb.org/v66682
2926220,Kindvixens - Early Access,2025-07-30,2025-07,vndb_steam_release,True,False,VNDB_ONLY,True,,v58388,r139767,Kindvixens,partial,True,,,,https://store.steampowered.com/app/2926220/,https://vndb.org/v58388
3879310,Meng Deng Hua DLC: Huahai Fengyun,2025-07-30,2025-07,vndb_steam_release,True,False,VNDB_ONLY,True,,v38886,r144079,Meng Deng Hua,partial,True,,,,https://store.steampowered.com/app/3879310/,https://vndb.org/v38886
3849590,The Left Eye - Demo,2025-07-31,2025-07,vndb_steam_release,True,False,VNDB_ONLY,True,,v58387,r139765,The Left Eye,trial,True,,,,https://store.steampowered.com/app/3849590/,https://vndb.org/v58387
3641970,Zhongqu. Demo,2025-07-31,2025-07,vndb_steam_release,True,False,VNDB_ONLY,True,,v55267,r141845,Zhongqu.,trial,True,,,,https://store.steampowered.com/app/3641970/,https://vndb.org/v55267
3869050,EmyLiveShow: Beach Days of Sun and Moon - Demo,2025-08-01,2025-08,vndb_steam_release,True,False,VNDB_ONLY,True,,v58419,r139846,EmyLiveShow: Beach Days of Sun and Moon,trial,True,,,,https://store.steampowered.com/app/3869050/,https://vndb.org/v58419
3414770,Monster Ops 9,2025-08-01,2025-08,vndb_steam_release,True,False,VNDB_ONLY,True,,v51705,r132454,Monster Ops,partial,True,,,,https://store.steampowered.com/app/3414770/,https://vndb.org/v51705
2752750,One Lie,2025-08-01,2025-08,vndb_steam_release,True,False,VNDB_ONLY,True,,v49080,r118122,One Lie,complete,True,,,,https://store.steampowered.com/app/2752750/,https://vndb.org/v49080
3846350,Winter Heat - Demo,2025-08-01,2025-08,vndb_steam_release,True,False,VNDB_ONLY,True,,v54231,r139797,Winter Heat,trial,True,,,,https://store.steampowered.com/app/3846350/,https://vndb.org/v54231
3835240,White Rats (Demo),2025-08-02,2025-08,vndb_steam_release,True,False,VNDB_ONLY,True,,v58480,r139950,Belye Krysy,trial,True,,,,https://store.steampowered.com/app/3835240/,https://vndb.org/v58480
3801410,Sex Empire - Episode 1,2025-08-03,2025-08,vndb_steam_release,True,False,VNDB_ONLY,True,,v58446,r139896,Sex Empire,partial,True,,,,https://store.steampowered.com/app/3801410/,https://vndb.org/v58446
3885190,Drunk But Not Wasted Knight - Demo,2025-08-04,2025-08,vndb_steam_release,True,False,VNDB_ONLY,True,,v58589,r140168,Drunk But Not Wasted Knight,trial,True,,,,https://store.steampowered.com/app/3885190/,https://vndb.org/v58589
2134860,My Ex-Future Family: Season 1,2025-08-04,2025-08,vndb_steam_release,True,False,VNDB_ONLY,True,,v46004,r141070,My Ex-Future Family,partial,True,,,,https://store.steampowered.com/app/2134860/,https://vndb.org/v46004
3913580,Presidential Social Media Manager - Demo,2025-08-04,2025-08,vndb_steam_release,True,False,VNDB_ONLY,True,,v58644,r140296,Presidential Social Media Manager,trial,True,,,,https://store.steampowered.com/app/3913580/,https://vndb.org/v58644
3926120,Tongzhuo! Wo Xihuan Ni Demo,2025-08-05,2025-08,vndb_steam_release,True,False,VNDB_ONLY,True,,v58617,r142597,Tongzhuo! Wo Xihuan Ni,trial,True,,,,https://store.steampowered.com/app/3926120/,https://vndb.org/v58617
3885260,Spirit Whisperer Conversation With Akari - Demo,2025-08-07,2025-08,vndb_steam_release,True,False,VNDB_ONLY,True,,v58588,r140166,Spirit Whisperer Conversation With Akari,trial,True,,,,https://store.steampowered.com/app/3885260/,https://vndb.org/v58588
3841720,Under the Table,2025-08-07,2025-08,vndb_steam_release,True,False,VNDB_ONLY,True,,v58541,r140065,Under the Table,complete,True,,,,https://store.steampowered.com/app/3841720/,https://vndb.org/v58541
3620570,Citas Hentai,2025-08-08,2025-08,vndb_steam_release,True,False,VNDB_ONLY,True,,v58569,r140124,Citas Hentai,complete,True,,,,https://store.steampowered.com/app/3620570/,https://vndb.org/v58569
3795350,Jin Ni Yiren - Demo,2025-08-08,2025-08,vndb_steam_release,True,False,VNDB_ONLY,True,,v55975,r137237,Jin Ni Yiren,trial,True,,,,https://store.steampowered.com/app/3795350/,https://vndb.org/v55975
3830570,Jingling Nu Shangsi de Xun Gou Shu - Censored Edition,2025-08-08,2025-08,vndb_steam_release,True,False,VNDB_ONLY,True,,v41458,r138675,Jingling Nu Shangsi de Xun Gou Shu,complete,True,,,,https://store.steampowered.com/app/3830570/,https://vndb.org/v41458
3804710,Seven Nexus - Demo,2025-08-08,2025-08,vndb_steam_release,True,False,VNDB_ONLY,True,,v58470,r139948,Seven Nexus,trial,True,,,,https://store.steampowered.com/app/3804710/,https://vndb.org/v58470
3817570,Sister Sophie's Creed to Breed,2025-08-08,2025-08,vndb_steam_release,True,False,VNDB_ONLY,True,,v53138,r140172,Seimin! Sister Sophie wa Haramase Onaho ~Aizu Hitotsu de Kyokon Suuhaisha ni Narisagaru Bakunyuu Seishokusha~,complete,True,,,,https://store.steampowered.com/app/3817570/,https://vndb.org/v53138
3683610,Strip Me Down! Office Worker,2025-08-08,2025-08,vndb_steam_release,True,False,VNDB_ONLY,True,,v66022,r158291,Strip Me Down! Office Worker,complete,True,,,,https://store.steampowered.com/app/3683610/,https://vndb.org/v66022
3683590,Strip Me Down: Jock,2025-08-08,2025-08,vndb_steam_release,True,False,VNDB_ONLY,True,,v66023,r158292,Strip Me Down: Jock,complete,True,,,,https://store.steampowered.com/app/3683590/,https://vndb.org/v66023
3455390,The Last Rose - Demo,2025-08-08,2025-08,vndb_steam_release,True,False,VNDB_ONLY,True,,v49345,r140102,The Last Rose,trial,True,,,,https://store.steampowered.com/app/3455390/,https://vndb.org/v49345
2480830,Voronica Goes to Town: a Vore Adventure,2025-08-08,2025-08,vndb_steam_release,True,False,VNDB_ONLY,True,,v53680,r129604,Voronica Goes to Town: a Vore Adventure,complete,True,,,,https://store.steampowered.com/app/2480830/,https://vndb.org/v53680
3650570,Yoshima: Hentai Simulator - Horny Summer DLC,2025-08-08,2025-08,vndb_steam_release,True,False,VNDB_ONLY,True,,v63183,r150929,Yoshima: Hentai Simulator,partial,True,,,,https://store.steampowered.com/app/3650570/,https://vndb.org/v63183
3205430,Condo Desires,2025-08-11,2025-08,vndb_steam_release,True,False,VNDB_ONLY,True,,v52694,r127259,Condo Desires,complete,True,,,,https://store.steampowered.com/app/3205430/,https://vndb.org/v52694
3712010,Condo Desires - Olivia,2025-08-11,2025-08,vndb_steam_release,True,False,VNDB_ONLY,True,,v52694,r140453,Condo Desires,partial,True,,,,https://store.steampowered.com/app/3712010/,https://vndb.org/v52694
3007870,Etcetera and Otherwise: A Lurid Odyssey,2025-08-12,2025-08,vndb_steam_release,True,False,VNDB_ONLY,True,,v58642,r140294,Etcetera and Otherwise: A Lurid Odyssey,complete,True,,,,https://store.steampowered.com/app/3007870/,https://vndb.org/v58642
3516540,Love and Hatred,2025-08-13,2025-08,vndb_steam_release,True,False,VNDB_ONLY,True,,v58668,r140347,Love and Hatred,complete,True,,,,https://store.steampowered.com/app/3516540/,https://vndb.org/v58668
3698050,Recordando a Emily,2025-08-13,2025-08,vndb_steam_release,True,False,VNDB_ONLY,True,,v56203,r135714,Recordando a Emily,complete,True,,,,https://store.steampowered.com/app/3698050/,https://vndb.org/v56203
3942960,Wanshengjie zhi Yan - Demo,2025-08-13,2025-08,vndb_steam_release,True,False,VNDB_ONLY,True,,v58790,r141802,Wanshengjie zhi Yan,trial,True,,,,https://store.steampowered.com/app/3942960/,https://vndb.org/v58790
3492590,A Soldier's Struggle,2025-08-14,2025-08,vndb_steam_release,True,False,VNDB_ONLY,True,,v60388,r144499,A Soldier's Struggle,complete,True,,,,https://store.steampowered.com/app/3492590/,https://vndb.org/v60388
3795730,Owari no Mae ni - Demo Edition,2025-08-14,2025-08,vndb_steam_release,True,False,VNDB_ONLY,True,,v58268,r140355,Owari no Mae ni,trial,True,,,,https://store.steampowered.com/app/3795730/,https://vndb.org/v58268
3320410,Thot on Trial,2025-08-14,2025-08,vndb_steam_release,True,False,VNDB_ONLY,True,,v53407,r128908,Thot on Trial,complete,True,,,,https://store.steampowered.com/app/3320410/,https://vndb.org/v53407
3816810,Coffee & Boobs: Grand Gala,2025-08-15,2025-08,vndb_steam_release,True,False,VNDB_ONLY,True,,v54720,r141369,Coffee & Boobs,partial,True,,,,https://store.steampowered.com/app/3816810/,https://vndb.org/v54720
3478920,Getting Inside: Hentai Story,2025-08-15,2025-08,vndb_steam_release,True,False,VNDB_ONLY,True,,v63174,r150916,Getting Inside: Hentai Story,complete,True,,,,https://store.steampowered.com/app/3478920/,https://vndb.org/v63174
2920030,UnderGirl: Submission Path,2025-08-15,2025-08,vndb_steam_release,True,False,VNDB_ONLY,True,,v55106,r132761,UnderGirl: Submission Path,complete,True,,,,https://store.steampowered.com/app/2920030/,https://vndb.org/v55106
3873200,Breeding Visa Demo,2025-08-16,2025-08,vndb_steam_release,True,False,VNDB_ONLY,True,,v60089,r143589,Breeding Visa,trial,True,,,,https://store.steampowered.com/app/3873200/,https://vndb.org/v60089
3466670,Ichigo no Kojin Lesson ~Watashi no Kateikyoushi Onii-chan~ Censored Edition,2025-08-16,2025-08,vndb_steam_release,True,False,VNDB_ONLY,True,,v22891,r135222,Do M Imouto Onedari Kojin Lesson ~Watashi no SEX Katei Kyoushi Onii-chan~,complete,True,,,,https://store.steampowered.com/app/3466670/,https://vndb.org/v22891
3911100,Out of Water - Demo,2025-08-16,2025-08,vndb_steam_release,True,False,VNDB_ONLY,True,,v58709,r140460,Out of Water,trial,True,,,,https://store.steampowered.com/app/3911100/,https://vndb.org/v58709
1204010,Renou Guan Qi Huan Ye,2025-08-17,2025-08,vndb_steam_release,True,False,VNDB_ONLY,True,,v30971,r87389,Renou Guan Qi Huan Ye,complete,True,,,,https://store.steampowered.com/app/1204010/,https://vndb.org/v30971
3661010,Uzhasnyj monstr - Demo,2025-08-17,2025-08,vndb_steam_release,True,False,VNDB_ONLY,True,,v32913,r140527,Spooky Monster,trial,True,,,,https://store.steampowered.com/app/3661010/,https://vndb.org/v32913
2497930,The Grey Dream [Ep. 7],2025-08-19,2025-08,vndb_steam_release,True,False,VNDB_ONLY,True,,v40046,r99123,The Grey Dream,partial,True,,,,https://store.steampowered.com/app/2497930/,https://vndb.org/v40046
1595030,Bad Memories v0.95,2025-08-20,2025-08,vndb_steam_release,True,False,VNDB_ONLY,True,,v25948,r64200,Bad Memories,partial,True,,,,https://store.steampowered.com/app/1595030/,https://vndb.org/v25948
3800640,G-MODE Archives + Tantei Kibukawa Ryousuke Jikentan Vol.17 'Midoumaru Tei Jiken',2025-08-20,2025-08,vndb_steam_release,True,False,VNDB_ONLY,True,,v44486,r140652,Tantei Kibukawa Ryousuke Jikentan 'Midoumaru Tei Jiken',complete,True,,,,https://store.steampowered.com/app/3800640/,https://vndb.org/v44486
2354770,Oni Onsen,2025-08-20,2025-08,vndb_steam_release,True,False,VNDB_ONLY,True,,v50159,r124927,Oni Onsen,complete,True,,,,https://store.steampowered.com/app/2354770/,https://vndb.org/v50159
4543780,Who's My Manito DEMO,2025-08-21,2025-08,vndb_steam_release,True,False,VNDB_ONLY,True,,v57940,r144318,Who's My Manito?,trial,True,,,,https://store.steampowered.com/app/4543780/,https://vndb.org/v57940
3748660,Futanari Goddess 🕯️,2025-08-22,2025-08,vndb_steam_release,True,False,VNDB_ONLY,True,,v66684,r160043,Futanari Goddess 🕯️,complete,True,,,,https://store.steampowered.com/app/3748660/,https://vndb.org/v66684
3830980,Haose Nongchang,2025-08-22,2025-08,vndb_steam_release,True,False,VNDB_ONLY,True,,v58880,r140750,Haose Nongchang,complete,True,,,,https://store.steampowered.com/app/3830980/,https://vndb.org/v58880
3747040,Wicked Subway 🚇,2025-08-22,2025-08,vndb_steam_release,True,False,VNDB_ONLY,True,,v66683,r160041,Wicked Subway 🚇,complete,True,,,,https://store.steampowered.com/app/3747040/,https://vndb.org/v66683
3811340,Camp Mourning Wood [v0.0.19.0],2025-08-23,2025-08,vndb_steam_release,True,False,VNDB_ONLY,True,,v60188,r143874,Camp Mourning Wood,partial,True,,,,https://store.steampowered.com/app/3811340/,https://vndb.org/v60188
3740830,A Court of Chaos,2025-08-24,2025-08,vndb_steam_release,True,False,VNDB_ONLY,True,,v59937,r143261,A Court of Chaos,complete,True,,,,https://store.steampowered.com/app/3740830/,https://vndb.org/v59937
4015940,How am I supposed to fit in at college when there aren't any other animal people but I'm a POSSUM BOY!: The Ballad of Joey Virginia - Demo Disk,2025-08-24,2025-08,vndb_steam_release,True,False,VNDB_ONLY,True,,v59013,r141015,How am I supposed to fit in at college when there aren't any other animal people but I'm a POSSUM BOY!: The Ballad of Joey Virginia,trial,True,,,,https://store.steampowered.com/app/4015940/,https://vndb.org/v59013
3464210,Jian Qi Demo,2025-08-24,2025-08,vndb_steam_release,True,False,VNDB_ONLY,True,,v58145,r148686,Jian Qi,trial,True,,,,https://store.steampowered.com/app/3464210/,https://vndb.org/v58145
3897510,Natsu no Saikai -in lost summer- α Demo,2025-08-24,2025-08,vndb_steam_release,True,False,VNDB_ONLY,True,,v58958,r141649,Natsu no Saikai,trial,True,,,,https://store.steampowered.com/app/3897510/,https://vndb.org/v58958
3860320,Suiyang: Shi yu Huo Demo,2025-08-25,2025-08,vndb_steam_release,True,False,VNDB_ONLY,True,,v58954,r140871,Suiyang: Shi yu Huo,trial,True,,,,https://store.steampowered.com/app/3860320/,https://vndb.org/v58954
3915190,Xian Gei Ni de Gaokao Er Zhou Mu,2025-08-25,2025-08,vndb_steam_release,True,False,VNDB_ONLY,True,,v58968,r140912,Xian Gei Ni de Gaokao Er Zhou Mu,complete,True,,,,https://store.steampowered.com/app/3915190/,https://vndb.org/v58968
3945830,After Work - Demo,2025-08-26,2025-08,vndb_steam_release,True,False,VNDB_ONLY,True,,v59312,r141797,After Work,trial,True,,,,https://store.steampowered.com/app/3945830/,https://vndb.org/v59312
3815950,"One Iced Latte With Your Breast Milk, Please! ~ Hot Coffee DLC ~ [R-18] 🔞",2025-08-26,2025-08,vndb_steam_release,True,False,VNDB_ONLY,True,,v51665,r141167,"One Iced Latte With Your Breast Milk, Please! ☕",partial,True,,,,https://store.steampowered.com/app/3815950/,https://vndb.org/v51665
3903500,Hey Stranger! I Dare You to Love Me! - Demo,2025-08-28,2025-08,vndb_steam_release,True,False,VNDB_ONLY,True,,v59046,r141121,Hey Stranger! I Dare You to Love Me!,trial,True,,,,https://store.steampowered.com/app/3903500/,https://vndb.org/v59046
3467240,Juedui Buxiang BE de Yuanwang Gonglue Fa,2025-08-28,2025-08,vndb_steam_release,True,False,VNDB_ONLY,True,,v59577,r143984,Juedui Buxiang BE de Yuanwang Gonglue Fa,complete,True,,,,https://store.steampowered.com/app/3467240/,https://vndb.org/v59577
3815890,Lucky Dog 1,2025-08-28,2025-08,vndb_steam_release,True,False,VNDB_ONLY,True,,v1564,r57772,Luckydog1,complete,True,,,,https://store.steampowered.com/app/3815890/,https://vndb.org/v1564
2692280,My Ex-Future Family: Season 2,2025-08-28,2025-08,vndb_steam_release,True,False,VNDB_ONLY,True,,v46004,r141069,My Ex-Future Family,partial,True,,,,https://store.steampowered.com/app/2692280/,https://vndb.org/v46004
3941520,Aim to Capture - Episode 1,2025-08-29,2025-08,vndb_steam_release,True,False,VNDB_ONLY,True,,v59047,r141123,Aim to Capture,partial,True,,,,https://store.steampowered.com/app/3941520/,https://vndb.org/v59047
2404390,B.E.S.T,2025-08-29,2025-08,vndb_steam_release,True,False,VNDB_ONLY,True,,v61429,r146781,B.E.S.T,complete,True,,,,https://store.steampowered.com/app/2404390/,https://vndb.org/v61429
3828900,Elven Holes Must Fall,2025-08-29,2025-08,vndb_steam_release,True,False,VNDB_ONLY,True,,v60787,r145495,Elven Holes Must Fall,complete,True,,,,https://store.steampowered.com/app/3828900/,https://vndb.org/v60787
3807090,Grow a Girlfriend - Demo,2025-08-29,2025-08,vndb_steam_release,True,False,VNDB_ONLY,True,,v48251,r141103,Grow a Girlfriend,trial,True,,,,https://store.steampowered.com/app/3807090/,https://vndb.org/v48251
3911510,Hunter: Space Pirates - Chapter 3,2025-08-29,2025-08,vndb_steam_release,True,False,VNDB_ONLY,True,,v53894,r160125,Hunter: Space Pirates,partial,True,,,,https://store.steampowered.com/app/3911510/,https://vndb.org/v53894
3648270,Medetashi Medetashi - Demo,2025-08-29,2025-08,vndb_steam_release,True,False,VNDB_ONLY,True,,v42639,r152130,Medetashi Medetashi made,trial,True,,,,https://store.steampowered.com/app/3648270/,https://vndb.org/v42639
4102250,Pureun Dalbit Sogeseo,2025-08-29,2025-08,vndb_steam_release,True,False,VNDB_ONLY,True,,v50670,r122587,Pureun Dalbit Sogeseo,complete,True,,,,https://store.steampowered.com/app/4102250/,https://vndb.org/v50670
3467900,SIGILLVM: RESONANCE - Demo,2025-08-29,2025-08,vndb_steam_release,True,False,VNDB_ONLY,True,,v56997,r137103,SIGILLVM: RESONANCE,trial,True,,,,https://store.steampowered.com/app/3467900/,https://vndb.org/v56997
3486140,Unluckily in Love: Fragments of Love - Episodes 1-4,2025-08-29,2025-08,vndb_steam_release,True,False,VNDB_ONLY,True,,v52351,r126551,Unluckily in Love: Fragments of Love,partial,True,,,,https://store.steampowered.com/app/3486140/,https://vndb.org/v52351
3967210,Wo yu Ni Gongdu de Qiri - Demo,2025-08-29,2025-08,vndb_steam_release,True,False,VNDB_ONLY,True,,v58952,r141125,Wo yu Ni Gongdu de Qiri,trial,True,,,,https://store.steampowered.com/app/3967210/,https://vndb.org/v58952
2420460,Having a HARD Time: Episode 5,2025-08-30,2025-08,vndb_steam_release,True,False,VNDB_ONLY,True,,v42129,r102732,Having a HARD Time,partial,True,,,,https://store.steampowered.com/app/2420460/,https://vndb.org/v42129
3664630,AFK_GF,2025-08-31,2025-08,vndb_steam_release,True,False,VNDB_ONLY,True,,v59163,r141360,AFK_GF,complete,True,,,,https://store.steampowered.com/app/3664630/,https://vndb.org/v59163
2240150,Summer's Gone: Season 1,2025-08-31,2025-08,vndb_steam_release,True,False,VNDB_ONLY,True,,v27557,r152702,Summer's Gone: Season 1,complete,True,,,,https://store.steampowered.com/app/2240150/,https://vndb.org/v27557
3414780,Monster Ops 10,2025-09-01,2025-09,vndb_steam_release,True,False,VNDB_ONLY,True,,v51705,r133829,Monster Ops,partial,True,,,,https://store.steampowered.com/app/3414780/,https://vndb.org/v51705
3897500,TSM Demo-epizod: Novejshij Atenej,2025-09-01,2025-09,vndb_steam_release,True,False,VNDB_ONLY,True,,v50554,r144133,THE SACRED MEMORY,trial,True,,,,https://store.steampowered.com/app/3897500/,https://vndb.org/v50554
2543770,It Was Raining That Night v0.12,2025-09-03,2025-09,vndb_steam_release,True,False,VNDB_ONLY,True,,v35742,r90994,It Was Raining That Night,partial,True,,,,https://store.steampowered.com/app/2543770/,https://vndb.org/v35742
3946030,Jiming Canhun: Xiari Qiyuan Demo,2025-09-04,2025-09,vndb_steam_release,True,False,VNDB_ONLY,True,,v63719,r152614,Jiming Canhun: Xiari Qiyuan,trial,True,,,,https://store.steampowered.com/app/3946030/,https://vndb.org/v63719
3999850,Advent: Dawn - Demo,2025-09-05,2025-09,vndb_steam_release,True,False,VNDB_ONLY,True,,v59161,r141443,Advent: Dawn,trial,True,,,,https://store.steampowered.com/app/3999850/,https://vndb.org/v59161
4000150,Bianyuan Xiangmu / Living Island Project Demo,2025-09-05,2025-09,vndb_steam_release,True,False,VNDB_ONLY,True,,v34870,r142214,Bianyuan Xiangmu,trial,True,,,,https://store.steampowered.com/app/4000150/,https://vndb.org/v34870
3867010,Daehak Jogyo Saenghwal,2025-09-05,2025-09,vndb_steam_release,True,False,VNDB_ONLY,True,,v54723,r141641;r148503,Daehak Jogyo Saenghwal,complete,True,,,,https://store.steampowered.com/app/3867010/,https://vndb.org/v54723
3972950,Exilium: Kiro - Demo,2025-09-05,2025-09,vndb_steam_release,True,False,VNDB_ONLY,True,,v59195,r141441,Exilium: Kiro,trial,True,,,,https://store.steampowered.com/app/3972950/,https://vndb.org/v59195
2884070,Elleria: Book 1 - Wheel of Fate,2025-09-06,2025-09,vndb_steam_release,True,False,VNDB_ONLY,True,,v52855,r145588,Elleria: Book 1,complete,True,,,,https://store.steampowered.com/app/2884070/,https://vndb.org/v52855
3664690,My Oppai Mommy Makes Me Want To Spill All Of My Company Secrets,2025-09-08,2025-09,vndb_steam_release,True,False,VNDB_ONLY,True,,v56249,r135302,My Oppai Mommy Makes Me Want To Spill All Of My Company Secrets,complete,True,,,,https://store.steampowered.com/app/3664690/,https://vndb.org/v56249
3793830,Bittersweet Blossoms - Demo,2025-09-09,2025-09,vndb_steam_release,True,False,VNDB_ONLY,True,,v54321,r156931,Bittersweet Blossoms,trial,True,,,,https://store.steampowered.com/app/3793830/,https://vndb.org/v54321
3931840,Life in a New City,2025-09-09,2025-09,vndb_steam_release,True,False,VNDB_ONLY,True,,v59237,r141543,Life in a New City,complete,True,,,,https://store.steampowered.com/app/3931840/,https://vndb.org/v59237
3888820,Niguangzheng Demo,2025-09-09,2025-09,vndb_steam_release,True,False,VNDB_ONLY,True,,v58757,r142245,Niguangzheng,trial,True,,,,https://store.steampowered.com/app/3888820/,https://vndb.org/v58757
4022670,Taste of the Sea - Demo,2025-09-10,2025-09,vndb_steam_release,True,False,VNDB_ONLY,True,,v59366,r141960,Taste of the Sea,trial,True,,,,https://store.steampowered.com/app/4022670/,https://vndb.org/v59366
3648280,"Pis'mo iz antikvarnogo magazina ""Serdce"" - Demo",2025-09-11,2025-09,vndb_steam_release,True,False,VNDB_ONLY,True,,v48111,r141588,Srdce Kottouten no Tegami,trial,True,,,,https://store.steampowered.com/app/3648280/,https://vndb.org/v48111
3035930,Folie Fatale -Kousaku Fanaticism-,2025-09-12,2025-09,vndb_steam_release,True,False,VNDB_ONLY,True,,v49057,r141521,Folie Fatale ~Yandere Otoko ni Otosareru~,complete,True,,,,https://store.steampowered.com/app/3035930/,https://vndb.org/v49057
3981610,Fuyou zhi Guo de Qiutu Demo,2025-09-12,2025-09,vndb_steam_release,True,False,VNDB_ONLY,True,,v58494,r145112,Fuyou zhi Guo de Qiutu,trial,True,,,,https://store.steampowered.com/app/3981610/,https://vndb.org/v58494
3942880,Rose Academy - Demo,2025-09-12,2025-09,vndb_steam_release,True,False,VNDB_ONLY,True,,v58420,r141623,Rose Academy,trial,True,,,,https://store.steampowered.com/app/3942880/,https://vndb.org/v58420
3985630,Shi​bai Zuo - Wrecked Demo,2025-09-12,2025-09,vndb_steam_release,True,False,VNDB_ONLY,True,,v59036,r141587,Shi​bai Zuo - Wrecked,trial,True,,,,https://store.steampowered.com/app/3985630/,https://vndb.org/v59036
3540550,Yeon Ok Kkot,2025-09-12,2025-09,vndb_steam_release,True,False,VNDB_ONLY,True,,v63189,r150937,Yeon Ok Kkot,complete,True,,,,https://store.steampowered.com/app/3540550/,https://vndb.org/v63189
3979900,Life of Guy - Demo,2025-09-13,2025-09,vndb_steam_release,True,False,VNDB_ONLY,True,,v59787,r142957,Life of Guy,trial,True,,,,https://store.steampowered.com/app/3979900/,https://vndb.org/v59787
3161770,Trapped: Forced To Kill - Demo,2025-09-13,2025-09,vndb_steam_release,True,False,VNDB_ONLY,True,,v61258,r146351,Trapped: Forced To Kill,trial,True,,,,https://store.steampowered.com/app/3161770/,https://vndb.org/v61258
3728370,I Became my Punk Son's Fake Girlfriend,2025-09-14,2025-09,vndb_steam_release,True,False,VNDB_ONLY,True,,v59326,r141851,I Became my Punk Son's Fake Girlfriend,complete,True,,,,https://store.steampowered.com/app/3728370/,https://vndb.org/v59326
3582550,Benigumo/Red Spider Remastered ver,2025-09-15,2025-09,vndb_steam_release,True,False,VNDB_ONLY,True,,v18365,r135593,Benigumo / Red Spider,complete,True,,,,https://store.steampowered.com/app/3582550/,https://vndb.org/v18365
3598710,Dialtown: Olandy Route DLC,2025-09-15,2025-09,vndb_steam_release,True,False,VNDB_ONLY,True,,v30546,r143158,Dialtown: Phone Dating Sim,partial,True,,,,https://store.steampowered.com/app/3598710/,https://vndb.org/v30546
3822270,Lust By Appointment : Prologue,2025-09-15,2025-09,vndb_steam_release,True,False,VNDB_ONLY,True,,v59350,r141914,Lust By Appointment,partial,True,,,,https://store.steampowered.com/app/3822270/,https://vndb.org/v59350
3885510,French Connection - Demo,2025-09-16,2025-09,vndb_steam_release,True,False,VNDB_ONLY,True,,v53639,r142107,French Connection,trial,True,,,,https://store.steampowered.com/app/3885510/,https://vndb.org/v53639
3706560,Mari's Magical Deliveries - Demo v1.2,2025-09-16,2025-09,vndb_steam_release,True,False,VNDB_ONLY,True,,v44669,r107467,Mari's Magical Deliveries,trial,True,,,,https://store.steampowered.com/app/3706560/,https://vndb.org/v44669
3985010,Futage Age of futanari: Captain Greerin,2025-09-17,2025-09,vndb_steam_release,True,False,VNDB_ONLY,True,,v59382,r142013,Futage Age of futanari: Captain Greerin,complete,True,,,,https://store.steampowered.com/app/3985010/,https://vndb.org/v59382
3720090,lovebyte.exe - Demo;lovebyte.exe - Voiced Demo,2025-09-17,2025-09,vndb_steam_release,True,False,VNDB_ONLY,True,,v59395,r142071;r158777,lovebyte.exe,trial,True,,,,https://store.steampowered.com/app/3720090/,https://vndb.org/v59395
4029040,Aj Sin': Ljubov' Bogini -  Demo,2025-09-18,2025-09,vndb_steam_release,True,False,VNDB_ONLY,True,,v59393,r142068,Millennium of Liross: Goddess' Love,trial,True,,,,https://store.steampowered.com/app/4029040/,https://vndb.org/v59393
4056270,Hunter Hunted,2025-09-18,2025-09,vndb_steam_release,True,False,VNDB_ONLY,True,,v59447,r142213,Hunter Hunted,complete,True,,,,https://store.steampowered.com/app/4056270/,https://vndb.org/v59447
3854960,Royal Jest,2025-09-18,2025-09,vndb_steam_release,True,False,VNDB_ONLY,True,,v59518,r142396,Royal Jest,complete,True,,,,https://store.steampowered.com/app/3854960/,https://vndb.org/v59518
3924900,Netori Knights,2025-09-19,2025-09,vndb_steam_release,True,False,VNDB_ONLY,True,,v55127,r142200,Kyonyuu na Haha Kishi Netori Haramase ~Haitoku Kobizuke de Fushidara na Mesu Ana Kishi ni Narisagaru Made~,complete,True,,,,https://store.steampowered.com/app/3924900/,https://vndb.org/v55127
3998710,The Reason for Your Smile Demo,2025-09-19,2025-09,vndb_steam_release,True,False,VNDB_ONLY,True,,v19320,r142201,Egao no Riyuu,trial,True,,,,https://store.steampowered.com/app/3998710/,https://vndb.org/v19320
3918040,Swim Meet - Demo,2025-09-20,2025-09,vndb_steam_release,True,False,VNDB_ONLY,True,,v38214,r142317,Swim Meet,trial,True,,,,https://store.steampowered.com/app/3918040/,https://vndb.org/v38214
4119300,Idol to 〇〇 Shicha Dame Desu ka?;Idol to 〇〇 Shicha Dame Desu ka? - Free Complete Edition,2025-09-22,2025-09,vndb_steam_release,True,False,VNDB_ONLY,True,,v59457,r145578;r148946,Idol to 〇〇 Shicha Dame Desu ka?,complete,True,,,,https://store.steampowered.com/app/4119300/,https://vndb.org/v59457
4068800,The Call of Darkness v3.01,2025-09-22,2025-09,vndb_steam_release,True,False,VNDB_ONLY,True,,v60134,r143691,The Call of Darkness,partial,True,,,,https://store.steampowered.com/app/4068800/,https://vndb.org/v60134
4032900,Chaiqian Diqiu ji Aiqing Shigu Demo,2025-09-24,2025-09,vndb_steam_release,True,False,VNDB_ONLY,True,,v58331,r142470,Chaiqian Diqiu ji Aiqing Shigu,trial,True,,,,https://store.steampowered.com/app/4032900/,https://vndb.org/v58331
4016250,A Very Killer Chat! Christmas - Demo,2025-09-25,2025-09,vndb_steam_release,True,False,VNDB_ONLY,True,,v54199,r142437,A Very Killer Chat! Christmas,trial,True,,,,https://store.steampowered.com/app/4016250/,https://vndb.org/v54199
3936200,Barrington-ui Wanbyeoghan Bam Demo,2025-09-25,2025-09,vndb_steam_release,True,False,VNDB_ONLY,True,,v55186,r132986,Barrington-ui Wanbyeoghan Bam,trial,True,,,,https://store.steampowered.com/app/3936200/,https://vndb.org/v55186
3206860,"Beidiao Qu Siyu Bumen Hou, Wo Kaishi Zhaogu Yizhi Jujue Laodong de Guodong Xiong♥",2025-09-25,2025-09,vndb_steam_release,True,False,VNDB_ONLY,True,,v63392,r151526,"Beidiao Qu Siyu Bumen Hou, Wo Kaishi Zhaogu Yizhi Jujue Laodong de Guodong Xiong♥",complete,True,,,,https://store.steampowered.com/app/3206860/,https://vndb.org/v63392
3229160,Beneath Her Gaze - Early Access,2025-09-25,2025-09,vndb_steam_release,True,False,VNDB_ONLY,True,,v59574,r142521,Beneath Her Gaze,partial,True,,,,https://store.steampowered.com/app/3229160/,https://vndb.org/v59574
3768170,Funbag Fantasy 4 -Brother Astor-,2025-09-25,2025-09,vndb_steam_release,True,False,VNDB_ONLY,True,,v27685,r94050,Kyonyuu Fantasy 4 -Shuudoushi Astor-,complete,True,,,,https://store.steampowered.com/app/3768170/,https://vndb.org/v27685
3203300,Giggle Night: Trixie's Trial v0.11.9 - Ren'Py Edition,2025-09-25,2025-09,vndb_steam_release,True,False,VNDB_ONLY,True,,v33876,r87123,Giggle Night: Trixie's Trial,partial,True,,,,https://store.steampowered.com/app/3203300/,https://vndb.org/v33876
3207780,Love Mansion,2025-09-25,2025-09,vndb_steam_release,True,False,VNDB_ONLY,True,,v56130,r135047,Love Mansion,complete,True,,,,https://store.steampowered.com/app/3207780/,https://vndb.org/v56130
4046630,Ookami Okami - Demo,2025-09-25,2025-09,vndb_steam_release,True,False,VNDB_ONLY,True,,v57396,r142434,Ookami Okami,trial,True,,,,https://store.steampowered.com/app/4046630/,https://vndb.org/v57396
3753800,Psycho-Sleuth Demo,2025-09-25,2025-09,vndb_steam_release,True,False,VNDB_ONLY,True,,v57049,r142436,Yibing Zhentan,trial,True,,,,https://store.steampowered.com/app/3753800/,https://vndb.org/v57049
3924190,Fóllate a quien deseas,2025-09-26,2025-09,vndb_steam_release,True,False,VNDB_ONLY,True,,v59578,r142526,Fóllate a quien deseas,complete,True,,,,https://store.steampowered.com/app/3924190/,https://vndb.org/v59578
4037340,Kupala - Demo,2025-09-26,2025-09,vndb_steam_release,True,False,VNDB_ONLY,True,,v59538,r142492,Kupala,trial,True,,,,https://store.steampowered.com/app/4037340/,https://vndb.org/v59538
3915230,Monster Girls Onsen,2025-09-26,2025-09,vndb_steam_release,True,False,VNDB_ONLY,True,,v60788,r145496,Monster Girls Onsen,complete,True,,,,https://store.steampowered.com/app/3915230/,https://vndb.org/v60788
4020450,Of The Lilies - Demo,2025-09-26,2025-09,vndb_steam_release,True,False,VNDB_ONLY,True,,v59979,r143349,Of The Lilies,trial,True,,,,https://store.steampowered.com/app/4020450/,https://vndb.org/v59979
3803140,Pacanskaja nekromantija - Demo,2025-09-27,2025-09,vndb_steam_release,True,False,VNDB_ONLY,True,,v59604,r142573,Pacanskaja nekromantija,trial,True,,,,https://store.steampowered.com/app/3803140/,https://vndb.org/v59604
2479300,A Promise Best Left Unkept - Aya Edition,2025-09-28,2025-09,vndb_steam_release,True,False,VNDB_ONLY,True,,v47838,r114918,A Promise Best Left Unkept - Aya Edition,complete,True,,,,https://store.steampowered.com/app/2479300/,https://vndb.org/v47838
3911850,Kindvixens - Demo,2025-09-28,2025-09,vndb_steam_release,True,False,VNDB_ONLY,True,,v58388,r143225,Kindvixens,trial,True,,,,https://store.steampowered.com/app/3911850/,https://vndb.org/v58388
3983210,Memories With You - Demo,2025-09-29,2025-09,vndb_steam_release,True,False,VNDB_ONLY,True,,v63163,r151520,Memories With You,trial,True,,,,https://store.steampowered.com/app/3983210/,https://vndb.org/v63163
1770210,Price of Power,2025-09-29,2025-09,vndb_steam_release,True,False,VNDB_ONLY,True,,v41695,r101880,Price of Power,complete,True,,,,https://store.steampowered.com/app/1770210/,https://vndb.org/v41695
3972300,Hui'an Richang Xia de Xinghangjiamen Demo,2025-09-30,2025-09,vndb_steam_release,True,False,VNDB_ONLY,True,,v59142,r143596,Hui'an Richang Xia de Xinghangjiamen,trial,True,,,,https://store.steampowered.com/app/3972300/,https://vndb.org/v59142
3756690,Juxiang Zhongxia Demo,2025-09-30,2025-09,vndb_steam_release,True,False,VNDB_ONLY,True,,v55620,r142975,Juxiang Zhongxia,trial,True,,,,https://store.steampowered.com/app/3756690/,https://vndb.org/v55620
4052700,Kill Ralph - Demo,2025-09-30,2025-09,vndb_steam_release,True,False,VNDB_ONLY,True,,v59845,r143976,Kill Ralph,trial,True,,,,https://store.steampowered.com/app/4052700/,https://vndb.org/v59845
3942470,Origin Story [Season 1],2025-09-30,2025-09,vndb_steam_release,True,False,VNDB_ONLY,True,,v51711,r125156,Origin Story,partial,True,,,,https://store.steampowered.com/app/3942470/,https://vndb.org/v51711
4013190,Sani Yang Yeongusil - Secret Plus,2025-09-30,2025-09,vndb_steam_release,True,False,VNDB_ONLY,True,,v52409,r143041,Sani Yang Yeongusil,partial,True,,,,https://store.steampowered.com/app/4013190/,https://vndb.org/v52409
4102300,SpookY2K - Demo,2025-09-30,2025-09,vndb_steam_release,True,False,VNDB_ONLY,True,,v59656,r142667,SpookY2K,trial,True,,,,https://store.steampowered.com/app/4102300/,https://vndb.org/v59656
4044290,BABELOMANIA - Demo,2025-10-01,2025-10,vndb_steam_release,True,False,VNDB_ONLY,True,,v52842,r128050,BABELOMANIA,trial,True,,,,https://store.steampowered.com/app/4044290/,https://vndb.org/v52842
3571820,HOPELESS JUNCTION: cuppy dog barf girl and co.,2025-10-01,2025-10,vndb_steam_release,True,False,VNDB_ONLY,True,,v45918,r133332,hopeless junction,complete,True,,,,https://store.steampowered.com/app/3571820/,https://vndb.org/v45918
3921380,Jin Shi Shu Demo,2025-10-01,2025-10,vndb_steam_release,True,False,VNDB_ONLY,True,,v59866,r146681,Jin Shi Shu,trial,True,,,,https://store.steampowered.com/app/3921380/,https://vndb.org/v59866
3748380,Killer Eyelashes - Demo,2025-10-01,2025-10,vndb_steam_release,True,False,VNDB_ONLY,True,,v59814,r143008,Killer Eyelashes,trial,True,,,,https://store.steampowered.com/app/3748380/,https://vndb.org/v59814
4078300,"Last Term, First Love - Demo",2025-10-01,2025-10,vndb_steam_release,True,False,VNDB_ONLY,True,,v58412,r143709,"Last Term, First Love",trial,True,,,,https://store.steampowered.com/app/4078300/,https://vndb.org/v58412
3984850,Re: promise ~Linaria no Yakusoku~ Demo,2025-10-01,2025-10,vndb_steam_release,True,False,VNDB_ONLY,True,,v59188,r143007,Re: promise ~Linaria no Yakusoku~,trial,True,,,,https://store.steampowered.com/app/3984850/,https://vndb.org/v59188
4034820,Rising Odds - Demo,2025-10-01,2025-10,vndb_steam_release,True,False,VNDB_ONLY,True,,v59021,r142788,Rising Odds,trial,True,,,,https://store.steampowered.com/app/4034820/,https://vndb.org/v59021
4041740,Syrup 2: Candy Alchemy RPG - Demo,2025-10-01,2025-10,vndb_steam_release,True,False,VNDB_ONLY,True,,v62573,r151172,Syrup 2: Candy Alchemy RPG,trial,True,,,,https://store.steampowered.com/app/4041740/,https://vndb.org/v62573
4035000,Tao Jia Shaonü ~Mi Li Yu Qiaokeli~,2025-10-01,2025-10,vndb_steam_release,True,False,VNDB_ONLY,True,,v62607,r149492,Taojia Shaonü ~Mili yu Chocolate~,trial,True,,,,https://store.steampowered.com/app/4035000/,https://vndb.org/v62607
3414790,Monster Ops 11,2025-10-02,2025-10,vndb_steam_release,True,False,VNDB_ONLY,True,,v51705,r136086,Monster Ops,partial,True,,,,https://store.steampowered.com/app/3414790/,https://vndb.org/v51705
3698310,The Cooking Club - Demo,2025-10-02,2025-10,vndb_steam_release,True,False,VNDB_ONLY,True,,v59813,r143005,The Cooking Club,trial,True,,,,https://store.steampowered.com/app/3698310/,https://vndb.org/v59813
3931050,A Night With: Neighbor - Demo,2025-10-03,2025-10,vndb_steam_release,True,False,VNDB_ONLY,True,,v59784,r142936,A Night With: Neighbor,trial,True,,,,https://store.steampowered.com/app/3931050/,https://vndb.org/v59784
3564770,Bubbles & Babes - Demo,2025-10-03,2025-10,vndb_steam_release,True,False,VNDB_ONLY,True,,v51893,r143716,Bubbles and Sisters,trial,True,,,,https://store.steampowered.com/app/3564770/,https://vndb.org/v51893
3936700,NUKITASHI 2 - Append DLC - SUSUKO ROUTE - Censored Edition,2025-10-03,2025-10,vndb_steam_release,True,False,VNDB_ONLY,True,,v23741,r142086,Nukige Mitai na Shima ni Sunderu Watashi wa Dou Surya Ii Desu ka? 2,complete,True,,,,https://store.steampowered.com/app/3936700/,https://vndb.org/v23741
4030030,bloodlust.exe - Early Access,2025-10-03,2025-10,vndb_steam_release,True,False,VNDB_ONLY,True,,v59635,r142635,bloodlust.exe,partial,True,,,,https://store.steampowered.com/app/4030030/,https://vndb.org/v59635
4185380,Gagged Love - Demo,2025-10-04,2025-10,vndb_steam_release,True,False,VNDB_ONLY,True,,v65720,r157497,Gagged Love,trial,True,,,,https://store.steampowered.com/app/4185380/,https://vndb.org/v65720
4056530,Banu in the West - v0.0.1,2025-10-05,2025-10,vndb_steam_release,True,False,VNDB_ONLY,True,,v62237,r148673,Banu in the West,trial,True,,,,https://store.steampowered.com/app/4056530/,https://vndb.org/v62237
3933160,Deluge: Sermon for the Dead — Mei Ending Route,2025-10-05,2025-10,vndb_steam_release,True,False,VNDB_ONLY,True,,v39638,r142995,Deluge: Sermon for the Dead,partial,True,,,,https://store.steampowered.com/app/3933160/,https://vndb.org/v39638
4103560,GESTALT: Memoria - Demo,2025-10-05,2025-10,vndb_steam_release,True,False,VNDB_ONLY,True,,v60154,r143787,GESTALT: Memoria,trial,True,,,,https://store.steampowered.com/app/4103560/,https://vndb.org/v60154
3970710,Exilium: Kiro - Early Access,2025-10-06,2025-10,vndb_steam_release,True,False,VNDB_ONLY,True,,v59195,r141442,Exilium: Kiro,partial,True,,,,https://store.steampowered.com/app/3970710/,https://vndb.org/v59195
4051860,Gaia Mingxiang Qu: Shi Zhi Shouwang Zhe Ⅰ - Demo,2025-10-06,2025-10,vndb_steam_release,True,False,VNDB_ONLY,True,,v62952,r150396,Gaia Mingxiang Qu: Shi Zhi Shouwang Zhe Ⅰ,trial,True,,,,https://store.steampowered.com/app/4051860/,https://vndb.org/v62952
4037240,Mask City: Chapter Zero - Demo,2025-10-06,2025-10,vndb_steam_release,True,False,VNDB_ONLY,True,,v59812,r143003,Mask City: Chapter Zero,trial,True,,,,https://store.steampowered.com/app/4037240/,https://vndb.org/v59812
4050780,Royal Jest - Demo,2025-10-07,2025-10,vndb_steam_release,True,False,VNDB_ONLY,True,,v59518,r143223,Royal Jest,trial,True,,,,https://store.steampowered.com/app/4050780/,https://vndb.org/v59518
3979000,Chrono Lock,2025-10-08,2025-10,vndb_steam_release,True,False,VNDB_ONLY,True,,v59872,r143123,Chrono Lock,complete,True,,,,https://store.steampowered.com/app/3979000/,https://vndb.org/v59872
3575730,Hebereke Bunny Garden,2025-10-08,2025-10,vndb_steam_release,True,False,VNDB_ONLY,True,,v63181,r150926,Hebereke Bunny Garden,complete,True,,,,https://store.steampowered.com/app/3575730/,https://vndb.org/v63181
3795260,Love and Sex: Second Base - Shawn's story,2025-10-08,2025-10,vndb_steam_release,True,False,VNDB_ONLY,True,,v59854,r143092,Love and Sex: Second Base - Shawn's story,complete,True,,,,https://store.steampowered.com/app/3795260/,https://vndb.org/v59854
3956490,Dark Auction Taikenban,2025-10-09,2025-10,vndb_steam_release,True,False,VNDB_ONLY,True,,v47037,r143140,Dark Auction,trial,True,,,,https://store.steampowered.com/app/3956490/,https://vndb.org/v47037
4044960,Xián Zhě: Líng Huī Zhī Yàn - Demo,2025-10-09,2025-10,vndb_steam_release,True,False,VNDB_ONLY,True,,v59922,r143219,Xián Zhě: Líng Huī Zhī Yàn,trial,True,,,,https://store.steampowered.com/app/4044960/,https://vndb.org/v59922
3958000,Fantasy Formula - Demo,2025-10-10,2025-10,vndb_steam_release,True,False,VNDB_ONLY,True,,v59923,r143221,Fantasy Formula,trial,True,,,,https://store.steampowered.com/app/3958000/,https://vndb.org/v59923
3909910,Ja beremenna v 16 - Episode 2,2025-10-10,2025-10,vndb_steam_release,True,False,VNDB_ONLY,True,,v55315,r143151,Ja beremenna v 16,partial,True,,,,https://store.steampowered.com/app/3909910/,https://vndb.org/v55315
3871480,Laugh Track - Demo,2025-10-10,2025-10,vndb_steam_release,True,False,VNDB_ONLY,True,,v59894,r143169,Laugh Track,trial,True,,,,https://store.steampowered.com/app/3871480/,https://vndb.org/v59894
4014060,Mythic Love: Iberian Legends - Demo,2025-10-10,2025-10,vndb_steam_release,True,False,VNDB_ONLY,True,,v59867,r143166,Mythic Love: Iberian Legends,trial,True,,,,https://store.steampowered.com/app/4014060/,https://vndb.org/v59867
4073390,Puppy Love - Demo,2025-10-10,2025-10,vndb_steam_release,True,False,VNDB_ONLY,True,,v59920,r143215,Puppy Love,trial,True,,,,https://store.steampowered.com/app/4073390/,https://vndb.org/v59920
3948450,SexSide,2025-10-10,2025-10,vndb_steam_release,True,False,VNDB_ONLY,True,,v59897,r143175,SexSide,complete,True,,,,https://store.steampowered.com/app/3948450/,https://vndb.org/v59897
4006800,Shepherd's Eye - Demo,2025-10-10,2025-10,vndb_steam_release,True,False,VNDB_ONLY,True,,v59921,r143217,Shepherd's Eye,trial,True,,,,https://store.steampowered.com/app/4006800/,https://vndb.org/v59921
4053890,Wo de Gaoleng Nüyou Demo,2025-10-10,2025-10,vndb_steam_release,True,False,VNDB_ONLY,True,,v56624,r143276,Wo de Gaoleng Nüyou,trial,True,,,,https://store.steampowered.com/app/4053890/,https://vndb.org/v56624
4067610,Juuyon Banme no Xi 1・2 - Demo,2025-10-11,2025-10,vndb_steam_release,True,False,VNDB_ONLY,True,,v33264,r148116,Juuyon Banme no Xi,trial,True,,,,https://store.steampowered.com/app/4067610/,https://vndb.org/v33264
4111170,Krizis: trety put,2025-10-11,2025-10,vndb_steam_release,True,False,VNDB_ONLY,True,,v61245,r146336;r146365,Krizis: trety put,complete,True,,,,https://store.steampowered.com/app/4111170/,https://vndb.org/v61245
4055630,"Nu i kak otmyt kvartiru, kogda sosed — gryaznulya–prizrak? - Demo",2025-10-11,2025-10,vndb_steam_release,True,False,VNDB_ONLY,True,,v59898,r143176,"Nu i kak otmyt kvartiru, kogda sosed — gryaznulya–prizrak?",trial,True,,,,https://store.steampowered.com/app/4055630/,https://vndb.org/v59898
3923610,Wu Ji Zhi Tan Demo,2025-10-11,2025-10,vndb_steam_release,True,False,VNDB_ONLY,True,,v60202,r143950,Wu Ji Zhi Tan,trial,True,,,,https://store.steampowered.com/app/3923610/,https://vndb.org/v60202
4032420,"I Will Never Fall For My Tsundere Classmate, So I Will Just Date A Background Character Instead! - Demo",2025-10-12,2025-10,vndb_steam_release,True,False,VNDB_ONLY,True,,v58314,r143468,"I Will Never Fall For My Tsundere Classmate, So I Will Just Date A Background Character Instead!",trial,True,,,,https://store.steampowered.com/app/4032420/,https://vndb.org/v58314
3973000,Infected Love: The Fatal Experiment - Demo,2025-10-12,2025-10,vndb_steam_release,True,False,VNDB_ONLY,True,,v59168,r143711,Infected Love: The Fatal Experiment,trial,True,,,,https://store.steampowered.com/app/3973000/,https://vndb.org/v59168
3414810,Monster Ops 12,2025-10-12,2025-10,vndb_steam_release,True,False,VNDB_ONLY,True,,v51705,r136818,Monster Ops,partial,True,,,,https://store.steampowered.com/app/3414810/,https://vndb.org/v51705
3858520,Mutual Harrow - Demo,2025-10-12,2025-10,vndb_steam_release,True,False,VNDB_ONLY,True,,v60104,r143638,Mutual Harrow,trial,True,,,,https://store.steampowered.com/app/3858520/,https://vndb.org/v60104
4082630,Out of the Ocean - Demo,2025-10-12,2025-10,vndb_steam_release,True,False,VNDB_ONLY,True,,v55385,r143301,Out of the Ocean,trial,True,,,,https://store.steampowered.com/app/4082630/,https://vndb.org/v55385
3272250,Reap and Sow,2025-10-12,2025-10,vndb_steam_release,True,False,VNDB_ONLY,True,,v61707,r147462,Reap and Sow,complete,True,,,,https://store.steampowered.com/app/3272250/,https://vndb.org/v61707
4070530,Abyss Lord - Demo,2025-10-13,2025-10,vndb_steam_release,True,False,VNDB_ONLY,True,,v60204,r143961,Abyss Lord,trial,True,,,,https://store.steampowered.com/app/4070530/,https://vndb.org/v60204
3744240,BullTales 🦬  - Demo,2025-10-13,2025-10,vndb_steam_release,True,False,VNDB_ONLY,True,,v51660,r143469,BullTales 🦬 🌈,trial,True,,,,https://store.steampowered.com/app/3744240/,https://vndb.org/v51660
4011860,Enshrined: Sword of Fates - Demo,2025-10-13,2025-10,vndb_steam_release,True,False,VNDB_ONLY,True,,v59687,r143330,Enshrined: Sword of Fates,trial,True,,,,https://store.steampowered.com/app/4011860/,https://vndb.org/v59687
4037980,Fetch Quest Remastered - Demo,2025-10-13,2025-10,vndb_steam_release,True,False,VNDB_ONLY,True,,v25639,r143334,Fetch Quest,trial,True,,,,https://store.steampowered.com/app/4037980/,https://vndb.org/v25639
4037860,Fetch Re;Quest - Demo,2025-10-13,2025-10,vndb_steam_release,True,False,VNDB_ONLY,True,,v59093,r143338,Fetch Re;Quest,trial,True,,,,https://store.steampowered.com/app/4037860/,https://vndb.org/v59093
4075170,"Girls, I just want to get paid! - Demo",2025-10-13,2025-10,vndb_steam_release,True,False,VNDB_ONLY,True,,v60106,r143642,"Girls, I just want to get paid!",trial,True,,,,https://store.steampowered.com/app/4075170/,https://vndb.org/v60106
3911070,Heroes Saga v.0.1,2025-10-13,2025-10,vndb_steam_release,True,False,VNDB_ONLY,True,,v61524,r147013,Heroes Saga,trial,True,,,,https://store.steampowered.com/app/3911070/,https://vndb.org/v61524
3312400,Lust or Heaven;Lust o’ Heaven - Demo,2025-10-13,2025-10,vndb_steam_release,True,False,VNDB_ONLY,True,,v59785,r142938;r142939,Lust or Heaven,complete;trial,True,,,,https://store.steampowered.com/app/3312400/,https://vndb.org/v59785
3229810,Never Trust a Fox - Demo,2025-10-13,2025-10,vndb_steam_release,True,False,VNDB_ONLY,True,,v52190,r143808,Never Trust a Fox,trial,True,,,,https://store.steampowered.com/app/3229810/,https://vndb.org/v52190
3736880,Scottside - Demo,2025-10-13,2025-10,vndb_steam_release,True,False,VNDB_ONLY,True,,v56905,r136949,Scottside,trial,True,,,,https://store.steampowered.com/app/3736880/,https://vndb.org/v56905
3916200,Soy Supremacy - Demo,2025-10-13,2025-10,vndb_steam_release,True,False,VNDB_ONLY,True,,v58146,r143467,Soy Supremacy,trial,True,,,,https://store.steampowered.com/app/3916200/,https://vndb.org/v58146
4036320,Astra: Ardent Show - Demo,2025-10-14,2025-10,vndb_steam_release,True,False,VNDB_ONLY,True,,v60206,r143972,Astra: Ardent Show,trial,True,,,,https://store.steampowered.com/app/4036320/,https://vndb.org/v60206
4051790,Lyset Core - Demo,2025-10-14,2025-10,vndb_steam_release,True,False,VNDB_ONLY,True,,v58697,r140404,Lyset Core,trial,True,,,,https://store.steampowered.com/app/4051790/,https://vndb.org/v58697
4045830,Siyang RaN de 30 Days Demo,2025-10-14,2025-10,vndb_steam_release,True,False,VNDB_ONLY,True,,v60506,r144754,Siyang RaN de 30 Days,trial,True,,,,https://store.steampowered.com/app/4045830/,https://vndb.org/v60506
3503570,Whispers of Lust,2025-10-14,2025-10,vndb_steam_release,True,False,VNDB_ONLY,True,,v56732,r157356,Whispers of Lust,complete,True,,,,https://store.steampowered.com/app/3503570/,https://vndb.org/v56732
2578880,How to lose one's virginity,2025-10-15,2025-10,vndb_steam_release,True,False,VNDB_ONLY,True,,v46971,r143872,How to lose one's virginity,complete,True,,,,https://store.steampowered.com/app/2578880/,https://vndb.org/v46971
4093290,I Would Love to Wish You Good Morning - Demo,2025-10-15,2025-10,vndb_steam_release,True,False,VNDB_ONLY,True,,v60062,r143521,I Would Love to Wish You Good Morning,trial,True,,,,https://store.steampowered.com/app/4093290/,https://vndb.org/v60062
4075780,Nan Daxuesheng de Richang - Demo,2025-10-15,2025-10,vndb_steam_release,True,False,VNDB_ONLY,True,,v65243,r156753,Nan Daxuesheng de Richang,trial,True,,,,https://store.steampowered.com/app/4075780/,https://vndb.org/v65243
1364780,Street Fighter 6 Update 1.000.023/1.23,2025-10-15,2025-10,vndb_steam_release,True,False,VNDB_ONLY,True,,v60037,r143476,Street Fighter-tachi no Yoru,complete,True,,,,https://store.steampowered.com/app/1364780/,https://vndb.org/v60037
1857660,¡¡Los exes atacan!!,2025-10-15,2025-10,vndb_steam_release,True,False,VNDB_ONLY,True,,v33445,r86373,¡¡Los exes atacan!!,complete,True,,,,https://store.steampowered.com/app/1857660/,https://vndb.org/v33445
4100020,Melt Away Demo,2025-10-16,2025-10,vndb_steam_release,True,False,VNDB_ONLY,True,,v46569,r143483,Melt Away,trial,True,,,,https://store.steampowered.com/app/4100020/,https://vndb.org/v46569
4451530,Unquiet Grey - Demo,2025-10-16,2025-10,vndb_steam_release,True,False,VNDB_ONLY,True,,v60063,r143527,Unquiet Grey,trial,True,,,,https://store.steampowered.com/app/4451530/,https://vndb.org/v60063
3720820,Exploring the Big Apple,2025-10-17,2025-10,vndb_steam_release,True,False,VNDB_ONLY,True,,v51914,r143594,Exploring the Big Apple,complete,True,,,,https://store.steampowered.com/app/3720820/,https://vndb.org/v51914
4074910,Lian'ai Yinyouchi Demo,2025-10-17,2025-10,vndb_steam_release,True,False,VNDB_ONLY,True,,v56731,r143690,Lian'ai Yinyouchi,trial,True,,,,https://store.steampowered.com/app/4074910/,https://vndb.org/v56731
2849180,The Book of Outcasts - Censored Edition,2025-10-17,2025-10,vndb_steam_release,True,False,VNDB_ONLY,True,,v56879,r136865,The Book of Outcasts,complete,True,,,,https://store.steampowered.com/app/2849180/,https://vndb.org/v56879
4087090,To Kill Eros - Demo 2.0,2025-10-17,2025-10,vndb_steam_release,True,False,VNDB_ONLY,True,,v59221,r143595,To Kill Eros,trial,True,,,,https://store.steampowered.com/app/4087090/,https://vndb.org/v59221
4056290,Big Beautiful Women - Demo,2025-10-18,2025-10,vndb_steam_release,True,False,VNDB_ONLY,True,,v60105,r143640,Big Beautiful Women,trial,True,,,,https://store.steampowered.com/app/4056290/,https://vndb.org/v60105
3277040,The Queen of Phalli,2025-10-20,2025-10,vndb_steam_release,True,False,VNDB_ONLY,True,,v60172,r143819,The Queen of Phalli,complete,True,,,,https://store.steampowered.com/app/3277040/,https://vndb.org/v60172
3810270,Doce Fim ~sweetend placebo~ - Demo;Doce Fim ~sweetend placebo~ - Updated Demo,2025-10-21,2025-10,vndb_steam_release,True,False,VNDB_ONLY,True,,v60179,r143832;r151472,Doce Fim ~sweetend placebo~,trial,True,,,,https://store.steampowered.com/app/3810270/,https://vndb.org/v60179
4019100,Elleria - Sands of Time,2025-10-21,2025-10,vndb_steam_release,True,False,VNDB_ONLY,True,,v52855,r145589,Elleria: Book 1,partial,True,,,,https://store.steampowered.com/app/4019100/,https://vndb.org/v52855
4026730,"Everything I Know, and Everything I'm Ever Gonna Know - Demo",2025-10-21,2025-10,vndb_steam_release,True,False,VNDB_ONLY,True,,v60434,r150064,"Everything I Know, and Everything I'm Ever Gonna Know",trial,True,,,,https://store.steampowered.com/app/4026730/,https://vndb.org/v60434
4076500,La Fille aux Pommes - Demo,2025-10-21,2025-10,vndb_steam_release,True,False,VNDB_ONLY,True,,v56506,r143839,La Fille aux Pommes,trial,True,,,,https://store.steampowered.com/app/4076500/,https://vndb.org/v56506
3961110,Sleepover: reWake,2025-10-21,2025-10,vndb_steam_release,True,False,VNDB_ONLY,True,,v59414,r142115,Sleepover: reWake,complete,True,,,,https://store.steampowered.com/app/3961110/,https://vndb.org/v59414
2136230,The Many Deaths of Lily Kosen - Demo,2025-10-22,2025-10,vndb_steam_release,True,False,VNDB_ONLY,True,,v45843,r143869,The Many Deaths of Lily Kosen,trial,True,,,,https://store.steampowered.com/app/2136230/,https://vndb.org/v45843
4031880,Al Mara Academy,2025-10-23,2025-10,vndb_steam_release,True,False,VNDB_ONLY,True,,v61080,r145988,Al Mara Academy,complete,True,,,,https://store.steampowered.com/app/4031880/,https://vndb.org/v61080
4120970,Banishing You - Demo,2025-10-23,2025-10,vndb_steam_release,True,False,VNDB_ONLY,True,,v52233,r144001,Banishing You,trial,True,,,,https://store.steampowered.com/app/4120970/,https://vndb.org/v52233
2928900,DATING OF THE FUTURE,2025-10-23,2025-10,vndb_steam_release,True,False,VNDB_ONLY,True,,v60222,r144029,DATING OF THE FUTURE,complete,True,,,,https://store.steampowered.com/app/2928900/,https://vndb.org/v60222
3478650,FreshWomen: Season 2,2025-10-23,2025-10,vndb_steam_release,True,False,VNDB_ONLY,True,,v31447,r116528,FreshWomen,partial,True,,,,https://store.steampowered.com/app/3478650/,https://vndb.org/v31447
3588950,Tayutama -It's Happy Days- Censored Edition,2025-10-23,2025-10,vndb_steam_release,True,False,VNDB_ONLY,True,,v1375,r138861,Tayutama -It's Happy Days-,complete,True,,,,https://store.steampowered.com/app/3588950/,https://vndb.org/v1375
4066360,Kami Hiyori ~Shoku Katari Hen~ Demo,2025-10-24,2025-10,vndb_steam_release,True,False,VNDB_ONLY,True,,v59275,r143981,Kami Hiyori ~Shoku Katari Hen~,trial,True,,,,https://store.steampowered.com/app/4066360/,https://vndb.org/v59275
3963290,Locked In For The Win,2025-10-24,2025-10,vndb_steam_release,True,False,VNDB_ONLY,True,,v59865,r143112,Locked In For The Win,complete,True,,,,https://store.steampowered.com/app/3963290/,https://vndb.org/v59865
4062180,Vampdoll no Hanayome: The Novel Game - Demo,2025-10-24,2025-10,vndb_steam_release,True,False,VNDB_ONLY,True,,v51160,r143969,Vampdoll no Hanayome: The Novel Game,trial,True,,,,https://store.steampowered.com/app/4062180/,https://vndb.org/v51160
3435210,Yu Qin,2025-10-24,2025-10,vndb_steam_release,True,False,VNDB_ONLY,True,,v54450,r131249,Yu Qin,complete,True,,,,https://store.steampowered.com/app/3435210/,https://vndb.org/v54450
3964570,Zero End: Chapter Two,2025-10-26,2025-10,vndb_steam_release,True,False,VNDB_ONLY,True,,v39846,r147388,Zero End,partial,True,,,,https://store.steampowered.com/app/3964570/,https://vndb.org/v39846
2520930,Loverse - Demo;Loverse - Early Access,2025-10-27,2025-10,vndb_steam_release,True,False,VNDB_ONLY,True,,v46541,r111618;r144935,Loverse,partial;trial,True,,,,https://store.steampowered.com/app/2520930/,https://vndb.org/v46541
4130320,Manic Pixie Dreamgirls - Demo,2025-10-27,2025-10,vndb_steam_release,True,False,VNDB_ONLY,True,,v52092,r144130,Manic Pixie Dreamgirls,trial,True,,,,https://store.steampowered.com/app/4130320/,https://vndb.org/v52092
4066290,WTC : The Manchester Report,2025-10-27,2025-10,vndb_steam_release,True,False,VNDB_ONLY,True,,v60258,r144165,WTC : The Manchester Report,complete,True,,,,https://store.steampowered.com/app/4066290/,https://vndb.org/v60258
4048400,Animal Girls Dating Agency,2025-10-28,2025-10,vndb_steam_release,True,False,VNDB_ONLY,True,,v60304,r144350,Animal Girls Dating Agency,complete,True,,,,https://store.steampowered.com/app/4048400/,https://vndb.org/v60304
4087110,Doki Doki: School of Muscular Finance - R18 DLC,2025-10-28,2025-10,vndb_steam_release,True,False,VNDB_ONLY,True,,v59731,r142816,Doki Doki: Mengnan Jinrong Xueyuan,complete,True,,,,https://store.steampowered.com/app/4087110/,https://vndb.org/v59731
4091350,Xiangting Qingchun Demo,2025-10-28,2025-10,vndb_steam_release,True,False,VNDB_ONLY,True,,v56425,r144136,Xiangting Qingchun,trial,True,,,,https://store.steampowered.com/app/4091350/,https://vndb.org/v56425
4134220,B.E.S.T 2 Prologue,2025-10-29,2025-10,vndb_steam_release,True,False,VNDB_ONLY,True,,v62300,r148863,B.E.S.T 2,trial,True,,,,https://store.steampowered.com/app/4134220/,https://vndb.org/v62300
3676240,EmyLiveShow: Dungeon & Mistresses Tale,2025-10-29,2025-10,vndb_steam_release,True,False,VNDB_ONLY,True,,v60286,r144302,EmyLiveShow: Dungeon & Mistresses Tale,complete,True,,,,https://store.steampowered.com/app/3676240/,https://vndb.org/v60286
3885130,Zhongguo Shi Dilei Nü Demo,2025-10-29,2025-10,vndb_steam_release,True,False,VNDB_ONLY,True,,v57582,r142976,Zhongguo Shi Dilei Nü,trial,True,,,,https://store.steampowered.com/app/3885130/,https://vndb.org/v57582
3585000,BullTales 🦬,2025-10-30,2025-10,vndb_steam_release,True,False,VNDB_ONLY,True,,v51660,r143471,BullTales 🦬 🌈,complete,True,,,,https://store.steampowered.com/app/3585000/,https://vndb.org/v51660
3552650,Cybernetic Seduction - Season 2,2025-10-30,2025-10,vndb_steam_release,True,False,VNDB_ONLY,True,,v40739,r145204,Cybernetic Seduction,partial,True,,,,https://store.steampowered.com/app/3552650/,https://vndb.org/v40739
4072420,Renzu - Download Edition Demo,2025-10-30,2025-10,vndb_steam_release,True,False,VNDB_ONLY,True,,v60048,r157332,Renzu,trial,True,,,,https://store.steampowered.com/app/4072420/,https://vndb.org/v60048
3935800,SLEEPLESS -A Midsummer Night’s Dream-,2025-10-30,2025-10,vndb_steam_release,True,False,VNDB_ONLY,True,,v30807,r126543,SLEEPLESS ~A Midsummer Night's Dream~,complete,True,,,,https://store.steampowered.com/app/3935800/,https://vndb.org/v30807
3225060,Tianmi meimo zhi jia,2025-10-30,2025-10,vndb_steam_release,True,False,VNDB_ONLY,True,,v63198,r150958,Tianmi meimo zhi jia,complete,True,,,,https://store.steampowered.com/app/3225060/,https://vndb.org/v63198
4088240,AGERASIA - Demo,2025-10-31,2025-10,vndb_steam_release,True,False,VNDB_ONLY,True,,v60436,r144581,AGERASIA,trial,True,,,,https://store.steampowered.com/app/4088240/,https://vndb.org/v60436
4033030,Coffee & Boobs - Raiders of the Witch’s Elixir,2025-10-31,2025-10,vndb_steam_release,True,False,VNDB_ONLY,True,,v54720,r150548,Coffee & Boobs,partial,True,,,,https://store.steampowered.com/app/4033030/,https://vndb.org/v54720
4064790,DUSK INDEX: GION -Trial version-,2025-10-31,2025-10,vndb_steam_release,True,False,VNDB_ONLY,True,,v49059,r144346,DUSK INDEX: GION,trial,True,,,,https://store.steampowered.com/app/4064790/,https://vndb.org/v49059
4055570,Loser Named Hana - Extended Edition,2025-10-31,2025-10,vndb_steam_release,True,False,VNDB_ONLY,True,,v49895,r144359,Loser Named Hana,complete,True,,,,https://store.steampowered.com/app/4055570/,https://vndb.org/v49895
4031040,Lüju Monü Yu Ta de Biye Keti Demo,2025-10-31,2025-10,vndb_steam_release,True,False,VNDB_ONLY,True,,v59801,r144354,Lüju Monü Yu Ta de Biye Keti,trial,True,,,,https://store.steampowered.com/app/4031040/,https://vndb.org/v59801
4117090,The Beexen's Tale,2025-10-31,2025-10,vndb_steam_release,True,False,VNDB_ONLY,True,,v60432,r144576,Kazka pro Biksen,complete,True,,,,https://store.steampowered.com/app/4117090/,https://vndb.org/v60432
3826290,Zuzhang! Yuannian Qing Chashou!,2025-10-31,2025-10,vndb_steam_release,True,False,VNDB_ONLY,True,,v63018,r150551,Zuzhang! Yuannian Qing Chashou!,trial,True,,,,https://store.steampowered.com/app/3826290/,https://vndb.org/v63018
2353700,Realms of Bondage,2025-11-01,2025-11,vndb_steam_release,True,False,VNDB_ONLY,True,,v31879,r106057,Slave Lord - Realms of Bondage,complete,True,,,,https://store.steampowered.com/app/2353700/,https://vndb.org/v31879
4075460,Canyang 1645/1937 Demo,2025-11-03,2025-11,vndb_steam_release,True,False,VNDB_ONLY,True,,v58496,r144719,Canyang 1645/1937,trial,True,,,,https://store.steampowered.com/app/4075460/,https://vndb.org/v58496
2499700,Sleeve Shock v2025-11,2025-11-03,2025-11,vndb_steam_release,True,False,VNDB_ONLY,True,,v45405,r109314,Sleeve Shock,partial,True,,,,https://store.steampowered.com/app/2499700/,https://vndb.org/v45405
4006150,Secrets of a Porn Shop Princess,2025-11-05,2025-11,vndb_steam_release,True,False,VNDB_ONLY,True,,v56983,r143072,M Cup Muttsuri Do M Ojou-sama Midoumae Momoka no Love Love Hentai Choukyou Album,complete,True,,,,https://store.steampowered.com/app/4006150/,https://vndb.org/v56983
4048610,Harem of Ankhutep Demo,2025-11-06,2025-11,vndb_steam_release,True,False,VNDB_ONLY,True,,v63896,r153159,Harem of Ankhutep,trial,True,,,,https://store.steampowered.com/app/4048610/,https://vndb.org/v63896
3087180,Stellar Dream - Part 1,2025-11-06,2025-11,vndb_steam_release,True,False,VNDB_ONLY,True,,v50427,r134713,Stellar Dream,partial,True,,,,https://store.steampowered.com/app/3087180/,https://vndb.org/v50427
3921640,A Night With: Neighbor,2025-11-07,2025-11,vndb_steam_release,True,False,VNDB_ONLY,True,,v59784,r142937,A Night With: Neighbor,complete,True,,,,https://store.steampowered.com/app/3921640/,https://vndb.org/v59784
3576110,Memories With You,2025-11-07,2025-11,vndb_steam_release,True,False,VNDB_ONLY,True,,v63163,r150899,Memories With You,complete,True,,,,https://store.steampowered.com/app/3576110/,https://vndb.org/v63163
4156010,Love & Sex: First Base,2025-11-10,2025-11,vndb_steam_release,True,False,VNDB_ONLY,True,,v30221,r147844,Love & Sex: Second Base,partial,True,,,,https://store.steampowered.com/app/4156010/,https://vndb.org/v30221
3913480,Apocalypse with Femboy;Apocalypse with Femboy - Demo,2025-11-12,2025-11,vndb_steam_release,True,False,VNDB_ONLY,True,,v62687,r149667;r149669,Apocalypse with Femboy,complete;trial,True,,,,https://store.steampowered.com/app/3913480/,https://vndb.org/v62687
4086490,Beneath their Names,2025-11-13,2025-11,vndb_steam_release,True,False,VNDB_ONLY,True,,v60549,r144887,Beneath their Names,complete,True,,,,https://store.steampowered.com/app/4086490/,https://vndb.org/v60549
4042480,Fun Times at the Bibi Resort and Spa,2025-11-13,2025-11,vndb_steam_release,True,False,VNDB_ONLY,True,,v60547,r144884,Fun Times at the Bibi Resort and Spa,complete,True,,,,https://store.steampowered.com/app/4042480/,https://vndb.org/v60547
4145210,ORBIT 5 - Demo,2025-11-13,2025-11,vndb_steam_release,True,False,VNDB_ONLY,True,,v60801,r145526,ORBIT 5,trial,True,,,,https://store.steampowered.com/app/4145210/,https://vndb.org/v60801
3833120,Soy Supremacy,2025-11-13,2025-11,vndb_steam_release,True,False,VNDB_ONLY,True,,v58146,r139265,Soy Supremacy,complete,True,,,,https://store.steampowered.com/app/3833120/,https://vndb.org/v58146
2570850,Heart Cage,2025-11-14,2025-11,vndb_steam_release,True,False,VNDB_ONLY,True,,v45656,r118019,Heart Cage,complete,True,,,,https://store.steampowered.com/app/2570850/,https://vndb.org/v45656
4075220,Huangmei C - Demo,2025-11-14,2025-11,vndb_steam_release,True,False,VNDB_ONLY,True,,v58618,r151113,Huangmei C,trial,True,,,,https://store.steampowered.com/app/4075220/,https://vndb.org/v58618
4063960,Oppai Party Creampie Quest,2025-11-14,2025-11,vndb_steam_release,True,False,VNDB_ONLY,True,,v54747,r144929,Saikyo no Oppai Party o Tsukutte Haramase Harem Bouken Seikatsu,complete,True,,,,https://store.steampowered.com/app/4063960/,https://vndb.org/v54747
4060070,The Lust Out of Time,2025-11-14,2025-11,vndb_steam_release,True,False,VNDB_ONLY,True,,v60424,r144561,The Lust Out of Time,complete,True,,,,https://store.steampowered.com/app/4060070/,https://vndb.org/v60424
4125850,The Vampire's Bride: The Novel Game Demo,2025-11-14,2025-11,vndb_steam_release,True,False,VNDB_ONLY,True,,v51160,r144911,Vampdoll no Hanayome: The Novel Game,trial,True,,,,https://store.steampowered.com/app/4125850/,https://vndb.org/v51160
3071380,The Villainess Quits,2025-11-14,2025-11,vndb_steam_release,True,False,VNDB_ONLY,True,,v63180,r150925,The Villainess Quits,partial,True,,,,https://store.steampowered.com/app/3071380/,https://vndb.org/v63180
467740,Swim Meet,2025-11-15,2025-11,vndb_steam_release,True,False,VNDB_ONLY,True,,v38214,r95699,Swim Meet,complete,True,,,,https://store.steampowered.com/app/467740/,https://vndb.org/v38214
2850940,Timestamps: Lost Love,2025-11-15,2025-11,vndb_steam_release,True,False,VNDB_ONLY,True,,v22053,r69464,Timestamps,partial,True,,,,https://store.steampowered.com/app/2850940/,https://vndb.org/v22053
4173890,Du Yuan Lian Zhang - Floral Ink from Hibiscus Demo,2025-11-18,2025-11,vndb_steam_release,True,False,VNDB_ONLY,True,,v59032,r144990,Du Yuan Lian Zhang - Floral Ink from Hibiscus,trial,True,,,,https://store.steampowered.com/app/4173890/,https://vndb.org/v59032
4074300,Maopi Xiaoshi Shi Wan Ban,2025-11-18,2025-11,vndb_steam_release,True,False,VNDB_ONLY,True,,v58706,r145009,Maopi Xiaoshi,trial,True,,,,https://store.steampowered.com/app/4074300/,https://vndb.org/v58706
1703220,Hey Stranger! I Dare You to Love Me!,2025-11-19,2025-11,vndb_steam_release,True,False,VNDB_ONLY,True,,v59046,r141122,Hey Stranger! I Dare You to Love Me!,complete,True,,,,https://store.steampowered.com/app/1703220/,https://vndb.org/v59046
3682700,"Girls, I just want to get paid!",2025-11-20,2025-11,vndb_steam_release,True,False,VNDB_ONLY,True,,v60106,r143643,"Girls, I just want to get paid!",complete,True,,,,https://store.steampowered.com/app/3682700/,https://vndb.org/v60106
3517230,Liuli Yanhuo-Flame in Glass- Demo,2025-11-20,2025-11,vndb_steam_release,True,False,VNDB_ONLY,True,,v48236,r145013,Liuli Yanhuo-Flame in Glass-,trial,True,,,,https://store.steampowered.com/app/3517230/,https://vndb.org/v48236
4089090,Emily The Exhibitionist,2025-11-21,2025-11,vndb_steam_release,True,False,VNDB_ONLY,True,,v60702,r145305,Emily The Exhibitionist,complete,True,,,,https://store.steampowered.com/app/4089090/,https://vndb.org/v60702
3763690,Fetish Locator: S&M Studio - Season 1,2025-11-21,2025-11,vndb_steam_release,True,False,VNDB_ONLY,True,,v64036,r153622,Fetish Locator: S&M Studio - Season 1,complete,True,,,,https://store.steampowered.com/app/3763690/,https://vndb.org/v64036
4137360,Inran na Hitozuma ga Atsumaru Yoga Kyoushitsu - Demo,2025-11-21,2025-11,vndb_steam_release,True,False,VNDB_ONLY,True,,v60791,r145501,Inran na Hitozuma ga Atsumaru Yoga Kyoushitsu,trial,True,,,,https://store.steampowered.com/app/4137360/,https://vndb.org/v60791
4232760,PASSENGER x PRINCESS: NO HOPE // MUST DIE,2025-11-21,2025-11,vndb_steam_release,True,False,VNDB_ONLY,True,,v60669,r145239,PASSENGER x PRINCESS: NO HOPE // MUST DIE,complete,True,,,,https://store.steampowered.com/app/4232760/,https://vndb.org/v60669
3571750,29-sui de Renqi Xiang Chengwei Zhiye Coser Shifou Gaocuo le Shenme?,2025-11-22,2025-11,vndb_steam_release,True,False,VNDB_ONLY,True,,v63217,r150984,29-sui de Renqi Xiang Chengwei Zhiye Coser Shifou Gaocuo le Shenme?,complete,True,,,,https://store.steampowered.com/app/3571750/,https://vndb.org/v63217
3963440,FEMBOY FUTA HOUSE - Dirty Election,2025-11-22,2025-11,vndb_steam_release,True,False,VNDB_ONLY,True,,v56838,r145116,FEMBOY FUTA HOUSE,partial,True,,,,https://store.steampowered.com/app/3963440/,https://vndb.org/v56838
4135400,Help! I'm Turning Into A Mermaid! - Demo,2025-11-22,2025-11,vndb_steam_release,True,False,VNDB_ONLY,True,,v62280,r148803,Help! I'm Turning Into A Mermaid!,trial,True,,,,https://store.steampowered.com/app/4135400/,https://vndb.org/v62280
3318110,The Last Star Walker: Season 1 (Chapter 4),2025-11-22,2025-11,vndb_steam_release,True,False,VNDB_ONLY,True,,v52517,r147117,The Last Star Walker,partial,True,,,,https://store.steampowered.com/app/3318110/,https://vndb.org/v52517
4173700,Merry Crisis - Demo,2025-11-23,2025-11,vndb_steam_release,True,False,VNDB_ONLY,True,,v60617,r145100,Merry Crisis,trial,True,,,,https://store.steampowered.com/app/4173700/,https://vndb.org/v60617
2351970,"Monster Girl 1,000 v2.0",2025-11-23,2025-11,vndb_steam_release,True,False,VNDB_ONLY,True,,v33845,r145157,"Monster Girl 1,000",complete,True,,,,https://store.steampowered.com/app/2351970/,https://vndb.org/v33845
3776780,EmyLiveShow: Beach Days of Sun and Moon,2025-11-24,2025-11,vndb_steam_release,True,False,VNDB_ONLY,True,,v58419,r139847,EmyLiveShow: Beach Days of Sun and Moon,complete,True,,,,https://store.steampowered.com/app/3776780/,https://vndb.org/v58419
4105640,Women Rule! A Reverse World Romance,2025-11-24,2025-11,vndb_steam_release,True,False,VNDB_ONLY,True,,v60425,r144563,Women Rule! A Reverse World Romance,complete,True,,,,https://store.steampowered.com/app/4105640/,https://vndb.org/v60425
2940920,Dreaming Blue,2025-11-25,2025-11,vndb_steam_release,True,False,VNDB_ONLY,True,,v60423,r144560,Dreaming Blue,complete,True,,,,https://store.steampowered.com/app/2940920/,https://vndb.org/v60423
4109100,Magical Princess - Demo,2025-11-25,2025-11,vndb_steam_release,True,False,VNDB_ONLY,True,,v64442,r160679,Magical Princess,trial,True,,,,https://store.steampowered.com/app/4109100/,https://vndb.org/v64442
3505640,Time Heals - Early Access,2025-11-25,2025-11,vndb_steam_release,True,False,VNDB_ONLY,True,,v48499,r145229,Time Heals,partial,True,,,,https://store.steampowered.com/app/3505640/,https://vndb.org/v48499
4216120,Wo de Meiwei Zhangfu - Demo,2025-11-25,2025-11,vndb_steam_release,True,False,VNDB_ONLY,True,,v60203,r143959,Wo de Meiwei Zhangfu,trial,True,,,,https://store.steampowered.com/app/4216120/,https://vndb.org/v60203
4134640,A Date With Yuika,2025-11-26,2025-11,vndb_steam_release,True,False,VNDB_ONLY,True,,v60665,r145231,A Date With Yuika,complete,True,,,,https://store.steampowered.com/app/4134640/,https://vndb.org/v60665
4162850,Lukestria Family,2025-11-26,2025-11,vndb_steam_release,True,False,VNDB_ONLY,True,,v60634,r145165,Lukestria Family,complete,True,,,,https://store.steampowered.com/app/4162850/,https://vndb.org/v60634
4177090,Chronicles of Ella: Whispers of Mythrillis - Demo,2025-11-27,2025-11,vndb_steam_release,True,False,VNDB_ONLY,True,,v67491,r161971,Chronicles of Ella: Whispers of Mythrillis,trial,True,,,,https://store.steampowered.com/app/4177090/,https://vndb.org/v67491
3340680,LoveR Kiss Endless Memories,2025-11-27,2025-11,vndb_steam_release,True,False,VNDB_ONLY,True,,v24515,r138316,LoveR,complete,True,,,,https://store.steampowered.com/app/3340680/,https://vndb.org/v24515
3257780,Your Story: Games with Death;Your Story: Games with Death - Demo,2025-11-27,2025-11,vndb_steam_release,True,False,VNDB_ONLY,True,,v53206,r131551;r146694,Your Story: Games with Death,complete;trial,True,,,,https://store.steampowered.com/app/3257780/,https://vndb.org/v53206
3492610,Killer Chat! Original Edition - Overkill DLC,2025-11-28,2025-11,vndb_steam_release,True,False,VNDB_ONLY,True,,v52995,r136302,Killer Chat!,complete,True,,,,https://store.steampowered.com/app/3492610/,https://vndb.org/v52995
3790000,Sign: Sui Guan Pian Demo 2.0,2025-11-30,2025-11,vndb_steam_release,True,False,VNDB_ONLY,True,,v56813,r146897,Sign: Sui Guan Pian,trial,True,,,,https://store.steampowered.com/app/3790000/,https://vndb.org/v56813
3665470,Monster Ops 13,2025-12-01,2025-12,vndb_steam_release,True,False,VNDB_ONLY,True,,v51705,r138168,Monster Ops,partial,True,,,,https://store.steampowered.com/app/3665470/,https://vndb.org/v51705
4196300,Shadow City Mysteries: Case Files - Rise of the Rat King Demo,2025-12-01,2025-12,vndb_steam_release,True,False,VNDB_ONLY,True,,v62395,r149096,Shadow City Mysteries: Case Files - Rise of the Rat King,trial,True,,,,https://store.steampowered.com/app/4196300/,https://vndb.org/v62395
3116930,Cumming of Age,2025-12-02,2025-12,vndb_steam_release,True,False,VNDB_ONLY,True,,v60772,r145468,Cumming of Age,complete,True,,,,https://store.steampowered.com/app/3116930/,https://vndb.org/v60772
4164220,Gachimuchi de Dosukebe na Kateikyoushi no Onii-san to Sugosu Haru Demo,2025-12-02,2025-12,vndb_steam_release,True,False,VNDB_ONLY,True,,v50842,r147113,Gachimuchi de Dosukebe na Kateikyoushi no Onii-san to Sugosu Haru,trial,True,,,,https://store.steampowered.com/app/4164220/,https://vndb.org/v50842
4087390,Love Lust and a Little Evil,2025-12-02,2025-12,vndb_steam_release,True,False,VNDB_ONLY,True,,v60133,r143688,Love Lust and a Little Evil,complete,True,,,,https://store.steampowered.com/app/4087390/,https://vndb.org/v60133
4100120,"Milf Diary, New Lust In Mother's Old House",2025-12-03,2025-12,vndb_steam_release,True,False,VNDB_ONLY,True,,v61269,r146373,"Milf Diary, New Lust In Mother's Old House",complete,True,,,,https://store.steampowered.com/app/4100120/,https://vndb.org/v61269
3216040,Saihate Eki - Tasogare Dentetsu,2025-12-03,2025-12,vndb_steam_release,True,False,VNDB_ONLY,True,,v63418,r145511,Saihate Eki - Tasogare Dentetsu,complete,True,,,,https://store.steampowered.com/app/3216040/,https://vndb.org/v63418
4125500,Staffer Retro: Choneungnyeok Churi Quest - Demo,2025-12-03,2025-12,vndb_steam_release,True,False,VNDB_ONLY,True,,v57061,r145434;r155160,Staffer Retro: Choneungnyeok Churi Quest,trial,True,,,,https://store.steampowered.com/app/4125500/,https://vndb.org/v57061
3474250,Heart of Pacific - Early Access,2025-12-04,2025-12,vndb_steam_release,True,False,VNDB_ONLY,True,,v55750,r134228,Heart of Pacific,partial,True,,,,https://store.steampowered.com/app/3474250/,https://vndb.org/v55750
4222400,Love in the Time of Spellphage - Demo,2025-12-04,2025-12,vndb_steam_release,True,False,VNDB_ONLY,True,,v55432,r145523,Love in the Time of Spellphage,trial,True,,,,https://store.steampowered.com/app/4222400/,https://vndb.org/v55432
3612990,Tales From The Unending Void: Season 2 - Uncensored (Extra Scenes Edition),2025-12-04,2025-12,vndb_steam_release,True,False,VNDB_ONLY,True,,v36831,r145472,Tales From The Unending Void: Season 2,complete,True,,,,https://store.steampowered.com/app/3612990/,https://vndb.org/v36831
4005230,Caperucita a 4 patas,2025-12-05,2025-12,vndb_steam_release,True,False,VNDB_ONLY,True,,v60938,r145712,Caperucita a 4 patas,complete,True,,,,https://store.steampowered.com/app/4005230/,https://vndb.org/v60938
4224890,Detective INNA DUKE - Demo,2025-12-05,2025-12,vndb_steam_release,True,False,VNDB_ONLY,True,,v65131,r157900,Detective INNA DUKE,trial,True,,,,https://store.steampowered.com/app/4224890/,https://vndb.org/v65131
4140730,Gooning for the Baddie Boss,2025-12-05,2025-12,vndb_steam_release,True,False,VNDB_ONLY,True,,v31333,r145432,Aku no Soshiki no Ikiokure Onna Kanbu o Haramase Onaho ni Suru Sentouin Seikatsu,complete,True,,,,https://store.steampowered.com/app/4140730/,https://vndb.org/v31333
4119870,Major Milkers on Double Booty Duty,2025-12-05,2025-12,vndb_steam_release,True,False,VNDB_ONLY,True,,v45237,r145433,Kimajime Gunjin to Seiso Hime o Dekachin de Seifuku! Kyonyuu Haramase Onaho ni Shite Gehin ni Kobi Tsukusa Seru!,complete,True,,,,https://store.steampowered.com/app/4119870/,https://vndb.org/v45237
3779430,The Undercover Officer's Obscene Education ~Sex-Crazed Yakumo~,2025-12-05,2025-12,vndb_steam_release,True,False,VNDB_ONLY,True,,v51274,r145513,Onna Sennyuu Sousakan no Hentai Chiiku ~Shoufu no You ni Midareru Yakumo~,complete,True,,,,https://store.steampowered.com/app/3779430/,https://vndb.org/v51274
3677020,Waifu by Myside: Patch Me In,2025-12-05,2025-12,vndb_steam_release,True,False,VNDB_ONLY,True,,v60783,r145483,Waifu by Myside: Patch Me In,complete,True,,,,https://store.steampowered.com/app/3677020/,https://vndb.org/v60783
4158750,Yueluo Duitan Demo,2025-12-05,2025-12,vndb_steam_release,True,False,VNDB_ONLY,True,,v61023,r145858,Yueluo Duitan,trial,True,,,,https://store.steampowered.com/app/4158750/,https://vndb.org/v61023
4161170,The Willowmist Emporium of Antiques & Curiosities - Demo,2025-12-06,2025-12,vndb_steam_release,True,False,VNDB_ONLY,True,,v60226,r145560,The Willowmist Emporium of Antiques & Curiosities,trial,True,,,,https://store.steampowered.com/app/4161170/,https://vndb.org/v60226
1401690,Gei Hengxing - For Stella Demo,2025-12-09,2025-12,vndb_steam_release,True,False,VNDB_ONLY,True,,v64970,r155827,Gei Hengxing - For Stella,trial,True,,,,https://store.steampowered.com/app/1401690/,https://vndb.org/v64970
4183960,Virtual Ties ~Isekaijoucho Musoukyoku~ Demo,2025-12-09,2025-12,vndb_steam_release,True,False,VNDB_ONLY,True,,v60395,r145756,Virtual Ties ~Isekaijoucho Musoukyoku~,trial,True,,,,https://store.steampowered.com/app/4183960/,https://vndb.org/v60395
2755790,Esoterika v0.4b,2025-12-10,2025-12,vndb_steam_release,True,False,VNDB_ONLY,True,,v52826,r127605,Esoterika,partial,True,,,,https://store.steampowered.com/app/2755790/,https://vndb.org/v52826
4119390,Futanari have a heart too,2025-12-11,2025-12,vndb_steam_release,True,False,VNDB_ONLY,True,,v60572,r144956,Futanari have a heart too,complete,True,,,,https://store.steampowered.com/app/4119390/,https://vndb.org/v60572
4169400,LianYu XingYuan Demo,2025-12-11,2025-12,vndb_steam_release,True,False,VNDB_ONLY,True,,v60865,r145827,LianYu XingYuan,trial,True,,,,https://store.steampowered.com/app/4169400/,https://vndb.org/v60865
4367740,Survival Guide [Day 11 Rework],2025-12-11,2025-12,vndb_steam_release,True,False,VNDB_ONLY,True,,v61544,r147048,Survival Guide,partial,True,,,,https://store.steampowered.com/app/4367740/,https://vndb.org/v61544
3939610,Inran na Hitozuma ga Atsumaru Yoga Kyoushitsu,2025-12-12,2025-12,vndb_steam_release,True,False,VNDB_ONLY,True,,v60791,r145500,Inran na Hitozuma ga Atsumaru Yoga Kyoushitsu,complete,True,,,,https://store.steampowered.com/app/3939610/,https://vndb.org/v60791
4257150,Isangui Yongsa,2025-12-12,2025-12,vndb_steam_release,True,False,VNDB_ONLY,True,,v61166,r146182,Isangui Yongsa,complete,True,,,,https://store.steampowered.com/app/4257150/,https://vndb.org/v61166
4238950,Love & Fool's Gold - Demo,2025-12-12,2025-12,vndb_steam_release,True,False,VNDB_ONLY,True,,v61072,r145975,Love & Fool's Gold,trial,True,,,,https://store.steampowered.com/app/4238950/,https://vndb.org/v61072
4191710,Three Weeks On The Atlantic,2025-12-12,2025-12,vndb_steam_release,True,False,VNDB_ONLY,True,,v54880,r145915,Three Weeks On The Atlantic,complete,True,,,,https://store.steampowered.com/app/4191710/,https://vndb.org/v54880
4171450,Yuzhong De Shengming Zhige Demo,2025-12-12,2025-12,vndb_steam_release,True,False,VNDB_ONLY,True,,v54916,r146896,Yuzhong De Shengming Zhige,trial,True,,,,https://store.steampowered.com/app/4171450/,https://vndb.org/v54916
3365410,"BROK: Natal Tail, A New Christmas - SPECIAL EDITION",2025-12-13,2025-12,vndb_steam_release,True,False,VNDB_ONLY,True,,v53985,r146120,"BROK - Natal Tail, A New Christmas",partial,True,,,,https://store.steampowered.com/app/3365410/,https://vndb.org/v53985
2546110,Color of My Sound - Chapter 4A,2025-12-15,2025-12,vndb_steam_release,True,False,VNDB_ONLY,True,,v39839,r98723,Color of My Sound,partial,True,,,,https://store.steampowered.com/app/2546110/,https://vndb.org/v39839
4147380,Private Ward ~VIP Floor: She Was My Nurse~,2025-12-15,2025-12,vndb_steam_release,True,False,VNDB_ONLY,True,,v61924,r147895,Private Ward ~VIP Floor: She Was My Nurse~,complete,True,,,,https://store.steampowered.com/app/4147380/,https://vndb.org/v61924
3603420,Seven Nexus - Early Access,2025-12-15,2025-12,vndb_steam_release,True,False,VNDB_ONLY,True,,v58470,r139931,Seven Nexus,partial,True,,,,https://store.steampowered.com/app/3603420/,https://vndb.org/v58470
4237920,The Thistle and the Flower - Chapter Two,2025-12-15,2025-12,vndb_steam_release,True,False,VNDB_ONLY,True,,v54586,r145962,The Thistle and the Flower,partial,True,,,,https://store.steampowered.com/app/4237920/,https://vndb.org/v54586
4178890,I'm Making a Monster - Prologue,2025-12-16,2025-12,vndb_steam_release,True,False,VNDB_ONLY,True,,v61374,r146633,I'm Making a Monster,trial,True,,,,https://store.steampowered.com/app/4178890/,https://vndb.org/v61374
4167400,"Wuli Xi de Wo, Leguan Pai de Ta Demo",2025-12-16,2025-12,vndb_steam_release,True,False,VNDB_ONLY,True,,v59355,r145622,"Wuli Xi de Wo, Leguan Pai de Ta",trial,True,,,,https://store.steampowered.com/app/4167400/,https://vndb.org/v59355
4058160,Fiction Paradox - Chapter 1 v0.1.2,2025-12-17,2025-12,vndb_steam_release,True,False,VNDB_ONLY,True,,v61147,r146156,Fiction Paradox,partial,True,,,,https://store.steampowered.com/app/4058160/,https://vndb.org/v61147
4205740,My Boss' Futanari Secret,2025-12-17,2025-12,vndb_steam_release,True,False,VNDB_ONLY,True,,v61092,r146049,My Boss' Futanari Secret,complete,True,,,,https://store.steampowered.com/app/4205740/,https://vndb.org/v61092
3616770,Saebyeogui Muhan Hangseong,2025-12-17,2025-12,vndb_steam_release,True,False,VNDB_ONLY,True,,v58148,r139268,Saebyeok-ui Muhan Hangseong,complete,True,,,,https://store.steampowered.com/app/3616770/,https://vndb.org/v58148
4110650,Sheep & Love - Demo,2025-12-17,2025-12,vndb_steam_release,True,False,VNDB_ONLY,True,,v62662,r149636,Sheep & Love,trial,True,,,,https://store.steampowered.com/app/4110650/,https://vndb.org/v62662
4249900,Fanzhuan Rensheng Demo,2025-12-18,2025-12,vndb_steam_release,True,False,VNDB_ONLY,True,,v61895,r153338,Fanzhuan Rensheng,trial,True,,,,https://store.steampowered.com/app/4249900/,https://vndb.org/v61895
2574000,Femboy Burgers,2025-12-18,2025-12,vndb_steam_release,True,False,VNDB_ONLY,True,,v65604,r157109,Femboy Burgers,complete,True,,,,https://store.steampowered.com/app/2574000/,https://vndb.org/v65604
1412310,Girls! Girls! Girls!? [Rebirth]- Download Edition,2025-12-18,2025-12,vndb_steam_release,True,False,VNDB_ONLY,True,,v28800,r146607,Girls! Girls! Girls!?,complete,True,,,,https://store.steampowered.com/app/1412310/,https://vndb.org/v28800
3165830,"Jason, Coming of Age v1.7.6",2025-12-18,2025-12,vndb_steam_release,True,False,VNDB_ONLY,True,,v48939,r117721,"Jason, Coming of Age",partial,True,,,,https://store.steampowered.com/app/3165830/,https://vndb.org/v48939
4216190,LOOP THE LOOP Houshoku no Yakata - Trial Edition,2025-12-18,2025-12,vndb_steam_release,True,False,VNDB_ONLY,True,,v32277,r146162,LOOP THE LOOP,trial,True,,,,https://store.steampowered.com/app/4216190/,https://vndb.org/v32277
3197210,My evil magician boss suddenly loves me?!,2025-12-18,2025-12,vndb_steam_release,True,False,VNDB_ONLY,True,,v55000,r132528,My evil magician boss suddenly loves me?!,complete,True,,,,https://store.steampowered.com/app/3197210/,https://vndb.org/v55000
4041630,Natsuiro no Koware Mono After  - Censored Edition,2025-12-18,2025-12,vndb_steam_release,True,False,VNDB_ONLY,True,,v51999,r145129,Natsuiro no Koware Mono After,complete,True,,,,https://store.steampowered.com/app/4041630/,https://vndb.org/v51999
2191210,Peach Hills Division [v0.71.08],2025-12-18,2025-12,vndb_steam_release,True,False,VNDB_ONLY,True,,v64049,r153642,Peach Hills Division,partial,True,,,,https://store.steampowered.com/app/2191210/,https://vndb.org/v64049
4224990,Before Dawn Posui de Shiqi Sui,2025-12-19,2025-12,vndb_steam_release,True,False,VNDB_ONLY,True,,v60861,r145617,Before Dawn Posui de Shiqi Sui,complete,True,,,,https://store.steampowered.com/app/4224990/,https://vndb.org/v60861
2761920,Gunpowder Cocktail v0.8.0,2025-12-19,2025-12,vndb_steam_release,True,False,VNDB_ONLY,True,,v38533,r119751,Gunpowder Cocktail,partial,True,,,,https://store.steampowered.com/app/2761920/,https://vndb.org/v38533
4017550,I Wanna Be A Game Dev! - Expansion,2025-12-19,2025-12,vndb_steam_release,True,False,VNDB_ONLY,True,,v53149,r148539,I Wanna Be A Game Dev!,complete,True,,,,https://store.steampowered.com/app/4017550/,https://vndb.org/v53149
4161460,Liaozhai: Hua Pi Gui - Demo,2025-12-19,2025-12,vndb_steam_release,True,False,VNDB_ONLY,True,,v60138,r149494,Liaozhai: Hua Pi Gui,trial,True,,,,https://store.steampowered.com/app/4161460/,https://vndb.org/v60138
2749380,Lust Theory: Season 3,2025-12-19,2025-12,vndb_steam_release,True,False,VNDB_ONLY,True,,v53240,r128477,Lust Theory: Season 3,complete,True,,,,https://store.steampowered.com/app/2749380/,https://vndb.org/v53240
4039890,VTuber Sex Manager,2025-12-19,2025-12,vndb_steam_release,True,False,VNDB_ONLY,True,,v61233,r146301,VTuber Sex Manager,complete,True,,,,https://store.steampowered.com/app/4039890/,https://vndb.org/v61233
4237150,Yongheng yu Xingchen yu Richang Demo,2025-12-19,2025-12,vndb_steam_release,True,False,VNDB_ONLY,True,,v60544,r146410,Yongheng yu Xingchen yu Richang,trial,True,,,,https://store.steampowered.com/app/4237150/,https://vndb.org/v60544
2591300,MAMIYA - DoomsDay Dreams-,2025-12-22,2025-12,vndb_steam_release,True,False,VNDB_ONLY,True,,v28576,r121549,Sekai Metsubou Kyouyuu Gensou Mamiya,partial,True,,,,https://store.steampowered.com/app/2591300/,https://vndb.org/v28576
3124590,of the Devil - Episode 2,2025-12-23,2025-12,vndb_steam_release,True,False,VNDB_ONLY,True,,v37866,r131890,of the Devil,partial,True,,,,https://store.steampowered.com/app/3124590/,https://vndb.org/v37866
2745330,Further Education - Episode 8,2025-12-24,2025-12,vndb_steam_release,True,False,VNDB_ONLY,True,,v62245,r148698,Further Education,partial,True,,,,https://store.steampowered.com/app/2745330/,https://vndb.org/v62245
2630430,Clock Stopper,2025-12-25,2025-12,vndb_steam_release,True,False,VNDB_ONLY,True,,v47943,r115161,Clock Stopper,complete,True,,,,https://store.steampowered.com/app/2630430/,https://vndb.org/v47943
4252620,Kissrim - Content Expansion Pack,2025-12-25,2025-12,vndb_steam_release,True,False,VNDB_ONLY,True,,v56400,r146479,Kissrim,complete,True,,,,https://store.steampowered.com/app/4252620/,https://vndb.org/v56400
4108760,Hypnotic Eyes,2025-12-27,2025-12,vndb_steam_release,True,False,VNDB_ONLY,True,,v61357,r146595,Hypnotic Eyes,complete,True,,,,https://store.steampowered.com/app/4108760/,https://vndb.org/v61357
4252260,Did you visit CommutatorApply - Demo,2025-12-28,2025-12,vndb_steam_release,True,False,VNDB_ONLY,True,,v61845,r147739,Did you visit CommutatorApply,trial,True,,,,https://store.steampowered.com/app/4252260/,https://vndb.org/v61845
4182690,Love on the Approach,2025-12-28,2025-12,vndb_steam_release,True,False,VNDB_ONLY,True,,v61358,r146596,Love on the Approach,complete,True,,,,https://store.steampowered.com/app/4182690/,https://vndb.org/v61358
4263340,Submerged Lights - Demo,2025-12-28,2025-12,vndb_steam_release,True,False,VNDB_ONLY,True,,v66184,r158807,Submerged Lights,trial,True,,,,https://store.steampowered.com/app/4263340/,https://vndb.org/v66184
3938160,A Life Worth Living,2025-12-29,2025-12,vndb_steam_release,True,False,VNDB_ONLY,True,,v36955,r93400,A Life Worth Living,complete,True,,,,https://store.steampowered.com/app/3938160/,https://vndb.org/v36955
3863410,Bozhestvennaja Novella;Bozhestvennaja Novella - Demo,2025-12-29,2025-12,vndb_steam_release,True,False,VNDB_ONLY,True,,v61354,r146586;r146588,Bozhestvennaja Novella,complete;trial,True,,,,https://store.steampowered.com/app/3863410/,https://vndb.org/v61354
4264160,A Philosophical Discussion of Worms - Demo,2025-12-30,2025-12,vndb_steam_release,True,False,VNDB_ONLY,True,,v61421,r146756,A Philosophical Discussion of Worms,trial,True,,,,https://store.steampowered.com/app/4264160/,https://vndb.org/v61421
3617040,Chuchu Wen,2025-12-30,2025-12,vndb_steam_release,True,False,VNDB_ONLY,True,,v56074,r134965,Chuchu Wen,complete,True,,,,https://store.steampowered.com/app/3617040/,https://vndb.org/v56074
3616960,"His Bet, Her Loss",2025-12-30,2025-12,vndb_steam_release,True,False,VNDB_ONLY,True,,v55823,r134442,"His Bet, Her Loss",complete,True,,,,https://store.steampowered.com/app/3616960/,https://vndb.org/v55823
4244760,Yuchang Jian yu Xiuchun Dao Demo,2025-12-31,2025-12,vndb_steam_release,True,False,VNDB_ONLY,True,,v60367,r146898,Yuchang Jian yu Xiuchun Dao,trial,True,,,,https://store.steampowered.com/app/4244760/,https://vndb.org/v60367
4841710,findingBuddies v8,2025-12-31,2025-12,vndb_steam_release,True,False,VNDB_ONLY,True,,v43809,r105739,findingBuddies,partial,True,,,,https://store.steampowered.com/app/4841710/,https://vndb.org/v43809
