steam_appid,name,steam_release_date,release_month,release_date_source,in_vndb,in_steam_visual_novel_tag,set_category,in_target_scope,exclusion_reason,vndb_ids,vndb_release_ids,vndb_titles,vndb_rtypes,vndb_official,steam_title,price_text,is_free,store_url,vndb_url
1197150,Em-A-Li,2020-01-02,2020-01,steam_store_search,False,True,STEAM_ONLY,True,,,,,,,Em-A-Li,$1.99,False,https://store.steampowered.com/app/1197150/,
814360,Mythic Ocean,2020-01-09,2020-01,steam_store_search,False,True,STEAM_ONLY,True,,,,,,,Mythic Ocean,-80%,False,https://store.steampowered.com/app/814360/,
1212830,Seek Girl Ⅳ,2020-01-09,2020-01,steam_store_search,False,True,STEAM_ONLY,True,,,,,,,Seek Girl Ⅳ,$1.99,False,https://store.steampowered.com/app/1212830/,
1163590,Bullet Girls Phantasia,2020-01-16,2020-01,steam_store_search,False,True,STEAM_ONLY,True,,,,,,,Bullet Girls Phantasia,$29.99,False,https://store.steampowered.com/app/1163590/,
1052640,Retrace,2020-01-20,2020-01,steam_store_search,False,True,STEAM_ONLY,True,,,,,,,Retrace,$7.99,False,https://store.steampowered.com/app/1052640/,
1119710,looK INside - Chapter 1,2020-01-22,2020-01,steam_store_search,False,True,STEAM_ONLY,True,,,,,,,looK INside - Chapter 1,$7.99,False,https://store.steampowered.com/app/1119710/,
1222260,The Lost Brewery,2020-01-24,2020-01,steam_store_search,False,True,STEAM_ONLY,True,,,,,,,The Lost Brewery,Free,True,https://store.steampowered.com/app/1222260/,
1218570,The Twins,2020-01-24,2020-01,steam_store_search,False,True,STEAM_ONLY,True,,,,,,,The Twins,$1.99,False,https://store.steampowered.com/app/1218570/,
1217190,浮世万千之前世今生,2020-01-27,2020-01,steam_store_search,False,True,STEAM_ONLY,True,,,,,,,浮世万千之前世今生,$10.99,False,https://store.steampowered.com/app/1217190/,
1003190,Alpacapaca Double Dash,2020-01-28,2020-01,steam_store_search,False,True,STEAM_ONLY,True,,,,,,,Alpacapaca Double Dash,$5.99,False,https://store.steampowered.com/app/1003190/,
1045720,The Coma 2: Vicious Sisters,2020-01-28,2020-01,steam_store_search,False,True,STEAM_ONLY,True,,,,,,,The Coma 2: Vicious Sisters,-90%,False,https://store.steampowered.com/app/1045720/,
1058530,H-Rescue,2020-01-29,2020-01,steam_store_search,False,True,STEAM_ONLY,True,,,,,,,H-Rescue,$1.99,False,https://store.steampowered.com/app/1058530/,
1181520,Null & Peta -Invasion of the Queen Bug-,2020-01-30,2020-01,steam_store_search,False,True,STEAM_ONLY,True,,,,,,,Null & Peta -Invasion of the Queen Bug-,$19.99,False,https://store.steampowered.com/app/1181520/,
1003090,Through the Darkest of Times,2020-01-30,2020-01,steam_store_search,False,True,STEAM_ONLY,True,,,,,,,Through the Darkest of Times,$14.99,False,https://store.steampowered.com/app/1003090/,
1186880,OctoFurry,2020-01-31,2020-01,steam_store_search,False,True,STEAM_ONLY,True,,,,,,,OctoFurry,$1.99,False,https://store.steampowered.com/app/1186880/,
708970,GOD STARFIGHTER,2020-02-04,2020-02,steam_store_search,False,True,STEAM_ONLY,True,,,,,,,GOD STARFIGHTER,$4.99,False,https://store.steampowered.com/app/708970/,
1220330,Impressions,2020-02-04,2020-02,steam_store_search,False,True,STEAM_ONLY,True,,,,,,,Impressions,Free,True,https://store.steampowered.com/app/1220330/,
1228430,Pair-a-Site,2020-02-06,2020-02,steam_store_search,False,True,STEAM_ONLY,True,,,,,,,Pair-a-Site,Free,True,https://store.steampowered.com/app/1228430/,
1146630,Yokai's Secret,2020-02-06,2020-02,steam_store_search,False,True,STEAM_ONLY,True,,,,,,,Yokai's Secret,$1.99,False,https://store.steampowered.com/app/1146630/,
956560,StarCrossed,2020-02-11,2020-02,steam_store_search,False,True,STEAM_ONLY,True,,,,,,,StarCrossed,$9.99,False,https://store.steampowered.com/app/956560/,
1102130,Florence,2020-02-13,2020-02,steam_store_search,False,True,STEAM_ONLY,True,,,,,,,Florence,$5.99,False,https://store.steampowered.com/app/1102130/,
1225260,Survive In Russia,2020-02-17,2020-02,steam_store_search,False,True,STEAM_ONLY,True,,,,,,,Survive In Russia,$5.99,False,https://store.steampowered.com/app/1225260/,
738270,Ciel Fledge: A Daughter Raising Simulator,2020-02-20,2020-02,steam_store_search,False,True,STEAM_ONLY,True,,,,,,,Ciel Fledge: A Daughter Raising Simulator,-75%,False,https://store.steampowered.com/app/738270/,
1131870,Evergreen Blues,2020-02-20,2020-02,steam_store_search,False,True,STEAM_ONLY,True,,,,,,,Evergreen Blues,Free,True,https://store.steampowered.com/app/1131870/,
1241510,The Test,2020-02-24,2020-02,steam_store_search,False,True,STEAM_ONLY,True,,,,,,,The Test,$1.99,False,https://store.steampowered.com/app/1241510/,
817840,Max Gentlemen Sexy Business!,2020-02-25,2020-02,steam_store_search,False,True,STEAM_ONLY,True,,,,,,,Max Gentlemen Sexy Business!,$19.99,False,https://store.steampowered.com/app/817840/,
1169920,SafeHome,2020-02-25,2020-02,steam_store_search,False,True,STEAM_ONLY,True,,,,,,,SafeHome,Free,True,https://store.steampowered.com/app/1169920/,
989430,随风而逝 Story About Times,2020-02-25,2020-02,steam_store_search,False,True,STEAM_ONLY,True,,,,,,,随风而逝 Story About Times,$3.99,False,https://store.steampowered.com/app/989430/,
1188760,JEF,2020-02-28,2020-02,steam_store_search,False,True,STEAM_ONLY,True,,,,,,,JEF,$3.99,False,https://store.steampowered.com/app/1188760/,
1189820,Lightale,2020-03-03,2020-03,steam_store_search,False,True,STEAM_ONLY,True,,,,,,,Lightale,$9.99,False,https://store.steampowered.com/app/1189820/,
1217260,Timeless Paradox VR,2020-03-03,2020-03,steam_store_search,False,True,STEAM_ONLY,True,,,,,,,Timeless Paradox VR,$19.99,False,https://store.steampowered.com/app/1217260/,
1197030,Mystic Pillars X Kantara,2020-03-04,2020-03,steam_store_search,False,True,STEAM_ONLY,True,,,,,,,Mystic Pillars X Kantara,$6.99,False,https://store.steampowered.com/app/1197030/,
1241520,The Horrorscope,2020-03-09,2020-03,steam_store_search,False,True,STEAM_ONLY,True,,,,,,,The Horrorscope,$1.99,False,https://store.steampowered.com/app/1241520/,
1111620,Gloomy Eyes VR,2020-03-11,2020-03,steam_store_search,False,True,STEAM_ONLY,True,,,,,,,Gloomy Eyes VR,$8.99,False,https://store.steampowered.com/app/1111620/,
839350,Melordandek,2020-03-13,2020-03,steam_store_search,False,True,STEAM_ONLY,True,,,,,,,Melordandek,$9.99,False,https://store.steampowered.com/app/839350/,
1255160,"Oh So Lucky, Doctor!",2020-03-13,2020-03,steam_store_search,False,True,STEAM_ONLY,True,,,,,,,"Oh So Lucky, Doctor!",$1.99,False,https://store.steampowered.com/app/1255160/,
1245060,Somny & Yawn: Dream Detectives,2020-03-13,2020-03,steam_store_search,False,True,STEAM_ONLY,True,,,,,,,Somny & Yawn: Dream Detectives,Free,True,https://store.steampowered.com/app/1245060/,
1222600,Stocksynd House,2020-03-20,2020-03,steam_store_search,False,True,STEAM_ONLY,True,,,,,,,Stocksynd House,$7.99,False,https://store.steampowered.com/app/1222600/,
1256190,Chickduck & Catduck,2020-03-22,2020-03,steam_store_search,False,True,STEAM_ONLY,True,,,,,,,Chickduck & Catduck,$0.99,False,https://store.steampowered.com/app/1256190/,
1185740,Mira,2020-03-25,2020-03,steam_store_search,False,True,STEAM_ONLY,True,,,,,,,Mira,$9.99,False,https://store.steampowered.com/app/1185740/,
1202900,Assemble with Care,2020-03-26,2020-03,steam_store_search,False,True,STEAM_ONLY,True,,,,,,,Assemble with Care,$7.99,False,https://store.steampowered.com/app/1202900/,
1227400,Over the Alps,2020-03-31,2020-03,steam_store_search,False,True,STEAM_ONLY,True,,,,,,,Over the Alps,$7.99,False,https://store.steampowered.com/app/1227400/,
1107790,The Complex,2020-03-31,2020-03,steam_store_search,False,True,STEAM_ONLY,True,,,,,,,The Complex,-77%,False,https://store.steampowered.com/app/1107790/,
1224450,My Jigsaw Adventures - Roads of Life,2020-04-01,2020-04,steam_store_search,False,True,STEAM_ONLY,True,,,,,,,My Jigsaw Adventures - Roads of Life,$4.99,False,https://store.steampowered.com/app/1224450/,
993790,Ancient Enemy,2020-04-09,2020-04,steam_store_search,False,True,STEAM_ONLY,True,,,,,,,Ancient Enemy,-75%,False,https://store.steampowered.com/app/993790/,
1267330,Group Project Simulator,2020-04-09,2020-04,steam_store_search,False,True,STEAM_ONLY,True,,,,,,,Group Project Simulator,Free,True,https://store.steampowered.com/app/1267330/,
1233820,A Ton Of Feathers,2020-04-17,2020-04,steam_store_search,False,True,STEAM_ONLY,True,,,,,,,A Ton Of Feathers,$0.99,False,https://store.steampowered.com/app/1233820/,
1092800,Summit of the Wolf,2020-04-21,2020-04,steam_store_search,False,True,STEAM_ONLY,True,,,,,,,Summit of the Wolf,$14.99,False,https://store.steampowered.com/app/1092800/,
777130,Blush Blush,2020-04-22,2020-04,steam_store_search,False,True,STEAM_ONLY,True,,,,,,,Blush Blush,Free,True,https://store.steampowered.com/app/777130/,
1186690,Timpu's treasure,2020-04-24,2020-04,steam_store_search,False,True,STEAM_ONLY,True,,,,,,,Timpu's treasure,Free,True,https://store.steampowered.com/app/1186690/,
1282200,The Test: Hypothesis Rising,2020-04-27,2020-04,steam_store_search,False,True,STEAM_ONLY,True,,,,,,,The Test: Hypothesis Rising,$1.99,False,https://store.steampowered.com/app/1282200/,
1265580,Miden Tower,2020-04-29,2020-04,steam_store_search,False,True,STEAM_ONLY,True,,,,,,,Miden Tower,-50%,False,https://store.steampowered.com/app/1265580/,
917840,Wintermoor Tactics Club,2020-05-05,2020-05,steam_store_search,False,True,STEAM_ONLY,True,,,,,,,Wintermoor Tactics Club,-80%,False,https://store.steampowered.com/app/917840/,
1058690,Signs of the Sojourner,2020-05-14,2020-05,steam_store_search,False,True,STEAM_ONLY,True,,,,,,,Signs of the Sojourner,$19.99,False,https://store.steampowered.com/app/1058690/,
1318800,ESC,2020-05-15,2020-05,steam_store_search,False,True,STEAM_ONLY,True,,,,,,,ESC,$4.99,False,https://store.steampowered.com/app/1318800/,
1292960,The Magic Storm,2020-05-15,2020-05,steam_store_search,False,True,STEAM_ONLY,True,,,,,,,The Magic Storm,Free,True,https://store.steampowered.com/app/1292960/,
1301470,Bishoujo Battle Hanafuda Koi-Koi,2020-05-18,2020-05,steam_store_search,False,True,STEAM_ONLY,True,,,,,,,Bishoujo Battle Hanafuda Koi-Koi,$5.99,False,https://store.steampowered.com/app/1301470/,
1289640,The Confession,2020-05-18,2020-05,steam_store_search,False,True,STEAM_ONLY,True,,,,,,,The Confession,$1.99,False,https://store.steampowered.com/app/1289640/,
1192160,Section Six,2020-05-19,2020-05,steam_store_search,False,True,STEAM_ONLY,True,,,,,,,Section Six,$3.99,False,https://store.steampowered.com/app/1192160/,
1310650,Hedera,2020-05-21,2020-05,steam_store_search,False,True,STEAM_ONLY,True,,,,,,,Hedera,$2.99,False,https://store.steampowered.com/app/1310650/,
1297230,My Jigsaw Adventures - A Lost Story,2020-05-22,2020-05,steam_store_search,False,True,STEAM_ONLY,True,,,,,,,My Jigsaw Adventures - A Lost Story,$4.99,False,https://store.steampowered.com/app/1297230/,
1238970,Sudd City Adventures,2020-05-22,2020-05,steam_store_search,False,True,STEAM_ONLY,True,,,,,,,Sudd City Adventures,$4.99,False,https://store.steampowered.com/app/1238970/,
935980,AETERNITAS,2020-05-28,2020-05,steam_store_search,False,True,STEAM_ONLY,True,,,,,,,AETERNITAS,$9.99,False,https://store.steampowered.com/app/935980/,
1234190,ANIME WAR — Modern Campaign,2020-05-28,2020-05,steam_store_search,False,True,STEAM_ONLY,True,,,,,,,ANIME WAR — Modern Campaign,$1.99,False,https://store.steampowered.com/app/1234190/,
1332210,Signs of the Sojourner: Prologue,2020-05-29,2020-05,steam_store_search,False,True,STEAM_ONLY,True,,,,,,,Signs of the Sojourner: Prologue,Free,True,https://store.steampowered.com/app/1332210/,
1318420,Summer in Mara Prologue,2020-05-29,2020-05,steam_store_search,False,True,STEAM_ONLY,True,,,,,,,Summer in Mara Prologue,Free,True,https://store.steampowered.com/app/1318420/,
1304910,My Hidden Things,2020-06-04,2020-06,steam_store_search,False,True,STEAM_ONLY,True,,,,,,,My Hidden Things,$8.99,False,https://store.steampowered.com/app/1304910/,
1299120,Mosaique Neko Waifus 2,2020-06-05,2020-06,steam_store_search,False,True,STEAM_ONLY,True,,,,,,,Mosaique Neko Waifus 2,$4.99,False,https://store.steampowered.com/app/1299120/,
1274300,Cyber Agent,2020-06-08,2020-06,steam_store_search,False,True,STEAM_ONLY,True,,,,,,,Cyber Agent,$1.99,False,https://store.steampowered.com/app/1274300/,
1332890,HopBound,2020-06-09,2020-06,steam_store_search,False,True,STEAM_ONLY,True,,,,,,,HopBound,$2.99,False,https://store.steampowered.com/app/1332890/,
923230,DreamBack VR,2020-06-10,2020-06,steam_store_search,False,True,STEAM_ONLY,True,,,,,,,DreamBack VR,Free,True,https://store.steampowered.com/app/923230/,
918950,WARBORN,2020-06-12,2020-06,steam_store_search,False,True,STEAM_ONLY,True,,,,,,,WARBORN,-75%,False,https://store.steampowered.com/app/918950/,
1113000,Persona 4 Golden,2020-06-13,2020-06,steam_store_search,False,True,STEAM_ONLY,True,,,,,,,Persona 4 Golden,$19.99,False,https://store.steampowered.com/app/1113000/,
1197390,Robot Island,2020-06-16,2020-06,steam_store_search,False,True,STEAM_ONLY,True,,,,,,,Robot Island,-25%,False,https://store.steampowered.com/app/1197390/,
962580,Summer in Mara,2020-06-16,2020-06,steam_store_search,False,True,STEAM_ONLY,True,,,,,,,Summer in Mara,-38%,False,https://store.steampowered.com/app/962580/,
1337430,Personality Dating Sim,2020-06-18,2020-06,steam_store_search,False,True,STEAM_ONLY,True,,,,,,,Personality Dating Sim,$1.99,False,https://store.steampowered.com/app/1337430/,
1342640,Relic Guardians: Complete,2020-06-22,2020-06,steam_store_search,False,True,STEAM_ONLY,True,,,,,,,Relic Guardians: Complete,$2.99,False,https://store.steampowered.com/app/1342640/,
1231950,The Innsmouth Case,2020-06-23,2020-06,steam_store_search,False,True,STEAM_ONLY,True,,,,,,,The Innsmouth Case,$12.49,False,https://store.steampowered.com/app/1231950/,
1268100,War Islands: A Co-op Adventure,2020-06-29,2020-06,steam_store_search,False,True,STEAM_ONLY,True,,,,,,,War Islands: A Co-op Adventure,$19.99,False,https://store.steampowered.com/app/1268100/,
1334700,tomorrow won't come for those without ██████,2020-07-04,2020-07,steam_store_search,False,True,STEAM_ONLY,True,,,,,,,tomorrow won't come for those without ██████,$1.99,False,https://store.steampowered.com/app/1334700/,
1282650,180 Files: The Aegis Project,2020-07-09,2020-07,steam_store_search,False,True,STEAM_ONLY,True,,,,,,,180 Files: The Aegis Project,$5.99,False,https://store.steampowered.com/app/1282650/,
1009290,SWORD ART ONLINE Alicization Lycoris,2020-07-09,2020-07,steam_store_search,False,True,STEAM_ONLY,True,,,,,,,SWORD ART ONLINE Alicization Lycoris,-50%,False,https://store.steampowered.com/app/1009290/,
1303370,A Lot of Universes,2020-07-10,2020-07,steam_store_search,False,True,STEAM_ONLY,True,,,,,,,A Lot of Universes,Free,True,https://store.steampowered.com/app/1303370/,
1351220,Escape Room VR: Inner Voices,2020-07-10,2020-07,steam_store_search,False,True,STEAM_ONLY,True,,,,,,,Escape Room VR: Inner Voices,$9.99,False,https://store.steampowered.com/app/1351220/,
1311540,"The Wake: Mourning Father, Mourning Mother",2020-07-10,2020-07,steam_store_search,False,True,STEAM_ONLY,True,,,,,,,"The Wake: Mourning Father, Mourning Mother",$4.99,False,https://store.steampowered.com/app/1311540/,
1361190,Brain Marmelade,2020-07-14,2020-07,steam_store_search,False,True,STEAM_ONLY,True,,,,,,,Brain Marmelade,$2.99,False,https://store.steampowered.com/app/1361190/,
1201760,Kari,2020-07-14,2020-07,steam_store_search,False,True,STEAM_ONLY,True,,,,,,,Kari,Free,True,https://store.steampowered.com/app/1201760/,
1267770,Linda & Joan Prologue: “Four Months Earlier”,2020-07-14,2020-07,steam_store_search,False,True,STEAM_ONLY,True,,,,,,,Linda & Joan Prologue: “Four Months Earlier”,Free,True,https://store.steampowered.com/app/1267770/,
1358770,The falling tower,2020-07-15,2020-07,steam_store_search,False,True,STEAM_ONLY,True,,,,,,,The falling tower,Free,True,https://store.steampowered.com/app/1358770/,
1209000,romantic player,2020-07-15,2020-07,steam_store_search,False,True,STEAM_ONLY,True,,,,,,,romantic player,$2.99,False,https://store.steampowered.com/app/1209000/,
1255990,We should talk.,2020-07-16,2020-07,steam_store_search,False,True,STEAM_ONLY,True,,,,,,,We should talk.,$6.99,False,https://store.steampowered.com/app/1255990/,
1338830,最后的大法师 光明之旅(Last Archmage Journey of Light),2020-07-16,2020-07,steam_store_search,False,True,STEAM_ONLY,True,,,,,,,最后的大法师 光明之旅(Last Archmage Journey of Light),$6.99,False,https://store.steampowered.com/app/1338830/,
1321070,Death Come True,2020-07-17,2020-07,steam_store_search,False,True,STEAM_ONLY,True,,,,,,,Death Come True,$15.99,False,https://store.steampowered.com/app/1321070/,
1353050,My Isekai After Life is an RPG!?,2020-07-17,2020-07,steam_store_search,False,True,STEAM_ONLY,True,,,,,,,My Isekai After Life is an RPG!?,$5.99,False,https://store.steampowered.com/app/1353050/,
1328930,Power Of Language,2020-07-18,2020-07,steam_store_search,False,True,STEAM_ONLY,True,,,,,,,Power Of Language,$1.99,False,https://store.steampowered.com/app/1328930/,
1294320,Syystem - The Phantom Train,2020-07-19,2020-07,steam_store_search,False,True,STEAM_ONLY,True,,,,,,,Syystem - The Phantom Train,$7.99,False,https://store.steampowered.com/app/1294320/,
877300,Liquid Sunshine,2020-07-20,2020-07,steam_store_search,False,True,STEAM_ONLY,True,,,,,,,Liquid Sunshine,$7.99,False,https://store.steampowered.com/app/877300/,
1351820,Shivering Hearts,2020-07-21,2020-07,steam_store_search,False,True,STEAM_ONLY,True,,,,,,,Shivering Hearts,$7.99,False,https://store.steampowered.com/app/1351820/,
1300430,Whiskey.Mafia. Leo's Family,2020-07-21,2020-07,steam_store_search,False,True,STEAM_ONLY,True,,,,,,,Whiskey.Mafia. Leo's Family,-65%,False,https://store.steampowered.com/app/1300430/,
761350,Booth: A Dystopian Adventure,2020-07-22,2020-07,steam_store_search,False,True,STEAM_ONLY,True,,,,,,,Booth: A Dystopian Adventure,$9.99,False,https://store.steampowered.com/app/761350/,
1275290,Dream Catcher,2020-07-24,2020-07,steam_store_search,False,True,STEAM_ONLY,True,,,,,,,Dream Catcher,$0.99,False,https://store.steampowered.com/app/1275290/,
1359890,Beach Love Shop,2020-07-29,2020-07,steam_store_search,False,True,STEAM_ONLY,True,,,,,,,Beach Love Shop,$4.99,False,https://store.steampowered.com/app/1359890/,
1020050,Startup Valley Adventure,2020-07-30,2020-07,steam_store_search,False,True,STEAM_ONLY,True,,,,,,,Startup Valley Adventure,$12.99,False,https://store.steampowered.com/app/1020050/,
1360190,曙光之诗,2020-07-30,2020-07,steam_store_search,False,True,STEAM_ONLY,True,,,,,,,曙光之诗,Free,True,https://store.steampowered.com/app/1360190/,
1304070,Extra Terrestrial Nation,2020-07-31,2020-07,steam_store_search,False,True,STEAM_ONLY,True,,,,,,,Extra Terrestrial Nation,Free,True,https://store.steampowered.com/app/1304070/,
1370640,Rewrite - DYH,2020-07-31,2020-07,steam_store_search,False,True,STEAM_ONLY,True,,,,,,,Rewrite - DYH,$9.99,False,https://store.steampowered.com/app/1370640/,
1322600,Pizza Bike Rider,2020-08-02,2020-08,steam_store_search,False,True,STEAM_ONLY,True,,,,,,,Pizza Bike Rider,$0.99,False,https://store.steampowered.com/app/1322600/,
1355390,Obreno: Chapter One,2020-08-03,2020-08,steam_store_search,False,True,STEAM_ONLY,True,,,,,,,Obreno: Chapter One,Free,True,https://store.steampowered.com/app/1355390/,
1268250,GAG,2020-08-07,2020-08,steam_store_search,False,True,STEAM_ONLY,True,,,,,,,GAG,$1.99,False,https://store.steampowered.com/app/1268250/,
1187940,Is It Wrong to Try to Pick Up Girls in a Dungeon? Infinite Combate,2020-08-10,2020-08,steam_store_search,False,True,STEAM_ONLY,True,,,,,,,Is It Wrong to Try to Pick Up Girls in a Dungeon? Infinite Combate,-75%,False,https://store.steampowered.com/app/1187940/,
1375970,Korean Adventures in Russia,2020-08-11,2020-08,steam_store_search,False,True,STEAM_ONLY,True,,,,,,,Korean Adventures in Russia,-60%,False,https://store.steampowered.com/app/1375970/,
1146600,For the People,2020-08-13,2020-08,steam_store_search,False,True,STEAM_ONLY,True,,,,,,,For the People,$16.99,False,https://store.steampowered.com/app/1146600/,
1309440,Sweet House Love,2020-08-13,2020-08,steam_store_search,False,True,STEAM_ONLY,True,,,,,,,Sweet House Love,$1.99,False,https://store.steampowered.com/app/1309440/,
1379590,Adventures in Morality: An Interactive Case Study,2020-08-14,2020-08,steam_store_search,False,True,STEAM_ONLY,True,,,,,,,Adventures in Morality: An Interactive Case Study,Free,True,https://store.steampowered.com/app/1379590/,
1383850,Gurobu,2020-08-14,2020-08,steam_store_search,False,True,STEAM_ONLY,True,,,,,,,Gurobu,$2.55,False,https://store.steampowered.com/app/1383850/,
1164750,Hospitality VR,2020-08-17,2020-08,steam_store_search,False,True,STEAM_ONLY,True,,,,,,,Hospitality VR,$2.99,False,https://store.steampowered.com/app/1164750/,
1380840,August of August,2020-08-18,2020-08,steam_store_search,False,True,STEAM_ONLY,True,,,,,,,August of August,Free,True,https://store.steampowered.com/app/1380840/,
828760,Paper Shakespeare: The Legend of Rainbow Hollow,2020-08-18,2020-08,steam_store_search,False,True,STEAM_ONLY,True,,,,,,,Paper Shakespeare: The Legend of Rainbow Hollow,$4.99,False,https://store.steampowered.com/app/828760/,
1094420,Rainy Season,2020-08-19,2020-08,steam_store_search,False,True,STEAM_ONLY,True,,,,,,,Rainy Season,$3.99,False,https://store.steampowered.com/app/1094420/,
861030,Lovely Fox,2020-08-23,2020-08,steam_store_search,False,True,STEAM_ONLY,True,,,,,,,Lovely Fox,$0.99,False,https://store.steampowered.com/app/861030/,
1268710,Skitt,2020-08-24,2020-08,steam_store_search,False,True,STEAM_ONLY,True,,,,,,,Skitt,Free,True,https://store.steampowered.com/app/1268710/,
1379020,The Horrorscope: Fatal Awakening,2020-08-24,2020-08,steam_store_search,False,True,STEAM_ONLY,True,,,,,,,The Horrorscope: Fatal Awakening,$1.99,False,https://store.steampowered.com/app/1379020/,
1354100,A Lozenge,2020-08-26,2020-08,steam_store_search,False,True,STEAM_ONLY,True,,,,,,,A Lozenge,$1.99,False,https://store.steampowered.com/app/1354100/,
710620,Wira & Taksa: Against the Master of Gravity,2020-08-26,2020-08,steam_store_search,False,True,STEAM_ONLY,True,,,,,,,Wira & Taksa: Against the Master of Gravity,$12.99,False,https://store.steampowered.com/app/710620/,
1361110,Karen: An Outrage Simulator,2020-08-27,2020-08,steam_store_search,False,True,STEAM_ONLY,True,,,,,,,Karen: An Outrage Simulator,$2.99,False,https://store.steampowered.com/app/1361110/,
1303740,Love n Dream,2020-08-27,2020-08,steam_store_search,False,True,STEAM_ONLY,True,,,,,,,Love n Dream,$2.99,False,https://store.steampowered.com/app/1303740/,
1385730,Mosaique Neko Waifus 3,2020-08-27,2020-08,steam_store_search,False,True,STEAM_ONLY,True,,,,,,,Mosaique Neko Waifus 3,-70%,False,https://store.steampowered.com/app/1385730/,
1392170,Schastye,2020-08-27,2020-08,steam_store_search,False,True,STEAM_ONLY,True,,,,,,,Schastye,$0.99,False,https://store.steampowered.com/app/1392170/,
1282320,Stilstand,2020-08-27,2020-08,steam_store_search,False,True,STEAM_ONLY,True,,,,,,,Stilstand,$3.99,False,https://store.steampowered.com/app/1282320/,
1388720,Japanese Romaji Adventure,2020-08-28,2020-08,steam_store_search,False,True,STEAM_ONLY,True,,,,,,,Japanese Romaji Adventure,$9.99,False,https://store.steampowered.com/app/1388720/,
1393410,Seek Girl V,2020-08-28,2020-08,steam_store_search,False,True,STEAM_ONLY,True,,,,,,,Seek Girl V,$1.99,False,https://store.steampowered.com/app/1393410/,
1350920,Liege Dragon,2020-08-30,2020-08,steam_store_search,False,True,STEAM_ONLY,True,,,,,,,Liege Dragon,-50%,False,https://store.steampowered.com/app/1350920/,
1390000,Antadin DX,2020-09-01,2020-09,steam_store_search,False,True,STEAM_ONLY,True,,,,,,,Antadin DX,Free,True,https://store.steampowered.com/app/1390000/,
874060,Bleeding Moons,2020-09-03,2020-09,steam_store_search,False,True,STEAM_ONLY,True,,,,,,,Bleeding Moons,$9.99,False,https://store.steampowered.com/app/874060/,
1397040,Sanguine Melancholia,2020-09-03,2020-09,steam_store_search,False,True,STEAM_ONLY,True,,,,,,,Sanguine Melancholia,Free,True,https://store.steampowered.com/app/1397040/,
1358930,Playing God,2020-09-07,2020-09,steam_store_search,False,True,STEAM_ONLY,True,,,,,,,Playing God,Free,True,https://store.steampowered.com/app/1358930/,
1397030,Survive or Thrive,2020-09-07,2020-09,steam_store_search,False,True,STEAM_ONLY,True,,,,,,,Survive or Thrive,$1.99,False,https://store.steampowered.com/app/1397030/,
1375870,川建国同志想要连任/Comrade Trump's Re-election,2020-09-10,2020-09,steam_store_search,False,True,STEAM_ONLY,True,,,,,,,川建国同志想要连任/Comrade Trump's Re-election,$2.99,False,https://store.steampowered.com/app/1375870/,
1397350,好久不见 - Long Time No See,2020-09-14,2020-09,steam_store_search,False,True,STEAM_ONLY,True,,,,,,,好久不见 - Long Time No See,$4.99,False,https://store.steampowered.com/app/1397350/,
1389070,HOLY QURAN VR EXPERİENCE,2020-09-15,2020-09,steam_store_search,False,True,STEAM_ONLY,True,,,,,,,HOLY QURAN VR EXPERİENCE,-55%,False,https://store.steampowered.com/app/1389070/,
1381280,Cheat or Die,2020-09-18,2020-09,steam_store_search,False,True,STEAM_ONLY,True,,,,,,,Cheat or Die,$5.99,False,https://store.steampowered.com/app/1381280/,
1412660,Rivals,2020-09-21,2020-09,steam_store_search,False,True,STEAM_ONLY,True,,,,,,,Rivals,$5.99,False,https://store.steampowered.com/app/1412660/,
1408960,The Good Book VN,2020-09-21,2020-09,steam_store_search,False,True,STEAM_ONLY,True,,,,,,,The Good Book VN,$0.99,False,https://store.steampowered.com/app/1408960/,
1203750,The Girl of Glass: A Summer Bird's Tale,2020-09-22,2020-09,steam_store_search,False,True,STEAM_ONLY,True,,,,,,,The Girl of Glass: A Summer Bird's Tale,$14.99,False,https://store.steampowered.com/app/1203750/,
1401320,破镜恐惧,2020-09-22,2020-09,steam_store_search,False,True,STEAM_ONLY,True,,,,,,,破镜恐惧,$1.99,False,https://store.steampowered.com/app/1401320/,
1407060,Crimson Ranch,2020-09-24,2020-09,steam_store_search,False,True,STEAM_ONLY,True,,,,,,,Crimson Ranch,$2.99,False,https://store.steampowered.com/app/1407060/,
1413590,LA FORET DE PAGO : LA VENGEANCE DU DRAGON,2020-09-24,2020-09,steam_store_search,False,True,STEAM_ONLY,True,,,,,,,LA FORET DE PAGO : LA VENGEANCE DU DRAGON,$5.99,False,https://store.steampowered.com/app/1413590/,
1323800,Petra and The Thylacine,2020-09-24,2020-09,steam_store_search,False,True,STEAM_ONLY,True,,,,,,,Petra and The Thylacine,$2.99,False,https://store.steampowered.com/app/1323800/,
1414300,BeetleQuest,2020-09-25,2020-09,steam_store_search,False,True,STEAM_ONLY,True,,,,,,,BeetleQuest,$6.99,False,https://store.steampowered.com/app/1414300/,
1339750,Home: A Quarantine Story,2020-09-25,2020-09,steam_store_search,False,True,STEAM_ONLY,True,,,,,,,Home: A Quarantine Story,Free,True,https://store.steampowered.com/app/1339750/,
1389560,Paint Girl,2020-09-25,2020-09,steam_store_search,False,True,STEAM_ONLY,True,,,,,,,Paint Girl,$1.99,False,https://store.steampowered.com/app/1389560/,
1346250,Slide Stories: Neko's Journey,2020-09-28,2020-09,steam_store_search,False,True,STEAM_ONLY,True,,,,,,,Slide Stories: Neko's Journey,$9.99,False,https://store.steampowered.com/app/1346250/,
1386710,The HeartBeat,2020-10-05,2020-10,steam_store_search,False,True,STEAM_ONLY,True,,,,,,,The HeartBeat,$0.99,False,https://store.steampowered.com/app/1386710/,
1383450,心境 VR / Mind VR Exploration,2020-10-06,2020-10,steam_store_search,False,True,STEAM_ONLY,True,,,,,,,心境 VR / Mind VR Exploration,$3.99,False,https://store.steampowered.com/app/1383450/,
1420740,Your amazing T-Gotchi!,2020-10-08,2020-10,steam_store_search,False,True,STEAM_ONLY,True,,,,,,,Your amazing T-Gotchi!,$4.99,False,https://store.steampowered.com/app/1420740/,
1417170,Don't Miss The King,2020-10-09,2020-10,steam_store_search,False,True,STEAM_ONLY,True,,,,,,,Don't Miss The King,$1.99,False,https://store.steampowered.com/app/1417170/,
1428310,The Test: Final Revelation,2020-10-12,2020-10,steam_store_search,False,True,STEAM_ONLY,True,,,,,,,The Test: Final Revelation,$1.99,False,https://store.steampowered.com/app/1428310/,
1414500,Voyeur,2020-10-12,2020-10,steam_store_search,False,True,STEAM_ONLY,True,,,,,,,Voyeur,$8.99,False,https://store.steampowered.com/app/1414500/,
1398390,SPACE / MECH / PILOT,2020-10-13,2020-10,steam_store_search,False,True,STEAM_ONLY,True,,,,,,,SPACE / MECH / PILOT,Free,True,https://store.steampowered.com/app/1398390/,
1388860,UNMEMORY,2020-10-13,2020-10,steam_store_search,False,True,STEAM_ONLY,True,,,,,,,UNMEMORY,$9.99,False,https://store.steampowered.com/app/1388860/,
1088420,Wings Of Bluestar,2020-10-13,2020-10,steam_store_search,False,True,STEAM_ONLY,True,,,,,,,Wings Of Bluestar,$7.99,False,https://store.steampowered.com/app/1088420/,
1334630,Deja Vu Collector's Edition,2020-10-14,2020-10,steam_store_search,False,True,STEAM_ONLY,True,,,,,,,Deja Vu Collector's Edition,$9.99,False,https://store.steampowered.com/app/1334630/,
1241370,FierceWind Decay,2020-10-14,2020-10,steam_store_search,False,True,STEAM_ONLY,True,,,,,,,FierceWind Decay,Free,True,https://store.steampowered.com/app/1241370/,
1195360,Re:Turn - One Way Trip,2020-10-14,2020-10,steam_store_search,False,True,STEAM_ONLY,True,,,,,,,Re:Turn - One Way Trip,$11.99,False,https://store.steampowered.com/app/1195360/,
1435480,10mg: Sealed Estate,2020-10-15,2020-10,steam_store_search,False,True,STEAM_ONLY,True,,,,,,,10mg: Sealed Estate,$1.99,False,https://store.steampowered.com/app/1435480/,
1432620,Aimi,2020-10-20,2020-10,steam_store_search,False,True,STEAM_ONLY,True,,,,,,,Aimi,Free,True,https://store.steampowered.com/app/1432620/,
1437480,Cultus,2020-10-20,2020-10,steam_store_search,False,True,STEAM_ONLY,True,,,,,,,Cultus,$2.99,False,https://store.steampowered.com/app/1437480/,
1383740,My Cute Commissar,2020-10-21,2020-10,steam_store_search,False,True,STEAM_ONLY,True,,,,,,,My Cute Commissar,-65%,False,https://store.steampowered.com/app/1383740/,
1140270,Monster Prom 2: Monster Camp,2020-10-23,2020-10,steam_store_search,False,True,STEAM_ONLY,True,,,,,,,Monster Prom 2: Monster Camp,-75%,False,https://store.steampowered.com/app/1140270/,
1299260,Isolation Story,2020-10-27,2020-10,steam_store_search,False,True,STEAM_ONLY,True,,,,,,,Isolation Story,-50%,False,https://store.steampowered.com/app/1299260/,
1446090,PAGO FOREST: DRAGON'S REVENGE,2020-10-27,2020-10,steam_store_search,False,True,STEAM_ONLY,True,,,,,,,PAGO FOREST: DRAGON'S REVENGE,$5.99,False,https://store.steampowered.com/app/1446090/,
1356760,The Spectre Files: Deathstalker,2020-10-27,2020-10,steam_store_search,False,True,STEAM_ONLY,True,,,,,,,The Spectre Files: Deathstalker,$9.99,False,https://store.steampowered.com/app/1356760/,
1445120,Fast Typing Master,2020-10-28,2020-10,steam_store_search,False,True,STEAM_ONLY,True,,,,,,,Fast Typing Master,$1.99,False,https://store.steampowered.com/app/1445120/,
1449690,The Walking Dead: The Telltale Definitive Series,2020-10-29,2020-10,steam_store_search,False,True,STEAM_ONLY,True,,,,,,,The Walking Dead: The Telltale Definitive Series,$49.99,False,https://store.steampowered.com/app/1449690/,
1371050,Illness in the East,2020-10-30,2020-10,steam_store_search,False,True,STEAM_ONLY,True,,,,,,,Illness in the East,$0.99,False,https://store.steampowered.com/app/1371050/,
1343140,Choices That Matter: And The Sun Went Out,2020-11-03,2020-11,steam_store_search,False,True,STEAM_ONLY,True,,,,,,,Choices That Matter: And The Sun Went Out,$5.99,False,https://store.steampowered.com/app/1343140/,
1330930,Star Seeker in: the Secret of the Sorcerous Standoff,2020-11-03,2020-11,steam_store_search,False,True,STEAM_ONLY,True,,,,,,,Star Seeker in: the Secret of the Sorcerous Standoff,$4.99,False,https://store.steampowered.com/app/1330930/,
1434000,BO020880,2020-11-04,2020-11,steam_store_search,False,True,STEAM_ONLY,True,,,,,,,BO020880,Free,True,https://store.steampowered.com/app/1434000/,
1328530,Quantum Protocol,2020-11-04,2020-11,steam_store_search,False,True,STEAM_ONLY,True,,,,,,,Quantum Protocol,$12.99,False,https://store.steampowered.com/app/1328530/,
1398080,Seaside Cafe Story,2020-11-04,2020-11,steam_store_search,False,True,STEAM_ONLY,True,,,,,,,Seaside Cafe Story,$5.99,False,https://store.steampowered.com/app/1398080/,
1286330,WhiteLily 2：梦醒少女,2020-11-06,2020-11,steam_store_search,False,True,STEAM_ONLY,True,,,,,,,WhiteLily 2：梦醒少女,$4.99,False,https://store.steampowered.com/app/1286330/,
1441690,ZendoVR,2020-11-09,2020-11,steam_store_search,False,True,STEAM_ONLY,True,,,,,,,ZendoVR,$2.99,False,https://store.steampowered.com/app/1441690/,
1421700,BegieAde ~a lyric of lie and retribution~,2020-11-11,2020-11,steam_store_search,False,True,STEAM_ONLY,True,,,,,,,BegieAde ~a lyric of lie and retribution~,$13.99,False,https://store.steampowered.com/app/1421700/,
1455060,TERMINUS,2020-11-14,2020-11,steam_store_search,False,True,STEAM_ONLY,True,,,,,,,TERMINUS,$7.99,False,https://store.steampowered.com/app/1455060/,
1353270,Five Dates,2020-11-17,2020-11,steam_store_search,False,True,STEAM_ONLY,True,,,,,,,Five Dates,-70%,False,https://store.steampowered.com/app/1353270/,
1462620,"Odd Adventure of Chub, Color, 23 and You",2020-11-19,2020-11,steam_store_search,False,True,STEAM_ONLY,True,,,,,,,"Odd Adventure of Chub, Color, 23 and You",Free,True,https://store.steampowered.com/app/1462620/,
1278390,Succumate,2020-11-20,2020-11,steam_store_search,False,True,STEAM_ONLY,True,,,,,,,Succumate,$14.99,False,https://store.steampowered.com/app/1278390/,
1393350,Swaying Girl,2020-11-20,2020-11,steam_store_search,False,True,STEAM_ONLY,True,,,,,,,Swaying Girl,$0.99,False,https://store.steampowered.com/app/1393350/,
1457990,Yuligans: Christmas is Coming!,2020-11-24,2020-11,steam_store_search,False,True,STEAM_ONLY,True,,,,,,,Yuligans: Christmas is Coming!,Free,True,https://store.steampowered.com/app/1457990/,
1181840,HIVESWAP: ACT 2,2020-11-25,2020-11,steam_store_search,False,True,STEAM_ONLY,True,,,,,,,HIVESWAP: ACT 2,$14.99,False,https://store.steampowered.com/app/1181840/,
1471900,Castle of the Land,2020-11-26,2020-11,steam_store_search,False,True,STEAM_ONLY,True,,,,,,,Castle of the Land,$0.99,False,https://store.steampowered.com/app/1471900/,
1379510,Algebra Ridge,2020-11-30,2020-11,steam_store_search,False,True,STEAM_ONLY,True,,,,,,,Algebra Ridge,Free,True,https://store.steampowered.com/app/1379510/,
1425330,Eye of the Beholder,2020-11-30,2020-11,steam_store_search,False,True,STEAM_ONLY,True,,,,,,,Eye of the Beholder,Free,True,https://store.steampowered.com/app/1425330/,
1307860,Queerskins: a love story,2020-11-30,2020-11,steam_store_search,False,True,STEAM_ONLY,True,,,,,,,Queerskins: a love story,$6.99,False,https://store.steampowered.com/app/1307860/,
1440730,The Ghost,2020-11-30,2020-11,steam_store_search,False,True,STEAM_ONLY,True,,,,,,,The Ghost,$3.99,False,https://store.steampowered.com/app/1440730/,
1460230,Javols VR,2020-12-01,2020-12,steam_store_search,False,True,STEAM_ONLY,True,,,,,,,Javols VR,Free,True,https://store.steampowered.com/app/1460230/,
1452410,Case Kovacs - Agent 228,2020-12-02,2020-12,steam_store_search,False,True,STEAM_ONLY,True,,,,,,,Case Kovacs - Agent 228,Free,True,https://store.steampowered.com/app/1452410/,
1410560,Control Over,2020-12-02,2020-12,steam_store_search,False,True,STEAM_ONLY,True,,,,,,,Control Over,$5.99,False,https://store.steampowered.com/app/1410560/,
1341400,Oniria Crimes,2020-12-03,2020-12,steam_store_search,False,True,STEAM_ONLY,True,,,,,,,Oniria Crimes,-10%,False,https://store.steampowered.com/app/1341400/,
1405780,Interactive Empathy,2020-12-04,2020-12,steam_store_search,False,True,STEAM_ONLY,True,,,,,,,Interactive Empathy,Free,True,https://store.steampowered.com/app/1405780/,
1477900,Ricky did nothing wrong,2020-12-04,2020-12,steam_store_search,False,True,STEAM_ONLY,True,,,,,,,Ricky did nothing wrong,Free,True,https://store.steampowered.com/app/1477900/,
1468000,These Nights Alone,2020-12-05,2020-12,steam_store_search,False,True,STEAM_ONLY,True,,,,,,,These Nights Alone,Free,True,https://store.steampowered.com/app/1468000/,
694060,Ignis Universia: Eternal Sisters Saga DX,2020-12-07,2020-12,steam_store_search,False,True,STEAM_ONLY,True,,,,,,,Ignis Universia: Eternal Sisters Saga DX,Free,True,https://store.steampowered.com/app/694060/,
1443500,Frog's Princess,2020-12-09,2020-12,steam_store_search,False,True,STEAM_ONLY,True,,,,,,,Frog's Princess,$1.99,False,https://store.steampowered.com/app/1443500/,
1348700,Spice&Wolf VR2,2020-12-09,2020-12,steam_store_search,False,True,STEAM_ONLY,True,,,,,,,Spice&Wolf VR2,$24.99,False,https://store.steampowered.com/app/1348700/,
1398100,Orwell's Animal Farm,2020-12-10,2020-12,steam_store_search,False,True,STEAM_ONLY,True,,,,,,,Orwell's Animal Farm,$9.99,False,https://store.steampowered.com/app/1398100/,
1433390,To My Best Friend,2020-12-10,2020-12,steam_store_search,False,True,STEAM_ONLY,True,,,,,,,To My Best Friend,$4.99,False,https://store.steampowered.com/app/1433390/,
1379830,Cyber Crush 2069,2020-12-11,2020-12,steam_store_search,False,True,STEAM_ONLY,True,,,,,,,Cyber Crush 2069,-60%,False,https://store.steampowered.com/app/1379830/,
1465340,Free Spirit VR Meditation,2020-12-11,2020-12,steam_store_search,False,True,STEAM_ONLY,True,,,,,,,Free Spirit VR Meditation,$2.22,False,https://store.steampowered.com/app/1465340/,
1475740,Wonder Cave,2020-12-11,2020-12,steam_store_search,False,True,STEAM_ONLY,True,,,,,,,Wonder Cave,$6.99,False,https://store.steampowered.com/app/1475740/,
923570,Eternal Radiance,2020-12-15,2020-12,steam_store_search,False,True,STEAM_ONLY,True,,,,,,,Eternal Radiance,$19.99,False,https://store.steampowered.com/app/923570/,
1353950,Ring of Fire: Prologue,2020-12-15,2020-12,steam_store_search,False,True,STEAM_ONLY,True,,,,,,,Ring of Fire: Prologue,Free,True,https://store.steampowered.com/app/1353950/,
1145830,Clarevoyance,2020-12-17,2020-12,steam_store_search,False,True,STEAM_ONLY,True,,,,,,,Clarevoyance,-20%,False,https://store.steampowered.com/app/1145830/,
1495670,Leaper,2020-12-22,2020-12,steam_store_search,False,True,STEAM_ONLY,True,,,,,,,Leaper,$4.99,False,https://store.steampowered.com/app/1495670/,
1457480,The Dream of Shadowlands Episode 1,2020-12-28,2020-12,steam_store_search,False,True,STEAM_ONLY,True,,,,,,,The Dream of Shadowlands Episode 1,Free,True,https://store.steampowered.com/app/1457480/,
1455430,Harvest Green,2020-12-30,2020-12,steam_store_search,False,True,STEAM_ONLY,True,,,,,,,Harvest Green,$6.99,False,https://store.steampowered.com/app/1455430/,
1489010,The Picture in The House,2020-12-30,2020-12,steam_store_search,False,True,STEAM_ONLY,True,,,,,,,The Picture in The House,Free,True,https://store.steampowered.com/app/1489010/,
1409470,Encounter the Light / 邂逅光明,2021-01-02,2021-01,steam_store_search,False,True,STEAM_ONLY,True,,,,,,,Encounter the Light / 邂逅光明,$3.99,False,https://store.steampowered.com/app/1409470/,
1445440,Blacksmith of the Sand Kingdom,2021-01-06,2021-01,steam_store_search,False,True,STEAM_ONLY,True,,,,,,,Blacksmith of the Sand Kingdom,$19.99,False,https://store.steampowered.com/app/1445440/,
1387590,列传：革新战争,2021-01-06,2021-01,steam_store_search,False,True,STEAM_ONLY,True,,,,,,,列传：革新战争,$16.99,False,https://store.steampowered.com/app/1387590/,
1433420,Love n War: Hero by Chance,2021-01-08,2021-01,steam_store_search,False,True,STEAM_ONLY,True,,,,,,,Love n War: Hero by Chance,-76%,False,https://store.steampowered.com/app/1433420/,
1333530,Acolyte: Prologue,2021-01-10,2021-01,steam_store_search,False,True,STEAM_ONLY,True,,,,,,,Acolyte: Prologue,Free,True,https://store.steampowered.com/app/1333530/,
1481960,Death off the Cuff,2021-01-11,2021-01,steam_store_search,False,True,STEAM_ONLY,True,,,,,,,Death off the Cuff,$2.99,False,https://store.steampowered.com/app/1481960/,
1202790,Lost Brothers,2021-01-12,2021-01,steam_store_search,False,True,STEAM_ONLY,True,,,,,,,Lost Brothers,$8.99,False,https://store.steampowered.com/app/1202790/,
1484050,MADE : Interactive Movie – 01. Run away!,2021-01-12,2021-01,steam_store_search,False,True,STEAM_ONLY,True,,,,,,,MADE : Interactive Movie – 01. Run away!,$7.99,False,https://store.steampowered.com/app/1484050/,
839740,戾谈,2021-01-16,2021-01,steam_store_search,False,True,STEAM_ONLY,True,,,,,,,戾谈,Free,True,https://store.steampowered.com/app/839740/,
996370,Watch Me Stream My Mental Breakdown,2021-01-19,2021-01,steam_store_search,False,True,STEAM_ONLY,True,,,,,,,Watch Me Stream My Mental Breakdown,-80%,False,https://store.steampowered.com/app/996370/,
1479940,Fragments,2021-01-20,2021-01,steam_store_search,False,True,STEAM_ONLY,True,,,,,,,Fragments,$0.99,False,https://store.steampowered.com/app/1479940/,
1510370,MADE VR : Interactive Movie - 01. Run away!,2021-01-20,2021-01,steam_store_search,False,True,STEAM_ONLY,True,,,,,,,MADE VR : Interactive Movie - 01. Run away!,$8.99,False,https://store.steampowered.com/app/1510370/,
1452130,My Jigsaw Adventures - Forgotten Destiny,2021-01-22,2021-01,steam_store_search,False,True,STEAM_ONLY,True,,,,,,,My Jigsaw Adventures - Forgotten Destiny,$4.99,False,https://store.steampowered.com/app/1452130/,
1332370,The Shadow You,2021-01-22,2021-01,steam_store_search,False,True,STEAM_ONLY,True,,,,,,,The Shadow You,$9.99,False,https://store.steampowered.com/app/1332370/,
1449650,Casual Challenge Players Club- Anime Bilhar game,2021-01-25,2021-01,steam_store_search,False,True,STEAM_ONLY,True,,,,,,,Casual Challenge Players Club- Anime Bilhar game,$1.99,False,https://store.steampowered.com/app/1449650/,
737050,Open Sorcery: Sea++,2021-01-25,2021-01,steam_store_search,False,True,STEAM_ONLY,True,,,,,,,Open Sorcery: Sea++,$14.99,False,https://store.steampowered.com/app/737050/,
1518300,Two Guys One Cabin,2021-01-25,2021-01,steam_store_search,False,True,STEAM_ONLY,True,,,,,,,Two Guys One Cabin,$0.99,False,https://store.steampowered.com/app/1518300/,
1282700,Woodsalt,2021-01-25,2021-01,steam_store_search,False,True,STEAM_ONLY,True,,,,,,,Woodsalt,$24.99,False,https://store.steampowered.com/app/1282700/,
1258780,B100X - Auto Dungeon RPG,2021-01-26,2021-01,steam_store_search,False,True,STEAM_ONLY,True,,,,,,,B100X - Auto Dungeon RPG,Free,True,https://store.steampowered.com/app/1258780/,
1249430,Sarawak,2021-01-27,2021-01,steam_store_search,False,True,STEAM_ONLY,True,,,,,,,Sarawak,$4.99,False,https://store.steampowered.com/app/1249430/,
1283370,"A Painter's Tale: Curon, 1950",2021-01-28,2021-01,steam_store_search,False,True,STEAM_ONLY,True,,,,,,,"A Painter's Tale: Curon, 1950",$7.99,False,https://store.steampowered.com/app/1283370/,
1356640,Magical Cat Cafe and Heroes,2021-01-29,2021-01,steam_store_search,False,True,STEAM_ONLY,True,,,,,,,Magical Cat Cafe and Heroes,$7.99,False,https://store.steampowered.com/app/1356640/,
1218170,回门 Way Back Home,2021-01-29,2021-01,steam_store_search,False,True,STEAM_ONLY,True,,,,,,,回门 Way Back Home,$6.99,False,https://store.steampowered.com/app/1218170/,
1453840,Killer: Infected One of Us,2021-02-01,2021-02,steam_store_search,False,True,STEAM_ONLY,True,,,,,,,Killer: Infected One of Us,$6.99,False,https://store.steampowered.com/app/1453840/,
1524710,Dark Flowers,2021-02-03,2021-02,steam_store_search,False,True,STEAM_ONLY,True,,,,,,,Dark Flowers,$0.99,False,https://store.steampowered.com/app/1524710/,
1288310,Firework,2021-02-03,2021-02,steam_store_search,False,True,STEAM_ONLY,True,,,,,,,Firework,-50%,False,https://store.steampowered.com/app/1288310/,
1527090,Cat's Menace,2021-02-04,2021-02,steam_store_search,False,True,STEAM_ONLY,True,,,,,,,Cat's Menace,$1.99,False,https://store.steampowered.com/app/1527090/,
1526750,Remember When,2021-02-04,2021-02,steam_store_search,False,True,STEAM_ONLY,True,,,,,,,Remember When,Free,True,https://store.steampowered.com/app/1526750/,
1513690,Elly,2021-02-05,2021-02,steam_store_search,False,True,STEAM_ONLY,True,,,,,,,Elly,$0.99,False,https://store.steampowered.com/app/1513690/,
1520830,Casual Commando,2021-02-08,2021-02,steam_store_search,False,True,STEAM_ONLY,True,,,,,,,Casual Commando,$0.99,False,https://store.steampowered.com/app/1520830/,
1427300,Detours,2021-02-10,2021-02,steam_store_search,False,True,STEAM_ONLY,True,,,,,,,Detours,$5.99,False,https://store.steampowered.com/app/1427300/,
1500600,Demonpact: Clarice,2021-02-11,2021-02,steam_store_search,False,True,STEAM_ONLY,True,,,,,,,Demonpact: Clarice,Free,True,https://store.steampowered.com/app/1500600/,
1425730,Gal*Gun Returns,2021-02-12,2021-02,steam_store_search,False,True,STEAM_ONLY,True,,,,,,,Gal*Gun Returns,-75%,False,https://store.steampowered.com/app/1425730/,
1533720,Over The Phone,2021-02-13,2021-02,steam_store_search,False,True,STEAM_ONLY,True,,,,,,,Over The Phone,Free,True,https://store.steampowered.com/app/1533720/,
1027120,Bravery Network Online,2021-02-16,2021-02,steam_store_search,False,True,STEAM_ONLY,True,,,,,,,Bravery Network Online,$24.99,False,https://store.steampowered.com/app/1027120/,
330830,Tales from the Borderlands,2021-02-16,2021-02,steam_store_search,False,True,STEAM_ONLY,True,,,,,,,Tales from the Borderlands,$19.99,False,https://store.steampowered.com/app/330830/,
1367270,BATTLESCAR: Punk Was Invented By Girls,2021-02-17,2021-02,steam_store_search,False,True,STEAM_ONLY,True,,,,,,,BATTLESCAR: Punk Was Invented By Girls,$5.99,False,https://store.steampowered.com/app/1367270/,
1447060,Jad,2021-02-17,2021-02,steam_store_search,False,True,STEAM_ONLY,True,,,,,,,Jad,-90%,False,https://store.steampowered.com/app/1447060/,
1536870,High Smileson,2021-02-18,2021-02,steam_store_search,False,True,STEAM_ONLY,True,,,,,,,High Smileson,$3.99,False,https://store.steampowered.com/app/1536870/,
1523420,Spacelandia,2021-02-19,2021-02,steam_store_search,False,True,STEAM_ONLY,True,,,,,,,Spacelandia,$4.99,False,https://store.steampowered.com/app/1523420/,
1538370,奇迹之旅,2021-02-19,2021-02,steam_store_search,False,True,STEAM_ONLY,True,,,,,,,奇迹之旅,$0.99,False,https://store.steampowered.com/app/1538370/,
1252170,InfiniteCorp: Cyberpunk Cards,2021-02-22,2021-02,steam_store_search,False,True,STEAM_ONLY,True,,,,,,,InfiniteCorp: Cyberpunk Cards,$3.99,False,https://store.steampowered.com/app/1252170/,
1475140,Green Marquis,2021-02-23,2021-02,steam_store_search,False,True,STEAM_ONLY,True,,,,,,,Green Marquis,$4.99,False,https://store.steampowered.com/app/1475140/,
1475160,Moi Mei 2,2021-02-24,2021-02,steam_store_search,False,True,STEAM_ONLY,True,,,,,,,Moi Mei 2,$9.99,False,https://store.steampowered.com/app/1475160/,
1442240,Save the Pirate: Sea Story,2021-02-25,2021-02,steam_store_search,False,True,STEAM_ONLY,True,,,,,,,Save the Pirate: Sea Story,Free,True,https://store.steampowered.com/app/1442240/,
1185140,The Golden Cross,2021-02-25,2021-02,steam_store_search,False,True,STEAM_ONLY,True,,,,,,,The Golden Cross,$1.99,False,https://store.steampowered.com/app/1185140/,
1498490,Dead Herring VR,2021-02-26,2021-02,steam_store_search,False,True,STEAM_ONLY,True,,,,,,,Dead Herring VR,Free,True,https://store.steampowered.com/app/1498490/,
1524250,Survivor Dieland,2021-03-01,2021-03,steam_store_search,False,True,STEAM_ONLY,True,,,,,,,Survivor Dieland,$1.99,False,https://store.steampowered.com/app/1524250/,
1510930,CYBER EMOJI TALE 2099,2021-03-03,2021-03,steam_store_search,False,True,STEAM_ONLY,True,,,,,,,CYBER EMOJI TALE 2099,$0.99,False,https://store.steampowered.com/app/1510930/,
1514360,Laid-Back Camp - Virtual - Lake Motosu,2021-03-03,2021-03,steam_store_search,False,True,STEAM_ONLY,True,,,,,,,Laid-Back Camp - Virtual - Lake Motosu,-40%,False,https://store.steampowered.com/app/1514360/,
1462680,Asdivine Cross,2021-03-04,2021-03,steam_store_search,False,True,STEAM_ONLY,True,,,,,,,Asdivine Cross,$14.99,False,https://store.steampowered.com/app/1462680/,
1546190,Life is sad,2021-03-04,2021-03,steam_store_search,False,True,STEAM_ONLY,True,,,,,,,Life is sad,$0.99,False,https://store.steampowered.com/app/1546190/,
1396980,The Sealed Ampoule,2021-03-04,2021-03,steam_store_search,False,True,STEAM_ONLY,True,,,,,,,The Sealed Ampoule,$19.99,False,https://store.steampowered.com/app/1396980/,
1550660,Oakrot - it's literally a book,2021-03-05,2021-03,steam_store_search,False,True,STEAM_ONLY,True,,,,,,,Oakrot - it's literally a book,Free,True,https://store.steampowered.com/app/1550660/,
1460040,Love Fantasy,2021-03-06,2021-03,steam_store_search,False,True,STEAM_ONLY,True,,,,,,,Love Fantasy,$1.99,False,https://store.steampowered.com/app/1460040/,
1506820,Kiki & Ana - The Child,2021-03-13,2021-03,steam_store_search,False,True,STEAM_ONLY,True,,,,,,,Kiki & Ana - The Child,Free,True,https://store.steampowered.com/app/1506820/,
1508270,Doctor Who: The Lonely Assassins,2021-03-18,2021-03,steam_store_search,False,True,STEAM_ONLY,True,,,,,,,Doctor Who: The Lonely Assassins,$5.99,False,https://store.steampowered.com/app/1508270/,
1426480,Fate of Kai,2021-03-19,2021-03,steam_store_search,False,True,STEAM_ONLY,True,,,,,,,Fate of Kai,$6.99,False,https://store.steampowered.com/app/1426480/,
1547070,Wow Dance,2021-03-19,2021-03,steam_store_search,False,True,STEAM_ONLY,True,,,,,,,Wow Dance,Free,True,https://store.steampowered.com/app/1547070/,
1563850,DIY MY LADY,2021-03-20,2021-03,steam_store_search,False,True,STEAM_ONLY,True,,,,,,,DIY MY LADY,-78%,False,https://store.steampowered.com/app/1563850/,
1551820,Twin Mind: Murderous Jealousy Collector's Edition,2021-03-22,2021-03,steam_store_search,False,True,STEAM_ONLY,True,,,,,,,Twin Mind: Murderous Jealousy Collector's Edition,$7.99,False,https://store.steampowered.com/app/1551820/,
1555160,Frog story,2021-03-23,2021-03,steam_store_search,False,True,STEAM_ONLY,True,,,,,,,Frog story,$4.99,False,https://store.steampowered.com/app/1555160/,
1463960,PSweet,2021-03-23,2021-03,steam_store_search,False,True,STEAM_ONLY,True,,,,,,,PSweet,$7.99,False,https://store.steampowered.com/app/1463960/,
1564590,Easy Quiz,2021-03-24,2021-03,steam_store_search,False,True,STEAM_ONLY,True,,,,,,,Easy Quiz,$0.99,False,https://store.steampowered.com/app/1564590/,
1485340,Game Of Mafia,2021-03-25,2021-03,steam_store_search,False,True,STEAM_ONLY,True,,,,,,,Game Of Mafia,-90%,False,https://store.steampowered.com/app/1485340/,
1543970,Heart of Enya,2021-03-26,2021-03,steam_store_search,False,True,STEAM_ONLY,True,,,,,,,Heart of Enya,Free,True,https://store.steampowered.com/app/1543970/,
1159430,Systematic Insanity,2021-03-28,2021-03,steam_store_search,False,True,STEAM_ONLY,True,,,,,,,Systematic Insanity,$8.99,False,https://store.steampowered.com/app/1159430/,
1386510,How to Win: Season One,2021-03-30,2021-03,steam_store_search,False,True,STEAM_ONLY,True,,,,,,,How to Win: Season One,Free,True,https://store.steampowered.com/app/1386510/,
1346830,I Saw Black Clouds,2021-03-30,2021-03,steam_store_search,False,True,STEAM_ONLY,True,,,,,,,I Saw Black Clouds,-83%,False,https://store.steampowered.com/app/1346830/,
1564720,先民的遗迹Relics of ancestors,2021-03-31,2021-03,steam_store_search,False,True,STEAM_ONLY,True,,,,,,,先民的遗迹Relics of ancestors,$2.99,False,https://store.steampowered.com/app/1564720/,
599610,Lost Words: Beyond the Page,2021-04-06,2021-04,steam_store_search,False,True,STEAM_ONLY,True,,,,,,,Lost Words: Beyond the Page,$14.99,False,https://store.steampowered.com/app/599610/,
1514370,Laid-Back Camp - Virtual - Fumoto Campsite,2021-04-07,2021-04,steam_store_search,False,True,STEAM_ONLY,True,,,,,,,Laid-Back Camp - Virtual - Fumoto Campsite,-40%,False,https://store.steampowered.com/app/1514370/,
1586120,Becoming,2021-04-08,2021-04,steam_store_search,False,True,STEAM_ONLY,True,,,,,,,Becoming,$1.99,False,https://store.steampowered.com/app/1586120/,
1510410,Inkslinger,2021-04-08,2021-04,steam_store_search,False,True,STEAM_ONLY,True,,,,,,,Inkslinger,$4.99,False,https://store.steampowered.com/app/1510410/,
1141120,Scarlet Hood and the Wicked Wood,2021-04-08,2021-04,steam_store_search,False,True,STEAM_ONLY,True,,,,,,,Scarlet Hood and the Wicked Wood,$14.99,False,https://store.steampowered.com/app/1141120/,
1428370,times infinity,2021-04-08,2021-04,steam_store_search,False,True,STEAM_ONLY,True,,,,,,,times infinity,$1.99,False,https://store.steampowered.com/app/1428370/,
1239020,TOGETHER BnB,2021-04-09,2021-04,steam_store_search,False,True,STEAM_ONLY,True,,,,,,,TOGETHER BnB,$17.99,False,https://store.steampowered.com/app/1239020/,
1583000,Theofil,2021-04-09,2021-04,steam_store_search,False,True,STEAM_ONLY,True,,,,,,,Theofil,$2.99,False,https://store.steampowered.com/app/1583000/,
1502230,Tower of Waifus,2021-04-09,2021-04,steam_store_search,False,True,STEAM_ONLY,True,,,,,,,Tower of Waifus,$1.99,False,https://store.steampowered.com/app/1502230/,
1579450,DVOREC,2021-04-12,2021-04,steam_store_search,False,True,STEAM_ONLY,True,,,,,,,DVOREC,$0.99,False,https://store.steampowered.com/app/1579450/,
1577450,Nyaa-kuza!!,2021-04-13,2021-04,steam_store_search,False,True,STEAM_ONLY,True,,,,,,,Nyaa-kuza!!,Free,True,https://store.steampowered.com/app/1577450/,
1296980,Forgotten Fields,2021-04-14,2021-04,steam_store_search,False,True,STEAM_ONLY,True,,,,,,,Forgotten Fields,$12.99,False,https://store.steampowered.com/app/1296980/,
1369090,Chibi Wars Kinetic Novel,2021-04-15,2021-04,steam_store_search,False,True,STEAM_ONLY,True,,,,,,,Chibi Wars Kinetic Novel,$5.99,False,https://store.steampowered.com/app/1369090/,
1003120,Hitchhiker - A Mystery Game,2021-04-15,2021-04,steam_store_search,False,True,STEAM_ONLY,True,,,,,,,Hitchhiker - A Mystery Game,-80%,False,https://store.steampowered.com/app/1003120/,
795420,The Darkside Detective: A Fumble in the Dark,2021-04-15,2021-04,steam_store_search,False,True,STEAM_ONLY,True,,,,,,,The Darkside Detective: A Fumble in the Dark,-15%,False,https://store.steampowered.com/app/795420/,
1585250,The Space Between,2021-04-15,2021-04,steam_store_search,False,True,STEAM_ONLY,True,,,,,,,The Space Between,$5.99,False,https://store.steampowered.com/app/1585250/,
1593250,One Day of an Insurance Agent,2021-04-19,2021-04,steam_store_search,False,True,STEAM_ONLY,True,,,,,,,One Day of an Insurance Agent,$9.99,False,https://store.steampowered.com/app/1593250/,
1587090,The Journey - Episode 1: Whatever This Is,2021-04-19,2021-04,steam_store_search,False,True,STEAM_ONLY,True,,,,,,,The Journey - Episode 1: Whatever This Is,$1.99,False,https://store.steampowered.com/app/1587090/,
1199050,CRASH: Autodrive,2021-04-20,2021-04,steam_store_search,False,True,STEAM_ONLY,True,,,,,,,CRASH: Autodrive,$4.99,False,https://store.steampowered.com/app/1199050/,
1517530,Sparkles & Gems,2021-04-23,2021-04,steam_store_search,False,True,STEAM_ONLY,True,,,,,,,Sparkles & Gems,$14.99,False,https://store.steampowered.com/app/1517530/,
1548820,Happy Puzzle,2021-04-24,2021-04,steam_store_search,False,True,STEAM_ONLY,True,,,,,,,Happy Puzzle,$1.99,False,https://store.steampowered.com/app/1548820/,
1483310,大禹治水 Flood Fighting Hero,2021-04-28,2021-04,steam_store_search,False,True,STEAM_ONLY,True,,,,,,,大禹治水 Flood Fighting Hero,$6.99,False,https://store.steampowered.com/app/1483310/,
1590500,Before Began 开始之前,2021-04-29,2021-04,steam_store_search,False,True,STEAM_ONLY,True,,,,,,,Before Began 开始之前,$2.99,False,https://store.steampowered.com/app/1590500/,
1338790,Good Mourning,2021-04-29,2021-04,steam_store_search,False,True,STEAM_ONLY,True,,,,,,,Good Mourning,$2.99,False,https://store.steampowered.com/app/1338790/,
1558630,Limitless Bit,2021-04-29,2021-04,steam_store_search,False,True,STEAM_ONLY,True,,,,,,,Limitless Bit,$6.99,False,https://store.steampowered.com/app/1558630/,
1587970,ArcticBoy: The Interactive Story,2021-04-30,2021-04,steam_store_search,False,True,STEAM_ONLY,True,,,,,,,ArcticBoy: The Interactive Story,$0.99,False,https://store.steampowered.com/app/1587970/,
1543810,Darker : Episode I,2021-04-30,2021-04,steam_store_search,False,True,STEAM_ONLY,True,,,,,,,Darker : Episode I,$0.99,False,https://store.steampowered.com/app/1543810/,
1598590,此刻探索中,2021-04-30,2021-04,steam_store_search,False,True,STEAM_ONLY,True,,,,,,,此刻探索中,$7.99,False,https://store.steampowered.com/app/1598590/,
1604700,Small Press Tycoon,2021-05-03,2021-05,steam_store_search,False,True,STEAM_ONLY,True,,,,,,,Small Press Tycoon,Free,True,https://store.steampowered.com/app/1604700/,
1608980,The Dream is Coming...,2021-05-03,2021-05,steam_store_search,False,True,STEAM_ONLY,True,,,,,,,The Dream is Coming...,$2.99,False,https://store.steampowered.com/app/1608980/,
1597470,31st prototype,2021-05-04,2021-05,steam_store_search,False,True,STEAM_ONLY,True,,,,,,,31st prototype,$1.99,False,https://store.steampowered.com/app/1597470/,
1549200,Anachronism\>,2021-05-04,2021-05,steam_store_search,False,True,STEAM_ONLY,True,,,,,,,Anachronism\>,Free,True,https://store.steampowered.com/app/1549200/,
1554780,Trekking and Camping | 远足与露营,2021-05-04,2021-05,steam_store_search,False,True,STEAM_ONLY,True,,,,,,,Trekking and Camping | 远足与露营,$1.99,False,https://store.steampowered.com/app/1554780/,
1603780,Pincushion,2021-05-05,2021-05,steam_store_search,False,True,STEAM_ONLY,True,,,,,,,Pincushion,$4.99,False,https://store.steampowered.com/app/1603780/,
1554080,The Stonks Market,2021-05-05,2021-05,steam_store_search,False,True,STEAM_ONLY,True,,,,,,,The Stonks Market,$2.99,False,https://store.steampowered.com/app/1554080/,
1557700,The World After,2021-05-05,2021-05,steam_store_search,False,True,STEAM_ONLY,True,,,,,,,The World After,$11.99,False,https://store.steampowered.com/app/1557700/,
1572810,МЕМОЛОГИЯ,2021-05-06,2021-05,steam_store_search,False,True,STEAM_ONLY,True,,,,,,,МЕМОЛОГИЯ,$0.99,False,https://store.steampowered.com/app/1572810/,
1590970,Woebegone Woods,2021-05-07,2021-05,steam_store_search,False,True,STEAM_ONLY,True,,,,,,,Woebegone Woods,$4.99,False,https://store.steampowered.com/app/1590970/,
1538480,Redeliver,2021-05-10,2021-05,steam_store_search,False,True,STEAM_ONLY,True,,,,,,,Redeliver,$0.99,False,https://store.steampowered.com/app/1538480/,
1587390,Network,2021-05-13,2021-05,steam_store_search,False,True,STEAM_ONLY,True,,,,,,,Network,$2.99,False,https://store.steampowered.com/app/1587390/,
1609710,vreezy: Girl's Pictorial Story Vol.1,2021-05-16,2021-05,steam_store_search,False,True,STEAM_ONLY,True,,,,,,,vreezy: Girl's Pictorial Story Vol.1,$14.99,False,https://store.steampowered.com/app/1609710/,
1586880,Essays on Empathy,2021-05-18,2021-05,steam_store_search,False,True,STEAM_ONLY,True,,,,,,,Essays on Empathy,$12.99,False,https://store.steampowered.com/app/1586880/,
1617190,ArmaCulture,2021-05-20,2021-05,steam_store_search,False,True,STEAM_ONLY,True,,,,,,,ArmaCulture,Free,True,https://store.steampowered.com/app/1617190/,
1572340,Ark of Artemis,2021-05-21,2021-05,steam_store_search,False,True,STEAM_ONLY,True,,,,,,,Ark of Artemis,$17.99,False,https://store.steampowered.com/app/1572340/,
1542710,Dreams of an Exile,2021-05-21,2021-05,steam_store_search,False,True,STEAM_ONLY,True,,,,,,,Dreams of an Exile,$2.99,False,https://store.steampowered.com/app/1542710/,
1629550,Hagia Sophia VR Experience,2021-05-21,2021-05,steam_store_search,False,True,STEAM_ONLY,True,,,,,,,Hagia Sophia VR Experience,-55%,False,https://store.steampowered.com/app/1629550/,
1246250,An Airport for Aliens Currently Run by Dogs,2021-05-25,2021-05,steam_store_search,False,True,STEAM_ONLY,True,,,,,,,An Airport for Aliens Currently Run by Dogs,-33%,False,https://store.steampowered.com/app/1246250/,
1630640,Ichth.ys,2021-05-25,2021-05,steam_store_search,False,True,STEAM_ONLY,True,,,,,,,Ichth.ys,$9.99,False,https://store.steampowered.com/app/1630640/,
1627040,학생들의 공포괴담 終 (Students' horrible stories FIN),2021-05-25,2021-05,steam_store_search,False,True,STEAM_ONLY,True,,,,,,,학생들의 공포괴담 終 (Students' horrible stories FIN),$7.99,False,https://store.steampowered.com/app/1627040/,
1335230,Sumire,2021-05-26,2021-05,steam_store_search,False,True,STEAM_ONLY,True,,,,,,,Sumire,$5.99,False,https://store.steampowered.com/app/1335230/,
1295790,The Longest Road on Earth,2021-05-27,2021-05,steam_store_search,False,True,STEAM_ONLY,True,,,,,,,The Longest Road on Earth,$9.99,False,https://store.steampowered.com/app/1295790/,
1508680,Love n War: Warlord by Chance,2021-05-28,2021-05,steam_store_search,False,True,STEAM_ONLY,True,,,,,,,Love n War: Warlord by Chance,-35%,False,https://store.steampowered.com/app/1508680/,
1604640,Tender: Creature Comforts,2021-05-28,2021-05,steam_store_search,False,True,STEAM_ONLY,True,,,,,,,Tender: Creature Comforts,$9.99,False,https://store.steampowered.com/app/1604640/,
1513640,FEEET,2021-05-31,2021-05,steam_store_search,False,True,STEAM_ONLY,True,,,,,,,FEEET,Free,True,https://store.steampowered.com/app/1513640/,
1638860,Noir Punk,2021-05-31,2021-05,steam_store_search,False,True,STEAM_ONLY,True,,,,,,,Noir Punk,Free,True,https://store.steampowered.com/app/1638860/,
1601410,FARAWAY TRAIN,2021-06-03,2021-06,steam_store_search,False,True,STEAM_ONLY,True,,,,,,,FARAWAY TRAIN,$13.99,False,https://store.steampowered.com/app/1601410/,
1638680,Rhythm Hero,2021-06-04,2021-06,steam_store_search,False,True,STEAM_ONLY,True,,,,,,,Rhythm Hero,$3.99,False,https://store.steampowered.com/app/1638680/,
1627820,Universe For Sale - Prologue,2021-06-06,2021-06,steam_store_search,False,True,STEAM_ONLY,True,,,,,,,Universe For Sale - Prologue,Free,True,https://store.steampowered.com/app/1627820/,
1286380,Best Day Ever,2021-06-07,2021-06,steam_store_search,False,True,STEAM_ONLY,True,,,,,,,Best Day Ever,$14.99,False,https://store.steampowered.com/app/1286380/,
1595100,MY PSYCHOLOGIST | BOT-Assistant,2021-06-08,2021-06,steam_store_search,False,True,STEAM_ONLY,True,,,,,,,MY PSYCHOLOGIST | BOT-Assistant,$2.99,False,https://store.steampowered.com/app/1595100/,
865610,Tails Noir,2021-06-08,2021-06,steam_store_search,False,True,STEAM_ONLY,True,,,,,,,Tails Noir,$24.99,False,https://store.steampowered.com/app/865610/,
1414180,Motesolo : No Girlfriend Since Birth,2021-06-09,2021-06,steam_store_search,False,True,STEAM_ONLY,True,,,,,,,Motesolo : No Girlfriend Since Birth,-50%,False,https://store.steampowered.com/app/1414180/,
1525060,UNPLUGGED,2021-06-09,2021-06,steam_store_search,False,True,STEAM_ONLY,True,,,,,,,UNPLUGGED,-30%,False,https://store.steampowered.com/app/1525060/,
1611760,A Sketchbook About Her Sun,2021-06-11,2021-06,steam_store_search,False,True,STEAM_ONLY,True,,,,,,,A Sketchbook About Her Sun,$4.99,False,https://store.steampowered.com/app/1611760/,
1652170,Space puzzle,2021-06-12,2021-06,steam_store_search,False,True,STEAM_ONLY,True,,,,,,,Space puzzle,$9.99,False,https://store.steampowered.com/app/1652170/,
1338320,Do Animals Dream?,2021-06-14,2021-06,steam_store_search,False,True,STEAM_ONLY,True,,,,,,,Do Animals Dream?,$7.99,False,https://store.steampowered.com/app/1338320/,
1640720,WTF Is Wrong With You?,2021-06-14,2021-06,steam_store_search,False,True,STEAM_ONLY,True,,,,,,,WTF Is Wrong With You?,$1.99,False,https://store.steampowered.com/app/1640720/,
1653890,TheEvilKing,2021-06-15,2021-06,steam_store_search,False,True,STEAM_ONLY,True,,,,,,,TheEvilKing,$0.90,False,https://store.steampowered.com/app/1653890/,
1471080,Deep Night Detective - Chapter One,2021-06-16,2021-06,steam_store_search,False,True,STEAM_ONLY,True,,,,,,,Deep Night Detective - Chapter One,Free,True,https://store.steampowered.com/app/1471080/,
1561920,Rosemary's Fate Life Worth Living,2021-06-16,2021-06,steam_store_search,False,True,STEAM_ONLY,True,,,,,,,Rosemary's Fate Life Worth Living,$9.99,False,https://store.steampowered.com/app/1561920/,
1617450,Panqueca & Paçoca: A Friendship Jigsaw,2021-06-17,2021-06,steam_store_search,False,True,STEAM_ONLY,True,,,,,,,Panqueca & Paçoca: A Friendship Jigsaw,$1.99,False,https://store.steampowered.com/app/1617450/,
1339360,Soulace,2021-06-20,2021-06,steam_store_search,False,True,STEAM_ONLY,True,,,,,,,Soulace,$12.99,False,https://store.steampowered.com/app/1339360/,
1600550,Imaginaria,2021-06-21,2021-06,steam_store_search,False,True,STEAM_ONLY,True,,,,,,,Imaginaria,$5.99,False,https://store.steampowered.com/app/1600550/,
1644920,Love in Belarus,2021-06-21,2021-06,steam_store_search,False,True,STEAM_ONLY,True,,,,,,,Love in Belarus,-65%,False,https://store.steampowered.com/app/1644920/,
1640540,DESOLATIUM: Prologue,2021-06-22,2021-06,steam_store_search,False,True,STEAM_ONLY,True,,,,,,,DESOLATIUM: Prologue,Free,True,https://store.steampowered.com/app/1640540/,
1096360,Fate of WINDSHIFT,2021-06-24,2021-06,steam_store_search,False,True,STEAM_ONLY,True,,,,,,,Fate of WINDSHIFT,$10.99,False,https://store.steampowered.com/app/1096360/,
1491170,Vertical Slice: A Game Dev Story,2021-06-24,2021-06,steam_store_search,False,True,STEAM_ONLY,True,,,,,,,Vertical Slice: A Game Dev Story,$9.99,False,https://store.steampowered.com/app/1491170/,
1666430,Candy land,2021-06-28,2021-06,steam_store_search,False,True,STEAM_ONLY,True,,,,,,,Candy land,$9.99,False,https://store.steampowered.com/app/1666430/,
1586820,The List,2021-06-29,2021-06,steam_store_search,False,True,STEAM_ONLY,True,,,,,,,The List,$5.99,False,https://store.steampowered.com/app/1586820/,
1634290,Chuhou Joutai 2: Paraided!,2021-07-01,2021-07,steam_store_search,False,True,STEAM_ONLY,True,,,,,,,Chuhou Joutai 2: Paraided!,$4.99,False,https://store.steampowered.com/app/1634290/,
1449290,Revizor,2021-07-02,2021-07,steam_store_search,False,True,STEAM_ONLY,True,,,,,,,Revizor,$4.99,False,https://store.steampowered.com/app/1449290/,
1144370,Levi Chronicles,2021-07-08,2021-07,steam_store_search,False,True,STEAM_ONLY,True,,,,,,,Levi Chronicles,$1.99,False,https://store.steampowered.com/app/1144370/,
1547290,"Nina Aquila: Legal Eagle, Season One",2021-07-09,2021-07,steam_store_search,False,True,STEAM_ONLY,True,,,,,,,"Nina Aquila: Legal Eagle, Season One",$8.99,False,https://store.steampowered.com/app/1547290/,
1537010,Player City,2021-07-09,2021-07,steam_store_search,False,True,STEAM_ONLY,True,,,,,,,Player City,$11.99,False,https://store.steampowered.com/app/1537010/,
1608460,青之镇物语,2021-07-10,2021-07,steam_store_search,False,True,STEAM_ONLY,True,,,,,,,青之镇物语,$1.99,False,https://store.steampowered.com/app/1608460/,
1675430,Kensei,2021-07-12,2021-07,steam_store_search,False,True,STEAM_ONLY,True,,,,,,,Kensei,Free,True,https://store.steampowered.com/app/1675430/,
1465190,古代人生 Ancient Life,2021-07-12,2021-07,steam_store_search,False,True,STEAM_ONLY,True,,,,,,,古代人生 Ancient Life,$4.99,False,https://store.steampowered.com/app/1465190/,
1638140,Reverie Knights Tactics: Prologue,2021-07-13,2021-07,steam_store_search,False,True,STEAM_ONLY,True,,,,,,,Reverie Knights Tactics: Prologue,Free,True,https://store.steampowered.com/app/1638140/,
1626890,坏小孩,2021-07-14,2021-07,steam_store_search,False,True,STEAM_ONLY,True,,,,,,,坏小孩,$2.99,False,https://store.steampowered.com/app/1626890/,
1667490,Fostering Apocalypse,2021-07-15,2021-07,steam_store_search,False,True,STEAM_ONLY,True,,,,,,,Fostering Apocalypse,$4.99,False,https://store.steampowered.com/app/1667490/,
1670200,觉梦：赛博,2021-07-15,2021-07,steam_store_search,False,True,STEAM_ONLY,True,,,,,,,觉梦：赛博,$0.99,False,https://store.steampowered.com/app/1670200/,
1656230,Phantom Train,2021-07-16,2021-07,steam_store_search,False,True,STEAM_ONLY,True,,,,,,,Phantom Train,$4.99,False,https://store.steampowered.com/app/1656230/,
1656900,Shaped Touches,2021-07-16,2021-07,steam_store_search,False,True,STEAM_ONLY,True,,,,,,,Shaped Touches,Free,True,https://store.steampowered.com/app/1656900/,
1505830,Evil Shogun,2021-07-20,2021-07,steam_store_search,False,True,STEAM_ONLY,True,,,,,,,Evil Shogun,$1.00,False,https://store.steampowered.com/app/1505830/,
1683590,Hustle Game,2021-07-20,2021-07,steam_store_search,False,True,STEAM_ONLY,True,,,,,,,Hustle Game,$0.99,False,https://store.steampowered.com/app/1683590/,
1659800,Sweet House,2021-07-20,2021-07,steam_store_search,False,True,STEAM_ONLY,True,,,,,,,Sweet House,$1.99,False,https://store.steampowered.com/app/1659800/,
1570960,Grey Instinct,2021-07-21,2021-07,steam_store_search,False,True,STEAM_ONLY,True,,,,,,,Grey Instinct,Free,True,https://store.steampowered.com/app/1570960/,
1435670,Song of Farca,2021-07-21,2021-07,steam_store_search,False,True,STEAM_ONLY,True,,,,,,,Song of Farca,-90%,False,https://store.steampowered.com/app/1435670/,
1631860,My Cute Pagangirl,2021-07-22,2021-07,steam_store_search,False,True,STEAM_ONLY,True,,,,,,,My Cute Pagangirl,-70%,False,https://store.steampowered.com/app/1631860/,
1678140,Shades of Sakura,2021-07-22,2021-07,steam_store_search,False,True,STEAM_ONLY,True,,,,,,,Shades of Sakura,-61%,False,https://store.steampowered.com/app/1678140/,
1683240,Misha Adventures,2021-07-25,2021-07,steam_store_search,False,True,STEAM_ONLY,True,,,,,,,Misha Adventures,$4.99,False,https://store.steampowered.com/app/1683240/,
821880,Idol Manager,2021-07-26,2021-07,steam_store_search,False,True,STEAM_ONLY,True,,,,,,,Idol Manager,$19.99,False,https://store.steampowered.com/app/821880/,
1477920,Night Book,2021-07-27,2021-07,steam_store_search,False,True,STEAM_ONLY,True,,,,,,,Night Book,-83%,False,https://store.steampowered.com/app/1477920/,
1624990,Alzheimer's: Memories,2021-07-29,2021-07,steam_store_search,False,True,STEAM_ONLY,True,,,,,,,Alzheimer's: Memories,$0.99,False,https://store.steampowered.com/app/1624990/,
1695040,Cupid's Palace,2021-07-30,2021-07,steam_store_search,False,True,STEAM_ONLY,True,,,,,,,Cupid's Palace,$0.99,False,https://store.steampowered.com/app/1695040/,
651490,No Longer Home,2021-07-30,2021-07,steam_store_search,False,True,STEAM_ONLY,True,,,,,,,No Longer Home,$14.99,False,https://store.steampowered.com/app/651490/,
1545570,Wolf Adventures,2021-07-30,2021-07,steam_store_search,False,True,STEAM_ONLY,True,,,,,,,Wolf Adventures,$9.99,False,https://store.steampowered.com/app/1545570/,
1148710,Miriel Saga,2021-08-02,2021-08,steam_store_search,False,True,STEAM_ONLY,True,,,,,,,Miriel Saga,$14.99,False,https://store.steampowered.com/app/1148710/,
1076620,Svoboda 1945: Liberation,2021-08-03,2021-08,steam_store_search,False,True,STEAM_ONLY,True,,,,,,,Svoboda 1945: Liberation,$15.99,False,https://store.steampowered.com/app/1076620/,
1637570,Order Road,2021-08-05,2021-08,steam_store_search,False,True,STEAM_ONLY,True,,,,,,,Order Road,$4.99,False,https://store.steampowered.com/app/1637570/,
1711690,Aran's Bike Trip,2021-08-06,2021-08,steam_store_search,False,True,STEAM_ONLY,True,,,,,,,Aran's Bike Trip,$4.99,False,https://store.steampowered.com/app/1711690/,
1697190,Do 11,2021-08-09,2021-08,steam_store_search,False,True,STEAM_ONLY,True,,,,,,,Do 11,$1.99,False,https://store.steampowered.com/app/1697190/,
1256670,Library Of Ruina,2021-08-10,2021-08,steam_store_search,False,True,STEAM_ONLY,True,,,,,,,Library Of Ruina,$29.99,False,https://store.steampowered.com/app/1256670/,
1698120,Arena 54 - Visual Novel Action Adventure,2021-08-11,2021-08,steam_store_search,False,True,STEAM_ONLY,True,,,,,,,Arena 54 - Visual Novel Action Adventure,$1.99,False,https://store.steampowered.com/app/1698120/,
1308880,FORECLOSED,2021-08-12,2021-08,steam_store_search,False,True,STEAM_ONLY,True,,,,,,,FORECLOSED,$16.99,False,https://store.steampowered.com/app/1308880/,
1188900,Fire Tonight,2021-08-12,2021-08,steam_store_search,False,True,STEAM_ONLY,True,,,,,,,Fire Tonight,$5.99,False,https://store.steampowered.com/app/1188900/,
1512370,Furry Shakespeare: Dreamin' of One Lazy Dead Midsummer,2021-08-13,2021-08,steam_store_search,False,True,STEAM_ONLY,True,,,,,,,Furry Shakespeare: Dreamin' of One Lazy Dead Midsummer,$9.99,False,https://store.steampowered.com/app/1512370/,
1694810,Nightmares to be,2021-08-13,2021-08,steam_store_search,False,True,STEAM_ONLY,True,,,,,,,Nightmares to be,$4.99,False,https://store.steampowered.com/app/1694810/,
875400,Blackout: The Darkest Night,2021-08-19,2021-08,steam_store_search,False,True,STEAM_ONLY,True,,,,,,,Blackout: The Darkest Night,$5.99,False,https://store.steampowered.com/app/875400/,
1681350,时空梦魇Ⅰ代号608,2021-08-23,2021-08,steam_store_search,False,True,STEAM_ONLY,True,,,,,,,时空梦魇Ⅰ代号608,$6.99,False,https://store.steampowered.com/app/1681350/,
1722780,Witch Stone,2021-08-26,2021-08,steam_store_search,False,True,STEAM_ONLY,True,,,,,,,Witch Stone,$9.99,False,https://store.steampowered.com/app/1722780/,
1586960,Cute Bite,2021-08-31,2021-08,steam_store_search,False,True,STEAM_ONLY,True,,,,,,,Cute Bite,$14.99,False,https://store.steampowered.com/app/1586960/,
1603860,The Frosts: First Ones,2021-08-31,2021-08,steam_store_search,False,True,STEAM_ONLY,True,,,,,,,The Frosts: First Ones,$2.99,False,https://store.steampowered.com/app/1603860/,
1716370,2033: Das Erschwachen der Macht,2021-09-01,2021-09,steam_store_search,False,True,STEAM_ONLY,True,,,,,,,2033: Das Erschwachen der Macht,$11.99,False,https://store.steampowered.com/app/1716370/,
1378710,Placebo Love,2021-09-07,2021-09,steam_store_search,False,True,STEAM_ONLY,True,,,,,,,Placebo Love,$8.99,False,https://store.steampowered.com/app/1378710/,
1582280,Sleepy Sunday,2021-09-09,2021-09,steam_store_search,False,True,STEAM_ONLY,True,,,,,,,Sleepy Sunday,$7.99,False,https://store.steampowered.com/app/1582280/,
1098470,The Gardener and the Wild Vines,2021-09-09,2021-09,steam_store_search,False,True,STEAM_ONLY,True,,,,,,,The Gardener and the Wild Vines,$9.99,False,https://store.steampowered.com/app/1098470/,
1712420,Thats Life of Ralph,2021-09-13,2021-09,steam_store_search,False,True,STEAM_ONLY,True,,,,,,,Thats Life of Ralph,$1.99,False,https://store.steampowered.com/app/1712420/,
1633740,Pegasus: Broken Wings,2021-09-15,2021-09,steam_store_search,False,True,STEAM_ONLY,True,,,,,,,Pegasus: Broken Wings,$6.99,False,https://store.steampowered.com/app/1633740/,
1735420,Fake Hostel,2021-09-16,2021-09,steam_store_search,False,True,STEAM_ONLY,True,,,,,,,Fake Hostel,$4.99,False,https://store.steampowered.com/app/1735420/,
917720,Gamedec - Definitive Edition,2021-09-16,2021-09,steam_store_search,False,True,STEAM_ONLY,True,,,,,,,Gamedec - Definitive Edition,-75%,False,https://store.steampowered.com/app/917720/,
1418320,Puerto Viejo,2021-09-16,2021-09,steam_store_search,False,True,STEAM_ONLY,True,,,,,,,Puerto Viejo,$5.99,False,https://store.steampowered.com/app/1418320/,
1630890,Rift Adventure,2021-09-16,2021-09,steam_store_search,False,True,STEAM_ONLY,True,,,,,,,Rift Adventure,$7.99,False,https://store.steampowered.com/app/1630890/,
1740570,CURSED NIGHT - The House,2021-09-17,2021-09,steam_store_search,False,True,STEAM_ONLY,True,,,,,,,CURSED NIGHT - The House,$7.99,False,https://store.steampowered.com/app/1740570/,
1558510,MECHANICA: A Ballad of the Rabbit and Mercury,2021-09-17,2021-09,steam_store_search,False,True,STEAM_ONLY,True,,,,,,,MECHANICA: A Ballad of the Rabbit and Mercury,$19.99,False,https://store.steampowered.com/app/1558510/,
1664910,Murder Diaries,2021-09-17,2021-09,steam_store_search,False,True,STEAM_ONLY,True,,,,,,,Murder Diaries,$9.99,False,https://store.steampowered.com/app/1664910/,
1563700,当火车鸣笛三秒,2021-09-19,2021-09,steam_store_search,False,True,STEAM_ONLY,True,,,,,,,当火车鸣笛三秒,$9.99,False,https://store.steampowered.com/app/1563700/,
938860,"Get In The Car, Loser!",2021-09-21,2021-09,steam_store_search,False,True,STEAM_ONLY,True,,,,,,,"Get In The Car, Loser!",$24.99,False,https://store.steampowered.com/app/938860/,
1734470,ROUGH KUTS: The Thirsty Dead,2021-09-23,2021-09,steam_store_search,False,True,STEAM_ONLY,True,,,,,,,ROUGH KUTS: The Thirsty Dead,$0.99,False,https://store.steampowered.com/app/1734470/,
1100300,Gamedev Beatdown,2021-09-24,2021-09,steam_store_search,False,True,STEAM_ONLY,True,,,,,,,Gamedev Beatdown,$9.99,False,https://store.steampowered.com/app/1100300/,
1573720,Agatha Christie - Hercule Poirot: The First Cases,2021-09-27,2021-09,steam_store_search,False,True,STEAM_ONLY,True,,,,,,,Agatha Christie - Hercule Poirot: The First Cases,$19.99,False,https://store.steampowered.com/app/1573720/,
1752760,Soulstopia -PHI-,2021-09-28,2021-09,steam_store_search,False,True,STEAM_ONLY,True,,,,,,,Soulstopia -PHI-,$2.99,False,https://store.steampowered.com/app/1752760/,
1372280,MELTY BLOOD: TYPE LUMINA,2021-09-29,2021-09,steam_store_search,False,True,STEAM_ONLY,True,,,,,,,MELTY BLOOD: TYPE LUMINA,-70%,False,https://store.steampowered.com/app/1372280/,
1499030,3D Double Dealing Character,2021-09-30,2021-09,steam_store_search,False,True,STEAM_ONLY,True,,,,,,,3D Double Dealing Character,$14.99,False,https://store.steampowered.com/app/1499030/,
855550,Coffee Noir - Business Detective Game,2021-09-30,2021-09,steam_store_search,False,True,STEAM_ONLY,True,,,,,,,Coffee Noir - Business Detective Game,$8.99,False,https://store.steampowered.com/app/855550/,
1517960,Rebirth:Beware of Mr.Wang,2021-09-30,2021-09,steam_store_search,False,True,STEAM_ONLY,True,,,,,,,Rebirth:Beware of Mr.Wang,$8.99,False,https://store.steampowered.com/app/1517960/,
1700800,Break Bounds: Exile 越界：流放者,2021-10-01,2021-10,steam_store_search,False,True,STEAM_ONLY,True,,,,,,,Break Bounds: Exile 越界：流放者,$9.99,False,https://store.steampowered.com/app/1700800/,
1389650,Escape Hospital-脫出 失憶病棟,2021-10-01,2021-10,steam_store_search,False,True,STEAM_ONLY,True,,,,,,,Escape Hospital-脫出 失憶病棟,$12.99,False,https://store.steampowered.com/app/1389650/,
1760700,Searching for objects in the forest,2021-10-01,2021-10,steam_store_search,False,True,STEAM_ONLY,True,,,,,,,Searching for objects in the forest,$9.99,False,https://store.steampowered.com/app/1760700/,
1719180,Gobby McGobblenutz Presents - The Questionably Quirky Quiz Show,2021-10-04,2021-10,steam_store_search,False,True,STEAM_ONLY,True,,,,,,,Gobby McGobblenutz Presents - The Questionably Quirky Quiz Show,$1.99,False,https://store.steampowered.com/app/1719180/,
1760690,The Luffeltera Renovator,2021-10-05,2021-10,steam_store_search,False,True,STEAM_ONLY,True,,,,,,,The Luffeltera Renovator,$6.99,False,https://store.steampowered.com/app/1760690/,
1696200,Hell Blasters,2021-10-07,2021-10,steam_store_search,False,True,STEAM_ONLY,True,,,,,,,Hell Blasters,-89%,False,https://store.steampowered.com/app/1696200/,
1743380,SCP: Doki Doki Anomaly,2021-10-07,2021-10,steam_store_search,False,True,STEAM_ONLY,True,,,,,,,SCP: Doki Doki Anomaly,$5.99,False,https://store.steampowered.com/app/1743380/,
1429630,The King of Warriors : Battle in the Three Kingdoms,2021-10-07,2021-10,steam_store_search,False,True,STEAM_ONLY,True,,,,,,,The King of Warriors : Battle in the Three Kingdoms,$14.99,False,https://store.steampowered.com/app/1429630/,
1709550,Schizm: Mysterious Journey,2021-10-08,2021-10,steam_store_search,False,True,STEAM_ONLY,True,,,,,,,Schizm: Mysterious Journey,$8.99,False,https://store.steampowered.com/app/1709550/,
1191120,Growing Up,2021-10-13,2021-10,steam_store_search,False,True,STEAM_ONLY,True,,,,,,,Growing Up,$14.99,False,https://store.steampowered.com/app/1191120/,
1276750,Negative Nancy,2021-10-13,2021-10,steam_store_search,False,True,STEAM_ONLY,True,,,,,,,Negative Nancy,$9.99,False,https://store.steampowered.com/app/1276750/,
1769150,Toolnich Village,2021-10-13,2021-10,steam_store_search,False,True,STEAM_ONLY,True,,,,,,,Toolnich Village,$0.99,False,https://store.steampowered.com/app/1769150/,
1126310,风信楼,2021-10-13,2021-10,steam_store_search,False,True,STEAM_ONLY,True,,,,,,,风信楼,$11.99,False,https://store.steampowered.com/app/1126310/,
1731520,Ark Mobius: Censored Edition,2021-10-14,2021-10,steam_store_search,False,True,STEAM_ONLY,True,,,,,,,Ark Mobius: Censored Edition,$4.99,False,https://store.steampowered.com/app/1731520/,
1508220,Broken Thorns: West Gate,2021-10-14,2021-10,steam_store_search,False,True,STEAM_ONLY,True,,,,,,,Broken Thorns: West Gate,$3.99,False,https://store.steampowered.com/app/1508220/,
1757470,Slide Stories: Bucky's Quest,2021-10-14,2021-10,steam_store_search,False,True,STEAM_ONLY,True,,,,,,,Slide Stories: Bucky's Quest,$9.99,False,https://store.steampowered.com/app/1757470/,
1572850,Lotto Life,2021-10-15,2021-10,steam_store_search,False,True,STEAM_ONLY,True,,,,,,,Lotto Life,$9.99,False,https://store.steampowered.com/app/1572850/,
1732740,Sakura Hime,2021-10-15,2021-10,steam_store_search,False,True,STEAM_ONLY,True,,,,,,,Sakura Hime,$3.99,False,https://store.steampowered.com/app/1732740/,
1590000,Tales of the Black Death,2021-10-15,2021-10,steam_store_search,False,True,STEAM_ONLY,True,,,,,,,Tales of the Black Death,$9.99,False,https://store.steampowered.com/app/1590000/,
1732240,Virtual Journey Into the Metaverse,2021-10-15,2021-10,steam_store_search,False,True,STEAM_ONLY,True,,,,,,,Virtual Journey Into the Metaverse,$9.99,False,https://store.steampowered.com/app/1732240/,
900400,Sacred Fire: A Role Playing Game,2021-10-18,2021-10,steam_store_search,False,True,STEAM_ONLY,True,,,,,,,Sacred Fire: A Role Playing Game,$18.99,False,https://store.steampowered.com/app/900400/,
1759980,Ecchi Beauties,2021-10-20,2021-10,steam_store_search,False,True,STEAM_ONLY,True,,,,,,,Ecchi Beauties,$1.99,False,https://store.steampowered.com/app/1759980/,
1739850,Howling Village: Echoes,2021-10-20,2021-10,steam_store_search,False,True,STEAM_ONLY,True,,,,,,,Howling Village: Echoes,$6.99,False,https://store.steampowered.com/app/1739850/,
1512610,Furries & Scalies: Super Scary Halloween Spooky Times Part II,2021-10-21,2021-10,steam_store_search,False,True,STEAM_ONLY,True,,,,,,,Furries & Scalies: Super Scary Halloween Spooky Times Part II,$9.99,False,https://store.steampowered.com/app/1512610/,
1760140,Miraculo Island,2021-10-21,2021-10,steam_store_search,False,True,STEAM_ONLY,True,,,,,,,Miraculo Island,$4.99,False,https://store.steampowered.com/app/1760140/,
1719660,My Cute Succubus,2021-10-22,2021-10,steam_store_search,False,True,STEAM_ONLY,True,,,,,,,My Cute Succubus,-65%,False,https://store.steampowered.com/app/1719660/,
1566910,Riddle Girl,2021-10-22,2021-10,steam_store_search,False,True,STEAM_ONLY,True,,,,,,,Riddle Girl,$1.99,False,https://store.steampowered.com/app/1566910/,
1767580,Twin Mind: Power of Love Collector's Edition,2021-10-22,2021-10,steam_store_search,False,True,STEAM_ONLY,True,,,,,,,Twin Mind: Power of Love Collector's Edition,$7.99,False,https://store.steampowered.com/app/1767580/,
1666070,Shoal,2021-10-24,2021-10,steam_store_search,False,True,STEAM_ONLY,True,,,,,,,Shoal,$6.99,False,https://store.steampowered.com/app/1666070/,
1395030,Kathy Rain: Director's Cut,2021-10-26,2021-10,steam_store_search,False,True,STEAM_ONLY,True,,,,,,,Kathy Rain: Director's Cut,$14.99,False,https://store.steampowered.com/app/1395030/,
1780730,그랑 엠파이어 : 아마네,2021-10-26,2021-10,steam_store_search,False,True,STEAM_ONLY,True,,,,,,,그랑 엠파이어 : 아마네,$2.99,False,https://store.steampowered.com/app/1780730/,
1681040,Murder Diaries 2,2021-10-27,2021-10,steam_store_search,False,True,STEAM_ONLY,True,,,,,,,Murder Diaries 2,$9.99,False,https://store.steampowered.com/app/1681040/,
1783700,Gachi Bird,2021-10-28,2021-10,steam_store_search,False,True,STEAM_ONLY,True,,,,,,,Gachi Bird,$0.99,False,https://store.steampowered.com/app/1783700/,
1683620,Plan B from Outer Space: A Bavarian Odyssey,2021-10-28,2021-10,steam_store_search,False,True,STEAM_ONLY,True,,,,,,,Plan B from Outer Space: A Bavarian Odyssey,$12.49,False,https://store.steampowered.com/app/1683620/,
1358530,Saint Kotar,2021-10-28,2021-10,steam_store_search,False,True,STEAM_ONLY,True,,,,,,,Saint Kotar,$19.99,False,https://store.steampowered.com/app/1358530/,
1780340,Cyber Runner 2048,2021-10-29,2021-10,steam_store_search,False,True,STEAM_ONLY,True,,,,,,,Cyber Runner 2048,$4.99,False,https://store.steampowered.com/app/1780340/,
1788040,冰橘布丁,2021-11-01,2021-11,steam_store_search,False,True,STEAM_ONLY,True,,,,,,,冰橘布丁,Free,True,https://store.steampowered.com/app/1788040/,
1490840,Bloodshore,2021-11-03,2021-11,steam_store_search,False,True,STEAM_ONLY,True,,,,,,,Bloodshore,-87%,False,https://store.steampowered.com/app/1490840/,
1667270,Lone McLonegan : A Western Adventure,2021-11-03,2021-11,steam_store_search,False,True,STEAM_ONLY,True,,,,,,,Lone McLonegan : A Western Adventure,$9.99,False,https://store.steampowered.com/app/1667270/,
1780990,Fallen Flowers,2021-11-04,2021-11,steam_store_search,False,True,STEAM_ONLY,True,,,,,,,Fallen Flowers,$0.99,False,https://store.steampowered.com/app/1780990/,
1780720,Nott Longa,2021-11-05,2021-11,steam_store_search,False,True,STEAM_ONLY,True,,,,,,,Nott Longa,$4.99,False,https://store.steampowered.com/app/1780720/,
1708970,The Prince of Landis,2021-11-05,2021-11,steam_store_search,False,True,STEAM_ONLY,True,,,,,,,The Prince of Landis,$7.99,False,https://store.steampowered.com/app/1708970/,
1772070,Unveiled,2021-11-05,2021-11,steam_store_search,False,True,STEAM_ONLY,True,,,,,,,Unveiled,$1.99,False,https://store.steampowered.com/app/1772070/,
1753100,舔狗模拟器,2021-11-05,2021-11,steam_store_search,False,True,STEAM_ONLY,True,,,,,,,舔狗模拟器,$4.99,False,https://store.steampowered.com/app/1753100/,
1791090,Timmy the Tiger's Big Adventure,2021-11-07,2021-11,steam_store_search,False,True,STEAM_ONLY,True,,,,,,,Timmy the Tiger's Big Adventure,$1.99,False,https://store.steampowered.com/app/1791090/,
1423600,BLUE REFLECTION: Second Light,2021-11-08,2021-11,steam_store_search,False,True,STEAM_ONLY,True,,,,,,,BLUE REFLECTION: Second Light,$59.99,False,https://store.steampowered.com/app/1423600/,
1761450,Madrid Noir,2021-11-08,2021-11,steam_store_search,False,True,STEAM_ONLY,True,,,,,,,Madrid Noir,$8.99,False,https://store.steampowered.com/app/1761450/,
1668950,Pluvia - Episode I,2021-11-08,2021-11,steam_store_search,False,True,STEAM_ONLY,True,,,,,,,Pluvia - Episode I,$4.99,False,https://store.steampowered.com/app/1668950/,
1786030,Hidden Motives: The Diamond Rush Collector's Edition,2021-11-09,2021-11,steam_store_search,False,True,STEAM_ONLY,True,,,,,,,Hidden Motives: The Diamond Rush Collector's Edition,$7.99,False,https://store.steampowered.com/app/1786030/,
1243700,长安夜明,2021-11-10,2021-11,steam_store_search,False,True,STEAM_ONLY,True,,,,,,,长安夜明,$3.99,False,https://store.steampowered.com/app/1243700/,
1799820,DayDream Mosaics 2: Juliette's Tale,2021-11-12,2021-11,steam_store_search,False,True,STEAM_ONLY,True,,,,,,,DayDream Mosaics 2: Juliette's Tale,$8.99,False,https://store.steampowered.com/app/1799820/,
1751710,Horror Stories: PLEASE COMPLY,2021-11-12,2021-11,steam_store_search,False,True,STEAM_ONLY,True,,,,,,,Horror Stories: PLEASE COMPLY,$3.99,False,https://store.steampowered.com/app/1751710/,
1785200,Сhick Boy Adventures,2021-11-12,2021-11,steam_store_search,False,True,STEAM_ONLY,True,,,,,,,Сhick Boy Adventures,$4.99,False,https://store.steampowered.com/app/1785200/,
1749350,Gobby McGobblenutz Presents: The Art of the Dad Joke: Chapter 1,2021-11-15,2021-11,steam_store_search,False,True,STEAM_ONLY,True,,,,,,,Gobby McGobblenutz Presents: The Art of the Dad Joke: Chapter 1,$1.99,False,https://store.steampowered.com/app/1749350/,
1803700,Castle in the Sky - Clash of Sky Palace,2021-11-19,2021-11,steam_store_search,False,True,STEAM_ONLY,True,,,,,,,Castle in the Sky - Clash of Sky Palace,$9.99,False,https://store.steampowered.com/app/1803700/,
1780110,Take As Needed,2021-11-19,2021-11,steam_store_search,False,True,STEAM_ONLY,True,,,,,,,Take As Needed,$4.99,False,https://store.steampowered.com/app/1780110/,
1721690,Faircroft's Antiques: The Forbidden Crypt,2021-11-20,2021-11,steam_store_search,False,True,STEAM_ONLY,True,,,,,,,Faircroft's Antiques: The Forbidden Crypt,$9.99,False,https://store.steampowered.com/app/1721690/,
1810870,Myths or Reality: Fairy Lands Collector's Edition,2021-11-22,2021-11,steam_store_search,False,True,STEAM_ONLY,True,,,,,,,Myths or Reality: Fairy Lands Collector's Edition,$7.99,False,https://store.steampowered.com/app/1810870/,
1714650,Life in the Machine,2021-11-24,2021-11,steam_store_search,False,True,STEAM_ONLY,True,,,,,,,Life in the Machine,$2.99,False,https://store.steampowered.com/app/1714650/,
1811440,TRACHI - AUTONOMY,2021-11-24,2021-11,steam_store_search,False,True,STEAM_ONLY,True,,,,,,,TRACHI - AUTONOMY,Free,True,https://store.steampowered.com/app/1811440/,
1788120,French Crime Detective Game,2021-11-25,2021-11,steam_store_search,False,True,STEAM_ONLY,True,,,,,,,French Crime Detective Game,$19.99,False,https://store.steampowered.com/app/1788120/,
1815270,PRIMAFLOOWS,2021-11-29,2021-11,steam_store_search,False,True,STEAM_ONLY,True,,,,,,,PRIMAFLOOWS,$4.99,False,https://store.steampowered.com/app/1815270/,
1730290,TripSync,2021-11-30,2021-11,steam_store_search,False,True,STEAM_ONLY,True,,,,,,,TripSync,Free,True,https://store.steampowered.com/app/1730290/,
1820930,Mega City Void,2021-12-01,2021-12,steam_store_search,False,True,STEAM_ONLY,True,,,,,,,Mega City Void,$9.99,False,https://store.steampowered.com/app/1820930/,
1711530,Justice Chronicles,2021-12-02,2021-12,steam_store_search,False,True,STEAM_ONLY,True,,,,,,,Justice Chronicles,-50%,False,https://store.steampowered.com/app/1711530/,
1385940,Panty&Demons,2021-12-05,2021-12,steam_store_search,False,True,STEAM_ONLY,True,,,,,,,Panty&Demons,$6.99,False,https://store.steampowered.com/app/1385940/,
1745220,Mr.DomusMundi,2021-12-06,2021-12,steam_store_search,False,True,STEAM_ONLY,True,,,,,,,Mr.DomusMundi,$4.99,False,https://store.steampowered.com/app/1745220/,
730430,This Is the President,2021-12-06,2021-12,steam_store_search,False,True,STEAM_ONLY,True,,,,,,,This Is the President,-75%,False,https://store.steampowered.com/app/730430/,
1807450,Love with Furry 🐺,2021-12-07,2021-12,steam_store_search,False,True,STEAM_ONLY,True,,,,,,,Love with Furry 🐺,-65%,False,https://store.steampowered.com/app/1807450/,
1820890,Princess Sera adventures,2021-12-07,2021-12,steam_store_search,False,True,STEAM_ONLY,True,,,,,,,Princess Sera adventures,$4.99,False,https://store.steampowered.com/app/1820890/,
1331210,Wolfstride,2021-12-07,2021-12,steam_store_search,False,True,STEAM_ONLY,True,,,,,,,Wolfstride,$14.99,False,https://store.steampowered.com/app/1331210/,
1665810,2048 Royal Cards,2021-12-09,2021-12,steam_store_search,False,True,STEAM_ONLY,True,,,,,,,2048 Royal Cards,$2.99,False,https://store.steampowered.com/app/1665810/,
1500800,Mr.Bottle and his dream,2021-12-09,2021-12,steam_store_search,False,True,STEAM_ONLY,True,,,,,,,Mr.Bottle and his dream,-50%,False,https://store.steampowered.com/app/1500800/,
1823540,Criminal Archives: City on Fire Collector's Edition,2021-12-14,2021-12,steam_store_search,False,True,STEAM_ONLY,True,,,,,,,Criminal Archives: City on Fire Collector's Edition,-80%,False,https://store.steampowered.com/app/1823540/,
1629060,Colibri XR Immersive Art Gallery,2021-12-15,2021-12,steam_store_search,False,True,STEAM_ONLY,True,,,,,,,Colibri XR Immersive Art Gallery,$0.99,False,https://store.steampowered.com/app/1629060/,
1623700,Deiland: Pocket Planet,2021-12-15,2021-12,steam_store_search,False,True,STEAM_ONLY,True,,,,,,,Deiland: Pocket Planet,-75%,False,https://store.steampowered.com/app/1623700/,
1430970,Astatos,2021-12-16,2021-12,steam_store_search,False,True,STEAM_ONLY,True,,,,,,,Astatos,$14.99,False,https://store.steampowered.com/app/1430970/,
1669390,The Tragedy of little Joy,2021-12-16,2021-12,steam_store_search,False,True,STEAM_ONLY,True,,,,,,,The Tragedy of little Joy,$5.99,False,https://store.steampowered.com/app/1669390/,
1784980,Limita Luminii,2021-12-19,2021-12,steam_store_search,False,True,STEAM_ONLY,True,,,,,,,Limita Luminii,Free,True,https://store.steampowered.com/app/1784980/,
1802210,MARK'S LIFE,2021-12-21,2021-12,steam_store_search,False,True,STEAM_ONLY,True,,,,,,,MARK'S LIFE,$3.99,False,https://store.steampowered.com/app/1802210/,
1830260,Mystical Riddles: Snowy Peak Hotel Collector's Edition,2021-12-21,2021-12,steam_store_search,False,True,STEAM_ONLY,True,,,,,,,Mystical Riddles: Snowy Peak Hotel Collector's Edition,$7.99,False,https://store.steampowered.com/app/1830260/,
1842270,Bongo Quest,2021-12-23,2021-12,steam_store_search,False,True,STEAM_ONLY,True,,,,,,,Bongo Quest,$4.99,False,https://store.steampowered.com/app/1842270/,
1790380,Eldritch Lands: The Witch Queen's Eternal War,2021-12-23,2021-12,steam_store_search,False,True,STEAM_ONLY,True,,,,,,,Eldritch Lands: The Witch Queen's Eternal War,Free,True,https://store.steampowered.com/app/1790380/,
1712390,Martial Law,2021-12-23,2021-12,steam_store_search,False,True,STEAM_ONLY,True,,,,,,,Martial Law,Free,True,https://store.steampowered.com/app/1712390/,
1811640,The Choice VR (선택VR),2021-12-30,2021-12,steam_store_search,False,True,STEAM_ONLY,True,,,,,,,The Choice VR (선택VR),$4.99,False,https://store.steampowered.com/app/1811640/,
667270,The Miserable Crimson Hooded Girl,2021-12-31,2021-12,steam_store_search,False,True,STEAM_ONLY,True,,,,,,,The Miserable Crimson Hooded Girl,$1.99,False,https://store.steampowered.com/app/667270/,
1840570,Tales of the Underworld - Legends of Primordial Sea,2022-01-03,2022-01,steam_store_search,False,True,STEAM_ONLY,True,,,,,,,Tales of the Underworld - Legends of Primordial Sea,$9.99,False,https://store.steampowered.com/app/1840570/,
1844550,Royal Legends: Marshes Curse Collector's Edition,2022-01-04,2022-01,steam_store_search,False,True,STEAM_ONLY,True,,,,,,,Royal Legends: Marshes Curse Collector's Edition,$7.99,False,https://store.steampowered.com/app/1844550/,
1796920,Sword of Elpisia,2022-01-06,2022-01,steam_store_search,False,True,STEAM_ONLY,True,,,,,,,Sword of Elpisia,-50%,False,https://store.steampowered.com/app/1796920/,
1776160,You Will (Not) Remain,2022-01-06,2022-01,steam_store_search,False,True,STEAM_ONLY,True,,,,,,,You Will (Not) Remain,Free,True,https://store.steampowered.com/app/1776160/,
1825440,Cupid Story: First Date,2022-01-07,2022-01,steam_store_search,False,True,STEAM_ONLY,True,,,,,,,Cupid Story: First Date,Free,True,https://store.steampowered.com/app/1825440/,
1571090,BEAST CRIMES,2022-01-08,2022-01,steam_store_search,False,True,STEAM_ONLY,True,,,,,,,BEAST CRIMES,$9.99,False,https://store.steampowered.com/app/1571090/,
1850840,MAFIA: Family's Secret,2022-01-08,2022-01,steam_store_search,False,True,STEAM_ONLY,True,,,,,,,MAFIA: Family's Secret,-87%,False,https://store.steampowered.com/app/1850840/,
1854740,HINA-CHAN's BIG TRADE! Millionaire Lunch,2022-01-10,2022-01,steam_store_search,False,True,STEAM_ONLY,True,,,,,,,HINA-CHAN's BIG TRADE! Millionaire Lunch,$6.99,False,https://store.steampowered.com/app/1854740/,
1852380,MAGICAL DEATHPAIR,2022-01-10,2022-01,steam_store_search,False,True,STEAM_ONLY,True,,,,,,,MAGICAL DEATHPAIR,$9.99,False,https://store.steampowered.com/app/1852380/,
1689310,The story of Bill Bear,2022-01-11,2022-01,steam_store_search,False,True,STEAM_ONLY,True,,,,,,,The story of Bill Bear,$0.99,False,https://store.steampowered.com/app/1689310/,
1383680,Isekai Succubus ~My Genderbent Saga in Another World~,2022-01-14,2022-01,steam_store_search,False,True,STEAM_ONLY,True,,,,,,,Isekai Succubus ~My Genderbent Saga in Another World~,-50%,False,https://store.steampowered.com/app/1383680/,
1790250,Moon Dancer,2022-01-14,2022-01,steam_store_search,False,True,STEAM_ONLY,True,,,,,,,Moon Dancer,-50%,False,https://store.steampowered.com/app/1790250/,
1736510,Anxiety Treatment with Relaxation Demo,2022-01-17,2022-01,steam_store_search,False,True,STEAM_ONLY,True,,,,,,,Anxiety Treatment with Relaxation Demo,Free,True,https://store.steampowered.com/app/1736510/,
1498790,Black Lazar,2022-01-19,2022-01,steam_store_search,False,True,STEAM_ONLY,True,,,,,,,Black Lazar,$7.99,False,https://store.steampowered.com/app/1498790/,
1829620,Late Bird,2022-01-20,2022-01,steam_store_search,False,True,STEAM_ONLY,True,,,,,,,Late Bird,$0.99,False,https://store.steampowered.com/app/1829620/,
1832640,Mirror 2: Project X,2022-01-20,2022-01,steam_store_search,False,True,STEAM_ONLY,True,,,,,,,Mirror 2: Project X,$1.99,False,https://store.steampowered.com/app/1832640/,
1828220,Walk with the Living,2022-01-20,2022-01,steam_store_search,False,True,STEAM_ONLY,True,,,,,,,Walk with the Living,Free,True,https://store.steampowered.com/app/1828220/,
1844990,Lastone: Behind the Choice,2022-01-21,2022-01,steam_store_search,False,True,STEAM_ONLY,True,,,,,,,Lastone: Behind the Choice,$4.99,False,https://store.steampowered.com/app/1844990/,
1854090,Peach Territory,2022-01-21,2022-01,steam_store_search,False,True,STEAM_ONLY,True,,,,,,,Peach Territory,$8.99,False,https://store.steampowered.com/app/1854090/,
1608290,GNOSIA,2022-01-23,2022-01,steam_store_search,False,True,STEAM_ONLY,True,,,,,,,GNOSIA,$24.99,False,https://store.steampowered.com/app/1608290/,
1854290,Kakureza Library,2022-01-24,2022-01,steam_store_search,False,True,STEAM_ONLY,True,,,,,,,Kakureza Library,$4.99,False,https://store.steampowered.com/app/1854290/,
1845480,Connected Hearts: The Full Moon Curse Collector's Edition,2022-01-25,2022-01,steam_store_search,False,True,STEAM_ONLY,True,,,,,,,Connected Hearts: The Full Moon Curse Collector's Edition,$7.99,False,https://store.steampowered.com/app/1845480/,
1399690,Reverie Knights Tactics,2022-01-25,2022-01,steam_store_search,False,True,STEAM_ONLY,True,,,,,,,Reverie Knights Tactics,$19.99,False,https://store.steampowered.com/app/1399690/,
1851620,Warsaw: Paris of the North (prototype),2022-01-26,2022-01,steam_store_search,False,True,STEAM_ONLY,True,,,,,,,Warsaw: Paris of the North (prototype),Free,True,https://store.steampowered.com/app/1851620/,
1800080,Furries & Scalies & Scarecrows OH MY!,2022-01-28,2022-01,steam_store_search,False,True,STEAM_ONLY,True,,,,,,,Furries & Scalies & Scarecrows OH MY!,$9.99,False,https://store.steampowered.com/app/1800080/,
1274710,Lullaby Days,2022-01-28,2022-01,steam_store_search,False,True,STEAM_ONLY,True,,,,,,,Lullaby Days,$19.99,False,https://store.steampowered.com/app/1274710/,
1470420,Re:Turn 2 - Runaway,2022-01-28,2022-01,steam_store_search,False,True,STEAM_ONLY,True,,,,,,,Re:Turn 2 - Runaway,$7.99,False,https://store.steampowered.com/app/1470420/,
1855950,Leningrad,2022-01-31,2022-01,steam_store_search,False,True,STEAM_ONLY,True,,,,,,,Leningrad,$0.99,False,https://store.steampowered.com/app/1855950/,
1579800,Hundreds of Mysteries:Wendy's Home2,2022-02-01,2022-02,steam_store_search,False,True,STEAM_ONLY,True,,,,,,,Hundreds of Mysteries:Wendy's Home2,$0.99,False,https://store.steampowered.com/app/1579800/,
1856550,Magnus Imago,2022-02-02,2022-02,steam_store_search,False,True,STEAM_ONLY,True,,,,,,,Magnus Imago,-55%,False,https://store.steampowered.com/app/1856550/,
1873860,Fayburrow,2022-02-03,2022-02,steam_store_search,False,True,STEAM_ONLY,True,,,,,,,Fayburrow,Free,True,https://store.steampowered.com/app/1873860/,
1874990,Fluids & Sounds: Mind relaxing and meditative,2022-02-03,2022-02,steam_store_search,False,True,STEAM_ONLY,True,,,,,,,Fluids & Sounds: Mind relaxing and meditative,$3.99,False,https://store.steampowered.com/app/1874990/,
1684710,CAT Interstellar: Recast,2022-02-04,2022-02,steam_store_search,False,True,STEAM_ONLY,True,,,,,,,CAT Interstellar: Recast,$4.99,False,https://store.steampowered.com/app/1684710/,
1765600,The Song Out of Space,2022-02-04,2022-02,steam_store_search,False,True,STEAM_ONLY,True,,,,,,,The Song Out of Space,$4.99,False,https://store.steampowered.com/app/1765600/,
1867280,Cyberpunk Girls,2022-02-05,2022-02,steam_store_search,False,True,STEAM_ONLY,True,,,,,,,Cyberpunk Girls,-87%,False,https://store.steampowered.com/app/1867280/,
1856860,Magic City Detective: Wings Of Revenge Collector's Edition,2022-02-05,2022-02,steam_store_search,False,True,STEAM_ONLY,True,,,,,,,Magic City Detective: Wings Of Revenge Collector's Edition,-80%,False,https://store.steampowered.com/app/1856860/,
1859280,7 Days to End with You,2022-02-06,2022-02,steam_store_search,False,True,STEAM_ONLY,True,,,,,,,7 Days to End with You,$7.99,False,https://store.steampowered.com/app/1859280/,
1886870,FEEBLE,2022-02-08,2022-02,steam_store_search,False,True,STEAM_ONLY,True,,,,,,,FEEBLE,Free,True,https://store.steampowered.com/app/1886870/,
1879690,Spirits Chronicles: Born in Flames Collector's Edition,2022-02-08,2022-02,steam_store_search,False,True,STEAM_ONLY,True,,,,,,,Spirits Chronicles: Born in Flames Collector's Edition,$7.99,False,https://store.steampowered.com/app/1879690/,
1684440,Malyshka,2022-02-09,2022-02,steam_store_search,False,True,STEAM_ONLY,True,,,,,,,Malyshka,Free,True,https://store.steampowered.com/app/1684440/,
1298480,Kardboard Kings: Card Shop Simulator,2022-02-10,2022-02,steam_store_search,False,True,STEAM_ONLY,True,,,,,,,Kardboard Kings: Card Shop Simulator,$19.99,False,https://store.steampowered.com/app/1298480/,
685670,Know by heart,2022-02-10,2022-02,steam_store_search,False,True,STEAM_ONLY,True,,,,,,,Know by heart,$19.99,False,https://store.steampowered.com/app/685670/,
1089630,奇迹一刻 Surmount,2022-02-13,2022-02,steam_store_search,False,True,STEAM_ONLY,True,,,,,,,奇迹一刻 Surmount,$14.99,False,https://store.steampowered.com/app/1089630/,
1870020,欢迎回家-Welcome Home,2022-02-14,2022-02,steam_store_search,False,True,STEAM_ONLY,True,,,,,,,欢迎回家-Welcome Home,-40%,False,https://store.steampowered.com/app/1870020/,
1857550,Bad Credit,2022-02-17,2022-02,steam_store_search,False,True,STEAM_ONLY,True,,,,,,,Bad Credit,Free,True,https://store.steampowered.com/app/1857550/,
1831150,GoKart - NewMexico,2022-02-17,2022-02,steam_store_search,False,True,STEAM_ONLY,True,,,,,,,GoKart - NewMexico,$1.99,False,https://store.steampowered.com/app/1831150/,
1874660,浮生箓 Floating Life,2022-02-17,2022-02,steam_store_search,False,True,STEAM_ONLY,True,,,,,,,浮生箓 Floating Life,$2.99,False,https://store.steampowered.com/app/1874660/,
1850420,BYLITSA: VASNA,2022-02-18,2022-02,steam_store_search,False,True,STEAM_ONLY,True,,,,,,,BYLITSA: VASNA,$1.99,False,https://store.steampowered.com/app/1850420/,
1766580,Diptych,2022-02-18,2022-02,steam_store_search,False,True,STEAM_ONLY,True,,,,,,,Diptych,$2.99,False,https://store.steampowered.com/app/1766580/,
1752810,PAPER BIRDS,2022-02-20,2022-02,steam_store_search,False,True,STEAM_ONLY,True,,,,,,,PAPER BIRDS,$5.99,False,https://store.steampowered.com/app/1752810/,
1860600,the World According to Girl,2022-02-22,2022-02,steam_store_search,False,True,STEAM_ONLY,True,,,,,,,the World According to Girl,$9.99,False,https://store.steampowered.com/app/1860600/,
1697700,Who's Lila?,2022-02-23,2022-02,steam_store_search,False,True,STEAM_ONLY,True,,,,,,,Who's Lila?,$11.99,False,https://store.steampowered.com/app/1697700/,
1848960,Medieval Fantasy Survival Simulator,2022-02-24,2022-02,steam_store_search,False,True,STEAM_ONLY,True,,,,,,,Medieval Fantasy Survival Simulator,$1.99,False,https://store.steampowered.com/app/1848960/,
1859670,Provisional Detective,2022-02-24,2022-02,steam_store_search,False,True,STEAM_ONLY,True,,,,,,,Provisional Detective,Free,True,https://store.steampowered.com/app/1859670/,
1514610,Rising Mist,2022-02-24,2022-02,steam_store_search,False,True,STEAM_ONLY,True,,,,,,,Rising Mist,$14.99,False,https://store.steampowered.com/app/1514610/,
1655800,System Under Surveillance,2022-02-25,2022-02,steam_store_search,False,True,STEAM_ONLY,True,,,,,,,System Under Surveillance,$15.99,False,https://store.steampowered.com/app/1655800/,
1767150,First Time in Paris,2022-02-27,2022-02,steam_store_search,False,True,STEAM_ONLY,True,,,,,,,First Time in Paris,$11.99,False,https://store.steampowered.com/app/1767150/,
1565680,The Dark Prophecy,2022-02-28,2022-02,steam_store_search,False,True,STEAM_ONLY,True,,,,,,,The Dark Prophecy,$9.99,False,https://store.steampowered.com/app/1565680/,
1867260,Way Down,2022-02-28,2022-02,steam_store_search,False,True,STEAM_ONLY,True,,,,,,,Way Down,$9.99,False,https://store.steampowered.com/app/1867260/,
1908150,Forget Westbury Falls: Disc One,2022-03-01,2022-03,steam_store_search,False,True,STEAM_ONLY,True,,,,,,,Forget Westbury Falls: Disc One,Free,True,https://store.steampowered.com/app/1908150/,
1857580,Get Achievements for Achievements,2022-03-01,2022-03,steam_store_search,False,True,STEAM_ONLY,True,,,,,,,Get Achievements for Achievements,$1.99,False,https://store.steampowered.com/app/1857580/,
1835510,The House On Holland Hill,2022-03-01,2022-03,steam_store_search,False,True,STEAM_ONLY,True,,,,,,,The House On Holland Hill,$1.99,False,https://store.steampowered.com/app/1835510/,
1702740,Who dies first,2022-03-01,2022-03,steam_store_search,False,True,STEAM_ONLY,True,,,,,,,Who dies first,$0.99,False,https://store.steampowered.com/app/1702740/,
1647390,Dexter Stardust : Adventures in Outer Space,2022-03-02,2022-03,steam_store_search,False,True,STEAM_ONLY,True,,,,,,,Dexter Stardust : Adventures in Outer Space,$9.99,False,https://store.steampowered.com/app/1647390/,
1912970,Late photographer 3,2022-03-03,2022-03,steam_store_search,False,True,STEAM_ONLY,True,,,,,,,Late photographer 3,-40%,False,https://store.steampowered.com/app/1912970/,
1907180,"The Day We Met was a Regular Day in the Infinitely Looping Highschool, is That Normal?",2022-03-03,2022-03,steam_store_search,False,True,STEAM_ONLY,True,,,,,,,"The Day We Met was a Regular Day in the Infinitely Looping Highschool, is That Normal?",Free,True,https://store.steampowered.com/app/1907180/,
1737330,雾尽时分,2022-03-03,2022-03,steam_store_search,False,True,STEAM_ONLY,True,,,,,,,雾尽时分,$9.99,False,https://store.steampowered.com/app/1737330/,
1546100,A Musical Story,2022-03-04,2022-03,steam_store_search,False,True,STEAM_ONLY,True,,,,,,,A Musical Story,$14.99,False,https://store.steampowered.com/app/1546100/,
1889660,Project XMAS,2022-03-04,2022-03,steam_store_search,False,True,STEAM_ONLY,True,,,,,,,Project XMAS,Free,True,https://store.steampowered.com/app/1889660/,
1909430,Story of You: The Allied Kingdoms,2022-03-06,2022-03,steam_store_search,False,True,STEAM_ONLY,True,,,,,,,Story of You: The Allied Kingdoms,$2.99,False,https://store.steampowered.com/app/1909430/,
1889760,Maze Of Realities: Flower Of Discord Collector's Edition,2022-03-07,2022-03,steam_store_search,False,True,STEAM_ONLY,True,,,,,,,Maze Of Realities: Flower Of Discord Collector's Edition,$7.99,False,https://store.steampowered.com/app/1889760/,
1670070,My Personal Hilopet,2022-03-08,2022-03,steam_store_search,False,True,STEAM_ONLY,True,,,,,,,My Personal Hilopet,$3.99,False,https://store.steampowered.com/app/1670070/,
1874010,Robert: Space Stories and Battles,2022-03-08,2022-03,steam_store_search,False,True,STEAM_ONLY,True,,,,,,,Robert: Space Stories and Battles,$1.99,False,https://store.steampowered.com/app/1874010/,
1918260,The World is Binary: Why Love is the Answer,2022-03-08,2022-03,steam_store_search,False,True,STEAM_ONLY,True,,,,,,,The World is Binary: Why Love is the Answer,Free,True,https://store.steampowered.com/app/1918260/,
1895760,Coral Drive,2022-03-10,2022-03,steam_store_search,False,True,STEAM_ONLY,True,,,,,,,Coral Drive,$1.99,False,https://store.steampowered.com/app/1895760/,
1706930,A Taste of the Past,2022-03-11,2022-03,steam_store_search,False,True,STEAM_ONLY,True,,,,,,,A Taste of the Past,Free,True,https://store.steampowered.com/app/1706930/,
1896660,Pasajeros,2022-03-12,2022-03,steam_store_search,False,True,STEAM_ONLY,True,,,,,,,Pasajeros,Free,True,https://store.steampowered.com/app/1896660/,
1800920,Medusa's Heart of Stone Chapter 01,2022-03-15,2022-03,steam_store_search,False,True,STEAM_ONLY,True,,,,,,,Medusa's Heart of Stone Chapter 01,Free,True,https://store.steampowered.com/app/1800920/,
1917370,HyperPortals,2022-03-17,2022-03,steam_store_search,False,True,STEAM_ONLY,True,,,,,,,HyperPortals,$1.99,False,https://store.steampowered.com/app/1917370/,
1736740,Cactus Clicker - Bofete Stories,2022-03-18,2022-03,steam_store_search,False,True,STEAM_ONLY,True,,,,,,,Cactus Clicker - Bofete Stories,$0.99,False,https://store.steampowered.com/app/1736740/,
1628130,Who Pressed Mute on Uncle Marcus?,2022-03-18,2022-03,steam_store_search,False,True,STEAM_ONLY,True,,,,,,,Who Pressed Mute on Uncle Marcus?,-80%,False,https://store.steampowered.com/app/1628130/,
1863010,DuckHunt - Missouri,2022-03-21,2022-03,steam_store_search,False,True,STEAM_ONLY,True,,,,,,,DuckHunt - Missouri,$1.99,False,https://store.steampowered.com/app/1863010/,
1921240,DuckHunt - Missouri Kidz,2022-03-21,2022-03,steam_store_search,False,True,STEAM_ONLY,True,,,,,,,DuckHunt - Missouri Kidz,$1.99,False,https://store.steampowered.com/app/1921240/,
1882000,Am I?,2022-03-24,2022-03,steam_store_search,False,True,STEAM_ONLY,True,,,,,,,Am I?,$7.99,False,https://store.steampowered.com/app/1882000/,
1821810,True Racing,2022-03-24,2022-03,steam_store_search,False,True,STEAM_ONLY,True,,,,,,,True Racing,$0.99,False,https://store.steampowered.com/app/1821810/,
1929930,Elite School Roof Club,2022-03-27,2022-03,steam_store_search,False,True,STEAM_ONLY,True,,,,,,,Elite School Roof Club,$1.99,False,https://store.steampowered.com/app/1929930/,
1758320,Lofty Quest,2022-03-28,2022-03,steam_store_search,False,True,STEAM_ONLY,True,,,,,,,Lofty Quest,$3.99,False,https://store.steampowered.com/app/1758320/,
1921900,The Testing Chamber,2022-03-28,2022-03,steam_store_search,False,True,STEAM_ONLY,True,,,,,,,The Testing Chamber,$4.99,False,https://store.steampowered.com/app/1921900/,
1917610,Twin Mind: Ghost Hunter Collector's Edition,2022-03-29,2022-03,steam_store_search,False,True,STEAM_ONLY,True,,,,,,,Twin Mind: Ghost Hunter Collector's Edition,$7.99,False,https://store.steampowered.com/app/1917610/,
1320490,Princess Farmer,2022-03-31,2022-03,steam_store_search,False,True,STEAM_ONLY,True,,,,,,,Princess Farmer,$14.99,False,https://store.steampowered.com/app/1320490/,
1917320,A Slit of Joy,2022-04-03,2022-04,steam_store_search,False,True,STEAM_ONLY,True,,,,,,,A Slit of Joy,$2.29,False,https://store.steampowered.com/app/1917320/,
1928220,SACROSANCT,2022-04-03,2022-04,steam_store_search,False,True,STEAM_ONLY,True,,,,,,,SACROSANCT,$6.99,False,https://store.steampowered.com/app/1928220/,
1787910,MYSPERYENCE,2022-04-04,2022-04,steam_store_search,False,True,STEAM_ONLY,True,,,,,,,MYSPERYENCE,$4.99,False,https://store.steampowered.com/app/1787910/,
1802590,Penelope's Odyssey,2022-04-04,2022-04,steam_store_search,False,True,STEAM_ONLY,True,,,,,,,Penelope's Odyssey,Free,True,https://store.steampowered.com/app/1802590/,
1940880,Scary Wife HD: Anime Horror Game,2022-04-06,2022-04,steam_store_search,False,True,STEAM_ONLY,True,,,,,,,Scary Wife HD: Anime Horror Game,$9.99,False,https://store.steampowered.com/app/1940880/,
1850390,MOVEIT,2022-04-07,2022-04,steam_store_search,False,True,STEAM_ONLY,True,,,,,,,MOVEIT,$3.99,False,https://store.steampowered.com/app/1850390/,
1508530,Epiphany City,2022-04-12,2022-04,steam_store_search,False,True,STEAM_ONLY,True,,,,,,,Epiphany City,$9.99,False,https://store.steampowered.com/app/1508530/,
1887420,The Lost Oregon City Gold,2022-04-12,2022-04,steam_store_search,False,True,STEAM_ONLY,True,,,,,,,The Lost Oregon City Gold,$6.99,False,https://store.steampowered.com/app/1887420/,
1910320,TAPE: Unveil the Memories,2022-04-13,2022-04,steam_store_search,False,True,STEAM_ONLY,True,,,,,,,TAPE: Unveil the Memories,-50%,False,https://store.steampowered.com/app/1910320/,
1523790,Hope's Journey: A Therapeutic Experience,2022-04-15,2022-04,steam_store_search,False,True,STEAM_ONLY,True,,,,,,,Hope's Journey: A Therapeutic Experience,$7.99,False,https://store.steampowered.com/app/1523790/,
1957150,Chaos Law,2022-04-19,2022-04,steam_store_search,False,True,STEAM_ONLY,True,,,,,,,Chaos Law,Free,True,https://store.steampowered.com/app/1957150/,
1863540,月出之时,2022-04-19,2022-04,steam_store_search,False,True,STEAM_ONLY,True,,,,,,,月出之时,$1.99,False,https://store.steampowered.com/app/1863540/,
1949180,Nocturama,2022-04-21,2022-04,steam_store_search,False,True,STEAM_ONLY,True,,,,,,,Nocturama,Free,True,https://store.steampowered.com/app/1949180/,
1959900,转生成为史莱姆的我变成了美少女的宠物,2022-04-21,2022-04,steam_store_search,False,True,STEAM_ONLY,True,,,,,,,转生成为史莱姆的我变成了美少女的宠物,$0.99,False,https://store.steampowered.com/app/1959900/,
1837840,CatMxn: Chapter 1,2022-04-22,2022-04,steam_store_search,False,True,STEAM_ONLY,True,,,,,,,CatMxn: Chapter 1,$2.99,False,https://store.steampowered.com/app/1837840/,
1962540,Still Heroes,2022-04-22,2022-04,steam_store_search,False,True,STEAM_ONLY,True,,,,,,,Still Heroes,$4.99,False,https://store.steampowered.com/app/1962540/,
1899800,Raisond'etre,2022-04-26,2022-04,steam_store_search,False,True,STEAM_ONLY,True,,,,,,,Raisond'etre,$5.99,False,https://store.steampowered.com/app/1899800/,
1681970,神都不良探 Underdog Detective,2022-04-27,2022-04,steam_store_search,False,True,STEAM_ONLY,True,,,,,,,神都不良探 Underdog Detective,$7.99,False,https://store.steampowered.com/app/1681970/,
1348750,Hearts of the Dungeon List,2022-04-29,2022-04,steam_store_search,False,True,STEAM_ONLY,True,,,,,,,Hearts of the Dungeon List,$12.99,False,https://store.steampowered.com/app/1348750/,
1878710,Crowd Sign: Emission,2022-05-01,2022-05,steam_store_search,False,True,STEAM_ONLY,True,,,,,,,Crowd Sign: Emission,$1.99,False,https://store.steampowered.com/app/1878710/,
1965840,Mini Mecum,2022-05-01,2022-05,steam_store_search,False,True,STEAM_ONLY,True,,,,,,,Mini Mecum,$4.99,False,https://store.steampowered.com/app/1965840/,
1957270,The Missing Thing,2022-05-01,2022-05,steam_store_search,False,True,STEAM_ONLY,True,,,,,,,The Missing Thing,$2.99,False,https://store.steampowered.com/app/1957270/,
1956370,WTF Do You Know?,2022-05-02,2022-05,steam_store_search,False,True,STEAM_ONLY,True,,,,,,,WTF Do You Know?,$1.99,False,https://store.steampowered.com/app/1956370/,
1913230,Dere-chat,2022-05-05,2022-05,steam_store_search,False,True,STEAM_ONLY,True,,,,,,,Dere-chat,$0.99,False,https://store.steampowered.com/app/1913230/,
1947350,Heartstop,2022-05-05,2022-05,steam_store_search,False,True,STEAM_ONLY,True,,,,,,,Heartstop,$4.99,False,https://store.steampowered.com/app/1947350/,
1879380,Paper Bride 2 Zangling Village,2022-05-05,2022-05,steam_store_search,False,True,STEAM_ONLY,True,,,,,,,Paper Bride 2 Zangling Village,$9.99,False,https://store.steampowered.com/app/1879380/,
1792270,Sky Caravan,2022-05-05,2022-05,steam_store_search,False,True,STEAM_ONLY,True,,,,,,,Sky Caravan,$9.99,False,https://store.steampowered.com/app/1792270/,
1899680,最適解 Saitekikai Spy Simulator,2022-05-08,2022-05,steam_store_search,False,True,STEAM_ONLY,True,,,,,,,最適解 Saitekikai Spy Simulator,Free,True,https://store.steampowered.com/app/1899680/,
1973130,Island of Aito,2022-05-09,2022-05,steam_store_search,False,True,STEAM_ONLY,True,,,,,,,Island of Aito,$5.99,False,https://store.steampowered.com/app/1973130/,
1972970,Late photographer 4,2022-05-10,2022-05,steam_store_search,False,True,STEAM_ONLY,True,,,,,,,Late photographer 4,$1.99,False,https://store.steampowered.com/app/1972970/,
1899760,Maneater and the Golden Teacher,2022-05-10,2022-05,steam_store_search,False,True,STEAM_ONLY,True,,,,,,,Maneater and the Golden Teacher,Free,True,https://store.steampowered.com/app/1899760/,
1966440,School Sweets Discovery ～granulated sugar edition～,2022-05-10,2022-05,steam_store_search,False,True,STEAM_ONLY,True,,,,,,,School Sweets Discovery ～granulated sugar edition～,Free,True,https://store.steampowered.com/app/1966440/,
1865050,Hellfire 1988: An Oregon Story,2022-05-11,2022-05,steam_store_search,False,True,STEAM_ONLY,True,,,,,,,Hellfire 1988: An Oregon Story,$0.99,False,https://store.steampowered.com/app/1865050/,
1951380,Diptych: The Great War,2022-05-12,2022-05,steam_store_search,False,True,STEAM_ONLY,True,,,,,,,Diptych: The Great War,$9.99,False,https://store.steampowered.com/app/1951380/,
1955970,Something Weird in Space - A Hidden Object Adventure,2022-05-12,2022-05,steam_store_search,False,True,STEAM_ONLY,True,,,,,,,Something Weird in Space - A Hidden Object Adventure,$8.99,False,https://store.steampowered.com/app/1955970/,
1796080,Hero King Quest: Peacemaker Prologue,2022-05-13,2022-05,steam_store_search,False,True,STEAM_ONLY,True,,,,,,,Hero King Quest: Peacemaker Prologue,-25%,False,https://store.steampowered.com/app/1796080/,
1815010,Maid Knight Alicia,2022-05-13,2022-05,steam_store_search,False,True,STEAM_ONLY,True,,,,,,,Maid Knight Alicia,$8.99,False,https://store.steampowered.com/app/1815010/,
1765990,PuckOFF,2022-05-13,2022-05,steam_store_search,False,True,STEAM_ONLY,True,,,,,,,PuckOFF,$19.99,False,https://store.steampowered.com/app/1765990/,
1899400,Rolling in the Maze,2022-05-13,2022-05,steam_store_search,False,True,STEAM_ONLY,True,,,,,,,Rolling in the Maze,$1.99,False,https://store.steampowered.com/app/1899400/,
1967950,Moi Mei: Hidden Objects,2022-05-18,2022-05,steam_store_search,False,True,STEAM_ONLY,True,,,,,,,Moi Mei: Hidden Objects,$9.99,False,https://store.steampowered.com/app/1967950/,
1990550,Late photographer 5,2022-05-19,2022-05,steam_store_search,False,True,STEAM_ONLY,True,,,,,,,Late photographer 5,$2.99,False,https://store.steampowered.com/app/1990550/,
1954050,Memory Shards,2022-05-19,2022-05,steam_store_search,False,True,STEAM_ONLY,True,,,,,,,Memory Shards,$1.99,False,https://store.steampowered.com/app/1954050/,
1986630,Royal Legends: Raised in Exile Collector's Edition,2022-05-19,2022-05,steam_store_search,False,True,STEAM_ONLY,True,,,,,,,Royal Legends: Raised in Exile Collector's Edition,$7.99,False,https://store.steampowered.com/app/1986630/,
1879820,Will Die Alone,2022-05-19,2022-05,steam_store_search,False,True,STEAM_ONLY,True,,,,,,,Will Die Alone,$4.99,False,https://store.steampowered.com/app/1879820/,
1977440,Thieves' Paradise,2022-05-21,2022-05,steam_store_search,False,True,STEAM_ONLY,True,,,,,,,Thieves' Paradise,Free,True,https://store.steampowered.com/app/1977440/,
1442040,我反对这门亲事-I'm against this marriage,2022-05-22,2022-05,steam_store_search,False,True,STEAM_ONLY,True,,,,,,,我反对这门亲事-I'm against this marriage,$5.99,False,https://store.steampowered.com/app/1442040/,
1047170,Forgotten Fables: Wolves on the Westwind,2022-05-25,2022-05,steam_store_search,False,True,STEAM_ONLY,True,,,,,,,Forgotten Fables: Wolves on the Westwind,$19.99,False,https://store.steampowered.com/app/1047170/,
1153210,Bartender Hustle,2022-05-27,2022-05,steam_store_search,False,True,STEAM_ONLY,True,,,,,,,Bartender Hustle,$14.99,False,https://store.steampowered.com/app/1153210/,
1876150,Melania,2022-05-30,2022-05,steam_store_search,False,True,STEAM_ONLY,True,,,,,,,Melania,$4.99,False,https://store.steampowered.com/app/1876150/,
1862420,Spryward,2022-05-31,2022-05,steam_store_search,False,True,STEAM_ONLY,True,,,,,,,Spryward,$6.99,False,https://store.steampowered.com/app/1862420/,
1888750,PATIENT,2022-06-01,2022-06,steam_store_search,False,True,STEAM_ONLY,True,,,,,,,PATIENT,$0.99,False,https://store.steampowered.com/app/1888750/,
1489470,Do You See the Waving Cape,2022-06-02,2022-06,steam_store_search,False,True,STEAM_ONLY,True,,,,,,,Do You See the Waving Cape,$4.99,False,https://store.steampowered.com/app/1489470/,
1859630,Jean and Josie,2022-06-02,2022-06,steam_store_search,False,True,STEAM_ONLY,True,,,,,,,Jean and Josie,-50%,False,https://store.steampowered.com/app/1859630/,
1987060,The Journey - Episode 2: Words of Wisdom,2022-06-06,2022-06,steam_store_search,False,True,STEAM_ONLY,True,,,,,,,The Journey - Episode 2: Words of Wisdom,$1.99,False,https://store.steampowered.com/app/1987060/,
398990,The Last Taxi,2022-06-07,2022-06,steam_store_search,False,True,STEAM_ONLY,True,,,,,,,The Last Taxi,-17%,False,https://store.steampowered.com/app/398990/,
1988630,佩尔霍宁,2022-06-07,2022-06,steam_store_search,False,True,STEAM_ONLY,True,,,,,,,佩尔霍宁,Free,True,https://store.steampowered.com/app/1988630/,
2006530,Adventures at the North Pole,2022-06-08,2022-06,steam_store_search,False,True,STEAM_ONLY,True,,,,,,,Adventures at the North Pole,$9.99,False,https://store.steampowered.com/app/2006530/,
1251930,My Lovely Wife,2022-06-08,2022-06,steam_store_search,False,True,STEAM_ONLY,True,,,,,,,My Lovely Wife,$14.99,False,https://store.steampowered.com/app/1251930/,
2010250,Psycho地雷InLove : 싸이코지라이 인 러브,2022-06-08,2022-06,steam_store_search,False,True,STEAM_ONLY,True,,,,,,,Psycho地雷InLove : 싸이코지라이 인 러브,Free,True,https://store.steampowered.com/app/2010250/,
1913160,COPS 2170 The Power of Law,2022-06-10,2022-06,steam_store_search,False,True,STEAM_ONLY,True,,,,,,,COPS 2170 The Power of Law,$11.99,False,https://store.steampowered.com/app/1913160/,
1989090,Summer Photo Album,2022-06-10,2022-06,steam_store_search,False,True,STEAM_ONLY,True,,,,,,,Summer Photo Album,$0.99,False,https://store.steampowered.com/app/1989090/,
618420,【NekoGakuen】《MatthiolaReverieVerse:LostIsland》,2022-06-11,2022-06,steam_store_search,False,True,STEAM_ONLY,True,,,,,,,【NekoGakuen】《MatthiolaReverieVerse:LostIsland》,Free,True,https://store.steampowered.com/app/618420/,
2013480,Mugsy & Mugsy's Revenge,2022-06-13,2022-06,steam_store_search,False,True,STEAM_ONLY,True,,,,,,,Mugsy & Mugsy's Revenge,$3.99,False,https://store.steampowered.com/app/2013480/,
1951970,Abedot Family Estate: Search For Hidden Objects,2022-06-14,2022-06,steam_store_search,False,True,STEAM_ONLY,True,,,,,,,Abedot Family Estate: Search For Hidden Objects,$9.99,False,https://store.steampowered.com/app/1951970/,
2011470,大侠请重来,2022-06-14,2022-06,steam_store_search,False,True,STEAM_ONLY,True,,,,,,,大侠请重来,$1.99,False,https://store.steampowered.com/app/2011470/,
1547410,DnD Adventure: Wizard's Choice,2022-06-15,2022-06,steam_store_search,False,True,STEAM_ONLY,True,,,,,,,DnD Adventure: Wizard's Choice,$4.99,False,https://store.steampowered.com/app/1547410/,
1520880,The Last Bastion,2022-06-15,2022-06,steam_store_search,False,True,STEAM_ONLY,True,,,,,,,The Last Bastion,$14.99,False,https://store.steampowered.com/app/1520880/,
1826160,The Asmodian Princesses and the Witch in the Forest,2022-06-17,2022-06,steam_store_search,False,True,STEAM_ONLY,True,,,,,,,The Asmodian Princesses and the Witch in the Forest,$24.99,False,https://store.steampowered.com/app/1826160/,
2017890,My Dream is a Lost Memory,2022-06-18,2022-06,steam_store_search,False,True,STEAM_ONLY,True,,,,,,,My Dream is a Lost Memory,$0.99,False,https://store.steampowered.com/app/2017890/,
1981860,Green Diver,2022-06-20,2022-06,steam_store_search,False,True,STEAM_ONLY,True,,,,,,,Green Diver,$19.99,False,https://store.steampowered.com/app/1981860/,
2006310,我感染HIV了吗,2022-06-20,2022-06,steam_store_search,False,True,STEAM_ONLY,True,,,,,,,我感染HIV了吗,$0.99,False,https://store.steampowered.com/app/2006310/,
1514730,The Dream of Shadowlands Episode 2,2022-06-22,2022-06,steam_store_search,False,True,STEAM_ONLY,True,,,,,,,The Dream of Shadowlands Episode 2,$3.99,False,https://store.steampowered.com/app/1514730/,
1908870,"""LIFE"" not found;",2022-06-23,2022-06,steam_store_search,False,True,STEAM_ONLY,True,,,,,,,"""LIFE"" not found;",Free,True,https://store.steampowered.com/app/1908870/,
1823330,Faircroft's Antiques: The Mountaineer's Legacy,2022-06-23,2022-06,steam_store_search,False,True,STEAM_ONLY,True,,,,,,,Faircroft's Antiques: The Mountaineer's Legacy,$9.99,False,https://store.steampowered.com/app/1823330/,
1992120,Gamebook Edgar A. Poe: The Oval Portrait,2022-06-23,2022-06,steam_store_search,False,True,STEAM_ONLY,True,,,,,,,Gamebook Edgar A. Poe: The Oval Portrait,Free,True,https://store.steampowered.com/app/1992120/,
1960890,Jishogi,2022-06-23,2022-06,steam_store_search,False,True,STEAM_ONLY,True,,,,,,,Jishogi,-30%,False,https://store.steampowered.com/app/1960890/,
2017230,Dimensions of Mind,2022-06-24,2022-06,steam_store_search,False,True,STEAM_ONLY,True,,,,,,,Dimensions of Mind,$2.99,False,https://store.steampowered.com/app/2017230/,
1950920,Vacuum Story,2022-06-24,2022-06,steam_store_search,False,True,STEAM_ONLY,True,,,,,,,Vacuum Story,$0.99,False,https://store.steampowered.com/app/1950920/,
2026580,Bolu,2022-06-25,2022-06,steam_store_search,False,True,STEAM_ONLY,True,,,,,,,Bolu,$4.99,False,https://store.steampowered.com/app/2026580/,
1854580,In The Space - Escape Room,2022-06-27,2022-06,steam_store_search,False,True,STEAM_ONLY,True,,,,,,,In The Space - Escape Room,$9.99,False,https://store.steampowered.com/app/1854580/,
2008600,Who Stole My Sheep?,2022-06-29,2022-06,steam_store_search,False,True,STEAM_ONLY,True,,,,,,,Who Stole My Sheep?,$4.99,False,https://store.steampowered.com/app/2008600/,
1892210,Explosion™,2022-06-30,2022-06,steam_store_search,False,True,STEAM_ONLY,True,,,,,,,Explosion™,$3.99,False,https://store.steampowered.com/app/1892210/,
1680890,Coldage,2022-07-01,2022-07,steam_store_search,False,True,STEAM_ONLY,True,,,,,,,Coldage,$13.99,False,https://store.steampowered.com/app/1680890/,
1927480,Duks,2022-07-02,2022-07,steam_store_search,False,True,STEAM_ONLY,True,,,,,,,Duks,$1.99,False,https://store.steampowered.com/app/1927480/,
1987160,The Kobolds Left Behind,2022-07-07,2022-07,steam_store_search,False,True,STEAM_ONLY,True,,,,,,,The Kobolds Left Behind,$5.99,False,https://store.steampowered.com/app/1987160/,
1706980,Bookstore Simulator,2022-07-08,2022-07,steam_store_search,False,True,STEAM_ONLY,True,,,,,,,Bookstore Simulator,$9.99,False,https://store.steampowered.com/app/1706980/,
2065920,Dark Jungle,2022-07-08,2022-07,steam_store_search,False,True,STEAM_ONLY,True,,,,,,,Dark Jungle,$4.99,False,https://store.steampowered.com/app/2065920/,
2055390,11号小镇综合症,2022-07-10,2022-07,steam_store_search,False,True,STEAM_ONLY,True,,,,,,,11号小镇综合症,Free,True,https://store.steampowered.com/app/2055390/,
1981380,Static of Eve –凝滯聖夜–,2022-07-10,2022-07,steam_store_search,False,True,STEAM_ONLY,True,,,,,,,Static of Eve –凝滯聖夜–,Free,True,https://store.steampowered.com/app/1981380/,
1972890,Nell Watson's Founder Life,2022-07-11,2022-07,steam_store_search,False,True,STEAM_ONLY,True,,,,,,,Nell Watson's Founder Life,Free,True,https://store.steampowered.com/app/1972890/,
2021220,White Paper,2022-07-12,2022-07,steam_store_search,False,True,STEAM_ONLY,True,,,,,,,White Paper,$19.99,False,https://store.steampowered.com/app/2021220/,
1812090,Escape Academy,2022-07-13,2022-07,steam_store_search,False,True,STEAM_ONLY,True,,,,,,,Escape Academy,$19.99,False,https://store.steampowered.com/app/1812090/,
1997920,Isolania,2022-07-13,2022-07,steam_store_search,False,True,STEAM_ONLY,True,,,,,,,Isolania,$4.99,False,https://store.steampowered.com/app/1997920/,
2052290,曦Lost girl,2022-07-14,2022-07,steam_store_search,False,True,STEAM_ONLY,True,,,,,,,曦Lost girl,Free,True,https://store.steampowered.com/app/2052290/,
1731200,TRATRITLE,2022-07-15,2022-07,steam_store_search,False,True,STEAM_ONLY,True,,,,,,,TRATRITLE,$19.99,False,https://store.steampowered.com/app/1731200/,
2073370,Ansiolisis,2022-07-19,2022-07,steam_store_search,False,True,STEAM_ONLY,True,,,,,,,Ansiolisis,$1.99,False,https://store.steampowered.com/app/2073370/,
2075960,Spirits Chronicles: Flower Of Hope Collector's Edition,2022-07-19,2022-07,steam_store_search,False,True,STEAM_ONLY,True,,,,,,,Spirits Chronicles: Flower Of Hope Collector's Edition,$7.99,False,https://store.steampowered.com/app/2075960/,
2027530,non-binary,2022-07-19,2022-07,steam_store_search,False,True,STEAM_ONLY,True,,,,,,,non-binary,Free,True,https://store.steampowered.com/app/2027530/,
1691970,Danganronpa S: Ultimate Summer Camp,2022-07-20,2022-07,steam_store_search,False,True,STEAM_ONLY,True,,,,,,,Danganronpa S: Ultimate Summer Camp,$19.99,False,https://store.steampowered.com/app/1691970/,
2077970,Finding Felicia,2022-07-21,2022-07,steam_store_search,False,True,STEAM_ONLY,True,,,,,,,Finding Felicia,$4.99,False,https://store.steampowered.com/app/2077970/,
1842900,Hell of Sins: soul,2022-07-21,2022-07,steam_store_search,False,True,STEAM_ONLY,True,,,,,,,Hell of Sins: soul,-45%,False,https://store.steampowered.com/app/1842900/,
1907290,Pathogen,2022-07-21,2022-07,steam_store_search,False,True,STEAM_ONLY,True,,,,,,,Pathogen,$5.99,False,https://store.steampowered.com/app/1907290/,
1917310,Who is the hero of this Game,2022-07-24,2022-07,steam_store_search,False,True,STEAM_ONLY,True,,,,,,,Who is the hero of this Game,$4.99,False,https://store.steampowered.com/app/1917310/,
2069500,FallingStarTown: The Ghost From Past,2022-07-26,2022-07,steam_store_search,False,True,STEAM_ONLY,True,,,,,,,FallingStarTown: The Ghost From Past,$1.99,False,https://store.steampowered.com/app/2069500/,
1905230,Hinter,2022-07-26,2022-07,steam_store_search,False,True,STEAM_ONLY,True,,,,,,,Hinter,$3.99,False,https://store.steampowered.com/app/1905230/,
1811950,The Legend of Heroes: Kuro no Kiseki,2022-07-27,2022-07,steam_store_search,False,True,STEAM_ONLY,True,,,,,,,The Legend of Heroes: Kuro no Kiseki,-50%,False,https://store.steampowered.com/app/1811950/,
1097430,Book of Yog Idle RPG,2022-07-29,2022-07,steam_store_search,False,True,STEAM_ONLY,True,,,,,,,Book of Yog Idle RPG,Free,True,https://store.steampowered.com/app/1097430/,
1869560,Yoko Redux: Dreams of a Blue Planet,2022-07-29,2022-07,steam_store_search,False,True,STEAM_ONLY,True,,,,,,,Yoko Redux: Dreams of a Blue Planet,-75%,False,https://store.steampowered.com/app/1869560/,
2070420,Escape Yourself,2022-08-01,2022-08,steam_store_search,False,True,STEAM_ONLY,True,,,,,,,Escape Yourself,Free,True,https://store.steampowered.com/app/2070420/,
2079530,Lewis Carroll's Alice,2022-08-02,2022-08,steam_store_search,False,True,STEAM_ONLY,True,,,,,,,Lewis Carroll's Alice,$2.99,False,https://store.steampowered.com/app/2079530/,
2077430,Vespa's Test,2022-08-02,2022-08,steam_store_search,False,True,STEAM_ONLY,True,,,,,,,Vespa's Test,Free,True,https://store.steampowered.com/app/2077430/,
1681310,In Your Books,2022-08-03,2022-08,steam_store_search,False,True,STEAM_ONLY,True,,,,,,,In Your Books,$5.99,False,https://store.steampowered.com/app/1681310/,
2061000,Infinity Project: PATTERNS,2022-08-03,2022-08,steam_store_search,False,True,STEAM_ONLY,True,,,,,,,Infinity Project: PATTERNS,$9.99,False,https://store.steampowered.com/app/2061000/,
1822230,Kokoro Clover Season1,2022-08-03,2022-08,steam_store_search,False,True,STEAM_ONLY,True,,,,,,,Kokoro Clover Season1,-50%,False,https://store.steampowered.com/app/1822230/,
1493960,Move 78,2022-08-03,2022-08,steam_store_search,False,True,STEAM_ONLY,True,,,,,,,Move 78,$14.99,False,https://store.steampowered.com/app/1493960/,
1811040,South of the Circle,2022-08-03,2022-08,steam_store_search,False,True,STEAM_ONLY,True,,,,,,,South of the Circle,$12.99,False,https://store.steampowered.com/app/1811040/,
1122700,Hindsight,2022-08-04,2022-08,steam_store_search,False,True,STEAM_ONLY,True,,,,,,,Hindsight,$14.99,False,https://store.steampowered.com/app/1122700/,
2054230,ONCE UPON A TIME IN MOROCCO,2022-08-04,2022-08,steam_store_search,False,True,STEAM_ONLY,True,,,,,,,ONCE UPON A TIME IN MOROCCO,$4.99,False,https://store.steampowered.com/app/2054230/,
1958400,That's Not How it Happened,2022-08-07,2022-08,steam_store_search,False,True,STEAM_ONLY,True,,,,,,,That's Not How it Happened,Free,True,https://store.steampowered.com/app/1958400/,
1727200,Kittens in Post-Apocalyptic Fantasy San Francisco: Battle School for Only the Most Awesome Monsters,2022-08-09,2022-08,steam_store_search,False,True,STEAM_ONLY,True,,,,,,,Kittens in Post-Apocalyptic Fantasy San Francisco: Battle School for Only the Most Awesome Monsters,$10.99,False,https://store.steampowered.com/app/1727200/,
2016840,Al Andalus 711: Epic history battle game,2022-08-10,2022-08,steam_store_search,False,True,STEAM_ONLY,True,,,,,,,Al Andalus 711: Epic history battle game,$4.99,False,https://store.steampowered.com/app/2016840/,
1995680,Twilight bride :VORMSLEGEND,2022-08-10,2022-08,steam_store_search,False,True,STEAM_ONLY,True,,,,,,,Twilight bride :VORMSLEGEND,$7.99,False,https://store.steampowered.com/app/1995680/,
1973710,ヘブンバーンズレッド,2022-08-10,2022-08,steam_store_search,False,True,STEAM_ONLY,True,,,,,,,ヘブンバーンズレッド,Free,True,https://store.steampowered.com/app/1973710/,
1956350,The Appraiser,2022-08-11,2022-08,steam_store_search,False,True,STEAM_ONLY,True,,,,,,,The Appraiser,$4.99,False,https://store.steampowered.com/app/1956350/,
2061140,The Employment Collection,2022-08-13,2022-08,steam_store_search,False,True,STEAM_ONLY,True,,,,,,,The Employment Collection,$4.99,False,https://store.steampowered.com/app/2061140/,
1916920,The Doll Beneath,2022-08-16,2022-08,steam_store_search,False,True,STEAM_ONLY,True,,,,,,,The Doll Beneath,Free,True,https://store.steampowered.com/app/1916920/,
2066110,Dreams with Furry 🦊,2022-08-18,2022-08,steam_store_search,False,True,STEAM_ONLY,True,,,,,,,Dreams with Furry 🦊,-65%,False,https://store.steampowered.com/app/2066110/,
1819660,Eyes Over Us,2022-08-18,2022-08,steam_store_search,False,True,STEAM_ONLY,True,,,,,,,Eyes Over Us,$4.99,False,https://store.steampowered.com/app/1819660/,
1735060,Reed The Robotanist Plus,2022-08-18,2022-08,steam_store_search,False,True,STEAM_ONLY,True,,,,,,,Reed The Robotanist Plus,$4.99,False,https://store.steampowered.com/app/1735060/,
1490340,We Are OFK,2022-08-18,2022-08,steam_store_search,False,True,STEAM_ONLY,True,,,,,,,We Are OFK,$19.99,False,https://store.steampowered.com/app/1490340/,
2080640,First Date : Late To Date,2022-08-19,2022-08,steam_store_search,False,True,STEAM_ONLY,True,,,,,,,First Date : Late To Date,$2.99,False,https://store.steampowered.com/app/2080640/,
1746700,The Alchemist Shop: An Apprentice's Life,2022-08-22,2022-08,steam_store_search,False,True,STEAM_ONLY,True,,,,,,,The Alchemist Shop: An Apprentice's Life,$2.99,False,https://store.steampowered.com/app/1746700/,
1131670,Justin Wack and the Big Time Hack,2022-08-23,2022-08,steam_store_search,False,True,STEAM_ONLY,True,,,,,,,Justin Wack and the Big Time Hack,$19.99,False,https://store.steampowered.com/app/1131670/,
2109010,求闻编年史 ～ Gensokyo Recollection,2022-08-23,2022-08,steam_store_search,False,True,STEAM_ONLY,True,,,,,,,求闻编年史 ～ Gensokyo Recollection,Free,True,https://store.steampowered.com/app/2109010/,
1611060,LA FORET DE PAGO 2 : SOUVENIR DE GLACE,2022-08-24,2022-08,steam_store_search,False,True,STEAM_ONLY,True,,,,,,,LA FORET DE PAGO 2 : SOUVENIR DE GLACE,$11.99,False,https://store.steampowered.com/app/1611060/,
2112150,Fishing Game,2022-08-25,2022-08,steam_store_search,False,True,STEAM_ONLY,True,,,,,,,Fishing Game,Free,True,https://store.steampowered.com/app/2112150/,
1777620,Soul Hackers 2,2022-08-25,2022-08,steam_store_search,False,True,STEAM_ONLY,True,,,,,,,Soul Hackers 2,$59.99,False,https://store.steampowered.com/app/1777620/,
1989740,禁忌taboo,2022-08-25,2022-08,steam_store_search,False,True,STEAM_ONLY,True,,,,,,,禁忌taboo,$2.99,False,https://store.steampowered.com/app/1989740/,
949480,BROK the InvestiGator,2022-08-26,2022-08,steam_store_search,False,True,STEAM_ONLY,True,,,,,,,BROK the InvestiGator,-60%,False,https://store.steampowered.com/app/949480/,
1948780,First Time in Rome,2022-08-26,2022-08,steam_store_search,False,True,STEAM_ONLY,True,,,,,,,First Time in Rome,$11.99,False,https://store.steampowered.com/app/1948780/,
2114020,山间有点田-Sweet In the Mountains,2022-08-26,2022-08,steam_store_search,False,True,STEAM_ONLY,True,,,,,,,山间有点田-Sweet In the Mountains,-35%,False,https://store.steampowered.com/app/2114020/,
1721100,CURSES,2022-08-29,2022-08,steam_store_search,False,True,STEAM_ONLY,True,,,,,,,CURSES,$7.99,False,https://store.steampowered.com/app/1721100/,
1890610,Headpunk: The Comic-Style Battle Chaos,2022-08-29,2022-08,steam_store_search,False,True,STEAM_ONLY,True,,,,,,,Headpunk: The Comic-Style Battle Chaos,$2.99,False,https://store.steampowered.com/app/1890610/,
2053990,The Monster Under Your Skin,2022-08-29,2022-08,steam_store_search,False,True,STEAM_ONLY,True,,,,,,,The Monster Under Your Skin,$2.99,False,https://store.steampowered.com/app/2053990/,
2085160,Buy Hyacinths,2022-08-30,2022-08,steam_store_search,False,True,STEAM_ONLY,True,,,,,,,Buy Hyacinths,Free,True,https://store.steampowered.com/app/2085160/,
2101330,City Legends: Trapped In Mirror Collector's Edition,2022-08-30,2022-08,steam_store_search,False,True,STEAM_ONLY,True,,,,,,,City Legends: Trapped In Mirror Collector's Edition,-60%,False,https://store.steampowered.com/app/2101330/,
1350200,IMMORTALITY,2022-08-30,2022-08,steam_store_search,False,True,STEAM_ONLY,True,,,,,,,IMMORTALITY,$19.99,False,https://store.steampowered.com/app/1350200/,
1970060,Tomboy Adventure,2022-08-30,2022-08,steam_store_search,False,True,STEAM_ONLY,True,,,,,,,Tomboy Adventure,$11.99,False,https://store.steampowered.com/app/1970060/,
2097860,LO FI - A YEAR TO FULFILL MY DREAM.mp3,2022-09-01,2022-09,steam_store_search,False,True,STEAM_ONLY,True,,,,,,,LO FI - A YEAR TO FULFILL MY DREAM.mp3,$6.99,False,https://store.steampowered.com/app/2097860/,
1933650,The Imperial Gatekeeper,2022-09-02,2022-09,steam_store_search,False,True,STEAM_ONLY,True,,,,,,,The Imperial Gatekeeper,$12.99,False,https://store.steampowered.com/app/1933650/,
1992580,Itchy Scratchy,2022-09-05,2022-09,steam_store_search,False,True,STEAM_ONLY,True,,,,,,,Itchy Scratchy,Free,True,https://store.steampowered.com/app/1992580/,
1589490,MeiQi 2022,2022-09-05,2022-09,steam_store_search,False,True,STEAM_ONLY,True,,,,,,,MeiQi 2022,$7.99,False,https://store.steampowered.com/app/1589490/,
1987660,Arc Intelligence,2022-09-06,2022-09,steam_store_search,False,True,STEAM_ONLY,True,,,,,,,Arc Intelligence,$4.99,False,https://store.steampowered.com/app/1987660/,
1967830,武儒绘卷 - 天地奇缘,2022-09-06,2022-09,steam_store_search,False,True,STEAM_ONLY,True,,,,,,,武儒绘卷 - 天地奇缘,$0.99,False,https://store.steampowered.com/app/1967830/,
1999460,E-ON,2022-09-07,2022-09,steam_store_search,False,True,STEAM_ONLY,True,,,,,,,E-ON,$4.99,False,https://store.steampowered.com/app/1999460/,
1848590,Kaichu - The Kaiju Dating Sim,2022-09-07,2022-09,steam_store_search,False,True,STEAM_ONLY,True,,,,,,,Kaichu - The Kaiju Dating Sim,$9.99,False,https://store.steampowered.com/app/1848590/,
1884570,The Gallery,2022-09-08,2022-09,steam_store_search,False,True,STEAM_ONLY,True,,,,,,,The Gallery,$9.99,False,https://store.steampowered.com/app/1884570/,
2125950,HUNDRED FIRES: The rising of red star - EPISODE 2,2022-09-09,2022-09,steam_store_search,False,True,STEAM_ONLY,True,,,,,,,HUNDRED FIRES: The rising of red star - EPISODE 2,$5.99,False,https://store.steampowered.com/app/2125950/,
1669360,Socialism Simulator,2022-09-09,2022-09,steam_store_search,False,True,STEAM_ONLY,True,,,,,,,Socialism Simulator,$3.99,False,https://store.steampowered.com/app/1669360/,
2054340,Witch Story,2022-09-10,2022-09,steam_store_search,False,True,STEAM_ONLY,True,,,,,,,Witch Story,$0.99,False,https://store.steampowered.com/app/2054340/,
2001360,Mystical Riddles: Behind Doll’s Eyes Collector's Edition,2022-09-12,2022-09,steam_store_search,False,True,STEAM_ONLY,True,,,,,,,Mystical Riddles: Behind Doll’s Eyes Collector's Edition,$7.99,False,https://store.steampowered.com/app/2001360/,
1941510,Adventures of the Old Testament - The Bible Video Game,2022-09-14,2022-09,steam_store_search,False,True,STEAM_ONLY,True,,,,,,,Adventures of the Old Testament - The Bible Video Game,$1.99,False,https://store.steampowered.com/app/1941510/,
2129000,Murders at Tealwoods Manor,2022-09-14,2022-09,steam_store_search,False,True,STEAM_ONLY,True,,,,,,,Murders at Tealwoods Manor,Free,True,https://store.steampowered.com/app/2129000/,
2129290,Scary School Simulator,2022-09-14,2022-09,steam_store_search,False,True,STEAM_ONLY,True,,,,,,,Scary School Simulator,$9.99,False,https://store.steampowered.com/app/2129290/,
1528020,Afterlife VR,2022-09-15,2022-09,steam_store_search,False,True,STEAM_ONLY,True,,,,,,,Afterlife VR,$14.99,False,https://store.steampowered.com/app/1528020/,
2121190,Hermit Home Designer,2022-09-15,2022-09,steam_store_search,False,True,STEAM_ONLY,True,,,,,,,Hermit Home Designer,Free,True,https://store.steampowered.com/app/2121190/,
1983580,There Swings a Skull: Grim Tidings,2022-09-15,2022-09,steam_store_search,False,True,STEAM_ONLY,True,,,,,,,There Swings a Skull: Grim Tidings,$6.98,False,https://store.steampowered.com/app/1983580/,
1647770,Ankora: Lost Days,2022-09-16,2022-09,steam_store_search,False,True,STEAM_ONLY,True,,,,,,,Ankora: Lost Days,$14.99,False,https://store.steampowered.com/app/1647770/,
1145130,卖萌恶霸喵霸霸 Cute Bully Nyanbaba,2022-09-16,2022-09,steam_store_search,False,True,STEAM_ONLY,True,,,,,,,卖萌恶霸喵霸霸 Cute Bully Nyanbaba,$0.99,False,https://store.steampowered.com/app/1145130/,
2133580,Mimetic Love,2022-09-19,2022-09,steam_store_search,False,True,STEAM_ONLY,True,,,,,,,Mimetic Love,$9.99,False,https://store.steampowered.com/app/2133580/,
1725360,looK INside - Chapter 2,2022-09-19,2022-09,steam_store_search,False,True,STEAM_ONLY,True,,,,,,,looK INside - Chapter 2,$6.99,False,https://store.steampowered.com/app/1725360/,
1692340,Unknown Number: A First Person Talker,2022-09-21,2022-09,steam_store_search,False,True,STEAM_ONLY,True,,,,,,,Unknown Number: A First Person Talker,$14.99,False,https://store.steampowered.com/app/1692340/,
1269640,Beacon Pines,2022-09-22,2022-09,steam_store_search,False,True,STEAM_ONLY,True,,,,,,,Beacon Pines,$19.99,False,https://store.steampowered.com/app/1269640/,
2101340,Maze Of Realities: Reflection Of Light Collector's Edition,2022-09-22,2022-09,steam_store_search,False,True,STEAM_ONLY,True,,,,,,,Maze Of Realities: Reflection Of Light Collector's Edition,$7.99,False,https://store.steampowered.com/app/2101340/,
2100830,The Imaginary Circle,2022-09-23,2022-09,steam_store_search,False,True,STEAM_ONLY,True,,,,,,,The Imaginary Circle,$4.99,False,https://store.steampowered.com/app/2100830/,
1902730,The Pathema 疫途,2022-09-23,2022-09,steam_store_search,False,True,STEAM_ONLY,True,,,,,,,The Pathema 疫途,$1.99,False,https://store.steampowered.com/app/1902730/,
1557410,BLACK WITCHCRAFT,2022-09-26,2022-09,steam_store_search,False,True,STEAM_ONLY,True,,,,,,,BLACK WITCHCRAFT,$9.99,False,https://store.steampowered.com/app/1557410/,
1939790,Paper Bride 3 Unresolved Love,2022-09-28,2022-09,steam_store_search,False,True,STEAM_ONLY,True,,,,,,,Paper Bride 3 Unresolved Love,$9.99,False,https://store.steampowered.com/app/1939790/,
1873440,I Am Two People,2022-09-30,2022-09,steam_store_search,False,True,STEAM_ONLY,True,,,,,,,I Am Two People,$5.99,False,https://store.steampowered.com/app/1873440/,
2122550,Mushroom Card RPG,2022-10-04,2022-10,steam_store_search,False,True,STEAM_ONLY,True,,,,,,,Mushroom Card RPG,$17.99,False,https://store.steampowered.com/app/2122550/,
2021170,The Grim Nightmare of Nibras,2022-10-05,2022-10,steam_store_search,False,True,STEAM_ONLY,True,,,,,,,The Grim Nightmare of Nibras,$19.99,False,https://store.steampowered.com/app/2021170/,
2010200,Chuhou Joutai 3: Three Nights of Scarlet Abscess,2022-10-06,2022-10,steam_store_search,False,True,STEAM_ONLY,True,,,,,,,Chuhou Joutai 3: Three Nights of Scarlet Abscess,$4.99,False,https://store.steampowered.com/app/2010200/,
2153570,Flawless,2022-10-06,2022-10,steam_store_search,False,True,STEAM_ONLY,True,,,,,,,Flawless,Free,True,https://store.steampowered.com/app/2153570/,
1986250,ヒロイン忍法帖 姫影・ 壱／Pretty Ninja HIMEKAGE_01,2022-10-06,2022-10,steam_store_search,False,True,STEAM_ONLY,True,,,,,,,ヒロイン忍法帖 姫影・ 壱／Pretty Ninja HIMEKAGE_01,$3.99,False,https://store.steampowered.com/app/1986250/,
1617280,Mezzanine,2022-10-07,2022-10,steam_store_search,False,True,STEAM_ONLY,True,,,,,,,Mezzanine,Free,True,https://store.steampowered.com/app/1617280/,
2128610,The Blood Amulet,2022-10-09,2022-10,steam_store_search,False,True,STEAM_ONLY,True,,,,,,,The Blood Amulet,$12.99,False,https://store.steampowered.com/app/2128610/,
1890680,Milk Girl -Sweet memories of summer,2022-10-12,2022-10,steam_store_search,False,True,STEAM_ONLY,True,,,,,,,Milk Girl -Sweet memories of summer,$14.99,False,https://store.steampowered.com/app/1890680/,
1968570,The Quintessential Quintuplets OMOIDE VR ~ITSUKI~,2022-10-12,2022-10,steam_store_search,False,True,STEAM_ONLY,True,,,,,,,The Quintessential Quintuplets OMOIDE VR ~ITSUKI~,$24.99,False,https://store.steampowered.com/app/1968570/,
1919090,Embers of the Zombie Battlemage: Halloween,2022-10-13,2022-10,steam_store_search,False,True,STEAM_ONLY,True,,,,,,,Embers of the Zombie Battlemage: Halloween,$9.99,False,https://store.steampowered.com/app/1919090/,
2171970,Unified,2022-10-14,2022-10,steam_store_search,False,True,STEAM_ONLY,True,,,,,,,Unified,Free,True,https://store.steampowered.com/app/2171970/,
2128570,海峡の故郷,2022-10-14,2022-10,steam_store_search,False,True,STEAM_ONLY,True,,,,,,,海峡の故郷,$4.99,False,https://store.steampowered.com/app/2128570/,
965990,Destiny's Sword,2022-10-17,2022-10,steam_store_search,False,True,STEAM_ONLY,True,,,,,,,Destiny's Sword,$8.99,False,https://store.steampowered.com/app/965990/,
2152190,Zombie Apocalypse Survival Simulator,2022-10-17,2022-10,steam_store_search,False,True,STEAM_ONLY,True,,,,,,,Zombie Apocalypse Survival Simulator,$1.99,False,https://store.steampowered.com/app/2152190/,
1869580,Riley & Rochelle,2022-10-18,2022-10,steam_store_search,False,True,STEAM_ONLY,True,,,,,,,Riley & Rochelle,$9.99,False,https://store.steampowered.com/app/1869580/,
2170890,Missing Pieces,2022-10-19,2022-10,steam_store_search,False,True,STEAM_ONLY,True,,,,,,,Missing Pieces,Free,True,https://store.steampowered.com/app/2170890/,
1855490,Elemental War: Dawn of the Crystals,2022-10-20,2022-10,steam_store_search,False,True,STEAM_ONLY,True,,,,,,,Elemental War: Dawn of the Crystals,$1.99,False,https://store.steampowered.com/app/1855490/,
1454970,New Tales from the Borderlands,2022-10-20,2022-10,steam_store_search,False,True,STEAM_ONLY,True,,,,,,,New Tales from the Borderlands,$39.99,False,https://store.steampowered.com/app/1454970/,
2163040,DOORS,2022-10-21,2022-10,steam_store_search,False,True,STEAM_ONLY,True,,,,,,,DOORS,$2.99,False,https://store.steampowered.com/app/2163040/,
1665190,Monster Prom 3: Monster Roadtrip,2022-10-21,2022-10,steam_store_search,False,True,STEAM_ONLY,True,,,,,,,Monster Prom 3: Monster Roadtrip,-65%,False,https://store.steampowered.com/app/1665190/,
2128990,Gold Of Lotusland,2022-10-25,2022-10,steam_store_search,False,True,STEAM_ONLY,True,,,,,,,Gold Of Lotusland,$4.99,False,https://store.steampowered.com/app/2128990/,
1940090,Murder Is Game Over,2022-10-25,2022-10,steam_store_search,False,True,STEAM_ONLY,True,,,,,,,Murder Is Game Over,$4.99,False,https://store.steampowered.com/app/1940090/,
1821070,Grey Block,2022-10-26,2022-10,steam_store_search,False,True,STEAM_ONLY,True,,,,,,,Grey Block,$9.99,False,https://store.steampowered.com/app/1821070/,
2157100,The Villager and the Werewolf - A jigsaw puzzle tale,2022-10-26,2022-10,steam_store_search,False,True,STEAM_ONLY,True,,,,,,,The Villager and the Werewolf - A jigsaw puzzle tale,$1.99,False,https://store.steampowered.com/app/2157100/,
1776080,LiveScream,2022-10-27,2022-10,steam_store_search,False,True,STEAM_ONLY,True,,,,,,,LiveScream,$2.99,False,https://store.steampowered.com/app/1776080/,
1915240,Sparkle Milla: Eight Genetic Abnormalities and a Blood Ghost,2022-10-27,2022-10,steam_store_search,False,True,STEAM_ONLY,True,,,,,,,Sparkle Milla: Eight Genetic Abnormalities and a Blood Ghost,$7.99,False,https://store.steampowered.com/app/1915240/,
2165370,Ankora: Lost Days - Prologue,2022-10-28,2022-10,steam_store_search,False,True,STEAM_ONLY,True,,,,,,,Ankora: Lost Days - Prologue,Free,True,https://store.steampowered.com/app/2165370/,
1825160,The Backrooms,2022-10-28,2022-10,steam_store_search,False,True,STEAM_ONLY,True,,,,,,,The Backrooms,-60%,False,https://store.steampowered.com/app/1825160/,
2073710,Tomb of Mask,2022-10-30,2022-10,steam_store_search,False,True,STEAM_ONLY,True,,,,,,,Tomb of Mask,$9.99,False,https://store.steampowered.com/app/2073710/,
2059480,Interrogation Simulator,2022-10-31,2022-10,steam_store_search,False,True,STEAM_ONLY,True,,,,,,,Interrogation Simulator,$1.99,False,https://store.steampowered.com/app/2059480/,
2057970,Rainy Butcher,2022-10-31,2022-10,steam_store_search,False,True,STEAM_ONLY,True,,,,,,,Rainy Butcher,$5.99,False,https://store.steampowered.com/app/2057970/,
1981000,Vintage Records from Hell,2022-10-31,2022-10,steam_store_search,False,True,STEAM_ONLY,True,,,,,,,Vintage Records from Hell,$14.99,False,https://store.steampowered.com/app/1981000/,
2174600,Fairyside,2022-11-01,2022-11,steam_store_search,False,True,STEAM_ONLY,True,,,,,,,Fairyside,Free,True,https://store.steampowered.com/app/2174600/,
2002200,Future Mirror,2022-11-01,2022-11,steam_store_search,False,True,STEAM_ONLY,True,,,,,,,Future Mirror,$6.99,False,https://store.steampowered.com/app/2002200/,
1629940,A Walk With Yiayia,2022-11-03,2022-11,steam_store_search,False,True,STEAM_ONLY,True,,,,,,,A Walk With Yiayia,$7.99,False,https://store.steampowered.com/app/1629940/,
2186740,Darkness Reborn,2022-11-03,2022-11,steam_store_search,False,True,STEAM_ONLY,True,,,,,,,Darkness Reborn,$1.99,False,https://store.steampowered.com/app/2186740/,
1981500,Archmage Ricka,2022-11-04,2022-11,steam_store_search,False,True,STEAM_ONLY,True,,,,,,,Archmage Ricka,$8.99,False,https://store.steampowered.com/app/1981500/,
2082950,Hansel And Gretel,2022-11-04,2022-11,steam_store_search,False,True,STEAM_ONLY,True,,,,,,,Hansel And Gretel,Free,True,https://store.steampowered.com/app/2082950/,
1886270,Juno 06,2022-11-04,2022-11,steam_store_search,False,True,STEAM_ONLY,True,,,,,,,Juno 06,$9.99,False,https://store.steampowered.com/app/1886270/,
2189420,骸心 Mainbody,2022-11-06,2022-11,steam_store_search,False,True,STEAM_ONLY,True,,,,,,,骸心 Mainbody,$0.99,False,https://store.steampowered.com/app/2189420/,
1932280,Medieval Fantasy Survival Simulator 2: Gladiator Edition,2022-11-07,2022-11,steam_store_search,False,True,STEAM_ONLY,True,,,,,,,Medieval Fantasy Survival Simulator 2: Gladiator Edition,$1.99,False,https://store.steampowered.com/app/1932280/,
2183590,Urban Night Battle Girl,2022-11-08,2022-11,steam_store_search,False,True,STEAM_ONLY,True,,,,,,,Urban Night Battle Girl,$1.99,False,https://store.steampowered.com/app/2183590/,
2193580,Cocktail Rush,2022-11-09,2022-11,steam_store_search,False,True,STEAM_ONLY,True,,,,,,,Cocktail Rush,$9.99,False,https://store.steampowered.com/app/2193580/,
1053390,Kowloon High-School Chronicle,2022-11-09,2022-11,steam_store_search,False,True,STEAM_ONLY,True,,,,,,,Kowloon High-School Chronicle,$19.99,False,https://store.steampowered.com/app/1053390/,
2179060,A hundred kinds of your smile,2022-11-10,2022-11,steam_store_search,False,True,STEAM_ONLY,True,,,,,,,A hundred kinds of your smile,$1.99,False,https://store.steampowered.com/app/2179060/,
1973970,雀皇麻雀,2022-11-10,2022-11,steam_store_search,False,True,STEAM_ONLY,True,,,,,,,雀皇麻雀,Free,True,https://store.steampowered.com/app/1973970/,
1975340,HAITENAI RPG,2022-11-11,2022-11,steam_store_search,False,True,STEAM_ONLY,True,,,,,,,HAITENAI RPG,$24.99,False,https://store.steampowered.com/app/1975340/,
2191670,Nyanco Impact,2022-11-11,2022-11,steam_store_search,False,True,STEAM_ONLY,True,,,,,,,Nyanco Impact,Free,True,https://store.steampowered.com/app/2191670/,
2196280,查理公馆事件簿,2022-11-11,2022-11,steam_store_search,False,True,STEAM_ONLY,True,,,,,,,查理公馆事件簿,$0.99,False,https://store.steampowered.com/app/2196280/,
2167220,The Bible,2022-11-14,2022-11,steam_store_search,False,True,STEAM_ONLY,True,,,,,,,The Bible,$4.99,False,https://store.steampowered.com/app/2167220/,
2020950,Immortelle,2022-11-15,2022-11,steam_store_search,False,True,STEAM_ONLY,True,,,,,,,Immortelle,$3.99,False,https://store.steampowered.com/app/2020950/,
2193270,Krusenstern: A Stellar Sail,2022-11-15,2022-11,steam_store_search,False,True,STEAM_ONLY,True,,,,,,,Krusenstern: A Stellar Sail,Free,True,https://store.steampowered.com/app/2193270/,
2188180,Maruja Mallo,2022-11-15,2022-11,steam_store_search,False,True,STEAM_ONLY,True,,,,,,,Maruja Mallo,Free,True,https://store.steampowered.com/app/2188180/,
2203350,Royal Romances: Battle of the Woods Collector's Edition,2022-11-15,2022-11,steam_store_search,False,True,STEAM_ONLY,True,,,,,,,Royal Romances: Battle of the Woods Collector's Edition,$7.99,False,https://store.steampowered.com/app/2203350/,
1603720,Thy Creature,2022-11-15,2022-11,steam_store_search,False,True,STEAM_ONLY,True,,,,,,,Thy Creature,$19.99,False,https://store.steampowered.com/app/1603720/,
1833490,GOODBYE WORLD,2022-11-16,2022-11,steam_store_search,False,True,STEAM_ONLY,True,,,,,,,GOODBYE WORLD,$11.99,False,https://store.steampowered.com/app/1833490/,
1962430,Monochrome Mobius: Rights and Wrongs Forgotten,2022-11-16,2022-11,steam_store_search,False,True,STEAM_ONLY,True,,,,,,,Monochrome Mobius: Rights and Wrongs Forgotten,$59.99,False,https://store.steampowered.com/app/1962430/,
2154800,Natsukiri－Summer Vacation At Kirishima House,2022-11-16,2022-11,steam_store_search,False,True,STEAM_ONLY,True,,,,,,,Natsukiri－Summer Vacation At Kirishima House,$1.99,False,https://store.steampowered.com/app/2154800/,
2157440,Run Run Boy,2022-11-16,2022-11,steam_store_search,False,True,STEAM_ONLY,True,,,,,,,Run Run Boy,$0.99,False,https://store.steampowered.com/app/2157440/,
2094750,Timeloop: Sink Again Beach,2022-11-16,2022-11,steam_store_search,False,True,STEAM_ONLY,True,,,,,,,Timeloop: Sink Again Beach,$11.99,False,https://store.steampowered.com/app/2094750/,
2197160,Castle Of Secrets: Prologue,2022-11-18,2022-11,steam_store_search,False,True,STEAM_ONLY,True,,,,,,,Castle Of Secrets: Prologue,Free,True,https://store.steampowered.com/app/2197160/,
1687710,Everdine - A Lost Girl's Tale,2022-11-18,2022-11,steam_store_search,False,True,STEAM_ONLY,True,,,,,,,Everdine - A Lost Girl's Tale,-30%,False,https://store.steampowered.com/app/1687710/,
2205100,七星探偵倶楽部~黄金虫たちの帰巣~,2022-11-18,2022-11,steam_store_search,False,True,STEAM_ONLY,True,,,,,,,七星探偵倶楽部~黄金虫たちの帰巣~,$9.99,False,https://store.steampowered.com/app/2205100/,
2207120,My Darkest Witch,2022-11-19,2022-11,steam_store_search,False,True,STEAM_ONLY,True,,,,,,,My Darkest Witch,$4.99,False,https://store.steampowered.com/app/2207120/,
2207100,Tiny Onion Knight,2022-11-19,2022-11,steam_store_search,False,True,STEAM_ONLY,True,,,,,,,Tiny Onion Knight,$4.99,False,https://store.steampowered.com/app/2207100/,
2156280,Police Transporter Simulator,2022-11-20,2022-11,steam_store_search,False,True,STEAM_ONLY,True,,,,,,,Police Transporter Simulator,$1.99,False,https://store.steampowered.com/app/2156280/,
2007270,The Mystery of William Moore,2022-11-24,2022-11,steam_store_search,False,True,STEAM_ONLY,True,,,,,,,The Mystery of William Moore,$22.22,False,https://store.steampowered.com/app/2007270/,
1848360,A Street Story,2022-11-25,2022-11,steam_store_search,False,True,STEAM_ONLY,True,,,,,,,A Street Story,$3.99,False,https://store.steampowered.com/app/1848360/,
1919140,Antioch: Scarlet Bay,2022-11-25,2022-11,steam_store_search,False,True,STEAM_ONLY,True,,,,,,,Antioch: Scarlet Bay,$4.99,False,https://store.steampowered.com/app/1919140/,
2125800,Gaze Into Fate,2022-11-29,2022-11,steam_store_search,False,True,STEAM_ONLY,True,,,,,,,Gaze Into Fate,Free,True,https://store.steampowered.com/app/2125800/,
2135970,Magnus Positive Phototaxis,2022-11-29,2022-11,steam_store_search,False,True,STEAM_ONLY,True,,,,,,,Magnus Positive Phototaxis,-50%,False,https://store.steampowered.com/app/2135970/,
2199760,One Last Time,2022-11-29,2022-11,steam_store_search,False,True,STEAM_ONLY,True,,,,,,,One Last Time,Free,True,https://store.steampowered.com/app/2199760/,
2014870,EXECUTE DADDY～パパが何度も死ぬゲーム～,2022-11-30,2022-11,steam_store_search,False,True,STEAM_ONLY,True,,,,,,,EXECUTE DADDY～パパが何度も死ぬゲーム～,$19.99,False,https://store.steampowered.com/app/2014870/,
2215820,Late photographer 6,2022-12-01,2022-12,steam_store_search,False,True,STEAM_ONLY,True,,,,,,,Late photographer 6,$1.99,False,https://store.steampowered.com/app/2215820/,
2002540,Otaku Engine,2022-12-01,2022-12,steam_store_search,False,True,STEAM_ONLY,True,,,,,,,Otaku Engine,Free,True,https://store.steampowered.com/app/2002540/,
2177260,Super Planet Life,2022-12-01,2022-12,steam_store_search,False,True,STEAM_ONLY,True,,,,,,,Super Planet Life,$9.99,False,https://store.steampowered.com/app/2177260/,
2186500,Vispo - The Video Spot the Difference game.,2022-12-01,2022-12,steam_store_search,False,True,STEAM_ONLY,True,,,,,,,Vispo - The Video Spot the Difference game.,$1.99,False,https://store.steampowered.com/app/2186500/,
2186240,Saint Kotar: The Crawling Man,2022-12-02,2022-12,steam_store_search,False,True,STEAM_ONLY,True,,,,,,,Saint Kotar: The Crawling Man,$1.99,False,https://store.steampowered.com/app/2186240/,
2135690,Ticy Adventure Club,2022-12-02,2022-12,steam_store_search,False,True,STEAM_ONLY,True,,,,,,,Ticy Adventure Club,Free,True,https://store.steampowered.com/app/2135690/,
2218090,For Goodness Sake,2022-12-05,2022-12,steam_store_search,False,True,STEAM_ONLY,True,,,,,,,For Goodness Sake,Free,True,https://store.steampowered.com/app/2218090/,
1598540,Nilspace,2022-12-05,2022-12,steam_store_search,False,True,STEAM_ONLY,True,,,,,,,Nilspace,Free,True,https://store.steampowered.com/app/1598540/,
2199440,My Heart Your Soul,2022-12-06,2022-12,steam_store_search,False,True,STEAM_ONLY,True,,,,,,,My Heart Your Soul,$4.99,False,https://store.steampowered.com/app/2199440/,
1949000,Catgirls From My Sweet Dream,2022-12-07,2022-12,steam_store_search,False,True,STEAM_ONLY,True,,,,,,,Catgirls From My Sweet Dream,-60%,False,https://store.steampowered.com/app/1949000/,
2226780,Rimward Basilisk,2022-12-07,2022-12,steam_store_search,False,True,STEAM_ONLY,True,,,,,,,Rimward Basilisk,Free,True,https://store.steampowered.com/app/2226780/,
2228400,Unsolved Case: Fatal Clue Collector's Edition,2022-12-07,2022-12,steam_store_search,False,True,STEAM_ONLY,True,,,,,,,Unsolved Case: Fatal Clue Collector's Edition,$7.99,False,https://store.steampowered.com/app/2228400/,
1960570,Plank Road,2022-12-08,2022-12,steam_store_search,False,True,STEAM_ONLY,True,,,,,,,Plank Road,$1.99,False,https://store.steampowered.com/app/1960570/,
1952250,SAMURAI MAIDEN,2022-12-08,2022-12,steam_store_search,False,True,STEAM_ONLY,True,,,,,,,SAMURAI MAIDEN,$59.99,False,https://store.steampowered.com/app/1952250/,
2161600,Ghost Bus Simulator,2022-12-09,2022-12,steam_store_search,False,True,STEAM_ONLY,True,,,,,,,Ghost Bus Simulator,$4.99,False,https://store.steampowered.com/app/2161600/,
2232040,Exalted Seracthon,2022-12-11,2022-12,steam_store_search,False,True,STEAM_ONLY,True,,,,,,,Exalted Seracthon,$6.99,False,https://store.steampowered.com/app/2232040/,
2183340,Keystone Library,2022-12-12,2022-12,steam_store_search,False,True,STEAM_ONLY,True,,,,,,,Keystone Library,$9.99,False,https://store.steampowered.com/app/2183340/,
1395480,A Midnight Village Story,2022-12-13,2022-12,steam_store_search,False,True,STEAM_ONLY,True,,,,,,,A Midnight Village Story,$4.99,False,https://store.steampowered.com/app/1395480/,
2175800,LONGEYED PROJ,2022-12-14,2022-12,steam_store_search,False,True,STEAM_ONLY,True,,,,,,,LONGEYED PROJ,$4.99,False,https://store.steampowered.com/app/2175800/,
1962100,My Life: Pet Vet,2022-12-14,2022-12,steam_store_search,False,True,STEAM_ONLY,True,,,,,,,My Life: Pet Vet,$14.99,False,https://store.steampowered.com/app/1962100/,
2059280,Nightmare knock,2022-12-14,2022-12,steam_store_search,False,True,STEAM_ONLY,True,,,,,,,Nightmare knock,Free,True,https://store.steampowered.com/app/2059280/,
2230790,Scary pictures: Yavez - seven deadly sins,2022-12-14,2022-12,steam_store_search,False,True,STEAM_ONLY,True,,,,,,,Scary pictures: Yavez - seven deadly sins,$3.99,False,https://store.steampowered.com/app/2230790/,
2109870,Absolution’s Apple,2022-12-15,2022-12,steam_store_search,False,True,STEAM_ONLY,True,,,,,,,Absolution’s Apple,$4.99,False,https://store.steampowered.com/app/2109870/,
2101620,Tales From The Burning Sea,2022-12-15,2022-12,steam_store_search,False,True,STEAM_ONLY,True,,,,,,,Tales From The Burning Sea,$2.99,False,https://store.steampowered.com/app/2101620/,
2126630,The Fantastic Kitty Rue,2022-12-15,2022-12,steam_store_search,False,True,STEAM_ONLY,True,,,,,,,The Fantastic Kitty Rue,$5.99,False,https://store.steampowered.com/app/2126630/,
2022090,HeatStroke,2022-12-16,2022-12,steam_store_search,False,True,STEAM_ONLY,True,,,,,,,HeatStroke,$1.99,False,https://store.steampowered.com/app/2022090/,
1996210,Sakura Hime 3,2022-12-16,2022-12,steam_store_search,False,True,STEAM_ONLY,True,,,,,,,Sakura Hime 3,$3.99,False,https://store.steampowered.com/app/1996210/,
1411380,The Story of The Flood,2022-12-22,2022-12,steam_store_search,False,True,STEAM_ONLY,True,,,,,,,The Story of The Flood,$4.99,False,https://store.steampowered.com/app/1411380/,
2216690,Turret Girl,2022-12-22,2022-12,steam_store_search,False,True,STEAM_ONLY,True,,,,,,,Turret Girl,$6.99,False,https://store.steampowered.com/app/2216690/,
2207030,下山的试炼之江湖遗失录 A test before Jianghu,2022-12-22,2022-12,steam_store_search,False,True,STEAM_ONLY,True,,,,,,,下山的试炼之江湖遗失录 A test before Jianghu,$1.99,False,https://store.steampowered.com/app/2207030/,
2138140,Didactic Jesus Game,2022-12-23,2022-12,steam_store_search,False,True,STEAM_ONLY,True,,,,,,,Didactic Jesus Game,$3.99,False,https://store.steampowered.com/app/2138140/,
2242810,Ninety-Six,2022-12-23,2022-12,steam_store_search,False,True,STEAM_ONLY,True,,,,,,,Ninety-Six,$0.99,False,https://store.steampowered.com/app/2242810/,
2242320,xdding,2022-12-23,2022-12,steam_store_search,False,True,STEAM_ONLY,True,,,,,,,xdding,$0.99,False,https://store.steampowered.com/app/2242320/,
2239730,小厨杂记,2022-12-23,2022-12,steam_store_search,False,True,STEAM_ONLY,True,,,,,,,小厨杂记,$2.99,False,https://store.steampowered.com/app/2239730/,
2237230,Christmas Fables: Holiday Guardians Collector's Edition,2022-12-26,2022-12,steam_store_search,False,True,STEAM_ONLY,True,,,,,,,Christmas Fables: Holiday Guardians Collector's Edition,$7.99,False,https://store.steampowered.com/app/2237230/,
2122860,Tales of Tsuki - Moon Guardians,2022-12-27,2022-12,steam_store_search,False,True,STEAM_ONLY,True,,,,,,,Tales of Tsuki - Moon Guardians,$2.99,False,https://store.steampowered.com/app/2122860/,
2246650,Szybowcowa '87,2022-12-29,2022-12,steam_store_search,False,True,STEAM_ONLY,True,,,,,,,Szybowcowa '87,Free,True,https://store.steampowered.com/app/2246650/,
1552050,GILLES,2022-12-30,2022-12,steam_store_search,False,True,STEAM_ONLY,True,,,,,,,GILLES,$39.99,False,https://store.steampowered.com/app/1552050/,
2200760,The Bogtavern,2022-12-30,2022-12,steam_store_search,False,True,STEAM_ONLY,True,,,,,,,The Bogtavern,$2.99,False,https://store.steampowered.com/app/2200760/,
2153400,Scientifically Accurate Dinosaur Mating Simulator 2022: American Revolution 1775 - 1786,2023-01-02,2023-01,steam_store_search,False,True,STEAM_ONLY,True,,,,,,,Scientifically Accurate Dinosaur Mating Simulator 2022: American Revolution 1775 - 1786,$0.99,False,https://store.steampowered.com/app/2153400/,
2189350,Augmented Introspection: Emel,2023-01-04,2023-01,steam_store_search,False,True,STEAM_ONLY,True,,,,,,,Augmented Introspection: Emel,$2.99,False,https://store.steampowered.com/app/2189350/,
2259740,King of Light,2023-01-05,2023-01,steam_store_search,False,True,STEAM_ONLY,True,,,,,,,King of Light,Free,True,https://store.steampowered.com/app/2259740/,
2235620,Lobby Cam by Bryn Oh,2023-01-05,2023-01,steam_store_search,False,True,STEAM_ONLY,True,,,,,,,Lobby Cam by Bryn Oh,Free,True,https://store.steampowered.com/app/2235620/,
2184870,Neon Noir,2023-01-05,2023-01,steam_store_search,False,True,STEAM_ONLY,True,,,,,,,Neon Noir,$4.99,False,https://store.steampowered.com/app/2184870/,
2209560,NoEL - Nothing on Elysion Line,2023-01-05,2023-01,steam_store_search,False,True,STEAM_ONLY,True,,,,,,,NoEL - Nothing on Elysion Line,$24.99,False,https://store.steampowered.com/app/2209560/,
2074940,Phantom Alchemy ~Silvia's Dynamic Urban Planning~,2023-01-06,2023-01,steam_store_search,False,True,STEAM_ONLY,True,,,,,,,Phantom Alchemy ~Silvia's Dynamic Urban Planning~,$11.99,False,https://store.steampowered.com/app/2074940/,
1919540,The Lost Condor - Walking Simulator,2023-01-06,2023-01,steam_store_search,False,True,STEAM_ONLY,True,,,,,,,The Lost Condor - Walking Simulator,$5.00,False,https://store.steampowered.com/app/1919540/,
2256760,Lichtreich: Willa,2023-01-09,2023-01,steam_store_search,False,True,STEAM_ONLY,True,,,,,,,Lichtreich: Willa,Free,True,https://store.steampowered.com/app/2256760/,
2249730,The Great Artists,2023-01-09,2023-01,steam_store_search,False,True,STEAM_ONLY,True,,,,,,,The Great Artists,$4.99,False,https://store.steampowered.com/app/2249730/,
1969060,Path of the Midnight Sun,2023-01-10,2023-01,steam_store_search,False,True,STEAM_ONLY,True,,,,,,,Path of the Midnight Sun,-59%,False,https://store.steampowered.com/app/1969060/,
2201040,IN CELL,2023-01-11,2023-01,steam_store_search,False,True,STEAM_ONLY,True,,,,,,,IN CELL,Free,True,https://store.steampowered.com/app/2201040/,
2161440,Sailing Era,2023-01-11,2023-01,steam_store_search,False,True,STEAM_ONLY,True,,,,,,,Sailing Era,$24.99,False,https://store.steampowered.com/app/2161440/,
2240470,Amanda's Magic Book 6: Aladdin's Magic Lamp,2023-01-12,2023-01,steam_store_search,False,True,STEAM_ONLY,True,,,,,,,Amanda's Magic Book 6: Aladdin's Magic Lamp,$9.99,False,https://store.steampowered.com/app/2240470/,
2194660,Criminal Expert,2023-01-13,2023-01,steam_store_search,False,True,STEAM_ONLY,True,,,,,,,Criminal Expert,$9.99,False,https://store.steampowered.com/app/2194660/,
2261650,Pet Dragon Girl,2023-01-13,2023-01,steam_store_search,False,True,STEAM_ONLY,True,,,,,,,Pet Dragon Girl,$0.99,False,https://store.steampowered.com/app/2261650/,
2094890,Walk with the Living 2,2023-01-13,2023-01,steam_store_search,False,True,STEAM_ONLY,True,,,,,,,Walk with the Living 2,$4.99,False,https://store.steampowered.com/app/2094890/,
2183320,For Your Tranquility,2023-01-15,2023-01,steam_store_search,False,True,STEAM_ONLY,True,,,,,,,For Your Tranquility,$10.99,False,https://store.steampowered.com/app/2183320/,
2071200,The Bad Kids,2023-01-17,2023-01,steam_store_search,False,True,STEAM_ONLY,True,,,,,,,The Bad Kids,-85%,False,https://store.steampowered.com/app/2071200/,
2221790,幻境咖啡馆-Dreamland coffee,2023-01-17,2023-01,steam_store_search,False,True,STEAM_ONLY,True,,,,,,,幻境咖啡馆-Dreamland coffee,$6.99,False,https://store.steampowered.com/app/2221790/,
1809700,Persona 3 Portable,2023-01-18,2023-01,steam_store_search,False,True,STEAM_ONLY,True,,,,,,,Persona 3 Portable,$19.99,False,https://store.steampowered.com/app/1809700/,
1827910,星の欠片の物語。しかけ版,2023-01-18,2023-01,steam_store_search,False,True,STEAM_ONLY,True,,,,,,,星の欠片の物語。しかけ版,$34.99,False,https://store.steampowered.com/app/1827910/,
1260790,Brain Tester : Mind trick quiz,2023-01-19,2023-01,steam_store_search,False,True,STEAM_ONLY,True,,,,,,,Brain Tester : Mind trick quiz,$1.99,False,https://store.steampowered.com/app/1260790/,
2269750,메스가키 영애님!,2023-01-19,2023-01,steam_store_search,False,True,STEAM_ONLY,True,,,,,,,메스가키 영애님!,Free,True,https://store.steampowered.com/app/2269750/,
2193940,The Hidden and Unknown,2023-01-23,2023-01,steam_store_search,False,True,STEAM_ONLY,True,,,,,,,The Hidden and Unknown,,False,https://store.steampowered.com/app/2193940/,
2268880,GirlPuzzle 2,2023-01-24,2023-01,steam_store_search,False,True,STEAM_ONLY,True,,,,,,,GirlPuzzle 2,$3.99,False,https://store.steampowered.com/app/2268880/,
2113920,The Legend of Heroes: Kuro no Kiseki Ⅱ -CRIMSON SiN-,2023-01-25,2023-01,steam_store_search,False,True,STEAM_ONLY,True,,,,,,,The Legend of Heroes: Kuro no Kiseki Ⅱ -CRIMSON SiN-,$59.99,False,https://store.steampowered.com/app/2113920/,
1449920,GRUNND,2023-01-26,2023-01,steam_store_search,False,True,STEAM_ONLY,True,,,,,,,GRUNND,$7.99,False,https://store.steampowered.com/app/1449920/,
1293420,Roller Drama,2023-01-26,2023-01,steam_store_search,False,True,STEAM_ONLY,True,,,,,,,Roller Drama,$14.99,False,https://store.steampowered.com/app/1293420/,
2276440,鞭炮&烟花：春节模拟器Firecrackers&fireworks：china new year simulation,2023-01-26,2023-01,steam_store_search,False,True,STEAM_ONLY,True,,,,,,,鞭炮&烟花：春节模拟器Firecrackers&fireworks：china new year simulation,-55%,False,https://store.steampowered.com/app/2276440/,
2283670,Nurtured human Plan: Meet a Date！,2023-01-30,2023-01,steam_store_search,False,True,STEAM_ONLY,True,,,,,,,Nurtured human Plan: Meet a Date！,$2.99,False,https://store.steampowered.com/app/2283670/,
695330,SEASON: A letter to the future,2023-01-31,2023-01,steam_store_search,False,True,STEAM_ONLY,True,,,,,,,SEASON: A letter to the future,$24.99,False,https://store.steampowered.com/app/695330/,
2277670,Hank: Straightjacket,2023-02-01,2023-02,steam_store_search,False,True,STEAM_ONLY,True,,,,,,,Hank: Straightjacket,Free,True,https://store.steampowered.com/app/2277670/,
1990690,Cooking Live - Italian Kitchen Simulator,2023-02-02,2023-02,steam_store_search,False,True,STEAM_ONLY,True,,,,,,,Cooking Live - Italian Kitchen Simulator,Free,True,https://store.steampowered.com/app/1990690/,
2020030,Tails Noir Preludes,2023-02-02,2023-02,steam_store_search,False,True,STEAM_ONLY,True,,,,,,,Tails Noir Preludes,$14.99,False,https://store.steampowered.com/app/2020030/,
2283120,ソウエンノイセキ,2023-02-03,2023-02,steam_store_search,False,True,STEAM_ONLY,True,,,,,,,ソウエンノイセキ,$4.99,False,https://store.steampowered.com/app/2283120/,
2283390,Komodo 3K Arena,2023-02-04,2023-02,steam_store_search,False,True,STEAM_ONLY,True,,,,,,,Komodo 3K Arena,$6.99,False,https://store.steampowered.com/app/2283390/,
1976660,WTP Story 1,2023-02-04,2023-02,steam_store_search,False,True,STEAM_ONLY,True,,,,,,,WTP Story 1,$4.99,False,https://store.steampowered.com/app/1976660/,
2103960,Voxabular P.I: Penny's First Case,2023-02-06,2023-02,steam_store_search,False,True,STEAM_ONLY,True,,,,,,,Voxabular P.I: Penny's First Case,$7.99,False,https://store.steampowered.com/app/2103960/,
2251620,Sunrider 4: The Captain's Return,2023-02-08,2023-02,steam_store_search,False,True,STEAM_ONLY,True,,,,,,,Sunrider 4: The Captain's Return,$29.99,False,https://store.steampowered.com/app/2251620/,
2078830,奇谭文字游戏,2023-02-09,2023-02,steam_store_search,False,True,STEAM_ONLY,True,,,,,,,奇谭文字游戏,Free,True,https://store.steampowered.com/app/2078830/,
2294930,I wish it was morning all the time,2023-02-10,2023-02,steam_store_search,False,True,STEAM_ONLY,True,,,,,,,I wish it was morning all the time,$1.99,False,https://store.steampowered.com/app/2294930/,
2021280,Inside My Mind 2,2023-02-12,2023-02,steam_store_search,False,True,STEAM_ONLY,True,,,,,,,Inside My Mind 2,$9.99,False,https://store.steampowered.com/app/2021280/,
2098040,Lich Clicker,2023-02-14,2023-02,steam_store_search,False,True,STEAM_ONLY,True,,,,,,,Lich Clicker,$0.99,False,https://store.steampowered.com/app/2098040/,
1434260,Painting Werther,2023-02-14,2023-02,steam_store_search,False,True,STEAM_ONLY,True,,,,,,,Painting Werther,$12.99,False,https://store.steampowered.com/app/1434260/,
1807590,SALVATIONLAND,2023-02-15,2023-02,steam_store_search,False,True,STEAM_ONLY,True,,,,,,,SALVATIONLAND,$5.99,False,https://store.steampowered.com/app/1807590/,
2243880,The Specter Chronicles: Episode 1 - The False Prophet,2023-02-15,2023-02,steam_store_search,False,True,STEAM_ONLY,True,,,,,,,The Specter Chronicles: Episode 1 - The False Prophet,Free,True,https://store.steampowered.com/app/2243880/,
2017380,Gomorrah,2023-02-16,2023-02,steam_store_search,False,True,STEAM_ONLY,True,,,,,,,Gomorrah,$2.99,False,https://store.steampowered.com/app/2017380/,
1592540,Loretta,2023-02-16,2023-02,steam_store_search,False,True,STEAM_ONLY,True,,,,,,,Loretta,$14.99,False,https://store.steampowered.com/app/1592540/,
2250400,MicroCrawl,2023-02-17,2023-02,steam_store_search,False,True,STEAM_ONLY,True,,,,,,,MicroCrawl,$1.99,False,https://store.steampowered.com/app/2250400/,
2161110,The end is nahual: If I may say so,2023-02-17,2023-02,steam_store_search,False,True,STEAM_ONLY,True,,,,,,,The end is nahual: If I may say so,$9.99,False,https://store.steampowered.com/app/2161110/,
2099240,Digital Pierrot Museum,2023-02-18,2023-02,steam_store_search,False,True,STEAM_ONLY,True,,,,,,,Digital Pierrot Museum,Free,True,https://store.steampowered.com/app/2099240/,
2292300,To the stars,2023-02-19,2023-02,steam_store_search,False,True,STEAM_ONLY,True,,,,,,,To the stars,$1.99,False,https://store.steampowered.com/app/2292300/,
2284100,Notes of the Young Lady: In Turbulent Times,2023-02-20,2023-02,steam_store_search,False,True,STEAM_ONLY,True,,,,,,,Notes of the Young Lady: In Turbulent Times,$11.99,False,https://store.steampowered.com/app/2284100/,
2295530,Connected Hearts: The Musketeers Saga Collector's Edition,2023-02-21,2023-02,steam_store_search,False,True,STEAM_ONLY,True,,,,,,,Connected Hearts: The Musketeers Saga Collector's Edition,$7.99,False,https://store.steampowered.com/app/2295530/,
2226640,December 1914,2023-02-23,2023-02,steam_store_search,False,True,STEAM_ONLY,True,,,,,,,December 1914,Free,True,https://store.steampowered.com/app/2226640/,
2091540,RUSHAWAY,2023-02-23,2023-02,steam_store_search,False,True,STEAM_ONLY,True,,,,,,,RUSHAWAY,$10.99,False,https://store.steampowered.com/app/2091540/,
1973530,Limbus Company,2023-02-26,2023-02,steam_store_search,False,True,STEAM_ONLY,True,,,,,,,Limbus Company,Free,True,https://store.steampowered.com/app/1973530/,
2140840,Pop Journey,2023-02-26,2023-02,steam_store_search,False,True,STEAM_ONLY,True,,,,,,,Pop Journey,$0.99,False,https://store.steampowered.com/app/2140840/,
2236860,Basements n' Basilisks: Storms of Sorcery,2023-02-27,2023-02,steam_store_search,False,True,STEAM_ONLY,True,,,,,,,Basements n' Basilisks: Storms of Sorcery,$2.99,False,https://store.steampowered.com/app/2236860/,
844980,I Am Your President,2023-02-27,2023-02,steam_store_search,False,True,STEAM_ONLY,True,,,,,,,I Am Your President,$14.99,False,https://store.steampowered.com/app/844980/,
1635440,Operation F.A.T.E.,2023-02-28,2023-02,steam_store_search,False,True,STEAM_ONLY,True,,,,,,,Operation F.A.T.E.,$4.99,False,https://store.steampowered.com/app/1635440/,
1138210,Esperia ~ Uprising of the Scarlet Witch ~,2023-03-01,2023-03,steam_store_search,False,True,STEAM_ONLY,True,,,,,,,Esperia ~ Uprising of the Scarlet Witch ~,$18.99,False,https://store.steampowered.com/app/1138210/,
2067470,Idol Hell,2023-03-02,2023-03,steam_store_search,False,True,STEAM_ONLY,True,,,,,,,Idol Hell,$4.99,False,https://store.steampowered.com/app/2067470/,
1802980,Yihongyuan,2023-03-02,2023-03,steam_store_search,False,True,STEAM_ONLY,True,,,,,,,Yihongyuan,$6.99,False,https://store.steampowered.com/app/1802980/,
2157680,Lunar Mirror:The Pavilion of Desire,2023-03-04,2023-03,steam_store_search,False,True,STEAM_ONLY,True,,,,,,,Lunar Mirror:The Pavilion of Desire,$9.99,False,https://store.steampowered.com/app/2157680/,
2321970,Not Anyone's Business But My Own,2023-03-07,2023-03,steam_store_search,False,True,STEAM_ONLY,True,,,,,,,Not Anyone's Business But My Own,Free,True,https://store.steampowered.com/app/2321970/,
2255730,告死天使复仇之夜 Death Angel Nightmare,2023-03-08,2023-03,steam_store_search,False,True,STEAM_ONLY,True,,,,,,,告死天使复仇之夜 Death Angel Nightmare,$1.99,False,https://store.steampowered.com/app/2255730/,
2319370,Ultimate Anime Jigsaw Puzzle,2023-03-09,2023-03,steam_store_search,False,True,STEAM_ONLY,True,,,,,,,Ultimate Anime Jigsaw Puzzle,$2.99,False,https://store.steampowered.com/app/2319370/,
2024390,Mato Anomalies,2023-03-10,2023-03,steam_store_search,False,True,STEAM_ONLY,True,,,,,,,Mato Anomalies,-75%,False,https://store.steampowered.com/app/2024390/,
2271810,ADT Pilot 01,2023-03-11,2023-03,steam_store_search,False,True,STEAM_ONLY,True,,,,,,,ADT Pilot 01,Free,True,https://store.steampowered.com/app/2271810/,
1607460,Virtual Near Death Experience,2023-03-11,2023-03,steam_store_search,False,True,STEAM_ONLY,True,,,,,,,Virtual Near Death Experience,$0.99,False,https://store.steampowered.com/app/1607460/,
2286790,Helmetman,2023-03-12,2023-03,steam_store_search,False,True,STEAM_ONLY,True,,,,,,,Helmetman,$19.99,False,https://store.steampowered.com/app/2286790/,
1291860,Rough Justice: '84,2023-03-13,2023-03,steam_store_search,False,True,STEAM_ONLY,True,,,,,,,Rough Justice: '84,$19.99,False,https://store.steampowered.com/app/1291860/,
1977220,DELETE AFTER READING,2023-03-14,2023-03,steam_store_search,False,True,STEAM_ONLY,True,,,,,,,DELETE AFTER READING,$4.99,False,https://store.steampowered.com/app/1977220/,
2105990,Lovebirb,2023-03-14,2023-03,steam_store_search,False,True,STEAM_ONLY,True,,,,,,,Lovebirb,Free,True,https://store.steampowered.com/app/2105990/,
2241630,Julia: A Science Journey,2023-03-15,2023-03,steam_store_search,False,True,STEAM_ONLY,True,,,,,,,Julia: A Science Journey,Free,True,https://store.steampowered.com/app/2241630/,
2328340,十月怪谈-Insane Rules,2023-03-17,2023-03,steam_store_search,False,True,STEAM_ONLY,True,,,,,,,十月怪谈-Insane Rules,-10%,False,https://store.steampowered.com/app/2328340/,
2320220,Royal Romances: Forbidden Magic Collector's Edition,2023-03-20,2023-03,steam_store_search,False,True,STEAM_ONLY,True,,,,,,,Royal Romances: Forbidden Magic Collector's Edition,-60%,False,https://store.steampowered.com/app/2320220/,
1161640,Kowloon's Curse: Lost Report,2023-03-22,2023-03,steam_store_search,False,True,STEAM_ONLY,True,,,,,,,Kowloon's Curse: Lost Report,Free,True,https://store.steampowered.com/app/1161640/,
1624540,Storyteller,2023-03-23,2023-03,steam_store_search,False,True,STEAM_ONLY,True,,,,,,,Storyteller,$14.99,False,https://store.steampowered.com/app/1624540/,
2330410,Vom Drachentöten,2023-03-23,2023-03,steam_store_search,False,True,STEAM_ONLY,True,,,,,,,Vom Drachentöten,Free,True,https://store.steampowered.com/app/2330410/,
2173650,Aery VR - A Journey Beyond Time,2023-03-24,2023-03,steam_store_search,False,True,STEAM_ONLY,True,,,,,,,Aery VR - A Journey Beyond Time,$9.99,False,https://store.steampowered.com/app/2173650/,
1832370,Charades Movie One,2023-03-24,2023-03,steam_store_search,False,True,STEAM_ONLY,True,,,,,,,Charades Movie One,-90%,False,https://store.steampowered.com/app/1832370/,
2083380,Heartbite: Dating in Daylight,2023-03-24,2023-03,steam_store_search,False,True,STEAM_ONLY,True,,,,,,,Heartbite: Dating in Daylight,Free,True,https://store.steampowered.com/app/2083380/,
2250270,Revival Quest,2023-03-24,2023-03,steam_store_search,False,True,STEAM_ONLY,True,,,,,,,Revival Quest,$12.99,False,https://store.steampowered.com/app/2250270/,
2353870,Unsolved Case: Murderous Script Collector's Edition,2023-03-28,2023-03,steam_store_search,False,True,STEAM_ONLY,True,,,,,,,Unsolved Case: Murderous Script Collector's Edition,-60%,False,https://store.steampowered.com/app/2353870/,
2107590,Magic or Machinations?,2023-03-30,2023-03,steam_store_search,False,True,STEAM_ONLY,True,,,,,,,Magic or Machinations?,$0.99,False,https://store.steampowered.com/app/2107590/,
1358370,Hill Agency: PURITYdecay,2023-03-31,2023-03,steam_store_search,False,True,STEAM_ONLY,True,,,,,,,Hill Agency: PURITYdecay,-40%,False,https://store.steampowered.com/app/1358370/,
2265120,无限投影2,2023-04-01,2023-04,steam_store_search,False,True,STEAM_ONLY,True,,,,,,,无限投影2,-35%,False,https://store.steampowered.com/app/2265120/,
1593170,Veil of Dust: A Homesteading Game,2023-04-02,2023-04,steam_store_search,False,True,STEAM_ONLY,True,,,,,,,Veil of Dust: A Homesteading Game,$14.99,False,https://store.steampowered.com/app/1593170/,
2095340,Road 96: Mile 0,2023-04-04,2023-04,steam_store_search,False,True,STEAM_ONLY,True,,,,,,,Road 96: Mile 0,$12.96,False,https://store.steampowered.com/app/2095340/,
2345920,蕾拉 Layla,2023-04-05,2023-04,steam_store_search,False,True,STEAM_ONLY,True,,,,,,,蕾拉 Layla,$0.99,False,https://store.steampowered.com/app/2345920/,
1459890,Cold Harvest,2023-04-06,2023-04,steam_store_search,False,True,STEAM_ONLY,True,,,,,,,Cold Harvest,$9.99,False,https://store.steampowered.com/app/1459890/,
2310400,Gender Dysphoria,2023-04-06,2023-04,steam_store_search,False,True,STEAM_ONLY,True,,,,,,,Gender Dysphoria,$3.00,False,https://store.steampowered.com/app/2310400/,
1365720,Kujlevka,2023-04-06,2023-04,steam_store_search,False,True,STEAM_ONLY,True,,,,,,,Kujlevka,$19.99,False,https://store.steampowered.com/app/1365720/,
2323280,Project Dark,2023-04-06,2023-04,steam_store_search,False,True,STEAM_ONLY,True,,,,,,,Project Dark,$9.99,False,https://store.steampowered.com/app/2323280/,
2220170,2D Dawg 2,2023-04-07,2023-04,steam_store_search,False,True,STEAM_ONLY,True,,,,,,,2D Dawg 2,Free,True,https://store.steampowered.com/app/2220170/,
2287350,Chief Emoji Officer,2023-04-07,2023-04,steam_store_search,False,True,STEAM_ONLY,True,,,,,,,Chief Emoji Officer,$2.99,False,https://store.steampowered.com/app/2287350/,
2088030,Long Dream,2023-04-10,2023-04,steam_store_search,False,True,STEAM_ONLY,True,,,,,,,Long Dream,-60%,False,https://store.steampowered.com/app/2088030/,
2321460,Dynopunk: Welcome to Synth-City,2023-04-12,2023-04,steam_store_search,False,True,STEAM_ONLY,True,,,,,,,Dynopunk: Welcome to Synth-City,Free,True,https://store.steampowered.com/app/2321460/,
2094270,Lightracer Spark,2023-04-12,2023-04,steam_store_search,False,True,STEAM_ONLY,True,,,,,,,Lightracer Spark,-30%,False,https://store.steampowered.com/app/2094270/,
762370,Everything is going to be OK,2023-04-13,2023-04,steam_store_search,False,True,STEAM_ONLY,True,,,,,,,Everything is going to be OK,$1.99,False,https://store.steampowered.com/app/762370/,
2090650,栖云异梦,2023-04-13,2023-04,steam_store_search,False,True,STEAM_ONLY,True,,,,,,,栖云异梦,$8.99,False,https://store.steampowered.com/app/2090650/,
2173660,Aery VR - Dreamscape,2023-04-14,2023-04,steam_store_search,False,True,STEAM_ONLY,True,,,,,,,Aery VR - Dreamscape,$9.99,False,https://store.steampowered.com/app/2173660/,
2190470,Russian Train Trip 2,2023-04-14,2023-04,steam_store_search,False,True,STEAM_ONLY,True,,,,,,,Russian Train Trip 2,$3.99,False,https://store.steampowered.com/app/2190470/,
1463780,Mohism: Battle of Words,2023-04-17,2023-04,steam_store_search,False,True,STEAM_ONLY,True,,,,,,,Mohism: Battle of Words,$9.99,False,https://store.steampowered.com/app/1463780/,
2269290,What Is Sleeping In My Room?,2023-04-17,2023-04,steam_store_search,False,True,STEAM_ONLY,True,,,,,,,What Is Sleeping In My Room?,$0.99,False,https://store.steampowered.com/app/2269290/,
2089500,Arcana of Paradise —The Tower—,2023-04-19,2023-04,steam_store_search,False,True,STEAM_ONLY,True,,,,,,,Arcana of Paradise —The Tower—,$19.99,False,https://store.steampowered.com/app/2089500/,
2368400,Complex Loop,2023-04-19,2023-04,steam_store_search,False,True,STEAM_ONLY,True,,,,,,,Complex Loop,$9.99,False,https://store.steampowered.com/app/2368400/,
2288660,Furry Reich 🐺,2023-04-19,2023-04,steam_store_search,False,True,STEAM_ONLY,True,,,,,,,Furry Reich 🐺,-70%,False,https://store.steampowered.com/app/2288660/,
1852120,最后的送别,2023-04-19,2023-04,steam_store_search,False,True,STEAM_ONLY,True,,,,,,,最后的送别,$2.99,False,https://store.steampowered.com/app/1852120/,
2243560,"""I Know This Place..?"" chapter I (prologue)",2023-04-20,2023-04,steam_store_search,False,True,STEAM_ONLY,True,,,,,,,"""I Know This Place..?"" chapter I (prologue)",$0.99,False,https://store.steampowered.com/app/2243560/,
2278000,Abyss深淵,2023-04-20,2023-04,steam_store_search,False,True,STEAM_ONLY,True,,,,,,,Abyss深淵,$12.99,False,https://store.steampowered.com/app/2278000/,
2379730,Edelweiss,2023-04-20,2023-04,steam_store_search,False,True,STEAM_ONLY,True,,,,,,,Edelweiss,$3.99,False,https://store.steampowered.com/app/2379730/,
2287990,GemCrusty,2023-04-20,2023-04,steam_store_search,False,True,STEAM_ONLY,True,,,,,,,GemCrusty,Free,True,https://store.steampowered.com/app/2287990/,
2341090,Sisyphus.12.20.03,2023-04-20,2023-04,steam_store_search,False,True,STEAM_ONLY,True,,,,,,,Sisyphus.12.20.03,$2.99,False,https://store.steampowered.com/app/2341090/,
2099790,The Monstrous Horror Show,2023-04-21,2023-04,steam_store_search,False,True,STEAM_ONLY,True,,,,,,,The Monstrous Horror Show,$14.99,False,https://store.steampowered.com/app/2099790/,
2285140,瞬忆,2023-04-21,2023-04,steam_store_search,False,True,STEAM_ONLY,True,,,,,,,瞬忆,$0.99,False,https://store.steampowered.com/app/2285140/,
2318280,Beyond a Coral Sea,2023-04-23,2023-04,steam_store_search,False,True,STEAM_ONLY,True,,,,,,,Beyond a Coral Sea,$7.99,False,https://store.steampowered.com/app/2318280/,
2373000,Shh! This is a mystery game! But watch out for spoilers,2023-04-24,2023-04,steam_store_search,False,True,STEAM_ONLY,True,,,,,,,Shh! This is a mystery game! But watch out for spoilers,$5.99,False,https://store.steampowered.com/app/2373000/,
2009650,Desta: The Memories Between,2023-04-25,2023-04,steam_store_search,False,True,STEAM_ONLY,True,,,,,,,Desta: The Memories Between,$16.99,False,https://store.steampowered.com/app/2009650/,
2378970,Medusa VR,2023-04-25,2023-04,steam_store_search,False,True,STEAM_ONLY,True,,,,,,,Medusa VR,Free,True,https://store.steampowered.com/app/2378970/,
2164690,いのちのないうた,2023-04-25,2023-04,steam_store_search,False,True,STEAM_ONLY,True,,,,,,,いのちのないうた,Free,True,https://store.steampowered.com/app/2164690/,
2299040,DIGITAL EXORCIST case_(0);,2023-04-27,2023-04,steam_store_search,False,True,STEAM_ONLY,True,,,,,,,DIGITAL EXORCIST case_(0);,Free,True,https://store.steampowered.com/app/2299040/,
2286770,Paper Bride 4 Bound Love,2023-04-27,2023-04,steam_store_search,False,True,STEAM_ONLY,True,,,,,,,Paper Bride 4 Bound Love,$9.99,False,https://store.steampowered.com/app/2286770/,
2003880,The Creepy Syndrome,2023-04-27,2023-04,steam_store_search,False,True,STEAM_ONLY,True,,,,,,,The Creepy Syndrome,$4.99,False,https://store.steampowered.com/app/2003880/,
1295730,Leveling up girls in another world,2023-04-28,2023-04,steam_store_search,False,True,STEAM_ONLY,True,,,,,,,Leveling up girls in another world,$19.99,False,https://store.steampowered.com/app/1295730/,
1724540,Welcome to Goodland,2023-04-28,2023-04,steam_store_search,False,True,STEAM_ONLY,True,,,,,,,Welcome to Goodland,$16.99,False,https://store.steampowered.com/app/1724540/,
2362120,Finding Hannah,2023-05-03,2023-05,steam_store_search,False,True,STEAM_ONLY,True,,,,,,,Finding Hannah,$6.99,False,https://store.steampowered.com/app/2362120/,
1837580,Mia and the Dragon Princess,2023-05-03,2023-05,steam_store_search,False,True,STEAM_ONLY,True,,,,,,,Mia and the Dragon Princess,-65%,False,https://store.steampowered.com/app/1837580/,
2056340,Room of Depression,2023-05-03,2023-05,steam_store_search,False,True,STEAM_ONLY,True,,,,,,,Room of Depression,-60%,False,https://store.steampowered.com/app/2056340/,
2374610,Memeside,2023-05-04,2023-05,steam_store_search,False,True,STEAM_ONLY,True,,,,,,,Memeside,Free,True,https://store.steampowered.com/app/2374610/,
2370060,Essential Power,2023-05-05,2023-05,steam_store_search,False,True,STEAM_ONLY,True,,,,,,,Essential Power,$4.99,False,https://store.steampowered.com/app/2370060/,
2384310,NeverHome Ch.1 - Hall of Apathy,2023-05-05,2023-05,steam_store_search,False,True,STEAM_ONLY,True,,,,,,,NeverHome Ch.1 - Hall of Apathy,$0.99,False,https://store.steampowered.com/app/2384310/,
2396320,2023: Alien Bugs Invade Earth,2023-05-09,2023-05,steam_store_search,False,True,STEAM_ONLY,True,,,,,,,2023: Alien Bugs Invade Earth,Free,True,https://store.steampowered.com/app/2396320/,
2389700,My monstrous roommate. (étude),2023-05-09,2023-05,steam_store_search,False,True,STEAM_ONLY,True,,,,,,,My monstrous roommate. (étude),$1.99,False,https://store.steampowered.com/app/2389700/,
2371120,Lore: Curse Of The Elemental,2023-05-10,2023-05,steam_store_search,False,True,STEAM_ONLY,True,,,,,,,Lore: Curse Of The Elemental,$5.99,False,https://store.steampowered.com/app/2371120/,
2404190,Borefest,2023-05-11,2023-05,steam_store_search,False,True,STEAM_ONLY,True,,,,,,,Borefest,Free,True,https://store.steampowered.com/app/2404190/,
2307220,TSUNDERE MILFIN,2023-05-17,2023-05,steam_store_search,False,True,STEAM_ONLY,True,,,,,,,TSUNDERE MILFIN,-50%,False,https://store.steampowered.com/app/2307220/,
2391780,Hime's Blossom,2023-05-19,2023-05,steam_store_search,False,True,STEAM_ONLY,True,,,,,,,Hime's Blossom,$0.99,False,https://store.steampowered.com/app/2391780/,
1198520,HRO: Adventures of a Humanoid Resources Officer,2023-05-21,2023-05,steam_store_search,False,True,STEAM_ONLY,True,,,,,,,HRO: Adventures of a Humanoid Resources Officer,$9.99,False,https://store.steampowered.com/app/1198520/,
2084460,Annie and the AI,2023-05-22,2023-05,steam_store_search,False,True,STEAM_ONLY,True,,,,,,,Annie and the AI,$8.99,False,https://store.steampowered.com/app/2084460/,
2228390,Fairy Fencer F: Refrain Chord,2023-05-23,2023-05,steam_store_search,False,True,STEAM_ONLY,True,,,,,,,Fairy Fencer F: Refrain Chord,-90%,False,https://store.steampowered.com/app/2228390/,
1972640,Trials of Kokoro,2023-05-23,2023-05,steam_store_search,False,True,STEAM_ONLY,True,,,,,,,Trials of Kokoro,$13.99,False,https://store.steampowered.com/app/1972640/,
2013040,守麥精靈黛芽,2023-05-23,2023-05,steam_store_search,False,True,STEAM_ONLY,True,,,,,,,守麥精靈黛芽,$2.99,False,https://store.steampowered.com/app/2013040/,
1739930,Marlon’s Mystery: The darkside of crime,2023-05-24,2023-05,steam_store_search,False,True,STEAM_ONLY,True,,,,,,,Marlon’s Mystery: The darkside of crime,$9.99,False,https://store.steampowered.com/app/1739930/,
1912420,Sunshine Shuffle,2023-05-24,2023-05,steam_store_search,False,True,STEAM_ONLY,True,,,,,,,Sunshine Shuffle,$9.99,False,https://store.steampowered.com/app/1912420/,
2387780,龙傲天的多元宇宙,2023-05-24,2023-05,steam_store_search,False,True,STEAM_ONLY,True,,,,,,,龙傲天的多元宇宙,Free,True,https://store.steampowered.com/app/2387780/,
1596730,Dynopunk,2023-05-25,2023-05,steam_store_search,False,True,STEAM_ONLY,True,,,,,,,Dynopunk,$14.99,False,https://store.steampowered.com/app/1596730/,
2354730,Grimm of the Dome,2023-05-25,2023-05,steam_store_search,False,True,STEAM_ONLY,True,,,,,,,Grimm of the Dome,Free,True,https://store.steampowered.com/app/2354730/,
2112880,十五,2023-05-25,2023-05,steam_store_search,False,True,STEAM_ONLY,True,,,,,,,十五,$3.99,False,https://store.steampowered.com/app/2112880/,
2231560,Araka~JK Exorcist Horror RPG,2023-05-26,2023-05,steam_store_search,False,True,STEAM_ONLY,True,,,,,,,Araka~JK Exorcist Horror RPG,$24.99,False,https://store.steampowered.com/app/2231560/,
2399910,Byakuya Museum,2023-05-26,2023-05,steam_store_search,False,True,STEAM_ONLY,True,,,,,,,Byakuya Museum,Free,True,https://store.steampowered.com/app/2399910/,
2413720,Date with Foxgirl,2023-05-26,2023-05,steam_store_search,False,True,STEAM_ONLY,True,,,,,,,Date with Foxgirl,$0.99,False,https://store.steampowered.com/app/2413720/,
2421770,DEMONIAC WORDS,2023-05-27,2023-05,steam_store_search,False,True,STEAM_ONLY,True,,,,,,,DEMONIAC WORDS,$1.99,False,https://store.steampowered.com/app/2421770/,
2417300,Sybil is Haunted,2023-05-29,2023-05,steam_store_search,False,True,STEAM_ONLY,True,,,,,,,Sybil is Haunted,Free,True,https://store.steampowered.com/app/2417300/,
1745260,Girls Cairo Papyrus,2023-05-31,2023-05,steam_store_search,False,True,STEAM_ONLY,True,,,,,,,Girls Cairo Papyrus,$4.99,False,https://store.steampowered.com/app/1745260/,
2153140,Just Another Life,2023-05-31,2023-05,steam_store_search,False,True,STEAM_ONLY,True,,,,,,,Just Another Life,Free,True,https://store.steampowered.com/app/2153140/,
2187160,Touhou Mini Map,2023-05-31,2023-05,steam_store_search,False,True,STEAM_ONLY,True,,,,,,,Touhou Mini Map,$2.99,False,https://store.steampowered.com/app/2187160/,
2388360,"(val)iant: or, val's guide to having a broken vag",2023-06-01,2023-06,steam_store_search,False,True,STEAM_ONLY,True,,,,,,,"(val)iant: or, val's guide to having a broken vag",Free,True,https://store.steampowered.com/app/2388360/,
2356450,A Street Cat's Tale 2: Outside is Dangerous,2023-06-01,2023-06,steam_store_search,False,True,STEAM_ONLY,True,,,,,,,A Street Cat's Tale 2: Outside is Dangerous,-60%,False,https://store.steampowered.com/app/2356450/,
2417490,HOLEHOLE,2023-06-01,2023-06,steam_store_search,False,True,STEAM_ONLY,True,,,,,,,HOLEHOLE,-33%,False,https://store.steampowered.com/app/2417490/,
1959350,Homebody,2023-06-01,2023-06,steam_store_search,False,True,STEAM_ONLY,True,,,,,,,Homebody,$19.99,False,https://store.steampowered.com/app/1959350/,
2414810,VT Harmony,2023-06-02,2023-06,steam_store_search,False,True,STEAM_ONLY,True,,,,,,,VT Harmony,$4.99,False,https://store.steampowered.com/app/2414810/,
2436090,IF: Walls could answer,2023-06-06,2023-06,steam_store_search,False,True,STEAM_ONLY,True,,,,,,,IF: Walls could answer,$2.99,False,https://store.steampowered.com/app/2436090/,
2127430,Loop8: Summer of Gods,2023-06-06,2023-06,steam_store_search,False,True,STEAM_ONLY,True,,,,,,,Loop8: Summer of Gods,$39.99,False,https://store.steampowered.com/app/2127430/,
2418380,Finding Fate,2023-06-07,2023-06,steam_store_search,False,True,STEAM_ONLY,True,,,,,,,Finding Fate,$4.99,False,https://store.steampowered.com/app/2418380/,
2054600,Ecchi Beauties 2,2023-06-08,2023-06,steam_store_search,False,True,STEAM_ONLY,True,,,,,,,Ecchi Beauties 2,$1.99,False,https://store.steampowered.com/app/2054600/,
2290450,James Peris 2: The fountain of eternal drunkenness,2023-06-08,2023-06,steam_store_search,False,True,STEAM_ONLY,True,,,,,,,James Peris 2: The fountain of eternal drunkenness,-50%,False,https://store.steampowered.com/app/2290450/,
2420390,CODA,2023-06-09,2023-06,steam_store_search,False,True,STEAM_ONLY,True,,,,,,,CODA,$4.29,False,https://store.steampowered.com/app/2420390/,
2123770,Distraction Machine,2023-06-09,2023-06,steam_store_search,False,True,STEAM_ONLY,True,,,,,,,Distraction Machine,$14.99,False,https://store.steampowered.com/app/2123770/,
2255970,Nacht-sama is quitting being the demon king!,2023-06-09,2023-06,steam_store_search,False,True,STEAM_ONLY,True,,,,,,,Nacht-sama is quitting being the demon king!,-70%,False,https://store.steampowered.com/app/2255970/,
2427810,垂钓日记 The Sailor’s Guide to Game Design,2023-06-09,2023-06,steam_store_search,False,True,STEAM_ONLY,True,,,,,,,垂钓日记 The Sailor’s Guide to Game Design,Free,True,https://store.steampowered.com/app/2427810/,
2444210,HANA : Hide and seek,2023-06-10,2023-06,steam_store_search,False,True,STEAM_ONLY,True,,,,,,,HANA : Hide and seek,$4.99,False,https://store.steampowered.com/app/2444210/,
2446710,Cyberside Picnic,2023-06-14,2023-06,steam_store_search,False,True,STEAM_ONLY,True,,,,,,,Cyberside Picnic,$2.99,False,https://store.steampowered.com/app/2446710/,
1299540,The Zone: Stalker Stories,2023-06-15,2023-06,steam_store_search,False,True,STEAM_ONLY,True,,,,,,,The Zone: Stalker Stories,$7.99,False,https://store.steampowered.com/app/1299540/,
2443550,Cow Girls 3 Stories,2023-06-16,2023-06,steam_store_search,False,True,STEAM_ONLY,True,,,,,,,Cow Girls 3 Stories,$0.99,False,https://store.steampowered.com/app/2443550/,
2416250,Chronautical,2023-06-20,2023-06,steam_store_search,False,True,STEAM_ONLY,True,,,,,,,Chronautical,$4.99,False,https://store.steampowered.com/app/2416250/,
2014300,Sugarcreek,2023-06-22,2023-06,steam_store_search,False,True,STEAM_ONLY,True,,,,,,,Sugarcreek,$4.99,False,https://store.steampowered.com/app/2014300/,
2447820,Survivor's guilt,2023-06-22,2023-06,steam_store_search,False,True,STEAM_ONLY,True,,,,,,,Survivor's guilt,$3.99,False,https://store.steampowered.com/app/2447820/,
1432100,The Bookwalker: Thief of Tales,2023-06-22,2023-06,steam_store_search,False,True,STEAM_ONLY,True,,,,,,,The Bookwalker: Thief of Tales,-75%,False,https://store.steampowered.com/app/1432100/,
2457700,Panpu-ja,2023-06-27,2023-06,steam_store_search,False,True,STEAM_ONLY,True,,,,,,,Panpu-ja,$0.90,False,https://store.steampowered.com/app/2457700/,
2470290,Brick Exorcist,2023-06-29,2023-06,steam_store_search,False,True,STEAM_ONLY,True,,,,,,,Brick Exorcist,$2.99,False,https://store.steampowered.com/app/2470290/,
1967430,Ghost Trick: Phantom Detective,2023-06-29,2023-06,steam_store_search,False,True,STEAM_ONLY,True,,,,,,,Ghost Trick: Phantom Detective,$29.99,False,https://store.steampowered.com/app/1967430/,
1755340,Inner Ashes,2023-06-29,2023-06,steam_store_search,False,True,STEAM_ONLY,True,,,,,,,Inner Ashes,$11.99,False,https://store.steampowered.com/app/1755340/,
2260800,nothing_matters,2023-06-30,2023-06,steam_store_search,False,True,STEAM_ONLY,True,,,,,,,nothing_matters,Free,True,https://store.steampowered.com/app/2260800/,
2403950,"Double Cheeseburger, Medium Fries",2023-07-03,2023-07,steam_store_search,False,True,STEAM_ONLY,True,,,,,,,"Double Cheeseburger, Medium Fries",Free,True,https://store.steampowered.com/app/2403950/,
2412710,Royal Romances: The Power of Chosen One Collector's Edition,2023-07-06,2023-07,steam_store_search,False,True,STEAM_ONLY,True,,,,,,,Royal Romances: The Power of Chosen One Collector's Edition,$7.99,False,https://store.steampowered.com/app/2412710/,
2481960,Russpuppy Kid Books,2023-07-06,2023-07,steam_store_search,False,True,STEAM_ONLY,True,,,,,,,Russpuppy Kid Books,$4.99,False,https://store.steampowered.com/app/2481960/,
2345140,Day In Day Out,2023-07-07,2023-07,steam_store_search,False,True,STEAM_ONLY,True,,,,,,,Day In Day Out,$3.99,False,https://store.steampowered.com/app/2345140/,
2454360,Irrational,2023-07-07,2023-07,steam_store_search,False,True,STEAM_ONLY,True,,,,,,,Irrational,Free,True,https://store.steampowered.com/app/2454360/,
2487160,Unsolved Case: The Scarlet Hyacinth Collector's Edition,2023-07-11,2023-07,steam_store_search,False,True,STEAM_ONLY,True,,,,,,,Unsolved Case: The Scarlet Hyacinth Collector's Edition,$7.99,False,https://store.steampowered.com/app/2487160/,
1574310,OXENFREE II: Lost Signals,2023-07-12,2023-07,steam_store_search,False,True,STEAM_ONLY,True,,,,,,,OXENFREE II: Lost Signals,$19.99,False,https://store.steampowered.com/app/1574310/,
2467280,人偶工坊,2023-07-13,2023-07,steam_store_search,False,True,STEAM_ONLY,True,,,,,,,人偶工坊,$4.99,False,https://store.steampowered.com/app/2467280/,
2447510,Heart of mobius,2023-07-14,2023-07,steam_store_search,False,True,STEAM_ONLY,True,,,,,,,Heart of mobius,$3.99,False,https://store.steampowered.com/app/2447510/,
2300920,Succubus Prison,2023-07-14,2023-07,steam_store_search,False,True,STEAM_ONLY,True,,,,,,,Succubus Prison,$14.99,False,https://store.steampowered.com/app/2300920/,
1509450,Elysium Above 履云录,2023-07-15,2023-07,steam_store_search,False,True,STEAM_ONLY,True,,,,,,,Elysium Above 履云录,$24.99,False,https://store.steampowered.com/app/1509450/,
2442060,Nightmare Zapping,2023-07-17,2023-07,steam_store_search,False,True,STEAM_ONLY,True,,,,,,,Nightmare Zapping,$2.99,False,https://store.steampowered.com/app/2442060/,
1539140,STONKS-9800: Stock Market Simulator,2023-07-17,2023-07,steam_store_search,False,True,STEAM_ONLY,True,,,,,,,STONKS-9800: Stock Market Simulator,$9.99,False,https://store.steampowered.com/app/1539140/,
2481310,辩游记,2023-07-17,2023-07,steam_store_search,False,True,STEAM_ONLY,True,,,,,,,辩游记,$1.99,False,https://store.steampowered.com/app/2481310/,
2291880,Murder Is Game Over: Streaming Death,2023-07-18,2023-07,steam_store_search,False,True,STEAM_ONLY,True,,,,,,,Murder Is Game Over: Streaming Death,$4.99,False,https://store.steampowered.com/app/2291880/,
2493010,Mutus Meteora,2023-07-18,2023-07,steam_store_search,False,True,STEAM_ONLY,True,,,,,,,Mutus Meteora,Free,True,https://store.steampowered.com/app/2493010/,
2162810,Abnormal Status ~Tattoo / Prohibited Books / Parasites~,2023-07-20,2023-07,steam_store_search,False,True,STEAM_ONLY,True,,,,,,,Abnormal Status ~Tattoo / Prohibited Books / Parasites~,$13.99,False,https://store.steampowered.com/app/2162810/,
2075160,BOSSGAME: The Final Boss Is My Heart,2023-07-20,2023-07,steam_store_search,False,True,STEAM_ONLY,True,,,,,,,BOSSGAME: The Final Boss Is My Heart,$9.99,False,https://store.steampowered.com/app/2075160/,
1530800,Frank and Drake,2023-07-20,2023-07,steam_store_search,False,True,STEAM_ONLY,True,,,,,,,Frank and Drake,$12.99,False,https://store.steampowered.com/app/1530800/,
2143050,Red Line,2023-07-20,2023-07,steam_store_search,False,True,STEAM_ONLY,True,,,,,,,Red Line,$9.99,False,https://store.steampowered.com/app/2143050/,
1210470,The Adventures of Bluke Bifton: Chapter 1,2023-07-20,2023-07,steam_store_search,False,True,STEAM_ONLY,True,,,,,,,The Adventures of Bluke Bifton: Chapter 1,$5.99,False,https://store.steampowered.com/app/1210470/,
2353440,Carry Onward,2023-07-21,2023-07,steam_store_search,False,True,STEAM_ONLY,True,,,,,,,Carry Onward,$4.99,False,https://store.steampowered.com/app/2353440/,
2405740,Russian Train Trip 3,2023-07-23,2023-07,steam_store_search,False,True,STEAM_ONLY,True,,,,,,,Russian Train Trip 3,$2.99,False,https://store.steampowered.com/app/2405740/,
2481400,炸鸡块与天使,2023-07-23,2023-07,steam_store_search,False,True,STEAM_ONLY,True,,,,,,,炸鸡块与天使,$4.99,False,https://store.steampowered.com/app/2481400/,
1452350,Tsukisas Arena,2023-07-24,2023-07,steam_store_search,False,True,STEAM_ONLY,True,,,,,,,Tsukisas Arena,$8.99,False,https://store.steampowered.com/app/1452350/,
1780100,Nonorelia,2023-07-25,2023-07,steam_store_search,False,True,STEAM_ONLY,True,,,,,,,Nonorelia,$24.99,False,https://store.steampowered.com/app/1780100/,
1868070,Whispers in the West - Co-op Murder Mystery,2023-07-25,2023-07,steam_store_search,False,True,STEAM_ONLY,True,,,,,,,Whispers in the West - Co-op Murder Mystery,$4.99,False,https://store.steampowered.com/app/1868070/,
2499880,Last Bloody Snack,2023-07-27,2023-07,steam_store_search,False,True,STEAM_ONLY,True,,,,,,,Last Bloody Snack,Free,True,https://store.steampowered.com/app/2499880/,
1880330,Sanfu,2023-07-27,2023-07,steam_store_search,False,True,STEAM_ONLY,True,,,,,,,Sanfu,-50%,False,https://store.steampowered.com/app/1880330/,
2346580,Sentimental Death Loop,2023-07-27,2023-07,steam_store_search,False,True,STEAM_ONLY,True,,,,,,,Sentimental Death Loop,$19.99,False,https://store.steampowered.com/app/2346580/,
2468960,The Old House,2023-07-27,2023-07,steam_store_search,False,True,STEAM_ONLY,True,,,,,,,The Old House,$0.99,False,https://store.steampowered.com/app/2468960/,
2517340,Florida Love Stories,2023-07-28,2023-07,steam_store_search,False,True,STEAM_ONLY,True,,,,,,,Florida Love Stories,$6.99,False,https://store.steampowered.com/app/2517340/,
2397490,The Tarot Experience VR,2023-07-28,2023-07,steam_store_search,False,True,STEAM_ONLY,True,,,,,,,The Tarot Experience VR,$8.99,False,https://store.steampowered.com/app/2397490/,
2433150,LOOP LOOP ROOM,2023-07-31,2023-07,steam_store_search,False,True,STEAM_ONLY,True,,,,,,,LOOP LOOP ROOM,$5.99,False,https://store.steampowered.com/app/2433150/,
1491670,Venba,2023-07-31,2023-07,steam_store_search,False,True,STEAM_ONLY,True,,,,,,,Venba,-75%,False,https://store.steampowered.com/app/1491670/,
2406400,ぼくは人狼になりたい,2023-07-31,2023-07,steam_store_search,False,True,STEAM_ONLY,True,,,,,,,ぼくは人狼になりたい,$4.99,False,https://store.steampowered.com/app/2406400/,
1633860,Firebird,2023-08-02,2023-08,steam_store_search,False,True,STEAM_ONLY,True,,,,,,,Firebird,$11.99,False,https://store.steampowered.com/app/1633860/,
2509240,Gloaming Comedian Simulator,2023-08-02,2023-08,steam_store_search,False,True,STEAM_ONLY,True,,,,,,,Gloaming Comedian Simulator,$4.99,False,https://store.steampowered.com/app/2509240/,
2431960,擱淺地 - Dream Antique,2023-08-02,2023-08,steam_store_search,False,True,STEAM_ONLY,True,,,,,,,擱淺地 - Dream Antique,Free,True,https://store.steampowered.com/app/2431960/,
2348880,春待ちトロイダル,2023-08-02,2023-08,steam_store_search,False,True,STEAM_ONLY,True,,,,,,,春待ちトロイダル,$6.99,False,https://store.steampowered.com/app/2348880/,
1627680,Love n War: Hero by Chance II,2023-08-03,2023-08,steam_store_search,False,True,STEAM_ONLY,True,,,,,,,Love n War: Hero by Chance II,-40%,False,https://store.steampowered.com/app/1627680/,
2347030,Princess Survivors,2023-08-03,2023-08,steam_store_search,False,True,STEAM_ONLY,True,,,,,,,Princess Survivors,$14.99,False,https://store.steampowered.com/app/2347030/,
2464030,Local News with Cliff Rockslide,2023-08-07,2023-08,steam_store_search,False,True,STEAM_ONLY,True,,,,,,,Local News with Cliff Rockslide,$8.99,False,https://store.steampowered.com/app/2464030/,
2514470,My Mundane Life Is Threatened by the Tropes of an RPG!!!,2023-08-07,2023-08,steam_store_search,False,True,STEAM_ONLY,True,,,,,,,My Mundane Life Is Threatened by the Tropes of an RPG!!!,$2.99,False,https://store.steampowered.com/app/2514470/,
2057360,NecroNomNomNom: Eldritch Horror Dating,2023-08-07,2023-08,steam_store_search,False,True,STEAM_ONLY,True,,,,,,,NecroNomNomNom: Eldritch Horror Dating,$14.99,False,https://store.steampowered.com/app/2057360/,
2502390,Dawn Destiny's Child,2023-08-08,2023-08,steam_store_search,False,True,STEAM_ONLY,True,,,,,,,Dawn Destiny's Child,$0.99,False,https://store.steampowered.com/app/2502390/,
2453720,Fate Collectors,2023-08-11,2023-08,steam_store_search,False,True,STEAM_ONLY,True,,,,,,,Fate Collectors,$2.80,False,https://store.steampowered.com/app/2453720/,
2512630,One Life To Alice,2023-08-12,2023-08,steam_store_search,False,True,STEAM_ONLY,True,,,,,,,One Life To Alice,$3.99,False,https://store.steampowered.com/app/2512630/,
1829850,Crystal Tales Tactics: Echoes of the Libertas War,2023-08-14,2023-08,steam_store_search,False,True,STEAM_ONLY,True,,,,,,,Crystal Tales Tactics: Echoes of the Libertas War,$12.99,False,https://store.steampowered.com/app/1829850/,
1239950,Astronaut: The Best,2023-08-15,2023-08,steam_store_search,False,True,STEAM_ONLY,True,,,,,,,Astronaut: The Best,$14.99,False,https://store.steampowered.com/app/1239950/,
2497380,Brightstone Mysteries: The Others,2023-08-16,2023-08,steam_store_search,False,True,STEAM_ONLY,True,,,,,,,Brightstone Mysteries: The Others,$14.99,False,https://store.steampowered.com/app/2497380/,
2176090,Cursed Angel: Time Paradox,2023-08-17,2023-08,steam_store_search,False,True,STEAM_ONLY,True,,,,,,,Cursed Angel: Time Paradox,$7.99,False,https://store.steampowered.com/app/2176090/,
2065750,Fogel And Porki Evil Arcade,2023-08-17,2023-08,steam_store_search,False,True,STEAM_ONLY,True,,,,,,,Fogel And Porki Evil Arcade,$17.99,False,https://store.steampowered.com/app/2065750/,
2538280,Dreaming in the mountains,2023-08-21,2023-08,steam_store_search,False,True,STEAM_ONLY,True,,,,,,,Dreaming in the mountains,$0.99,False,https://store.steampowered.com/app/2538280/,
2529570,Enigma Code: Prologue,2023-08-24,2023-08,steam_store_search,False,True,STEAM_ONLY,True,,,,,,,Enigma Code: Prologue,$0.99,False,https://store.steampowered.com/app/2529570/,
2386350,Marauder of Dystopia: The weakest go to the wall,2023-08-24,2023-08,steam_store_search,False,True,STEAM_ONLY,True,,,,,,,Marauder of Dystopia: The weakest go to the wall,$9.99,False,https://store.steampowered.com/app/2386350/,
2253200,The Devil's Face,2023-08-25,2023-08,steam_store_search,False,True,STEAM_ONLY,True,,,,,,,The Devil's Face,$5.99,False,https://store.steampowered.com/app/2253200/,
2472790,Truth,2023-08-27,2023-08,steam_store_search,False,True,STEAM_ONLY,True,,,,,,,Truth,$12.99,False,https://store.steampowered.com/app/2472790/,
2401580,拾光集,2023-08-27,2023-08,steam_store_search,False,True,STEAM_ONLY,True,,,,,,,拾光集,$5.99,False,https://store.steampowered.com/app/2401580/,
2462050,Text Adventure,2023-08-28,2023-08,steam_store_search,False,True,STEAM_ONLY,True,,,,,,,Text Adventure,$1.99,False,https://store.steampowered.com/app/2462050/,
2223740,Agatha Christie - Hercule Poirot: The London Case,2023-08-29,2023-08,steam_store_search,False,True,STEAM_ONLY,True,,,,,,,Agatha Christie - Hercule Poirot: The London Case,$29.99,False,https://store.steampowered.com/app/2223740/,
2529910,The Brittle Epoch,2023-08-29,2023-08,steam_store_search,False,True,STEAM_ONLY,True,,,,,,,The Brittle Epoch,Free,True,https://store.steampowered.com/app/2529910/,
2195690,Tropical Hearts,2023-08-29,2023-08,steam_store_search,False,True,STEAM_ONLY,True,,,,,,,Tropical Hearts,$16.99,False,https://store.steampowered.com/app/2195690/,
1633430,OU,2023-08-30,2023-08,steam_store_search,False,True,STEAM_ONLY,True,,,,,,,OU,$19.99,False,https://store.steampowered.com/app/1633430/,
2559930,The Queen's Quest,2023-08-31,2023-08,steam_store_search,False,True,STEAM_ONLY,True,,,,,,,The Queen's Quest,$6.99,False,https://store.steampowered.com/app/2559930/,
2467720,"Block, Love, and Ancient Greece",2023-09-04,2023-09,steam_store_search,False,True,STEAM_ONLY,True,,,,,,,"Block, Love, and Ancient Greece",Free,True,https://store.steampowered.com/app/2467720/,
2484100,Последнее желание,2023-09-04,2023-09,steam_store_search,False,True,STEAM_ONLY,True,,,,,,,Последнее желание,$6.99,False,https://store.steampowered.com/app/2484100/,
2409140,Picket Line,2023-09-05,2023-09,steam_store_search,False,True,STEAM_ONLY,True,,,,,,,Picket Line,$2.99,False,https://store.steampowered.com/app/2409140/,
1860610,Wild West Old Sam,2023-09-05,2023-09,steam_store_search,False,True,STEAM_ONLY,True,,,,,,,Wild West Old Sam,$0.99,False,https://store.steampowered.com/app/1860610/,
2552200,Apothecary,2023-09-07,2023-09,steam_store_search,False,True,STEAM_ONLY,True,,,,,,,Apothecary,$4.99,False,https://store.steampowered.com/app/2552200/,
2526940,Non-Fellows,2023-09-08,2023-09,steam_store_search,False,True,STEAM_ONLY,True,,,,,,,Non-Fellows,$2.99,False,https://store.steampowered.com/app/2526940/,
2271760,Boba Boyz,2023-09-11,2023-09,steam_store_search,False,True,STEAM_ONLY,True,,,,,,,Boba Boyz,Free,True,https://store.steampowered.com/app/2271760/,
2000090,The Isle Tide Hotel,2023-09-11,2023-09,steam_store_search,False,True,STEAM_ONLY,True,,,,,,,The Isle Tide Hotel,-60%,False,https://store.steampowered.com/app/2000090/,
1743470,Dirty Wars: September 11,2023-09-12,2023-09,steam_store_search,False,True,STEAM_ONLY,True,,,,,,,Dirty Wars: September 11,$4.99,False,https://store.steampowered.com/app/1743470/,
2555040,Royal Romances: Endless Winter Collector's Edition,2023-09-12,2023-09,steam_store_search,False,True,STEAM_ONLY,True,,,,,,,Royal Romances: Endless Winter Collector's Edition,-40%,False,https://store.steampowered.com/app/2555040/,
2372150,Escape from Norwood,2023-09-13,2023-09,steam_store_search,False,True,STEAM_ONLY,True,,,,,,,Escape from Norwood,$5.99,False,https://store.steampowered.com/app/2372150/,
2586040,Memory Patches,2023-09-16,2023-09,steam_store_search,False,True,STEAM_ONLY,True,,,,,,,Memory Patches,$0.99,False,https://store.steampowered.com/app/2586040/,
2084180,Case 03: True Cannibal Boy,2023-09-18,2023-09,steam_store_search,False,True,STEAM_ONLY,True,,,,,,,Case 03: True Cannibal Boy,-20%,False,https://store.steampowered.com/app/2084180/,
2096220,Last Chance in Xollywood,2023-09-19,2023-09,steam_store_search,False,True,STEAM_ONLY,True,,,,,,,Last Chance in Xollywood,Free,True,https://store.steampowered.com/app/2096220/,
2562290,Penrose,2023-09-19,2023-09,steam_store_search,False,True,STEAM_ONLY,True,,,,,,,Penrose,$4.99,False,https://store.steampowered.com/app/2562290/,
2576580,Robospital,2023-09-19,2023-09,steam_store_search,False,True,STEAM_ONLY,True,,,,,,,Robospital,$14.99,False,https://store.steampowered.com/app/2576580/,
2540980,Lighthouse Simulator,2023-09-20,2023-09,steam_store_search,False,True,STEAM_ONLY,True,,,,,,,Lighthouse Simulator,$1.99,False,https://store.steampowered.com/app/2540980/,
1887190,Civilization Simulator,2023-09-24,2023-09,steam_store_search,False,True,STEAM_ONLY,True,,,,,,,Civilization Simulator,$2.99,False,https://store.steampowered.com/app/1887190/,
2577770,HUNDRED FIRES: The rising of red star - EPISODE 3,2023-09-24,2023-09,steam_store_search,False,True,STEAM_ONLY,True,,,,,,,HUNDRED FIRES: The rising of red star - EPISODE 3,$5.99,False,https://store.steampowered.com/app/2577770/,
2410780,Goblin Conqueror,2023-09-26,2023-09,steam_store_search,False,True,STEAM_ONLY,True,,,,,,,Goblin Conqueror,$12.99,False,https://store.steampowered.com/app/2410780/,
2398570,D or D,2023-09-27,2023-09,steam_store_search,False,True,STEAM_ONLY,True,,,,,,,D or D,$4.99,False,https://store.steampowered.com/app/2398570/,
2470130,御姐初长成,2023-09-27,2023-09,steam_store_search,False,True,STEAM_ONLY,True,,,,,,,御姐初长成,$0.99,False,https://store.steampowered.com/app/2470130/,
2522450,Adam's Forgotten Secrets,2023-09-28,2023-09,steam_store_search,False,True,STEAM_ONLY,True,,,,,,,Adam's Forgotten Secrets,$9.99,False,https://store.steampowered.com/app/2522450/,
1902690,Fate/Samurai Remnant,2023-09-28,2023-09,steam_store_search,False,True,STEAM_ONLY,True,,,,,,,Fate/Samurai Remnant,-35%,False,https://store.steampowered.com/app/1902690/,
2519450,Hidden Nightmares,2023-09-28,2023-09,steam_store_search,False,True,STEAM_ONLY,True,,,,,,,Hidden Nightmares,Free,True,https://store.steampowered.com/app/2519450/,
2587250,MINDFIELD,2023-09-28,2023-09,steam_store_search,False,True,STEAM_ONLY,True,,,,,,,MINDFIELD,Free,True,https://store.steampowered.com/app/2587250/,
1568970,Torn Away,2023-09-29,2023-09,steam_store_search,False,True,STEAM_ONLY,True,,,,,,,Torn Away,$14.99,False,https://store.steampowered.com/app/1568970/,
2361610,In His Time,2023-10-02,2023-10,steam_store_search,False,True,STEAM_ONLY,True,,,,,,,In His Time,$5.99,False,https://store.steampowered.com/app/2361610/,
1820480,Pact of the Ancients - 3D Bara Survivors,2023-10-02,2023-10,steam_store_search,False,True,STEAM_ONLY,True,,,,,,,Pact of the Ancients - 3D Bara Survivors,$5.99,False,https://store.steampowered.com/app/1820480/,
1733050,Stardander School for Witches,2023-10-02,2023-10,steam_store_search,False,True,STEAM_ONLY,True,,,,,,,Stardander School for Witches,$19.99,False,https://store.steampowered.com/app/1733050/,
2593940,Sushi for Empress Setsuko,2023-10-02,2023-10,steam_store_search,False,True,STEAM_ONLY,True,,,,,,,Sushi for Empress Setsuko,$6.99,False,https://store.steampowered.com/app/2593940/,
2602810,Unsolved Case: Above the Law Collector's Edition,2023-10-02,2023-10,steam_store_search,False,True,STEAM_ONLY,True,,,,,,,Unsolved Case: Above the Law Collector's Edition,$7.99,False,https://store.steampowered.com/app/2602810/,
2434050,The Sisters 2 - Road to Fame,2023-10-05,2023-10,steam_store_search,False,True,STEAM_ONLY,True,,,,,,,The Sisters 2 - Road to Fame,$29.99,False,https://store.steampowered.com/app/2434050/,
2473980,Draw,2023-10-06,2023-10,steam_store_search,False,True,STEAM_ONLY,True,,,,,,,Draw,Free,True,https://store.steampowered.com/app/2473980/,
2523160,诡雅异俗,2023-10-08,2023-10,steam_store_search,False,True,STEAM_ONLY,True,,,,,,,诡雅异俗,$2.99,False,https://store.steampowered.com/app/2523160/,
2444710,貴方が狼カードデス！,2023-10-09,2023-10,steam_store_search,False,True,STEAM_ONLY,True,,,,,,,貴方が狼カードデス！,Free,True,https://store.steampowered.com/app/2444710/,
510540,Long Gone Days,2023-10-10,2023-10,steam_store_search,False,True,STEAM_ONLY,True,,,,,,,Long Gone Days,-40%,False,https://store.steampowered.com/app/510540/,
2601190,Unavailed,2023-10-10,2023-10,steam_store_search,False,True,STEAM_ONLY,True,,,,,,,Unavailed,$4.99,False,https://store.steampowered.com/app/2601190/,
2518900,Manny's,2023-10-12,2023-10,steam_store_search,False,True,STEAM_ONLY,True,,,,,,,Manny's,$7.99,False,https://store.steampowered.com/app/2518900/,
2097770,"Slave Princess Finne, why did she sell out her own kingdom?",2023-10-13,2023-10,steam_store_search,False,True,STEAM_ONLY,True,,,,,,,"Slave Princess Finne, why did she sell out her own kingdom?",$17.99,False,https://store.steampowered.com/app/2097770/,
2454820,TECHNOPHOBIA: DO ANDROIDS GO TO HEAVEN?,2023-10-13,2023-10,steam_store_search,False,True,STEAM_ONLY,True,,,,,,,TECHNOPHOBIA: DO ANDROIDS GO TO HEAVEN?,Free,True,https://store.steampowered.com/app/2454820/,
1978210,The Grinch: Christmas Adventures,2023-10-13,2023-10,steam_store_search,False,True,STEAM_ONLY,True,,,,,,,The Grinch: Christmas Adventures,$19.99,False,https://store.steampowered.com/app/1978210/,
2471160,Arthur's Reading Race,2023-10-15,2023-10,steam_store_search,False,True,STEAM_ONLY,True,,,,,,,Arthur's Reading Race,$9.99,False,https://store.steampowered.com/app/2471160/,
2471150,Arthur's Teacher Trouble,2023-10-15,2023-10,steam_store_search,False,True,STEAM_ONLY,True,,,,,,,Arthur's Teacher Trouble,$9.99,False,https://store.steampowered.com/app/2471150/,
1826060,Night Loops,2023-10-16,2023-10,steam_store_search,False,True,STEAM_ONLY,True,,,,,,,Night Loops,$9.99,False,https://store.steampowered.com/app/1826060/,
2310920,THE EDITOR,2023-10-16,2023-10,steam_store_search,False,True,STEAM_ONLY,True,,,,,,,THE EDITOR,$11.99,False,https://store.steampowered.com/app/2310920/,
2322560,Love Is All Around,2023-10-17,2023-10,steam_store_search,False,True,STEAM_ONLY,True,,,,,,,Love Is All Around,$9.99,False,https://store.steampowered.com/app/2322560/,
2420330,The Mildew Children: Chapter 1,2023-10-17,2023-10,steam_store_search,False,True,STEAM_ONLY,True,,,,,,,The Mildew Children: Chapter 1,Free,True,https://store.steampowered.com/app/2420330/,
1562910,MAKOTO WAKAIDO’s Case Files TRILOGY DELUXE,2023-10-18,2023-10,steam_store_search,False,True,STEAM_ONLY,True,,,,,,,MAKOTO WAKAIDO’s Case Files TRILOGY DELUXE,$12.99,False,https://store.steampowered.com/app/1562910/,
2519520,死写 -SHISYA-,2023-10-18,2023-10,steam_store_search,False,True,STEAM_ONLY,True,,,,,,,死写 -SHISYA-,$2.99,False,https://store.steampowered.com/app/2519520/,
1904790,Agatha Christie - Murder on the Orient Express,2023-10-19,2023-10,steam_store_search,False,True,STEAM_ONLY,True,,,,,,,Agatha Christie - Murder on the Orient Express,$39.99,False,https://store.steampowered.com/app/1904790/,
1484790,Grave Knight,2023-10-19,2023-10,steam_store_search,False,True,STEAM_ONLY,True,,,,,,,Grave Knight,$4.99,False,https://store.steampowered.com/app/1484790/,
2594730,Daydream Mosaics 4: Shades of Blue,2023-10-20,2023-10,steam_store_search,False,True,STEAM_ONLY,True,,,,,,,Daydream Mosaics 4: Shades of Blue,$8.99,False,https://store.steampowered.com/app/2594730/,
2229490,Iragon: Prologue,2023-10-20,2023-10,steam_store_search,False,True,STEAM_ONLY,True,,,,,,,Iragon: Prologue,Free,True,https://store.steampowered.com/app/2229490/,
2452100,Nephilim,2023-10-23,2023-10,steam_store_search,False,True,STEAM_ONLY,True,,,,,,,Nephilim,$16.99,False,https://store.steampowered.com/app/2452100/,
1889620,AI Roguelite,2023-10-25,2023-10,steam_store_search,False,True,STEAM_ONLY,True,,,,,,,AI Roguelite,$14.99,False,https://store.steampowered.com/app/1889620/,
2425740,The Three Kingdoms Era in China 2000 years ago,2023-10-25,2023-10,steam_store_search,False,True,STEAM_ONLY,True,,,,,,,The Three Kingdoms Era in China 2000 years ago,$3.99,False,https://store.steampowered.com/app/2425740/,
1497770,Keylogger: A Sci-Fi Visual Novel,2023-10-26,2023-10,steam_store_search,False,True,STEAM_ONLY,True,,,,,,,Keylogger: A Sci-Fi Visual Novel,Free,True,https://store.steampowered.com/app/1497770/,
2506730,i feel very lonely and i don't remember myself,2023-10-26,2023-10,steam_store_search,False,True,STEAM_ONLY,True,,,,,,,i feel very lonely and i don't remember myself,Free,True,https://store.steampowered.com/app/2506730/,
2636670,Honked: a clown noir,2023-10-27,2023-10,steam_store_search,False,True,STEAM_ONLY,True,,,,,,,Honked: a clown noir,$2.99,False,https://store.steampowered.com/app/2636670/,
2639580,Myrcella the Meandering Mage,2023-10-30,2023-10,steam_store_search,False,True,STEAM_ONLY,True,,,,,,,Myrcella the Meandering Mage,$6.99,False,https://store.steampowered.com/app/2639580/,
2319770,Town of Illustive,2023-10-30,2023-10,steam_store_search,False,True,STEAM_ONLY,True,,,,,,,Town of Illustive,$9.99,False,https://store.steampowered.com/app/2319770/,
2007790,普帕高中 PUPA,2023-10-30,2023-10,steam_store_search,False,True,STEAM_ONLY,True,,,,,,,普帕高中 PUPA,$6.99,False,https://store.steampowered.com/app/2007790/,
2642170,Al Bassel,2023-10-31,2023-10,steam_store_search,False,True,STEAM_ONLY,True,,,,,,,Al Bassel,Free,True,https://store.steampowered.com/app/2642170/,
1793200,Fear Of The Darkness,2023-10-31,2023-10,steam_store_search,False,True,STEAM_ONLY,True,,,,,,,Fear Of The Darkness,$11.99,False,https://store.steampowered.com/app/1793200/,
2469190,Gluck,2023-11-01,2023-11,steam_store_search,False,True,STEAM_ONLY,True,,,,,,,Gluck,$6.99,False,https://store.steampowered.com/app/2469190/,
2620330,Stamped: an anti-travel game,2023-11-01,2023-11,steam_store_search,False,True,STEAM_ONLY,True,,,,,,,Stamped: an anti-travel game,Free,True,https://store.steampowered.com/app/2620330/,
2630520,Successor To Your Throne,2023-11-01,2023-11,steam_store_search,False,True,STEAM_ONLY,True,,,,,,,Successor To Your Throne,$2.99,False,https://store.steampowered.com/app/2630520/,
2623730,The Leak,2023-11-01,2023-11,steam_store_search,False,True,STEAM_ONLY,True,,,,,,,The Leak,Free,True,https://store.steampowered.com/app/2623730/,
778620,Strange House,2023-11-02,2023-11,steam_store_search,False,True,STEAM_ONLY,True,,,,,,,Strange House,$2.99,False,https://store.steampowered.com/app/778620/,
2515310,One Night: Burlesque,2023-11-03,2023-11,steam_store_search,False,True,STEAM_ONLY,True,,,,,,,One Night: Burlesque,$12.99,False,https://store.steampowered.com/app/2515310/,
2414650,Tower of the Mad Wizard,2023-11-05,2023-11,steam_store_search,False,True,STEAM_ONLY,True,,,,,,,Tower of the Mad Wizard,$4.99,False,https://store.steampowered.com/app/2414650/,
2663780,Hidden World 6 Top-Down 3D,2023-11-07,2023-11,steam_store_search,False,True,STEAM_ONLY,True,,,,,,,Hidden World 6 Top-Down 3D,-92%,False,https://store.steampowered.com/app/2663780/,
2603290,Block The Monster,2023-11-08,2023-11,steam_store_search,False,True,STEAM_ONLY,True,,,,,,,Block The Monster,$11.99,False,https://store.steampowered.com/app/2603290/,
1603420,Doomsday Paradise,2023-11-08,2023-11,steam_store_search,False,True,STEAM_ONLY,True,,,,,,,Doomsday Paradise,$14.99,False,https://store.steampowered.com/app/1603420/,
2267600,Lost Day,2023-11-11,2023-11,steam_store_search,False,True,STEAM_ONLY,True,,,,,,,Lost Day,$2.99,False,https://store.steampowered.com/app/2267600/,
2644550,New Zombie,2023-11-13,2023-11,steam_store_search,False,True,STEAM_ONLY,True,,,,,,,New Zombie,$0.99,False,https://store.steampowered.com/app/2644550/,
2514960,Refind Self: The Personality Test Game,2023-11-13,2023-11,steam_store_search,False,True,STEAM_ONLY,True,,,,,,,Refind Self: The Personality Test Game,$7.99,False,https://store.steampowered.com/app/2514960/,
2573420,Visual novel for the kids: Lumi And Baby - Hamster And Baby Dragon,2023-11-14,2023-11,steam_store_search,False,True,STEAM_ONLY,True,,,,,,,Visual novel for the kids: Lumi And Baby - Hamster And Baby Dragon,$3.99,False,https://store.steampowered.com/app/2573420/,
1249040,American Arcadia,2023-11-15,2023-11,steam_store_search,False,True,STEAM_ONLY,True,,,,,,,American Arcadia,$19.99,False,https://store.steampowered.com/app/1249040/,
2626940,Life Makeover,2023-11-15,2023-11,steam_store_search,False,True,STEAM_ONLY,True,,,,,,,Life Makeover,Free,True,https://store.steampowered.com/app/2626940/,
2081310,TOBOR,2023-11-15,2023-11,steam_store_search,False,True,STEAM_ONLY,True,,,,,,,TOBOR,-33%,False,https://store.steampowered.com/app/2081310/,
2206660,Tourist Trap,2023-11-15,2023-11,steam_store_search,False,True,STEAM_ONLY,True,,,,,,,Tourist Trap,$9.99,False,https://store.steampowered.com/app/2206660/,
2641070,Black Beacon Hill,2023-11-16,2023-11,steam_store_search,False,True,STEAM_ONLY,True,,,,,,,Black Beacon Hill,$7.99,False,https://store.steampowered.com/app/2641070/,
2672680,Living Pages - Children's Interactive Book,2023-11-16,2023-11,steam_store_search,False,True,STEAM_ONLY,True,,,,,,,Living Pages - Children's Interactive Book,$2.99,False,https://store.steampowered.com/app/2672680/,
2352410,Oxygen Cocktail,2023-11-16,2023-11,steam_store_search,False,True,STEAM_ONLY,True,,,,,,,Oxygen Cocktail,$1.99,False,https://store.steampowered.com/app/2352410/,
2254740,Persona 5 Tactica,2023-11-16,2023-11,steam_store_search,False,True,STEAM_ONLY,True,,,,,,,Persona 5 Tactica,$59.99,False,https://store.steampowered.com/app/2254740/,
1627840,Universe For Sale,2023-11-16,2023-11,steam_store_search,False,True,STEAM_ONLY,True,,,,,,,Universe For Sale,$14.99,False,https://store.steampowered.com/app/1627840/,
2664760,Quiz or Die: The Haunted Cabin,2023-11-17,2023-11,steam_store_search,False,True,STEAM_ONLY,True,,,,,,,Quiz or Die: The Haunted Cabin,$1.99,False,https://store.steampowered.com/app/2664760/,
2573530,Changdong's Bikini Adventure,2023-11-18,2023-11,steam_store_search,False,True,STEAM_ONLY,True,,,,,,,Changdong's Bikini Adventure,$2.00,False,https://store.steampowered.com/app/2573530/,
2234960,Pygmalion,2023-11-23,2023-11,steam_store_search,False,True,STEAM_ONLY,True,,,,,,,Pygmalion,$4.99,False,https://store.steampowered.com/app/2234960/,
2535780,Witch Cram Sorceries,2023-11-23,2023-11,steam_store_search,False,True,STEAM_ONLY,True,,,,,,,Witch Cram Sorceries,$6.99,False,https://store.steampowered.com/app/2535780/,
2682300,True Reporter. Mystery of Mistwood,2023-11-24,2023-11,steam_store_search,False,True,STEAM_ONLY,True,,,,,,,True Reporter. Mystery of Mistwood,Free,True,https://store.steampowered.com/app/2682300/,
1756210,Falling Down,2023-11-26,2023-11,steam_store_search,False,True,STEAM_ONLY,True,,,,,,,Falling Down,$0.99,False,https://store.steampowered.com/app/1756210/,
2688940,Buzz Cut Simulation,2023-11-30,2023-11,steam_store_search,False,True,STEAM_ONLY,True,,,,,,,Buzz Cut Simulation,$1.90,False,https://store.steampowered.com/app/2688940/,
2655650,Hidden Series 2,2023-11-30,2023-11,steam_store_search,False,True,STEAM_ONLY,True,,,,,,,Hidden Series 2,$1.99,False,https://store.steampowered.com/app/2655650/,
2600570,Paper Bride 5 Two Lifetimes,2023-11-30,2023-11,steam_store_search,False,True,STEAM_ONLY,True,,,,,,,Paper Bride 5 Two Lifetimes,$9.99,False,https://store.steampowered.com/app/2600570/,
2409360,Pixel Cafe,2023-11-30,2023-11,steam_store_search,False,True,STEAM_ONLY,True,,,,,,,Pixel Cafe,$12.99,False,https://store.steampowered.com/app/2409360/,
2667850,Scary School Simulator 2,2023-11-30,2023-11,steam_store_search,False,True,STEAM_ONLY,True,,,,,,,Scary School Simulator 2,Free,True,https://store.steampowered.com/app/2667850/,
1673830,Cat Leather Jackets,2023-12-01,2023-12,steam_store_search,False,True,STEAM_ONLY,True,,,,,,,Cat Leather Jackets,$9.99,False,https://store.steampowered.com/app/1673830/,
2644670,Data Garden,2023-12-01,2023-12,steam_store_search,False,True,STEAM_ONLY,True,,,,,,,Data Garden,$3.99,False,https://store.steampowered.com/app/2644670/,
2565260,NOTICE,2023-12-01,2023-12,steam_store_search,False,True,STEAM_ONLY,True,,,,,,,NOTICE,$1.99,False,https://store.steampowered.com/app/2565260/,
1899110,Octo Vinctum: Revenge of the Czar,2023-12-01,2023-12,steam_store_search,False,True,STEAM_ONLY,True,,,,,,,Octo Vinctum: Revenge of the Czar,$1.99,False,https://store.steampowered.com/app/1899110/,
2604920,Quest Giver,2023-12-01,2023-12,steam_store_search,False,True,STEAM_ONLY,True,,,,,,,Quest Giver,$4.99,False,https://store.steampowered.com/app/2604920/,
2693450,Not Burned Evil,2023-12-02,2023-12,steam_store_search,False,True,STEAM_ONLY,True,,,,,,,Not Burned Evil,$0.99,False,https://store.steampowered.com/app/2693450/,
2622030,Filter World,2023-12-05,2023-12,steam_store_search,False,True,STEAM_ONLY,True,,,,,,,Filter World,$2.99,False,https://store.steampowered.com/app/2622030/,
2703190,Hidden World 10 Top-Down 3D,2023-12-06,2023-12,steam_store_search,False,True,STEAM_ONLY,True,,,,,,,Hidden World 10 Top-Down 3D,-85%,False,https://store.steampowered.com/app/2703190/,
1149000,Monster Loves You Too!,2023-12-07,2023-12,steam_store_search,False,True,STEAM_ONLY,True,,,,,,,Monster Loves You Too!,$14.99,False,https://store.steampowered.com/app/1149000/,
2543050,Anon's Neko Waifus,2023-12-08,2023-12,steam_store_search,False,True,STEAM_ONLY,True,,,,,,,Anon's Neko Waifus,-70%,False,https://store.steampowered.com/app/2543050/,
2629650,Arthur & Susan: Almost Detectives,2023-12-08,2023-12,steam_store_search,False,True,STEAM_ONLY,True,,,,,,,Arthur & Susan: Almost Detectives,$4.99,False,https://store.steampowered.com/app/2629650/,
2649170,Buried Shards,2023-12-08,2023-12,steam_store_search,False,True,STEAM_ONLY,True,,,,,,,Buried Shards,Free,True,https://store.steampowered.com/app/2649170/,
2609490,Foxy Tales,2023-12-08,2023-12,steam_store_search,False,True,STEAM_ONLY,True,,,,,,,Foxy Tales,$0.99,False,https://store.steampowered.com/app/2609490/,
2393410,The Rusty Longsword,2023-12-08,2023-12,steam_store_search,False,True,STEAM_ONLY,True,,,,,,,The Rusty Longsword,$7.99,False,https://store.steampowered.com/app/2393410/,
2701120,Cursed Enigma - Priest and Prayers,2023-12-11,2023-12,steam_store_search,False,True,STEAM_ONLY,True,,,,,,,Cursed Enigma - Priest and Prayers,Free,True,https://store.steampowered.com/app/2701120/,
2701100,Harrowed Ground,2023-12-11,2023-12,steam_store_search,False,True,STEAM_ONLY,True,,,,,,,Harrowed Ground,Free,True,https://store.steampowered.com/app/2701100/,
2696970,Monologue: Winter melancholy,2023-12-11,2023-12,steam_store_search,False,True,STEAM_ONLY,True,,,,,,,Monologue: Winter melancholy,$2.99,False,https://store.steampowered.com/app/2696970/,
1288640,Myth of Future Dimension,2023-12-11,2023-12,steam_store_search,False,True,STEAM_ONLY,True,,,,,,,Myth of Future Dimension,$11.99,False,https://store.steampowered.com/app/1288640/,
2525830,The Lost Prince,2023-12-11,2023-12,steam_store_search,False,True,STEAM_ONLY,True,,,,,,,The Lost Prince,$12.99,False,https://store.steampowered.com/app/2525830/,
2475400,Buried Alive: Breathless Rescue,2023-12-12,2023-12,steam_store_search,False,True,STEAM_ONLY,True,,,,,,,Buried Alive: Breathless Rescue,$12.99,False,https://store.steampowered.com/app/2475400/,
2676970,Royal Romances: Cursed Hearts Collector's Edition,2023-12-12,2023-12,steam_store_search,False,True,STEAM_ONLY,True,,,,,,,Royal Romances: Cursed Hearts Collector's Edition,$7.99,False,https://store.steampowered.com/app/2676970/,
2358100,九霄风云录 Legends Of The Divine Land,2023-12-12,2023-12,steam_store_search,False,True,STEAM_ONLY,True,,,,,,,九霄风云录 Legends Of The Divine Land,-50%,False,https://store.steampowered.com/app/2358100/,
2615530,失忆者的终章（The Amnesiac：Final Chapter）,2023-12-12,2023-12,steam_store_search,False,True,STEAM_ONLY,True,,,,,,,失忆者的终章（The Amnesiac：Final Chapter）,$3.99,False,https://store.steampowered.com/app/2615530/,
2331870,Hibernation Day,2023-12-14,2023-12,steam_store_search,False,True,STEAM_ONLY,True,,,,,,,Hibernation Day,Free,True,https://store.steampowered.com/app/2331870/,
2420100,Manitas Kitchen,2023-12-15,2023-12,steam_store_search,False,True,STEAM_ONLY,True,,,,,,,Manitas Kitchen,$9.99,False,https://store.steampowered.com/app/2420100/,
2708500,Speed Night,2023-12-15,2023-12,steam_store_search,False,True,STEAM_ONLY,True,,,,,,,Speed Night,$4.99,False,https://store.steampowered.com/app/2708500/,
2715960,Girls Hobby in LOVE,2023-12-17,2023-12,steam_store_search,False,True,STEAM_ONLY,True,,,,,,,Girls Hobby in LOVE,$0.99,False,https://store.steampowered.com/app/2715960/,
2712730,杉木花与风信子 Fir flowers and hyacinths,2023-12-18,2023-12,steam_store_search,False,True,STEAM_ONLY,True,,,,,,,杉木花与风信子 Fir flowers and hyacinths,Free,True,https://store.steampowered.com/app/2712730/,
2655150,King Jister 3,2023-12-19,2023-12,steam_store_search,False,True,STEAM_ONLY,True,,,,,,,King Jister 3,$5.99,False,https://store.steampowered.com/app/2655150/,
2451460,Lazarus A.D. 2222,2023-12-20,2023-12,steam_store_search,False,True,STEAM_ONLY,True,,,,,,,Lazarus A.D. 2222,-80%,False,https://store.steampowered.com/app/2451460/,
2704870,Crying Alone,2023-12-21,2023-12,steam_store_search,False,True,STEAM_ONLY,True,,,,,,,Crying Alone,$1.99,False,https://store.steampowered.com/app/2704870/,
2704270,Dorasyeoda,2023-12-21,2023-12,steam_store_search,False,True,STEAM_ONLY,True,,,,,,,Dorasyeoda,$9.99,False,https://store.steampowered.com/app/2704270/,
2707040,KRAMPEN,2023-12-21,2023-12,steam_store_search,False,True,STEAM_ONLY,True,,,,,,,KRAMPEN,$2.99,False,https://store.steampowered.com/app/2707040/,
2690170,A group of beauties surrounded me,2023-12-24,2023-12,steam_store_search,False,True,STEAM_ONLY,True,,,,,,,A group of beauties surrounded me,-45%,False,https://store.steampowered.com/app/2690170/,
1502890,DNA: Episode 1,2023-12-26,2023-12,steam_store_search,False,True,STEAM_ONLY,True,,,,,,,DNA: Episode 1,$1.99,False,https://store.steampowered.com/app/1502890/,
2718140,Christmas Fables: The Magic Snowflake Collector's Edition,2023-12-27,2023-12,steam_store_search,False,True,STEAM_ONLY,True,,,,,,,Christmas Fables: The Magic Snowflake Collector's Edition,$7.99,False,https://store.steampowered.com/app/2718140/,
2736390,Гордость Улыпа. VR-легенды Чувашии,2023-12-28,2023-12,steam_store_search,False,True,STEAM_ONLY,True,,,,,,,Гордость Улыпа. VR-легенды Чувашии,Free,True,https://store.steampowered.com/app/2736390/,
2712540,完蛋！我也能追到美女了！,2023-12-28,2023-12,steam_store_search,False,True,STEAM_ONLY,True,,,,,,,完蛋！我也能追到美女了！,$0.99,False,https://store.steampowered.com/app/2712540/,
2431510,BlueSuburbia,2023-12-29,2023-12,steam_store_search,False,True,STEAM_ONLY,True,,,,,,,BlueSuburbia,Free,True,https://store.steampowered.com/app/2431510/,
2654960,Mortadelo y Filemón: La Sexta Secta,2023-12-30,2023-12,steam_store_search,False,True,STEAM_ONLY,True,,,,,,,Mortadelo y Filemón: La Sexta Secta,-50%,False,https://store.steampowered.com/app/2654960/,
2724740,Psychiatrist Simulator 2,2023-12-31,2023-12,steam_store_search,False,True,STEAM_ONLY,True,,,,,,,Psychiatrist Simulator 2,-20%,False,https://store.steampowered.com/app/2724740/,
2244410,Santa and present chaos,2024-01-03,2024-01,steam_store_search,False,True,STEAM_ONLY,True,,,,,,,Santa and present chaos,$1.99,False,https://store.steampowered.com/app/2244410/,
2735930,Oneiric,2024-01-04,2024-01,steam_store_search,False,True,STEAM_ONLY,True,,,,,,,Oneiric,$2.99,False,https://store.steampowered.com/app/2735930/,
2419970,Pigeon Flight Simulator,2024-01-07,2024-01,steam_store_search,False,True,STEAM_ONLY,True,,,,,,,Pigeon Flight Simulator,-55%,False,https://store.steampowered.com/app/2419970/,
2575360,DOLL EYE: CHAPTER ONE,2024-01-09,2024-01,steam_store_search,False,True,STEAM_ONLY,True,,,,,,,DOLL EYE: CHAPTER ONE,Free,True,https://store.steampowered.com/app/2575360/,
2075070,KinitoPET,2024-01-09,2024-01,steam_store_search,False,True,STEAM_ONLY,True,,,,,,,KinitoPET,$5.99,False,https://store.steampowered.com/app/2075070/,
2654910,I'll Do It Tomorrow,2024-01-10,2024-01,steam_store_search,False,True,STEAM_ONLY,True,,,,,,,I'll Do It Tomorrow,Free,True,https://store.steampowered.com/app/2654910/,
1819890,Progeria: Vae Victis,2024-01-10,2024-01,steam_store_search,False,True,STEAM_ONLY,True,,,,,,,Progeria: Vae Victis,$9.99,False,https://store.steampowered.com/app/1819890/,
2609540,I Think I'm in Love with a Demon Prince,2024-01-12,2024-01,steam_store_search,False,True,STEAM_ONLY,True,,,,,,,I Think I'm in Love with a Demon Prince,$4.99,False,https://store.steampowered.com/app/2609540/,
2406100,united city,2024-01-12,2024-01,steam_store_search,False,True,STEAM_ONLY,True,,,,,,,united city,$1.99,False,https://store.steampowered.com/app/2406100/,
2719020,Apathy In Our Stars,2024-01-15,2024-01,steam_store_search,False,True,STEAM_ONLY,True,,,,,,,Apathy In Our Stars,Free,True,https://store.steampowered.com/app/2719020/,
1674920,Sovereign Syndicate,2024-01-15,2024-01,steam_store_search,False,True,STEAM_ONLY,True,,,,,,,Sovereign Syndicate,-70%,False,https://store.steampowered.com/app/1674920/,
2740290,SHADOW,2024-01-17,2024-01,steam_store_search,False,True,STEAM_ONLY,True,,,,,,,SHADOW,Free,True,https://store.steampowered.com/app/2740290/,
2436340,Yuuna and the Haunted Hot Springs The Thrilling Steamy Maze Kiwami,2024-01-17,2024-01,steam_store_search,False,True,STEAM_ONLY,True,,,,,,,Yuuna and the Haunted Hot Springs The Thrilling Steamy Maze Kiwami,-77%,False,https://store.steampowered.com/app/2436340/,
2673700,里山のおと 夏草こみち,2024-01-17,2024-01,steam_store_search,False,True,STEAM_ONLY,True,,,,,,,里山のおと 夏草こみち,$2.99,False,https://store.steampowered.com/app/2673700/,
2670370,Knights of Grayfang,2024-01-18,2024-01,steam_store_search,False,True,STEAM_ONLY,True,,,,,,,Knights of Grayfang,-50%,False,https://store.steampowered.com/app/2670370/,
2750210,You Can Save Everyone,2024-01-22,2024-01,steam_store_search,False,True,STEAM_ONLY,True,,,,,,,You Can Save Everyone,$5.99,False,https://store.steampowered.com/app/2750210/,
2269860,风与鸟 - Wind and Bird,2024-01-22,2024-01,steam_store_search,False,True,STEAM_ONLY,True,,,,,,,风与鸟 - Wind and Bird,Free,True,https://store.steampowered.com/app/2269860/,
2721680,Ball is Life,2024-01-24,2024-01,steam_store_search,False,True,STEAM_ONLY,True,,,,,,,Ball is Life,$2.99,False,https://store.steampowered.com/app/2721680/,
2724500,Alpaca Wonders Why,2024-01-25,2024-01,steam_store_search,False,True,STEAM_ONLY,True,,,,,,,Alpaca Wonders Why,-79%,False,https://store.steampowered.com/app/2724500/,
2747740,Nova Hearts: The Spark,2024-01-25,2024-01,steam_store_search,False,True,STEAM_ONLY,True,,,,,,,Nova Hearts: The Spark,Free,True,https://store.steampowered.com/app/2747740/,
2715590,TryAndLove,2024-01-25,2024-01,steam_store_search,False,True,STEAM_ONLY,True,,,,,,,TryAndLove,$6.99,False,https://store.steampowered.com/app/2715590/,
2729360,虚构未来（Imaginary future）,2024-01-25,2024-01,steam_store_search,False,True,STEAM_ONLY,True,,,,,,,虚构未来（Imaginary future）,$11.99,False,https://store.steampowered.com/app/2729360/,
2577860,A Night at the Watermill,2024-01-26,2024-01,steam_store_search,False,True,STEAM_ONLY,True,,,,,,,A Night at the Watermill,$3.99,False,https://store.steampowered.com/app/2577860/,
2307300,Kurone's Feelings ~Apprentice Witch of Starfall Village~,2024-01-26,2024-01,steam_store_search,False,True,STEAM_ONLY,True,,,,,,,Kurone's Feelings ~Apprentice Witch of Starfall Village~,$14.99,False,https://store.steampowered.com/app/2307300/,
2766310,放學後(After school),2024-01-27,2024-01,steam_store_search,False,True,STEAM_ONLY,True,,,,,,,放學後(After school),$0.99,False,https://store.steampowered.com/app/2766310/,
2114300,Chronique des Silencieux,2024-01-29,2024-01,steam_store_search,False,True,STEAM_ONLY,True,,,,,,,Chronique des Silencieux,-60%,False,https://store.steampowered.com/app/2114300/,
2334590,Zong,2024-01-29,2024-01,steam_store_search,False,True,STEAM_ONLY,True,,,,,,,Zong,$29.99,False,https://store.steampowered.com/app/2334590/,
2776990,Unsolved Case: Killer Popularity Collector's Edition,2024-01-30,2024-01,steam_store_search,False,True,STEAM_ONLY,True,,,,,,,Unsolved Case: Killer Popularity Collector's Edition,$7.99,False,https://store.steampowered.com/app/2776990/,
2481570,Waifu Club - Ayame,2024-01-31,2024-01,steam_store_search,False,True,STEAM_ONLY,True,,,,,,,Waifu Club - Ayame,$1.99,False,https://store.steampowered.com/app/2481570/,
2685620,反转21克,2024-02-01,2024-02,steam_store_search,False,True,STEAM_ONLY,True,,,,,,,反转21克,$8.99,False,https://store.steampowered.com/app/2685620/,
2788380,Dump The Corpse,2024-02-02,2024-02,steam_store_search,False,True,STEAM_ONLY,True,,,,,,,Dump The Corpse,-40%,False,https://store.steampowered.com/app/2788380/,
2699290,Kevin(1997-2077),2024-02-02,2024-02,steam_store_search,False,True,STEAM_ONLY,True,,,,,,,Kevin(1997-2077),$4.99,False,https://store.steampowered.com/app/2699290/,
2786300,乾坤盘,2024-02-02,2024-02,steam_store_search,False,True,STEAM_ONLY,True,,,,,,,乾坤盘,Free,True,https://store.steampowered.com/app/2786300/,
2172490,Detective Ridelle,2024-02-04,2024-02,steam_store_search,False,True,STEAM_ONLY,True,,,,,,,Detective Ridelle,$14.99,False,https://store.steampowered.com/app/2172490/,
2641710,SaGaS,2024-02-05,2024-02,steam_store_search,False,True,STEAM_ONLY,True,,,,,,,SaGaS,Free,True,https://store.steampowered.com/app/2641710/,
2737810,Connected Hearts: Cost of Beauty Collector's Edition,2024-02-06,2024-02,steam_store_search,False,True,STEAM_ONLY,True,,,,,,,Connected Hearts: Cost of Beauty Collector's Edition,$7.99,False,https://store.steampowered.com/app/2737810/,
2478850,Murder Is Game Over: Deal Killer,2024-02-06,2024-02,steam_store_search,False,True,STEAM_ONLY,True,,,,,,,Murder Is Game Over: Deal Killer,$4.99,False,https://store.steampowered.com/app/2478850/,
2739860,RPG Conquer the World,2024-02-06,2024-02,steam_store_search,False,True,STEAM_ONLY,True,,,,,,,RPG Conquer the World,$5.99,False,https://store.steampowered.com/app/2739860/,
2190220,Touhou Danmaku Kagura Phantasia Lost,2024-02-07,2024-02,steam_store_search,False,True,STEAM_ONLY,True,,,,,,,Touhou Danmaku Kagura Phantasia Lost,$19.99,False,https://store.steampowered.com/app/2190220/,
2678660,MagicArchitect_IntoDisaster,2024-02-08,2024-02,steam_store_search,False,True,STEAM_ONLY,True,,,,,,,MagicArchitect_IntoDisaster,$3.99,False,https://store.steampowered.com/app/2678660/,
2755230,VTuber Manager,2024-02-08,2024-02,steam_store_search,False,True,STEAM_ONLY,True,,,,,,,VTuber Manager,$4.99,False,https://store.steampowered.com/app/2755230/,
2582660,And the Hero Was Never Seen Again,2024-02-09,2024-02,steam_store_search,False,True,STEAM_ONLY,True,,,,,,,And the Hero Was Never Seen Again,$14.99,False,https://store.steampowered.com/app/2582660/,
2654940,Mortadelo y Filemón: Dos vaqueros chapuceros,2024-02-09,2024-02,steam_store_search,False,True,STEAM_ONLY,True,,,,,,,Mortadelo y Filemón: Dos vaqueros chapuceros,$4.99,False,https://store.steampowered.com/app/2654940/,
2755320,Until It’s Undone: Unmastered,2024-02-09,2024-02,steam_store_search,False,True,STEAM_ONLY,True,,,,,,,Until It’s Undone: Unmastered,$1.99,False,https://store.steampowered.com/app/2755320/,
2765640,Freak House,2024-02-10,2024-02,steam_store_search,False,True,STEAM_ONLY,True,,,,,,,Freak House,$5.99,False,https://store.steampowered.com/app/2765640/,
2731010,The Traveller Vanilla Version,2024-02-11,2024-02,steam_store_search,False,True,STEAM_ONLY,True,,,,,,,The Traveller Vanilla Version,$2.99,False,https://store.steampowered.com/app/2731010/,
2801790,DNA: Episode 2,2024-02-13,2024-02,steam_store_search,False,True,STEAM_ONLY,True,,,,,,,DNA: Episode 2,$2.99,False,https://store.steampowered.com/app/2801790/,
2696170,Jooin's Romance Fantasy,2024-02-13,2024-02,steam_store_search,False,True,STEAM_ONLY,True,,,,,,,Jooin's Romance Fantasy,Free,True,https://store.steampowered.com/app/2696170/,
2204260,Matchmaker Agency,2024-02-13,2024-02,steam_store_search,False,True,STEAM_ONLY,True,,,,,,,Matchmaker Agency,$19.99,False,https://store.steampowered.com/app/2204260/,
2765200,I'm Surrounded by Classical Beauties!,2024-02-14,2024-02,steam_store_search,False,True,STEAM_ONLY,True,,,,,,,I'm Surrounded by Classical Beauties!,$2.99,False,https://store.steampowered.com/app/2765200/,
2229300,Iragon,2024-02-14,2024-02,steam_store_search,False,True,STEAM_ONLY,True,,,,,,,Iragon,$19.99,False,https://store.steampowered.com/app/2229300/,
2706780,To Tell the Truth,2024-02-14,2024-02,steam_store_search,False,True,STEAM_ONLY,True,,,,,,,To Tell the Truth,$9.99,False,https://store.steampowered.com/app/2706780/,
2803640,Cursed Enigma - The Midnight Apartment,2024-02-15,2024-02,steam_store_search,False,True,STEAM_ONLY,True,,,,,,,Cursed Enigma - The Midnight Apartment,$2.99,False,https://store.steampowered.com/app/2803640/,
2758000,Vanity Fair: The Pursuit,2024-02-19,2024-02,steam_store_search,False,True,STEAM_ONLY,True,,,,,,,Vanity Fair: The Pursuit,$6.99,False,https://store.steampowered.com/app/2758000/,
2500780,Waifu Club - Azumi,2024-02-19,2024-02,steam_store_search,False,True,STEAM_ONLY,True,,,,,,,Waifu Club - Azumi,$1.99,False,https://store.steampowered.com/app/2500780/,
2795850,Magic City Detective: Wrath of the Ocean Collector's Edition,2024-02-20,2024-02,steam_store_search,False,True,STEAM_ONLY,True,,,,,,,Magic City Detective: Wrath of the Ocean Collector's Edition,$7.99,False,https://store.steampowered.com/app/2795850/,
2825210,Click to 13,2024-02-21,2024-02,steam_store_search,False,True,STEAM_ONLY,True,,,,,,,Click to 13,Free,True,https://store.steampowered.com/app/2825210/,
2142160,Turlock Holmes,2024-02-21,2024-02,steam_store_search,False,True,STEAM_ONLY,True,,,,,,,Turlock Holmes,$9.99,False,https://store.steampowered.com/app/2142160/,
2159960,CorpoNation: The Sorting Process,2024-02-22,2024-02,steam_store_search,False,True,STEAM_ONLY,True,,,,,,,CorpoNation: The Sorting Process,$12.99,False,https://store.steampowered.com/app/2159960/,
2770310,I Fell In Love With A Fantasy Farmer,2024-02-22,2024-02,steam_store_search,False,True,STEAM_ONLY,True,,,,,,,I Fell In Love With A Fantasy Farmer,$4.99,False,https://store.steampowered.com/app/2770310/,
2137470,Regency Solitaire II,2024-02-22,2024-02,steam_store_search,False,True,STEAM_ONLY,True,,,,,,,Regency Solitaire II,$14.99,False,https://store.steampowered.com/app/2137470/,
1528590,VSCS-II,2024-02-22,2024-02,steam_store_search,False,True,STEAM_ONLY,True,,,,,,,VSCS-II,$9.99,False,https://store.steampowered.com/app/1528590/,
2780880,Bunny-girl with Golden tummy,2024-02-23,2024-02,steam_store_search,False,True,STEAM_ONLY,True,,,,,,,Bunny-girl with Golden tummy,$0.99,False,https://store.steampowered.com/app/2780880/,
2688680,Girls of The Tower,2024-02-23,2024-02,steam_store_search,False,True,STEAM_ONLY,True,,,,,,,Girls of The Tower,$6.99,False,https://store.steampowered.com/app/2688680/,
2799490,Project Rose,2024-02-23,2024-02,steam_store_search,False,True,STEAM_ONLY,True,,,,,,,Project Rose,$4.99,False,https://store.steampowered.com/app/2799490/,
2810090,Conversation With A Rock,2024-02-26,2024-02,steam_store_search,False,True,STEAM_ONLY,True,,,,,,,Conversation With A Rock,Free,True,https://store.steampowered.com/app/2810090/,
2492730,Dark Elf Historia,2024-02-26,2024-02,steam_store_search,False,True,STEAM_ONLY,True,,,,,,,Dark Elf Historia,$9.99,False,https://store.steampowered.com/app/2492730/,
2737030,Broken Lands Village,2024-02-27,2024-02,steam_store_search,False,True,STEAM_ONLY,True,,,,,,,Broken Lands Village,$16.99,False,https://store.steampowered.com/app/2737030/,
2719250,Curse Errant,2024-02-27,2024-02,steam_store_search,False,True,STEAM_ONLY,True,,,,,,,Curse Errant,$10.99,False,https://store.steampowered.com/app/2719250/,
2811000,幽都酒馆,2024-02-27,2024-02,steam_store_search,False,True,STEAM_ONLY,True,,,,,,,幽都酒馆,Free,True,https://store.steampowered.com/app/2811000/,
2825730,Nekokami: Internship - The Prologue Adventure,2024-02-28,2024-02,steam_store_search,False,True,STEAM_ONLY,True,,,,,,,Nekokami: Internship - The Prologue Adventure,Free,True,https://store.steampowered.com/app/2825730/,
1939130,Eve Williams And The Secret Of The Trunk,2024-02-29,2024-02,steam_store_search,False,True,STEAM_ONLY,True,,,,,,,Eve Williams And The Secret Of The Trunk,-70%,False,https://store.steampowered.com/app/1939130/,
2451640,Furry Myth 🦁,2024-02-29,2024-02,steam_store_search,False,True,STEAM_ONLY,True,,,,,,,Furry Myth 🦁,-60%,False,https://store.steampowered.com/app/2451640/,
2824140,DROOM,2024-03-02,2024-03,steam_store_search,False,True,STEAM_ONLY,True,,,,,,,DROOM,$1.00,False,https://store.steampowered.com/app/2824140/,
1684350,The Thaumaturge,2024-03-04,2024-03,steam_store_search,False,True,STEAM_ONLY,True,,,,,,,The Thaumaturge,$34.99,False,https://store.steampowered.com/app/1684350/,
2795060,DREAMIO: AI-Powered Adventures,2024-03-05,2024-03,steam_store_search,False,True,STEAM_ONLY,True,,,,,,,DREAMIO: AI-Powered Adventures,$9.99,False,https://store.steampowered.com/app/2795060/,
2815460,Maze of Realities: Symphony of Invention Collector's Edition,2024-03-05,2024-03,steam_store_search,False,True,STEAM_ONLY,True,,,,,,,Maze of Realities: Symphony of Invention Collector's Edition,$7.99,False,https://store.steampowered.com/app/2815460/,
2841800,DNA: Episode 3,2024-03-06,2024-03,steam_store_search,False,True,STEAM_ONLY,True,,,,,,,DNA: Episode 3,$2.99,False,https://store.steampowered.com/app/2841800/,
2806480,Marie's Travel,2024-03-06,2024-03,steam_store_search,False,True,STEAM_ONLY,True,,,,,,,Marie's Travel,$12.99,False,https://store.steampowered.com/app/2806480/,
2711330,The Cadet Files : Scene Unseen,2024-03-06,2024-03,steam_store_search,False,True,STEAM_ONLY,True,,,,,,,The Cadet Files : Scene Unseen,$0.99,False,https://store.steampowered.com/app/2711330/,
2825380,Batteri Fjell 1945,2024-03-07,2024-03,steam_store_search,False,True,STEAM_ONLY,True,,,,,,,Batteri Fjell 1945,Free,True,https://store.steampowered.com/app/2825380/,
2333510,Blade Prince Academy,2024-03-07,2024-03,steam_store_search,False,True,STEAM_ONLY,True,,,,,,,Blade Prince Academy,$19.99,False,https://store.steampowered.com/app/2333510/,
2301900,Lost with you,2024-03-08,2024-03,steam_store_search,False,True,STEAM_ONLY,True,,,,,,,Lost with you,$9.99,False,https://store.steampowered.com/app/2301900/,
2744150,Proud To Love,2024-03-11,2024-03,steam_store_search,False,True,STEAM_ONLY,True,,,,,,,Proud To Love,$9.99,False,https://store.steampowered.com/app/2744150/,
2823140,WHERE SAFETY ENDS *R*,2024-03-12,2024-03,steam_store_search,False,True,STEAM_ONLY,True,,,,,,,WHERE SAFETY ENDS *R*,Free,True,https://store.steampowered.com/app/2823140/,
2824230,last seen online,2024-03-14,2024-03,steam_store_search,False,True,STEAM_ONLY,True,,,,,,,last seen online,Free,True,https://store.steampowered.com/app/2824230/,
2816920,退婚后，宗主马甲藏不住,2024-03-14,2024-03,steam_store_search,False,True,STEAM_ONLY,True,,,,,,,退婚后，宗主马甲藏不住,Free,True,https://store.steampowered.com/app/2816920/,
2757610,Trans-Siberian Legends,2024-03-18,2024-03,steam_store_search,False,True,STEAM_ONLY,True,,,,,,,Trans-Siberian Legends,$4.99,False,https://store.steampowered.com/app/2757610/,
2871990,White Redemption,2024-03-20,2024-03,steam_store_search,False,True,STEAM_ONLY,True,,,,,,,White Redemption,$3.99,False,https://store.steampowered.com/app/2871990/,
2326590,Kakuriyo Village ~Moratorium of Adolescence~,2024-03-21,2024-03,steam_store_search,False,True,STEAM_ONLY,True,,,,,,,Kakuriyo Village ~Moratorium of Adolescence~,$24.99,False,https://store.steampowered.com/app/2326590/,
2429860,Living With Sister: Monochrome Fantasy,2024-03-22,2024-03,steam_store_search,False,True,STEAM_ONLY,True,,,,,,,Living With Sister: Monochrome Fantasy,$12.99,False,https://store.steampowered.com/app/2429860/,
2695270,Miss Neko: Pirates,2024-03-22,2024-03,steam_store_search,False,True,STEAM_ONLY,True,,,,,,,Miss Neko: Pirates,$3.99,False,https://store.steampowered.com/app/2695270/,
2390500,There's Always a Madman: Fight or Flight,2024-03-22,2024-03,steam_store_search,False,True,STEAM_ONLY,True,,,,,,,There's Always a Madman: Fight or Flight,$9.99,False,https://store.steampowered.com/app/2390500/,
1514900,True Virus,2024-03-22,2024-03,steam_store_search,False,True,STEAM_ONLY,True,,,,,,,True Virus,$6.99,False,https://store.steampowered.com/app/1514900/,
2855480,PARASiTE FLOWER,2024-03-23,2024-03,steam_store_search,False,True,STEAM_ONLY,True,,,,,,,PARASiTE FLOWER,$2.99,False,https://store.steampowered.com/app/2855480/,
2778760,Neoproxima,2024-03-25,2024-03,steam_store_search,False,True,STEAM_ONLY,True,,,,,,,Neoproxima,$12.99,False,https://store.steampowered.com/app/2778760/,
2601240,Tokyo 30 days,2024-03-25,2024-03,steam_store_search,False,True,STEAM_ONLY,True,,,,,,,Tokyo 30 days,$1.99,False,https://store.steampowered.com/app/2601240/,
2673570,Backgammon + Checkers + Mills,2024-03-26,2024-03,steam_store_search,False,True,STEAM_ONLY,True,,,,,,,Backgammon + Checkers + Mills,$14.99,False,https://store.steampowered.com/app/2673570/,
2512010,DOG® – The dog takes the hindmost,2024-03-26,2024-03,steam_store_search,False,True,STEAM_ONLY,True,,,,,,,DOG® – The dog takes the hindmost,$14.99,False,https://store.steampowered.com/app/2512010/,
2766540,ELECTROBASIS,2024-03-26,2024-03,steam_store_search,False,True,STEAM_ONLY,True,,,,,,,ELECTROBASIS,Free,True,https://store.steampowered.com/app/2766540/,
2774830,Seven Lovers In The House,2024-03-26,2024-03,steam_store_search,False,True,STEAM_ONLY,True,,,,,,,Seven Lovers In The House,$9.99,False,https://store.steampowered.com/app/2774830/,
2817530,To Be In Love With Girls Group,2024-03-26,2024-03,steam_store_search,False,True,STEAM_ONLY,True,,,,,,,To Be In Love With Girls Group,$9.99,False,https://store.steampowered.com/app/2817530/,
2023920,DYSCHRONIA: Chronos Alternate - Dual Edition,2024-03-27,2024-03,steam_store_search,False,True,STEAM_ONLY,True,,,,,,,DYSCHRONIA: Chronos Alternate - Dual Edition,$34.99,False,https://store.steampowered.com/app/2023920/,
2876510,"Argyle Manor, Book 1: Away From The Sun",2024-03-28,2024-03,steam_store_search,False,True,STEAM_ONLY,True,,,,,,,"Argyle Manor, Book 1: Away From The Sun",$19.99,False,https://store.steampowered.com/app/2876510/,
2788340,ChatBBT,2024-03-28,2024-03,steam_store_search,False,True,STEAM_ONLY,True,,,,,,,ChatBBT,Free,True,https://store.steampowered.com/app/2788340/,
2692210,DALDZAH,2024-03-28,2024-03,steam_store_search,False,True,STEAM_ONLY,True,,,,,,,DALDZAH,Free,True,https://store.steampowered.com/app/2692210/,
2884170,HyperBody,2024-03-28,2024-03,steam_store_search,False,True,STEAM_ONLY,True,,,,,,,HyperBody,Free,True,https://store.steampowered.com/app/2884170/,
2786680,"Knowledge, or know Lady",2024-03-28,2024-03,steam_store_search,False,True,STEAM_ONLY,True,,,,,,,"Knowledge, or know Lady",$6.99,False,https://store.steampowered.com/app/2786680/,
2766860,MY DESTINY GIRLS,2024-03-28,2024-03,steam_store_search,False,True,STEAM_ONLY,True,,,,,,,MY DESTINY GIRLS,-50%,False,https://store.steampowered.com/app/2766860/,
2056150,Heroes and Test of Succubus,2024-03-29,2024-03,steam_store_search,False,True,STEAM_ONLY,True,,,,,,,Heroes and Test of Succubus,$14.99,False,https://store.steampowered.com/app/2056150/,
2802440,Secrets of the Shore,2024-03-29,2024-03,steam_store_search,False,True,STEAM_ONLY,True,,,,,,,Secrets of the Shore,$2.99,False,https://store.steampowered.com/app/2802440/,
2873740,Annoy This Guy,2024-03-30,2024-03,steam_store_search,False,True,STEAM_ONLY,True,,,,,,,Annoy This Guy,Free,True,https://store.steampowered.com/app/2873740/,
2877720,糟糕！他们太爱我了怎么办？,2024-04-01,2024-04,steam_store_search,False,True,STEAM_ONLY,True,,,,,,,糟糕！他们太爱我了怎么办？,$3.99,False,https://store.steampowered.com/app/2877720/,
2658330,M City,2024-04-02,2024-04,steam_store_search,False,True,STEAM_ONLY,True,,,,,,,M City,$0.99,False,https://store.steampowered.com/app/2658330/,
2752840,渔海,2024-04-03,2024-04,steam_store_search,False,True,STEAM_ONLY,True,,,,,,,渔海,Free,True,https://store.steampowered.com/app/2752840/,
1474900,DESOLATIUM,2024-04-05,2024-04,steam_store_search,False,True,STEAM_ONLY,True,,,,,,,DESOLATIUM,$14.99,False,https://store.steampowered.com/app/1474900/,
2648260,Pseudo-Haunting,2024-04-05,2024-04,steam_store_search,False,True,STEAM_ONLY,True,,,,,,,Pseudo-Haunting,$7.99,False,https://store.steampowered.com/app/2648260/,
2883210,RATKING CHAPTER ZERO,2024-04-05,2024-04,steam_store_search,False,True,STEAM_ONLY,True,,,,,,,RATKING CHAPTER ZERO,Free,True,https://store.steampowered.com/app/2883210/,
1860410,Master of Vtuber,2024-04-07,2024-04,steam_store_search,False,True,STEAM_ONLY,True,,,,,,,Master of Vtuber,-50%,False,https://store.steampowered.com/app/1860410/,
2686500,"Please Leave Me Alone, I Need to Poop",2024-04-07,2024-04,steam_store_search,False,True,STEAM_ONLY,True,,,,,,,"Please Leave Me Alone, I Need to Poop",$4.99,False,https://store.steampowered.com/app/2686500/,
1010850,東方翠神廻廊 〜 Faith in the Goddess of Suwa.,2024-04-08,2024-04,steam_store_search,False,True,STEAM_ONLY,True,,,,,,,東方翠神廻廊 〜 Faith in the Goddess of Suwa.,Free,True,https://store.steampowered.com/app/1010850/,
2173000,The Happies - Amber Falcon,2024-04-09,2024-04,steam_store_search,False,True,STEAM_ONLY,True,,,,,,,The Happies - Amber Falcon,-20%,False,https://store.steampowered.com/app/2173000/,
2858220,The Silent Column,2024-04-09,2024-04,steam_store_search,False,True,STEAM_ONLY,True,,,,,,,The Silent Column,$0.99,False,https://store.steampowered.com/app/2858220/,
1839860,Die Again,2024-04-11,2024-04,steam_store_search,False,True,STEAM_ONLY,True,,,,,,,Die Again,$12.99,False,https://store.steampowered.com/app/1839860/,
2561090,Stellar Bewitching (Remastered),2024-04-12,2024-04,steam_store_search,False,True,STEAM_ONLY,True,,,,,,,Stellar Bewitching (Remastered),Free,True,https://store.steampowered.com/app/2561090/,
924750,Harold Halibut,2024-04-16,2024-04,steam_store_search,False,True,STEAM_ONLY,True,,,,,,,Harold Halibut,$34.99,False,https://store.steampowered.com/app/924750/,
946770,Scheming Through The Zombie Apocalypse Ep2: Caged,2024-04-16,2024-04,steam_store_search,False,True,STEAM_ONLY,True,,,,,,,Scheming Through The Zombie Apocalypse Ep2: Caged,$5.99,False,https://store.steampowered.com/app/946770/,
2789300,Twenty-second: Stories of Underground Kharkiv,2024-04-16,2024-04,steam_store_search,False,True,STEAM_ONLY,True,,,,,,,Twenty-second: Stories of Underground Kharkiv,$0.99,False,https://store.steampowered.com/app/2789300/,
2420350,The Mildew Children,2024-04-17,2024-04,steam_store_search,False,True,STEAM_ONLY,True,,,,,,,The Mildew Children,$9.99,False,https://store.steampowered.com/app/2420350/,
2820940,Minako: Beloved Wife in the Countryside,2024-04-19,2024-04,steam_store_search,False,True,STEAM_ONLY,True,,,,,,,Minako: Beloved Wife in the Countryside,$9.99,False,https://store.steampowered.com/app/2820940/,
2767790,Rockin' Racket,2024-04-19,2024-04,steam_store_search,False,True,STEAM_ONLY,True,,,,,,,Rockin' Racket,$6.99,False,https://store.steampowered.com/app/2767790/,
2803140,The Final Farewell,2024-04-22,2024-04,steam_store_search,False,True,STEAM_ONLY,True,,,,,,,The Final Farewell,$5.99,False,https://store.steampowered.com/app/2803140/,
2789710,DeMiriam Magic: Blueprint of Miracle,2024-04-23,2024-04,steam_store_search,False,True,STEAM_ONLY,True,,,,,,,DeMiriam Magic: Blueprint of Miracle,$5.99,False,https://store.steampowered.com/app/2789710/,
2843830,The Dust of the Violet Crystals,2024-04-23,2024-04,steam_store_search,False,True,STEAM_ONLY,True,,,,,,,The Dust of the Violet Crystals,Free,True,https://store.steampowered.com/app/2843830/,
2904860,Culling of Normality,2024-04-24,2024-04,steam_store_search,False,True,STEAM_ONLY,True,,,,,,,Culling of Normality,Free,True,https://store.steampowered.com/app/2904860/,
2848420,My succubus Kukula,2024-04-24,2024-04,steam_store_search,False,True,STEAM_ONLY,True,,,,,,,My succubus Kukula,Free,True,https://store.steampowered.com/app/2848420/,
2867510,Wishful Journey:Love Across Time,2024-04-24,2024-04,steam_store_search,False,True,STEAM_ONLY,True,,,,,,,Wishful Journey:Love Across Time,$9.99,False,https://store.steampowered.com/app/2867510/,
2742020,D.W. The Picky Eater,2024-04-25,2024-04,steam_store_search,False,True,STEAM_ONLY,True,,,,,,,D.W. The Picky Eater,$9.99,False,https://store.steampowered.com/app/2742020/,
2584260,"What have you done, Father?",2024-04-25,2024-04,steam_store_search,False,True,STEAM_ONLY,True,,,,,,,"What have you done, Father?",$10.99,False,https://store.steampowered.com/app/2584260/,
2677230,FALLEN ANGELS,2024-04-26,2024-04,steam_store_search,False,True,STEAM_ONLY,True,,,,,,,FALLEN ANGELS,$3.99,False,https://store.steampowered.com/app/2677230/,
2167960,Buy a Croquette!,2024-04-27,2024-04,steam_store_search,False,True,STEAM_ONLY,True,,,,,,,Buy a Croquette!,Free,True,https://store.steampowered.com/app/2167960/,
2791020,定制女友,2024-04-27,2024-04,steam_store_search,False,True,STEAM_ONLY,True,,,,,,,定制女友,$8.99,False,https://store.steampowered.com/app/2791020/,
2883990,ファントピア,2024-04-29,2024-04,steam_store_search,False,True,STEAM_ONLY,True,,,,,,,ファントピア,Free,True,https://store.steampowered.com/app/2883990/,
2875630,Assistant to the Lost Detective - Remaster -,2024-04-30,2024-04,steam_store_search,False,True,STEAM_ONLY,True,,,,,,,Assistant to the Lost Detective - Remaster -,$1.99,False,https://store.steampowered.com/app/2875630/,
2903460,Project Of Cooling The Earth,2024-04-30,2024-04,steam_store_search,False,True,STEAM_ONLY,True,,,,,,,Project Of Cooling The Earth,$4.99,False,https://store.steampowered.com/app/2903460/,
2930910,宅府诡话-Mysteries of the Manor,2024-04-30,2024-04,steam_store_search,False,True,STEAM_ONLY,True,,,,,,,宅府诡话-Mysteries of the Manor,$3.99,False,https://store.steampowered.com/app/2930910/,
2806890,STAY ALIVE MY SON (VR): A True Story About A Father's Relentless Search For His Son,2024-05-01,2024-05,steam_store_search,False,True,STEAM_ONLY,True,,,,,,,STAY ALIVE MY SON (VR): A True Story About A Father's Relentless Search For His Son,$19.99,False,https://store.steampowered.com/app/2806890/,
2889980,The Reeve,2024-05-01,2024-05,steam_store_search,False,True,STEAM_ONLY,True,,,,,,,The Reeve,$3.99,False,https://store.steampowered.com/app/2889980/,
2771760,異住 ~first escape~,2024-05-01,2024-05,steam_store_search,False,True,STEAM_ONLY,True,,,,,,,異住 ~first escape~,$7.99,False,https://store.steampowered.com/app/2771760/,
2826180,Chill Pulse,2024-05-02,2024-05,steam_store_search,False,True,STEAM_ONLY,True,,,,,,,Chill Pulse,$4.99,False,https://store.steampowered.com/app/2826180/,
2587130,Outbreak The Fedora Files: What Lydia Knows,2024-05-03,2024-05,steam_store_search,False,True,STEAM_ONLY,True,,,,,,,Outbreak The Fedora Files: What Lydia Knows,$19.99,False,https://store.steampowered.com/app/2587130/,
2863810,橘猫猫的幻想,2024-05-03,2024-05,steam_store_search,False,True,STEAM_ONLY,True,,,,,,,橘猫猫的幻想,$2.99,False,https://store.steampowered.com/app/2863810/,
2896210,Hélène est dans mon Ventre.,2024-05-05,2024-05,steam_store_search,False,True,STEAM_ONLY,True,,,,,,,Hélène est dans mon Ventre.,$0.99,False,https://store.steampowered.com/app/2896210/,
1640630,Heading Out,2024-05-07,2024-05,steam_store_search,False,True,STEAM_ONLY,True,,,,,,,Heading Out,-65%,False,https://store.steampowered.com/app/1640630/,
2948630,The Sleeping Sickness,2024-05-07,2024-05,steam_store_search,False,True,STEAM_ONLY,True,,,,,,,The Sleeping Sickness,$4.99,False,https://store.steampowered.com/app/2948630/,
2934680,ぼったくりタクシー,2024-05-07,2024-05,steam_store_search,False,True,STEAM_ONLY,True,,,,,,,ぼったくりタクシー,Free,True,https://store.steampowered.com/app/2934680/,
2942060,莫比乌斯疑案,2024-05-07,2024-05,steam_store_search,False,True,STEAM_ONLY,True,,,,,,,莫比乌斯疑案,$6.99,False,https://store.steampowered.com/app/2942060/,
772710,Fay's Factory,2024-05-08,2024-05,steam_store_search,False,True,STEAM_ONLY,True,,,,,,,Fay's Factory,$19.99,False,https://store.steampowered.com/app/772710/,
2946010,Find the Orange Narwhal,2024-05-08,2024-05,steam_store_search,False,True,STEAM_ONLY,True,,,,,,,Find the Orange Narwhal,Free,True,https://store.steampowered.com/app/2946010/,
1675830,1000xRESIST,2024-05-09,2024-05,steam_store_search,False,True,STEAM_ONLY,True,,,,,,,1000xRESIST,$19.99,False,https://store.steampowered.com/app/1675830/,
2337090,Real Dive World,2024-05-10,2024-05,steam_store_search,False,True,STEAM_ONLY,True,,,,,,,Real Dive World,$19.99,False,https://store.steampowered.com/app/2337090/,
2689630,Eternal Spring VR,2024-05-11,2024-05,steam_store_search,False,True,STEAM_ONLY,True,,,,,,,Eternal Spring VR,Free,True,https://store.steampowered.com/app/2689630/,
1977070,Peacemaker: Glorious Princess,2024-05-13,2024-05,steam_store_search,False,True,STEAM_ONLY,True,,,,,,,Peacemaker: Glorious Princess,-25%,False,https://store.steampowered.com/app/1977070/,
2967860,MY ADAPTATION IN(TO) HUMAN,2024-05-14,2024-05,steam_store_search,False,True,STEAM_ONLY,True,,,,,,,MY ADAPTATION IN(TO) HUMAN,$1.99,False,https://store.steampowered.com/app/2967860/,
2453400,Ru Lin Wai Shi Fan Jin,2024-05-14,2024-05,steam_store_search,False,True,STEAM_ONLY,True,,,,,,,Ru Lin Wai Shi Fan Jin,$5.99,False,https://store.steampowered.com/app/2453400/,
2575100,V-Monsters Digital Farm,2024-05-14,2024-05,steam_store_search,False,True,STEAM_ONLY,True,,,,,,,V-Monsters Digital Farm,$4.99,False,https://store.steampowered.com/app/2575100/,
2858420,LaughterLost,2024-05-15,2024-05,steam_store_search,False,True,STEAM_ONLY,True,,,,,,,LaughterLost,Free,True,https://store.steampowered.com/app/2858420/,
2972120,Day of Atonement,2024-05-17,2024-05,steam_store_search,False,True,STEAM_ONLY,True,,,,,,,Day of Atonement,Free,True,https://store.steampowered.com/app/2972120/,
2719190,撩妹模拟器：渣男的秘密,2024-05-17,2024-05,steam_store_search,False,True,STEAM_ONLY,True,,,,,,,撩妹模拟器：渣男的秘密,$6.99,False,https://store.steampowered.com/app/2719190/,
2849430,Conflux: Prologue,2024-05-20,2024-05,steam_store_search,False,True,STEAM_ONLY,True,,,,,,,Conflux: Prologue,Free,True,https://store.steampowered.com/app/2849430/,
2812850,Love Chase,2024-05-20,2024-05,steam_store_search,False,True,STEAM_ONLY,True,,,,,,,Love Chase,$5.99,False,https://store.steampowered.com/app/2812850/,
2955340,"バズってVTuber ゲームでいいから万バズしたい！(BUZZtte VTuber-I want to go viral, even if it's just in a game!)",2024-05-20,2024-05,steam_store_search,False,True,STEAM_ONLY,True,,,,,,,"バズってVTuber ゲームでいいから万バズしたい！(BUZZtte VTuber-I want to go viral, even if it's just in a game!)",$1.99,False,https://store.steampowered.com/app/2955340/,
2877800,钰杀融神记 yu sha rong shen jin,2024-05-20,2024-05,steam_store_search,False,True,STEAM_ONLY,True,,,,,,,钰杀融神记 yu sha rong shen jin,$3.99,False,https://store.steampowered.com/app/2877800/,
2901620,Finding Sparky,2024-05-22,2024-05,steam_store_search,False,True,STEAM_ONLY,True,,,,,,,Finding Sparky,$8.99,False,https://store.steampowered.com/app/2901620/,
2981690,Tiny Machinery: Lost Reality,2024-05-22,2024-05,steam_store_search,False,True,STEAM_ONLY,True,,,,,,,Tiny Machinery: Lost Reality,$3.99,False,https://store.steampowered.com/app/2981690/,
2966370,致过去破损的时光,2024-05-22,2024-05,steam_store_search,False,True,STEAM_ONLY,True,,,,,,,致过去破损的时光,$1.99,False,https://store.steampowered.com/app/2966370/,
2004770,Dark Notes,2024-05-23,2024-05,steam_store_search,False,True,STEAM_ONLY,True,,,,,,,Dark Notes,$7.99,False,https://store.steampowered.com/app/2004770/,
2954850,Her Shoes,2024-05-24,2024-05,steam_store_search,False,True,STEAM_ONLY,True,,,,,,,Her Shoes,$4.99,False,https://store.steampowered.com/app/2954850/,
2933180,女神保卫战,2024-05-24,2024-05,steam_store_search,False,True,STEAM_ONLY,True,,,,,,,女神保卫战,$9.99,False,https://store.steampowered.com/app/2933180/,
2978780,雨に願えば～Wishin' in the Rain～,2024-05-24,2024-05,steam_store_search,False,True,STEAM_ONLY,True,,,,,,,雨に願えば～Wishin' in the Rain～,$24.99,False,https://store.steampowered.com/app/2978780/,
2978710,The Rainman,2024-05-27,2024-05,steam_store_search,False,True,STEAM_ONLY,True,,,,,,,The Rainman,$0.99,False,https://store.steampowered.com/app/2978710/,
2572670,Debug Girl,2024-05-29,2024-05,steam_store_search,False,True,STEAM_ONLY,True,,,,,,,Debug Girl,$10.99,False,https://store.steampowered.com/app/2572670/,
2886970,返杀 Back Fire,2024-05-29,2024-05,steam_store_search,False,True,STEAM_ONLY,True,,,,,,,返杀 Back Fire,$11.99,False,https://store.steampowered.com/app/2886970/,
2070850,Sakura Hime 4,2024-05-30,2024-05,steam_store_search,False,True,STEAM_ONLY,True,,,,,,,Sakura Hime 4,$3.99,False,https://store.steampowered.com/app/2070850/,
2322170,Stages of Life,2024-05-30,2024-05,steam_store_search,False,True,STEAM_ONLY,True,,,,,,,Stages of Life,$1.99,False,https://store.steampowered.com/app/2322170/,
2726320,Меліній,2024-05-30,2024-05,steam_store_search,False,True,STEAM_ONLY,True,,,,,,,Меліній,Free,True,https://store.steampowered.com/app/2726320/,
2817690,天呐！找不到真爱就扑街！,2024-05-30,2024-05,steam_store_search,False,True,STEAM_ONLY,True,,,,,,,天呐！找不到真爱就扑街！,$6.99,False,https://store.steampowered.com/app/2817690/,
2877030,Midnight Syndrome,2024-05-31,2024-05,steam_store_search,False,True,STEAM_ONLY,True,,,,,,,Midnight Syndrome,Free,True,https://store.steampowered.com/app/2877030/,
2858430,Lake Minnewaska,2024-06-01,2024-06,steam_store_search,False,True,STEAM_ONLY,True,,,,,,,Lake Minnewaska,Free,True,https://store.steampowered.com/app/2858430/,
2869690,Beauty Girl Chronicles: Island Obstacle Challenge,2024-06-04,2024-06,steam_store_search,False,True,STEAM_ONLY,True,,,,,,,Beauty Girl Chronicles: Island Obstacle Challenge,$5.99,False,https://store.steampowered.com/app/2869690/,
2760650,Jim's Nightmare: Chapter 1,2024-06-04,2024-06,steam_store_search,False,True,STEAM_ONLY,True,,,,,,,Jim's Nightmare: Chapter 1,$13.99,False,https://store.steampowered.com/app/2760650/,
2995970,Body of Mine,2024-06-05,2024-06,steam_store_search,False,True,STEAM_ONLY,True,,,,,,,Body of Mine,Free,True,https://store.steampowered.com/app/2995970/,
2468670,Little Locked Rooms,2024-06-05,2024-06,steam_store_search,False,True,STEAM_ONLY,True,,,,,,,Little Locked Rooms,$7.99,False,https://store.steampowered.com/app/2468670/,
2966110,EYE TO ME,2024-06-06,2024-06,steam_store_search,False,True,STEAM_ONLY,True,,,,,,,EYE TO ME,$0.99,False,https://store.steampowered.com/app/2966110/,
2967590,Vanakatu,2024-06-06,2024-06,steam_store_search,False,True,STEAM_ONLY,True,,,,,,,Vanakatu,Free,True,https://store.steampowered.com/app/2967590/,
2674140,A Game´s Tale,2024-06-07,2024-06,steam_store_search,False,True,STEAM_ONLY,True,,,,,,,A Game´s Tale,$9.99,False,https://store.steampowered.com/app/2674140/,
2878280,Imitosis,2024-06-07,2024-06,steam_store_search,False,True,STEAM_ONLY,True,,,,,,,Imitosis,Free,True,https://store.steampowered.com/app/2878280/,
2774190,Secrets of the Heartbeat,2024-06-07,2024-06,steam_store_search,False,True,STEAM_ONLY,True,,,,,,,Secrets of the Heartbeat,$6.99,False,https://store.steampowered.com/app/2774190/,
3001650,CLOSED GALAXY ～ワタツミより愛をこめて～,2024-06-09,2024-06,steam_store_search,False,True,STEAM_ONLY,True,,,,,,,CLOSED GALAXY ～ワタツミより愛をこめて～,$4.99,False,https://store.steampowered.com/app/3001650/,
2917850,Photochemistry,2024-06-09,2024-06,steam_store_search,False,True,STEAM_ONLY,True,,,,,,,Photochemistry,$9.99,False,https://store.steampowered.com/app/2917850/,
2817140,Charming Hearts,2024-06-13,2024-06,steam_store_search,False,True,STEAM_ONLY,True,,,,,,,Charming Hearts,$9.99,False,https://store.steampowered.com/app/2817140/,
3003700,Alister In Wonderland,2024-06-14,2024-06,steam_store_search,False,True,STEAM_ONLY,True,,,,,,,Alister In Wonderland,$3.99,False,https://store.steampowered.com/app/3003700/,
1768470,The Heroes Around Me,2024-06-14,2024-06,steam_store_search,False,True,STEAM_ONLY,True,,,,,,,The Heroes Around Me,$6.99,False,https://store.steampowered.com/app/1768470/,
2785120,The Tortoise and the Hare,2024-06-14,2024-06,steam_store_search,False,True,STEAM_ONLY,True,,,,,,,The Tortoise and the Hare,$9.99,False,https://store.steampowered.com/app/2785120/,
2911060,AI公寓：虚拟证言,2024-06-16,2024-06,steam_store_search,False,True,STEAM_ONLY,True,,,,,,,AI公寓：虚拟证言,$11.99,False,https://store.steampowered.com/app/2911060/,
2917100,AI探案集,2024-06-17,2024-06,steam_store_search,False,True,STEAM_ONLY,True,,,,,,,AI探案集,$1.99,False,https://store.steampowered.com/app/2917100/,
2939820,Bedrotting,2024-06-17,2024-06,steam_store_search,False,True,STEAM_ONLY,True,,,,,,,Bedrotting,$3.99,False,https://store.steampowered.com/app/2939820/,
1578340,Bule Form,2024-06-17,2024-06,steam_store_search,False,True,STEAM_ONLY,True,,,,,,,Bule Form,$5.99,False,https://store.steampowered.com/app/1578340/,
2891090,morning,2024-06-17,2024-06,steam_store_search,False,True,STEAM_ONLY,True,,,,,,,morning,$1.99,False,https://store.steampowered.com/app/2891090/,
3005430,HOME: Mother,2024-06-18,2024-06,steam_store_search,False,True,STEAM_ONLY,True,,,,,,,HOME: Mother,$1.99,False,https://store.steampowered.com/app/3005430/,
3012550,"Listen, Think, Meow!",2024-06-18,2024-06,steam_store_search,False,True,STEAM_ONLY,True,,,,,,,"Listen, Think, Meow!",$0.99,False,https://store.steampowered.com/app/3012550/,
2929070,Make Merits in Another World,2024-06-18,2024-06,steam_store_search,False,True,STEAM_ONLY,True,,,,,,,Make Merits in Another World,$3.99,False,https://store.steampowered.com/app/2929070/,
2783920,White Cat Town Mystery,2024-06-18,2024-06,steam_store_search,False,True,STEAM_ONLY,True,,,,,,,White Cat Town Mystery,$3.99,False,https://store.steampowered.com/app/2783920/,
2646240,Asa-Chan Wants to Go Home!,2024-06-20,2024-06,steam_store_search,False,True,STEAM_ONLY,True,,,,,,,Asa-Chan Wants to Go Home!,$9.99,False,https://store.steampowered.com/app/2646240/,
2779280,Chromatic Memories,2024-06-20,2024-06,steam_store_search,False,True,STEAM_ONLY,True,,,,,,,Chromatic Memories,$9.99,False,https://store.steampowered.com/app/2779280/,
2696120,Shadow Album,2024-06-20,2024-06,steam_store_search,False,True,STEAM_ONLY,True,,,,,,,Shadow Album,$8.99,False,https://store.steampowered.com/app/2696120/,
2543320,UNCULT,2024-06-20,2024-06,steam_store_search,False,True,STEAM_ONLY,True,,,,,,,UNCULT,$18.99,False,https://store.steampowered.com/app/2543320/,
2873760,Beauties! They're All After Me,2024-06-21,2024-06,steam_store_search,False,True,STEAM_ONLY,True,,,,,,,Beauties! They're All After Me,$8.99,False,https://store.steampowered.com/app/2873760/,
2571200,DJ Clicker - World Tour,2024-06-21,2024-06,steam_store_search,False,True,STEAM_ONLY,True,,,,,,,DJ Clicker - World Tour,$4.99,False,https://store.steampowered.com/app/2571200/,
2659960,Let's Go! My Harem Farm,2024-06-21,2024-06,steam_store_search,False,True,STEAM_ONLY,True,,,,,,,Let's Go! My Harem Farm,$14.99,False,https://store.steampowered.com/app/2659960/,
883230,Times and Galaxy,2024-06-21,2024-06,steam_store_search,False,True,STEAM_ONLY,True,,,,,,,Times and Galaxy,$19.99,False,https://store.steampowered.com/app/883230/,
2492290,Uncover the Smoking Gun,2024-06-23,2024-06,steam_store_search,False,True,STEAM_ONLY,True,,,,,,,Uncover the Smoking Gun,$19.99,False,https://store.steampowered.com/app/2492290/,
1896570,Final Stardust: Cosmic Nexus,2024-06-24,2024-06,steam_store_search,False,True,STEAM_ONLY,True,,,,,,,Final Stardust: Cosmic Nexus,$14.99,False,https://store.steampowered.com/app/1896570/,
1574820,Until Then,2024-06-25,2024-06,steam_store_search,False,True,STEAM_ONLY,True,,,,,,,Until Then,-20%,False,https://store.steampowered.com/app/1574820/,
3001900,Manga RPG,2024-06-26,2024-06,steam_store_search,False,True,STEAM_ONLY,True,,,,,,,Manga RPG,Free,True,https://store.steampowered.com/app/3001900/,
3029520,Synaxarion: Great Martyr Theodore the Tyro,2024-06-27,2024-06,steam_store_search,False,True,STEAM_ONLY,True,,,,,,,Synaxarion: Great Martyr Theodore the Tyro,$0.99,False,https://store.steampowered.com/app/3029520/,
3013840,True Love,2024-06-27,2024-06,steam_store_search,False,True,STEAM_ONLY,True,,,,,,,True Love,$500.00,False,https://store.steampowered.com/app/3013840/,
2104990,Garage Sale,2024-06-28,2024-06,steam_store_search,False,True,STEAM_ONLY,True,,,,,,,Garage Sale,$6.99,False,https://store.steampowered.com/app/2104990/,
3008070,Mortadelo y Filemón: Una aventura de cine - Edición original,2024-06-28,2024-06,steam_store_search,False,True,STEAM_ONLY,True,,,,,,,Mortadelo y Filemón: Una aventura de cine - Edición original,$9.99,False,https://store.steampowered.com/app/3008070/,
2138180,晨海星澜 - 追忆篇,2024-06-28,2024-06,steam_store_search,False,True,STEAM_ONLY,True,,,,,,,晨海星澜 - 追忆篇,$8.99,False,https://store.steampowered.com/app/2138180/,
2806530,辩经[Yo_Choice!!!!!],2024-06-28,2024-06,steam_store_search,False,True,STEAM_ONLY,True,,,,,,,辩经[Yo_Choice!!!!!],$1.99,False,https://store.steampowered.com/app/2806530/,
2955070,Love Letter,2024-06-30,2024-06,steam_store_search,False,True,STEAM_ONLY,True,,,,,,,Love Letter,$2.99,False,https://store.steampowered.com/app/2955070/,
2462340,鬼轉身,2024-07-01,2024-07,steam_store_search,False,True,STEAM_ONLY,True,,,,,,,鬼轉身,$10.99,False,https://store.steampowered.com/app/2462340/,
3058180,The Final Act,2024-07-03,2024-07,steam_store_search,False,True,STEAM_ONLY,True,,,,,,,The Final Act,Free,True,https://store.steampowered.com/app/3058180/,
2953560,小松穿越记 Wanna Wake up?,2024-07-04,2024-07,steam_store_search,False,True,STEAM_ONLY,True,,,,,,,小松穿越记 Wanna Wake up?,Free,True,https://store.steampowered.com/app/2953560/,
2811760,Villienville. Echoes of Deception,2024-07-05,2024-07,steam_store_search,False,True,STEAM_ONLY,True,,,,,,,Villienville. Echoes of Deception,$3.99,False,https://store.steampowered.com/app/2811760/,
2544330,Start Running,2024-07-08,2024-07,steam_store_search,False,True,STEAM_ONLY,True,,,,,,,Start Running,$4.99,False,https://store.steampowered.com/app/2544330/,
3059300,DOG,2024-07-09,2024-07,steam_store_search,False,True,STEAM_ONLY,True,,,,,,,DOG,Free,True,https://store.steampowered.com/app/3059300/,
3047610,Heirs,2024-07-09,2024-07,steam_store_search,False,True,STEAM_ONLY,True,,,,,,,Heirs,$3.99,False,https://store.steampowered.com/app/3047610/,
3071740,Box Clicker,2024-07-10,2024-07,steam_store_search,False,True,STEAM_ONLY,True,,,,,,,Box Clicker,Free,True,https://store.steampowered.com/app/3071740/,
2311530,Princess Maker 2 Regeneration,2024-07-10,2024-07,steam_store_search,False,True,STEAM_ONLY,True,,,,,,,Princess Maker 2 Regeneration,$39.99,False,https://store.steampowered.com/app/2311530/,
2796340,Illusion Carnival,2024-07-11,2024-07,steam_store_search,False,True,STEAM_ONLY,True,,,,,,,Illusion Carnival,Free,True,https://store.steampowered.com/app/2796340/,
2911800,Peter's Journey,2024-07-11,2024-07,steam_store_search,False,True,STEAM_ONLY,True,,,,,,,Peter's Journey,Free,True,https://store.steampowered.com/app/2911800/,
2958700,相亲攻略之宝贝别再选我了,2024-07-11,2024-07,steam_store_search,False,True,STEAM_ONLY,True,,,,,,,相亲攻略之宝贝别再选我了,$1.99,False,https://store.steampowered.com/app/2958700/,
3032250,Compu-Tron x3000,2024-07-12,2024-07,steam_store_search,False,True,STEAM_ONLY,True,,,,,,,Compu-Tron x3000,$3.99,False,https://store.steampowered.com/app/3032250/,
2832810,Miniatures,2024-07-12,2024-07,steam_store_search,False,True,STEAM_ONLY,True,,,,,,,Miniatures,$3.99,False,https://store.steampowered.com/app/2832810/,
3020570,The Breakup Arena,2024-07-12,2024-07,steam_store_search,False,True,STEAM_ONLY,True,,,,,,,The Breakup Arena,$1.99,False,https://store.steampowered.com/app/3020570/,
3060300,POOP,2024-07-13,2024-07,steam_store_search,False,True,STEAM_ONLY,True,,,,,,,POOP,Free,True,https://store.steampowered.com/app/3060300/,
2571400,Kitten's Wardrobe,2024-07-15,2024-07,steam_store_search,False,True,STEAM_ONLY,True,,,,,,,Kitten's Wardrobe,$0.99,False,https://store.steampowered.com/app/2571400/,
2331420,Minimally Invasive,2024-07-15,2024-07,steam_store_search,False,True,STEAM_ONLY,True,,,,,,,Minimally Invasive,$9.99,False,https://store.steampowered.com/app/2331420/,
2891280,Riviera: The Promised Land,2024-07-16,2024-07,steam_store_search,False,True,STEAM_ONLY,True,,,,,,,Riviera: The Promised Land,-50%,False,https://store.steampowered.com/app/2891280/,
3009540,The JerryMaya Detective Agency,2024-07-16,2024-07,steam_store_search,False,True,STEAM_ONLY,True,,,,,,,The JerryMaya Detective Agency,$14.99,False,https://store.steampowered.com/app/3009540/,
2714440,Dokkalfheim Magical University,2024-07-17,2024-07,steam_store_search,False,True,STEAM_ONLY,True,,,,,,,Dokkalfheim Magical University,$4.99,False,https://store.steampowered.com/app/2714440/,
2963510,In Search Of You,2024-07-18,2024-07,steam_store_search,False,True,STEAM_ONLY,True,,,,,,,In Search Of You,$6.99,False,https://store.steampowered.com/app/2963510/,
2862610,Superscout,2024-07-18,2024-07,steam_store_search,False,True,STEAM_ONLY,True,,,,,,,Superscout,-10%,False,https://store.steampowered.com/app/2862610/,
2579280,子归 - Blossom,2024-07-18,2024-07,steam_store_search,False,True,STEAM_ONLY,True,,,,,,,子归 - Blossom,$7.99,False,https://store.steampowered.com/app/2579280/,
2865490,恋爱单选题,2024-07-18,2024-07,steam_store_search,False,True,STEAM_ONLY,True,,,,,,,恋爱单选题,-30%,False,https://store.steampowered.com/app/2865490/,
3058080,死写2 -SHISYA2- GHOST VIDEO,2024-07-18,2024-07,steam_store_search,False,True,STEAM_ONLY,True,,,,,,,死写2 -SHISYA2- GHOST VIDEO,$5.99,False,https://store.steampowered.com/app/3058080/,
3070500,Coin,2024-07-19,2024-07,steam_store_search,False,True,STEAM_ONLY,True,,,,,,,Coin,Free,True,https://store.steampowered.com/app/3070500/,
3074380,Pierrot à la Mode,2024-07-19,2024-07,steam_store_search,False,True,STEAM_ONLY,True,,,,,,,Pierrot à la Mode,Free,True,https://store.steampowered.com/app/3074380/,
2943590,Before The End,2024-07-22,2024-07,steam_store_search,False,True,STEAM_ONLY,True,,,,,,,Before The End,$2.99,False,https://store.steampowered.com/app/2943590/,
1771980,The Operator,2024-07-22,2024-07,steam_store_search,False,True,STEAM_ONLY,True,,,,,,,The Operator,$13.99,False,https://store.steampowered.com/app/1771980/,
2722210,Dungeon of Erotic Master Plus,2024-07-23,2024-07,steam_store_search,False,True,STEAM_ONLY,True,,,,,,,Dungeon of Erotic Master Plus,-40%,False,https://store.steampowered.com/app/2722210/,
2850660,Haunted Record,2024-07-23,2024-07,steam_store_search,False,True,STEAM_ONLY,True,,,,,,,Haunted Record,Free,True,https://store.steampowered.com/app/2850660/,
2691900,The Little Witch and The Lost Memories,2024-07-24,2024-07,steam_store_search,False,True,STEAM_ONLY,True,,,,,,,The Little Witch and The Lost Memories,$9.99,False,https://store.steampowered.com/app/2691900/,
1591760,Undying Symphony,2024-07-25,2024-07,steam_store_search,False,True,STEAM_ONLY,True,,,,,,,Undying Symphony,Free,True,https://store.steampowered.com/app/1591760/,
1868000,Resist the succubus—The end of the female Knight,2024-07-26,2024-07,steam_store_search,False,True,STEAM_ONLY,True,,,,,,,Resist the succubus—The end of the female Knight,$16.99,False,https://store.steampowered.com/app/1868000/,
2913040,Back,2024-07-30,2024-07,steam_store_search,False,True,STEAM_ONLY,True,,,,,,,Back,$6.99,False,https://store.steampowered.com/app/2913040/,
2720620,One More Night,2024-07-30,2024-07,steam_store_search,False,True,STEAM_ONLY,True,,,,,,,One More Night,Free,True,https://store.steampowered.com/app/2720620/,
2795580,The 鬼退治！！目指せ！二代目桃太郎,2024-07-30,2024-07,steam_store_search,False,True,STEAM_ONLY,True,,,,,,,The 鬼退治！！目指せ！二代目桃太郎,$10.99,False,https://store.steampowered.com/app/2795580/,
2573670,Fragment: A Story in Growing,2024-07-31,2024-07,steam_store_search,False,True,STEAM_ONLY,True,,,,,,,Fragment: A Story in Growing,$12.99,False,https://store.steampowered.com/app/2573670/,
2479420,Lift: The Last Days of The Westwind,2024-07-31,2024-07,steam_store_search,False,True,STEAM_ONLY,True,,,,,,,Lift: The Last Days of The Westwind,$12.99,False,https://store.steampowered.com/app/2479420/,
2635690,Memoria VR,2024-07-31,2024-07,steam_store_search,False,True,STEAM_ONLY,True,,,,,,,Memoria VR,Free,True,https://store.steampowered.com/app/2635690/,
1610440,Minds Beneath Us,2024-07-31,2024-07,steam_store_search,False,True,STEAM_ONLY,True,,,,,,,Minds Beneath Us,-30%,False,https://store.steampowered.com/app/1610440/,
3057890,Tempter,2024-07-31,2024-07,steam_store_search,False,True,STEAM_ONLY,True,,,,,,,Tempter,$2.99,False,https://store.steampowered.com/app/3057890/,
3052450,Morimens,2024-08-01,2024-08,steam_store_search,False,True,STEAM_ONLY,True,,,,,,,Morimens,Free,True,https://store.steampowered.com/app/3052450/,
3049610,Synaxarion Christian Stories: Holy Martyr Savvas the Goth,2024-08-01,2024-08,steam_store_search,False,True,STEAM_ONLY,True,,,,,,,Synaxarion Christian Stories: Holy Martyr Savvas the Goth,$0.99,False,https://store.steampowered.com/app/3049610/,
3053370,The Way Down,2024-08-01,2024-08,steam_store_search,False,True,STEAM_ONLY,True,,,,,,,The Way Down,Free,True,https://store.steampowered.com/app/3053370/,
2777360,Trainer Eyes,2024-08-01,2024-08,steam_store_search,False,True,STEAM_ONLY,True,,,,,,,Trainer Eyes,$9.99,False,https://store.steampowered.com/app/2777360/,
2778440,Trainer Eyes VR,2024-08-01,2024-08,steam_store_search,False,True,STEAM_ONLY,True,,,,,,,Trainer Eyes VR,$9.99,False,https://store.steampowered.com/app/2778440/,
2346500,Desert Island in Summer?,2024-08-02,2024-08,steam_store_search,False,True,STEAM_ONLY,True,,,,,,,Desert Island in Summer?,$11.99,False,https://store.steampowered.com/app/2346500/,
1114370,Little Weasel,2024-08-02,2024-08,steam_store_search,False,True,STEAM_ONLY,True,,,,,,,Little Weasel,$4.99,False,https://store.steampowered.com/app/1114370/,
2892500,Shy Girl's Makeover,2024-08-02,2024-08,steam_store_search,False,True,STEAM_ONLY,True,,,,,,,Shy Girl's Makeover,$11.99,False,https://store.steampowered.com/app/2892500/,
2653970,Innsmouth Nightmare,2024-08-04,2024-08,steam_store_search,False,True,STEAM_ONLY,True,,,,,,,Innsmouth Nightmare,$2.99,False,https://store.steampowered.com/app/2653970/,
3116300,Big City Dreaming,2024-08-06,2024-08,steam_store_search,False,True,STEAM_ONLY,True,,,,,,,Big City Dreaming,Free,True,https://store.steampowered.com/app/3116300/,
2803810,Rebirth! New Lover,2024-08-06,2024-08,steam_store_search,False,True,STEAM_ONLY,True,,,,,,,Rebirth! New Lover,-50%,False,https://store.steampowered.com/app/2803810/,
2852100,糟糕，我要坠入爱河啦！,2024-08-06,2024-08,steam_store_search,False,True,STEAM_ONLY,True,,,,,,,糟糕，我要坠入爱河啦！,$7.99,False,https://store.steampowered.com/app/2852100/,
3101510,Force of Numbers,2024-08-07,2024-08,steam_store_search,False,True,STEAM_ONLY,True,,,,,,,Force of Numbers,Free,True,https://store.steampowered.com/app/3101510/,
2725520,Pryzm,2024-08-07,2024-08,steam_store_search,False,True,STEAM_ONLY,True,,,,,,,Pryzm,$8.99,False,https://store.steampowered.com/app/2725520/,
2403350,みんなでクイズ ラビィとふしぎな惑星,2024-08-07,2024-08,steam_store_search,False,True,STEAM_ONLY,True,,,,,,,みんなでクイズ ラビィとふしぎな惑星,$6.99,False,https://store.steampowered.com/app/2403350/,
2768900,Hornet the Vanguard,2024-08-08,2024-08,steam_store_search,False,True,STEAM_ONLY,True,,,,,,,Hornet the Vanguard,$14.99,False,https://store.steampowered.com/app/2768900/,
2757350,Spy Alliance,2024-08-08,2024-08,steam_store_search,False,True,STEAM_ONLY,True,,,,,,,Spy Alliance,$1.99,False,https://store.steampowered.com/app/2757350/,
3106060,城市怪谈之不要看月亮,2024-08-08,2024-08,steam_store_search,False,True,STEAM_ONLY,True,,,,,,,城市怪谈之不要看月亮,$3.99,False,https://store.steampowered.com/app/3106060/,
2875140,失业了，我获得了亿万游戏财产！,2024-08-08,2024-08,steam_store_search,False,True,STEAM_ONLY,True,,,,,,,失业了，我获得了亿万游戏财产！,-45%,False,https://store.steampowered.com/app/2875140/,
2323860,Lambda Spellcrafting Academy - Learn to Program!,2024-08-09,2024-08,steam_store_search,False,True,STEAM_ONLY,True,,,,,,,Lambda Spellcrafting Academy - Learn to Program!,-30%,False,https://store.steampowered.com/app/2323860/,
2885880,Tokyo Coffee: Grinding in the Pandemic,2024-08-09,2024-08,steam_store_search,False,True,STEAM_ONLY,True,,,,,,,Tokyo Coffee: Grinding in the Pandemic,$9.99,False,https://store.steampowered.com/app/2885880/,
3113060,In Your World (I Own),2024-08-13,2024-08,steam_store_search,False,True,STEAM_ONLY,True,,,,,,,In Your World (I Own),Free,True,https://store.steampowered.com/app/3113060/,
2998500,Arderico's Journey,2024-08-14,2024-08,steam_store_search,False,True,STEAM_ONLY,True,,,,,,,Arderico's Journey,$4.99,False,https://store.steampowered.com/app/2998500/,
1789490,"Love, Ghostie",2024-08-14,2024-08,steam_store_search,False,True,STEAM_ONLY,True,,,,,,,"Love, Ghostie",-50%,False,https://store.steampowered.com/app/1789490/,
3079460,3D PUZZLE - Deserted Village,2024-08-15,2024-08,steam_store_search,False,True,STEAM_ONLY,True,,,,,,,3D PUZZLE - Deserted Village,$199.99,False,https://store.steampowered.com/app/3079460/,
2515030,Dark Lord,2024-08-15,2024-08,steam_store_search,False,True,STEAM_ONLY,True,,,,,,,Dark Lord,Free,True,https://store.steampowered.com/app/2515030/,
3117990,Daydream Mosaics 5: Crimson Veil,2024-08-15,2024-08,steam_store_search,False,True,STEAM_ONLY,True,,,,,,,Daydream Mosaics 5: Crimson Veil,$8.99,False,https://store.steampowered.com/app/3117990/,
3029990,"Girls on Campus, from Freshmen to Faculty, All Fall for Me!",2024-08-15,2024-08,steam_store_search,False,True,STEAM_ONLY,True,,,,,,,"Girls on Campus, from Freshmen to Faculty, All Fall for Me!",$6.99,False,https://store.steampowered.com/app/3029990/,
2476840,浮游,2024-08-15,2024-08,steam_store_search,False,True,STEAM_ONLY,True,,,,,,,浮游,$9.99,False,https://store.steampowered.com/app/2476840/,
3055370,Isekaing: from zero to zero.,2024-08-16,2024-08,steam_store_search,False,True,STEAM_ONLY,True,,,,,,,Isekaing: from zero to zero.,$9.99,False,https://store.steampowered.com/app/3055370/,
3120290,3D PUZZLE - Courtyard,2024-08-19,2024-08,steam_store_search,False,True,STEAM_ONLY,True,,,,,,,3D PUZZLE - Courtyard,$199.99,False,https://store.steampowered.com/app/3120290/,
1786860,Fertiliel - Cupid Simulator,2024-08-19,2024-08,steam_store_search,False,True,STEAM_ONLY,True,,,,,,,Fertiliel - Cupid Simulator,$9.99,False,https://store.steampowered.com/app/1786860/,
2566970,CatCat Save The World,2024-08-20,2024-08,steam_store_search,False,True,STEAM_ONLY,True,,,,,,,CatCat Save The World,$3.99,False,https://store.steampowered.com/app/2566970/,
2052990,My Lovely Empress,2024-08-20,2024-08,steam_store_search,False,True,STEAM_ONLY,True,,,,,,,My Lovely Empress,$19.99,False,https://store.steampowered.com/app/2052990/,
1791590,Sunset Hills,2024-08-20,2024-08,steam_store_search,False,True,STEAM_ONLY,True,,,,,,,Sunset Hills,-10%,False,https://store.steampowered.com/app/1791590/,
2654160,Type Your Fate,2024-08-21,2024-08,steam_store_search,False,True,STEAM_ONLY,True,,,,,,,Type Your Fate,$0.99,False,https://store.steampowered.com/app/2654160/,
1329880,Wild West Legacy,2024-08-22,2024-08,steam_store_search,False,True,STEAM_ONLY,True,,,,,,,Wild West Legacy,$26.99,False,https://store.steampowered.com/app/1329880/,
2420240,HAREM！RANCH LIFE,2024-08-23,2024-08,steam_store_search,False,True,STEAM_ONLY,True,,,,,,,HAREM！RANCH LIFE,$17.99,False,https://store.steampowered.com/app/2420240/,
2963130,Manludo,2024-08-23,2024-08,steam_store_search,False,True,STEAM_ONLY,True,,,,,,,Manludo,Free,True,https://store.steampowered.com/app/2963130/,
3087810,Recesses,2024-08-23,2024-08,steam_store_search,False,True,STEAM_ONLY,True,,,,,,,Recesses,$4.99,False,https://store.steampowered.com/app/3087810/,
3113360,Synaxarion Christian Stories: Holy Martyr Neophytos,2024-08-24,2024-08,steam_store_search,False,True,STEAM_ONLY,True,,,,,,,Synaxarion Christian Stories: Holy Martyr Neophytos,$2.99,False,https://store.steampowered.com/app/3113360/,
2411960,平安果,2024-08-24,2024-08,steam_store_search,False,True,STEAM_ONLY,True,,,,,,,平安果,$3.99,False,https://store.steampowered.com/app/2411960/,
3042710,Rodeo Clown,2024-08-27,2024-08,steam_store_search,False,True,STEAM_ONLY,True,,,,,,,Rodeo Clown,$6.99,False,https://store.steampowered.com/app/3042710/,
3139390,CNE1,2024-08-28,2024-08,steam_store_search,False,True,STEAM_ONLY,True,,,,,,,CNE1,$4.99,False,https://store.steampowered.com/app/3139390/,
2776900,The Eminence in Shadow: Master of Garden,2024-08-28,2024-08,steam_store_search,False,True,STEAM_ONLY,True,,,,,,,The Eminence in Shadow: Master of Garden,Free,True,https://store.steampowered.com/app/2776900/,
3054370,Luna and the Wasted City of Sin,2024-08-29,2024-08,steam_store_search,False,True,STEAM_ONLY,True,,,,,,,Luna and the Wasted City of Sin,$9.99,False,https://store.steampowered.com/app/3054370/,
3027980,Next of Kin,2024-08-29,2024-08,steam_store_search,False,True,STEAM_ONLY,True,,,,,,,Next of Kin,$1.99,False,https://store.steampowered.com/app/3027980/,
2751950,The Void Chronicles: One's Desolation,2024-08-29,2024-08,steam_store_search,False,True,STEAM_ONLY,True,,,,,,,The Void Chronicles: One's Desolation,$5.99,False,https://store.steampowered.com/app/2751950/,
3159840,四叶草咖啡厅,2024-08-30,2024-08,steam_store_search,False,True,STEAM_ONLY,True,,,,,,,四叶草咖啡厅,Free,True,https://store.steampowered.com/app/3159840/,
3107990,Convoluted Incident: Pinch me,2024-09-02,2024-09,steam_store_search,False,True,STEAM_ONLY,True,,,,,,,Convoluted Incident: Pinch me,$8.99,False,https://store.steampowered.com/app/3107990/,
3070830,MOANera,2024-09-02,2024-09,steam_store_search,False,True,STEAM_ONLY,True,,,,,,,MOANera,Free,True,https://store.steampowered.com/app/3070830/,
3053770,VERTIGROWL,2024-09-02,2024-09,steam_store_search,False,True,STEAM_ONLY,True,,,,,,,VERTIGROWL,$2.99,False,https://store.steampowered.com/app/3053770/,
3104030,oath,2024-09-02,2024-09,steam_store_search,False,True,STEAM_ONLY,True,,,,,,,oath,-50%,False,https://store.steampowered.com/app/3104030/,
3076110,Fruits & Vegetables,2024-09-03,2024-09,steam_store_search,False,True,STEAM_ONLY,True,,,,,,,Fruits & Vegetables,Free,True,https://store.steampowered.com/app/3076110/,
2416940,Space Crab VS,2024-09-06,2024-09,steam_store_search,False,True,STEAM_ONLY,True,,,,,,,Space Crab VS,Free,True,https://store.steampowered.com/app/2416940/,
1382450,My First Date RPG (Presented by: ProjectSummerIce.com),2024-09-08,2024-09,steam_store_search,False,True,STEAM_ONLY,True,,,,,,,My First Date RPG (Presented by: ProjectSummerIce.com),$0.99,False,https://store.steampowered.com/app/1382450/,
2642220,God Chosen Place,2024-09-09,2024-09,steam_store_search,False,True,STEAM_ONLY,True,,,,,,,God Chosen Place,$1.99,False,https://store.steampowered.com/app/2642220/,
2953160,Captive: You Are My Idol,2024-09-10,2024-09,steam_store_search,False,True,STEAM_ONLY,True,,,,,,,Captive: You Are My Idol,$4.99,False,https://store.steampowered.com/app/2953160/,
1632100,Courier Tale,2024-09-10,2024-09,steam_store_search,False,True,STEAM_ONLY,True,,,,,,,Courier Tale,-66%,False,https://store.steampowered.com/app/1632100/,
3047680,Utility for the Soul,2024-09-12,2024-09,steam_store_search,False,True,STEAM_ONLY,True,,,,,,,Utility for the Soul,Free,True,https://store.steampowered.com/app/3047680/,
2766650,Chicago Project,2024-09-13,2024-09,steam_store_search,False,True,STEAM_ONLY,True,,,,,,,Chicago Project,$0.99,False,https://store.steampowered.com/app/2766650/,
2375990,Coralina: a Memory Tale,2024-09-13,2024-09,steam_store_search,False,True,STEAM_ONLY,True,,,,,,,Coralina: a Memory Tale,$4.99,False,https://store.steampowered.com/app/2375990/,
2959670,BeYourCat,2024-09-15,2024-09,steam_store_search,False,True,STEAM_ONLY,True,,,,,,,BeYourCat,$6.99,False,https://store.steampowered.com/app/2959670/,
1965190,Dragon Spirits 2,2024-09-15,2024-09,steam_store_search,False,True,STEAM_ONLY,True,,,,,,,Dragon Spirits 2,$13.99,False,https://store.steampowered.com/app/1965190/,
2675270,Blood Lily Loop,2024-09-16,2024-09,steam_store_search,False,True,STEAM_ONLY,True,,,,,,,Blood Lily Loop,-20%,False,https://store.steampowered.com/app/2675270/,
3162630,When She's Gone,2024-09-16,2024-09,steam_store_search,False,True,STEAM_ONLY,True,,,,,,,When She's Gone,$5.99,False,https://store.steampowered.com/app/3162630/,
3034440,Clare's Escape,2024-09-18,2024-09,steam_store_search,False,True,STEAM_ONLY,True,,,,,,,Clare's Escape,$2.99,False,https://store.steampowered.com/app/3034440/,
3123520,リア充爆発しろ！ Normies Should Burn!,2024-09-18,2024-09,steam_store_search,False,True,STEAM_ONLY,True,,,,,,,リア充爆発しろ！ Normies Should Burn!,-50%,False,https://store.steampowered.com/app/3123520/,
3174540,Night Hacking,2024-09-19,2024-09,steam_store_search,False,True,STEAM_ONLY,True,,,,,,,Night Hacking,$9.99,False,https://store.steampowered.com/app/3174540/,
3169000,RECORD_DrowsyVortex,2024-09-19,2024-09,steam_store_search,False,True,STEAM_ONLY,True,,,,,,,RECORD_DrowsyVortex,$9.99,False,https://store.steampowered.com/app/3169000/,
3165280,3D PUZZLE - Apocalyptic Wasteland,2024-09-20,2024-09,steam_store_search,False,True,STEAM_ONLY,True,,,,,,,3D PUZZLE - Apocalyptic Wasteland,$199.99,False,https://store.steampowered.com/app/3165280/,
3184780,Dairy of the Dead,2024-09-20,2024-09,steam_store_search,False,True,STEAM_ONLY,True,,,,,,,Dairy of the Dead,Free,True,https://store.steampowered.com/app/3184780/,
3194910,The Icarus Experiment,2024-09-20,2024-09,steam_store_search,False,True,STEAM_ONLY,True,,,,,,,The Icarus Experiment,Free,True,https://store.steampowered.com/app/3194910/,
3211930,Waifu Simulator,2024-09-20,2024-09,steam_store_search,False,True,STEAM_ONLY,True,,,,,,,Waifu Simulator,$4.99,False,https://store.steampowered.com/app/3211930/,
2767990,Whispers of Prague: The Executioner's Last Cut,2024-09-20,2024-09,steam_store_search,False,True,STEAM_ONLY,True,,,,,,,Whispers of Prague: The Executioner's Last Cut,$9.99,False,https://store.steampowered.com/app/2767990/,
3165060,PLEASE SAY HI,2024-09-21,2024-09,steam_store_search,False,True,STEAM_ONLY,True,,,,,,,PLEASE SAY HI,Free,True,https://store.steampowered.com/app/3165060/,
3204390,A THOUSAND MOUTHS TO SCREAM,2024-09-23,2024-09,steam_store_search,False,True,STEAM_ONLY,True,,,,,,,A THOUSAND MOUTHS TO SCREAM,$2.99,False,https://store.steampowered.com/app/3204390/,
2999910,Everlasting: Tomorrow,2024-09-23,2024-09,steam_store_search,False,True,STEAM_ONLY,True,,,,,,,Everlasting: Tomorrow,$9.99,False,https://store.steampowered.com/app/2999910/,
2841060,Pawsome Cats in Kittynawa,2024-09-23,2024-09,steam_store_search,False,True,STEAM_ONLY,True,,,,,,,Pawsome Cats in Kittynawa,-30%,False,https://store.steampowered.com/app/2841060/,
3110080,obi3011-prologue,2024-09-24,2024-09,steam_store_search,False,True,STEAM_ONLY,True,,,,,,,obi3011-prologue,Free,True,https://store.steampowered.com/app/3110080/,
3175040,Chior Chapter 1: Hall Of Pillars,2024-09-26,2024-09,steam_store_search,False,True,STEAM_ONLY,True,,,,,,,Chior Chapter 1: Hall Of Pillars,Free,True,https://store.steampowered.com/app/3175040/,
2410170,The Nameless: Slay Dragon,2024-09-26,2024-09,steam_store_search,False,True,STEAM_ONLY,True,,,,,,,The Nameless: Slay Dragon,$17.99,False,https://store.steampowered.com/app/2410170/,
2755510,Cheddar Beach 0 - Party on Mango St.,2024-09-27,2024-09,steam_store_search,False,True,STEAM_ONLY,True,,,,,,,Cheddar Beach 0 - Party on Mango St.,$4.99,False,https://store.steampowered.com/app/2755510/,
3125710,Fake Ducks: Spooky Chronicles,2024-09-27,2024-09,steam_store_search,False,True,STEAM_ONLY,True,,,,,,,Fake Ducks: Spooky Chronicles,$6.99,False,https://store.steampowered.com/app/3125710/,
2333740,Wealth Project,2024-09-27,2024-09,steam_store_search,False,True,STEAM_ONLY,True,,,,,,,Wealth Project,$5.99,False,https://store.steampowered.com/app/2333740/,
3205290,谁偷了我的女朋友,2024-09-27,2024-09,steam_store_search,False,True,STEAM_ONLY,True,,,,,,,谁偷了我的女朋友,$0.99,False,https://store.steampowered.com/app/3205290/,
3224350,Bistro Brave,2024-09-29,2024-09,steam_store_search,False,True,STEAM_ONLY,True,,,,,,,Bistro Brave,,False,https://store.steampowered.com/app/3224350/,
2911280,Master of Love,2024-09-29,2024-09,steam_store_search,False,True,STEAM_ONLY,True,,,,,,,Master of Love,$10.99,False,https://store.steampowered.com/app/2911280/,
1872430,HALF-BAKED GIRLS,2024-09-30,2024-09,steam_store_search,False,True,STEAM_ONLY,True,,,,,,,HALF-BAKED GIRLS,$11.99,False,https://store.steampowered.com/app/1872430/,
3220330,Mangoo,2024-09-30,2024-09,steam_store_search,False,True,STEAM_ONLY,True,,,,,,,Mangoo,Free,True,https://store.steampowered.com/app/3220330/,
3229460,My Puppy,2024-09-30,2024-09,steam_store_search,False,True,STEAM_ONLY,True,,,,,,,My Puppy,$0.99,False,https://store.steampowered.com/app/3229460/,
3048140,Daemonologie,2024-10-01,2024-10,steam_store_search,False,True,STEAM_ONLY,True,,,,,,,Daemonologie,$2.99,False,https://store.steampowered.com/app/3048140/,
3229170,Egg Squeeze,2024-10-01,2024-10,steam_store_search,False,True,STEAM_ONLY,True,,,,,,,Egg Squeeze,$3.99,False,https://store.steampowered.com/app/3229170/,
3171590,THE BREAKFIVE,2024-10-01,2024-10,steam_store_search,False,True,STEAM_ONLY,True,,,,,,,THE BREAKFIVE,$6.99,False,https://store.steampowered.com/app/3171590/,
3212640,緑葡萄伝（東方Project・幻想葡萄伝）,2024-10-02,2024-10,steam_store_search,False,True,STEAM_ONLY,True,,,,,,,緑葡萄伝（東方Project・幻想葡萄伝）,Free,True,https://store.steampowered.com/app/3212640/,
3230290,BlightFog,2024-10-04,2024-10,steam_store_search,False,True,STEAM_ONLY,True,,,,,,,BlightFog,Free,True,https://store.steampowered.com/app/3230290/,
3110150,Employee Rules of the Night Strings,2024-10-04,2024-10,steam_store_search,False,True,STEAM_ONLY,True,,,,,,,Employee Rules of the Night Strings,$1.99,False,https://store.steampowered.com/app/3110150/,
2810170,Creepy Creepy Love,2024-10-07,2024-10,steam_store_search,False,True,STEAM_ONLY,True,,,,,,,Creepy Creepy Love,$4.99,False,https://store.steampowered.com/app/2810170/,
3092660,Reverse: 1999,2024-10-08,2024-10,steam_store_search,False,True,STEAM_ONLY,True,,,,,,,Reverse: 1999,Free,True,https://store.steampowered.com/app/3092660/,
3216760,The drawing of the Gospels,2024-10-08,2024-10,steam_store_search,False,True,STEAM_ONLY,True,,,,,,,The drawing of the Gospels,$0.99,False,https://store.steampowered.com/app/3216760/,
3034520,The Fox's Way Home,2024-10-09,2024-10,steam_store_search,False,True,STEAM_ONLY,True,,,,,,,The Fox's Way Home,$15.99,False,https://store.steampowered.com/app/3034520/,
3110410,My Fantasy Hostess Club,2024-10-11,2024-10,steam_store_search,False,True,STEAM_ONLY,True,,,,,,,My Fantasy Hostess Club,$4.99,False,https://store.steampowered.com/app/3110410/,
2770340,Oh My Goddess!,2024-10-11,2024-10,steam_store_search,False,True,STEAM_ONLY,True,,,,,,,Oh My Goddess!,$5.99,False,https://store.steampowered.com/app/2770340/,
3009360,The Moments Before Death,2024-10-11,2024-10,steam_store_search,False,True,STEAM_ONLY,True,,,,,,,The Moments Before Death,$2.99,False,https://store.steampowered.com/app/3009360/,
3163620,The Path of Veins,2024-10-11,2024-10,steam_store_search,False,True,STEAM_ONLY,True,,,,,,,The Path of Veins,$10.99,False,https://store.steampowered.com/app/3163620/,
2587400,BARA Labs,2024-10-12,2024-10,steam_store_search,False,True,STEAM_ONLY,True,,,,,,,BARA Labs,Free,True,https://store.steampowered.com/app/2587400/,
3238160,oct 14,2024-10-13,2024-10,steam_store_search,False,True,STEAM_ONLY,True,,,,,,,oct 14,Free,True,https://store.steampowered.com/app/3238160/,
2754690,I've Fallen For You!,2024-10-15,2024-10,steam_store_search,False,True,STEAM_ONLY,True,,,,,,,I've Fallen For You!,$7.99,False,https://store.steampowered.com/app/2754690/,
2922980,Arsene Lupin - Once a Thief,2024-10-17,2024-10,steam_store_search,False,True,STEAM_ONLY,True,,,,,,,Arsene Lupin - Once a Thief,$29.99,False,https://store.steampowered.com/app/2922980/,
3173890,Half Billion: Love Choice,2024-10-17,2024-10,steam_store_search,False,True,STEAM_ONLY,True,,,,,,,Half Billion: Love Choice,$11.99,False,https://store.steampowered.com/app/3173890/,
3052700,Records of the Flycatcher,2024-10-17,2024-10,steam_store_search,False,True,STEAM_ONLY,True,,,,,,,Records of the Flycatcher,Free,True,https://store.steampowered.com/app/3052700/,
2608060,Start a Startup with a Legendary Japanese Warlord,2024-10-18,2024-10,steam_store_search,False,True,STEAM_ONLY,True,,,,,,,Start a Startup with a Legendary Japanese Warlord,$5.99,False,https://store.steampowered.com/app/2608060/,
3221420,The Halloween Incident,2024-10-18,2024-10,steam_store_search,False,True,STEAM_ONLY,True,,,,,,,The Halloween Incident,$6.66,False,https://store.steampowered.com/app/3221420/,
3214800,3D PUZZLE - Gas Station,2024-10-20,2024-10,steam_store_search,False,True,STEAM_ONLY,True,,,,,,,3D PUZZLE - Gas Station,$199.99,False,https://store.steampowered.com/app/3214800/,
2988470,Fool's Gambit,2024-10-21,2024-10,steam_store_search,False,True,STEAM_ONLY,True,,,,,,,Fool's Gambit,$3.99,False,https://store.steampowered.com/app/2988470/,
3165520,Love Me or Die,2024-10-21,2024-10,steam_store_search,False,True,STEAM_ONLY,True,,,,,,,Love Me or Die,$9.99,False,https://store.steampowered.com/app/3165520/,
2277090,DAEMON MASQUERADE,2024-10-22,2024-10,steam_store_search,False,True,STEAM_ONLY,True,,,,,,,DAEMON MASQUERADE,$14.99,False,https://store.steampowered.com/app/2277090/,
3197550,Demonophobia Company,2024-10-22,2024-10,steam_store_search,False,True,STEAM_ONLY,True,,,,,,,Demonophobia Company,Free,True,https://store.steampowered.com/app/3197550/,
3099660,Love is All Around: Echoes of Yesterday,2024-10-22,2024-10,steam_store_search,False,True,STEAM_ONLY,True,,,,,,,Love is All Around: Echoes of Yesterday,$10.99,False,https://store.steampowered.com/app/3099660/,
3184160,Spellchanted 2D Hidden Object Puzzle Adveture Tile-Matching,2024-10-22,2024-10,steam_store_search,False,True,STEAM_ONLY,True,,,,,,,Spellchanted 2D Hidden Object Puzzle Adveture Tile-Matching,Free,True,https://store.steampowered.com/app/3184160/,
3054140,Cheese - The Cheese Collector,2024-10-23,2024-10,steam_store_search,False,True,STEAM_ONLY,True,,,,,,,Cheese - The Cheese Collector,$3.99,False,https://store.steampowered.com/app/3054140/,
2756910,Dark Light,2024-10-23,2024-10,steam_store_search,False,True,STEAM_ONLY,True,,,,,,,Dark Light,Free,True,https://store.steampowered.com/app/2756910/,
2618170,REARVIEW MIRROR,2024-10-23,2024-10,steam_store_search,False,True,STEAM_ONLY,True,,,,,,,REARVIEW MIRROR,$11.99,False,https://store.steampowered.com/app/2618170/,
3208160,Coffee Extra: Ukuzala,2024-10-24,2024-10,steam_store_search,False,True,STEAM_ONLY,True,,,,,,,Coffee Extra: Ukuzala,$9.99,False,https://store.steampowered.com/app/3208160/,
2921150,Escape Tales: The Awakening,2024-10-24,2024-10,steam_store_search,False,True,STEAM_ONLY,True,,,,,,,Escape Tales: The Awakening,$7.99,False,https://store.steampowered.com/app/2921150/,
1707710,Puppet House,2024-10-24,2024-10,steam_store_search,False,True,STEAM_ONLY,True,,,,,,,Puppet House,-10%,False,https://store.steampowered.com/app/1707710/,
1714240,Soul Stalker,2024-10-24,2024-10,steam_store_search,False,True,STEAM_ONLY,True,,,,,,,Soul Stalker,$4.99,False,https://store.steampowered.com/app/1714240/,
3149750,Treat-Seeking Tricksters,2024-10-24,2024-10,steam_store_search,False,True,STEAM_ONLY,True,,,,,,,Treat-Seeking Tricksters,$2.99,False,https://store.steampowered.com/app/3149750/,
3191700,鲤氏奇人异闻录,2024-10-24,2024-10,steam_store_search,False,True,STEAM_ONLY,True,,,,,,,鲤氏奇人异闻录,Free,True,https://store.steampowered.com/app/3191700/,
3236130,Adequately Ever After,2024-10-25,2024-10,steam_store_search,False,True,STEAM_ONLY,True,,,,,,,Adequately Ever After,Free,True,https://store.steampowered.com/app/3236130/,
2769430,Dust Courier,2024-10-25,2024-10,steam_store_search,False,True,STEAM_ONLY,True,,,,,,,Dust Courier,$2.99,False,https://store.steampowered.com/app/2769430/,
2911340,Mound of Music,2024-10-25,2024-10,steam_store_search,False,True,STEAM_ONLY,True,,,,,,,Mound of Music,-25%,False,https://store.steampowered.com/app/2911340/,
2977770,Rusts Of Corruption,2024-10-25,2024-10,steam_store_search,False,True,STEAM_ONLY,True,,,,,,,Rusts Of Corruption,Free,True,https://store.steampowered.com/app/2977770/,
2776600,The Apocalypse Sacrifice,2024-10-25,2024-10,steam_store_search,False,True,STEAM_ONLY,True,,,,,,,The Apocalypse Sacrifice,$9.99,False,https://store.steampowered.com/app/2776600/,
3249630,The Last Customer,2024-10-25,2024-10,steam_store_search,False,True,STEAM_ONLY,True,,,,,,,The Last Customer,-65%,False,https://store.steampowered.com/app/3249630/,
2963930,The Shepherd: Black Sheep,2024-10-25,2024-10,steam_store_search,False,True,STEAM_ONLY,True,,,,,,,The Shepherd: Black Sheep,$19.99,False,https://store.steampowered.com/app/2963930/,
2731870,Ys X: Nordics,2024-10-25,2024-10,steam_store_search,False,True,STEAM_ONLY,True,,,,,,,Ys X: Nordics,$59.99,False,https://store.steampowered.com/app/2731870/,
2775370,Disillusion ST,2024-10-26,2024-10,steam_store_search,False,True,STEAM_ONLY,True,,,,,,,Disillusion ST,$10.99,False,https://store.steampowered.com/app/2775370/,
2755310,Schneider’s Curse,2024-10-28,2024-10,steam_store_search,False,True,STEAM_ONLY,True,,,,,,,Schneider’s Curse,Free,True,https://store.steampowered.com/app/2755310/,
3131510,Scribe,2024-10-28,2024-10,steam_store_search,False,True,STEAM_ONLY,True,,,,,,,Scribe,$8.99,False,https://store.steampowered.com/app/3131510/,
3196290,Happy Birthday: With Sergio Spellbound,2024-10-29,2024-10,steam_store_search,False,True,STEAM_ONLY,True,,,,,,,Happy Birthday: With Sergio Spellbound,$2.99,False,https://store.steampowered.com/app/3196290/,
3277660,The Time Traveling Toxicologist,2024-10-30,2024-10,steam_store_search,False,True,STEAM_ONLY,True,,,,,,,The Time Traveling Toxicologist,Free,True,https://store.steampowered.com/app/3277660/,
3024710,Black Submarine: deep seek,2024-10-31,2024-10,steam_store_search,False,True,STEAM_ONLY,True,,,,,,,Black Submarine: deep seek,$4.99,False,https://store.steampowered.com/app/3024710/,
2732790,Blood On The Thames,2024-10-31,2024-10,steam_store_search,False,True,STEAM_ONLY,True,,,,,,,Blood On The Thames,$14.99,False,https://store.steampowered.com/app/2732790/,
3042460,Journey to Kreisia,2024-10-31,2024-10,steam_store_search,False,True,STEAM_ONLY,True,,,,,,,Journey to Kreisia,-50%,False,https://store.steampowered.com/app/3042460/,
2289560,RE0: VTuber Life,2024-10-31,2024-10,steam_store_search,False,True,STEAM_ONLY,True,,,,,,,RE0: VTuber Life,$10.99,False,https://store.steampowered.com/app/2289560/,
3235600,The Mad Pantser,2024-10-31,2024-10,steam_store_search,False,True,STEAM_ONLY,True,,,,,,,The Mad Pantser,Free,True,https://store.steampowered.com/app/3235600/,
2793950,Totally Spies! - Cyber Mission,2024-10-31,2024-10,steam_store_search,False,True,STEAM_ONLY,True,,,,,,,Totally Spies! - Cyber Mission,$39.99,False,https://store.steampowered.com/app/2793950/,
3201810,失踪した友人の部屋に残されていたゲーム,2024-10-31,2024-10,steam_store_search,False,True,STEAM_ONLY,True,,,,,,,失踪した友人の部屋に残されていたゲーム,$9.99,False,https://store.steampowered.com/app/3201810/,
3039310,Goner In The Town,2024-11-01,2024-11,steam_store_search,False,True,STEAM_ONLY,True,,,,,,,Goner In The Town,$4.99,False,https://store.steampowered.com/app/3039310/,
2955350,Grandma's Secret,2024-11-01,2024-11,steam_store_search,False,True,STEAM_ONLY,True,,,,,,,Grandma's Secret,$0.99,False,https://store.steampowered.com/app/2955350/,
1748600,Sainthood,2024-11-01,2024-11,steam_store_search,False,True,STEAM_ONLY,True,,,,,,,Sainthood,-50%,False,https://store.steampowered.com/app/1748600/,
3268250,Waifu Simulator: Beach Edition,2024-11-01,2024-11,steam_store_search,False,True,STEAM_ONLY,True,,,,,,,Waifu Simulator: Beach Edition,$4.99,False,https://store.steampowered.com/app/3268250/,
2506540,ESCAPELAND,2024-11-03,2024-11,steam_store_search,False,True,STEAM_ONLY,True,,,,,,,ESCAPELAND,$4.99,False,https://store.steampowered.com/app/2506540/,
3063670,Necromancer-I'm the Scourge！,2024-11-03,2024-11,steam_store_search,False,True,STEAM_ONLY,True,,,,,,,Necromancer-I'm the Scourge！,$3.99,False,https://store.steampowered.com/app/3063670/,
3204030,TellTale - Casino Murder Case,2024-11-03,2024-11,steam_store_search,False,True,STEAM_ONLY,True,,,,,,,TellTale - Casino Murder Case,$7.99,False,https://store.steampowered.com/app/3204030/,
909470,Touch Type Tale - Strategic Typing,2024-11-04,2024-11,steam_store_search,False,True,STEAM_ONLY,True,,,,,,,Touch Type Tale - Strategic Typing,$19.99,False,https://store.steampowered.com/app/909470/,
2884780,PrisonSoul:Reunion,2024-11-05,2024-11,steam_store_search,False,True,STEAM_ONLY,True,,,,,,,PrisonSoul:Reunion,$0.99,False,https://store.steampowered.com/app/2884780/,
2667540,Relieve,2024-11-05,2024-11,steam_store_search,False,True,STEAM_ONLY,True,,,,,,,Relieve,$8.99,False,https://store.steampowered.com/app/2667540/,
2190370,VED: Purification,2024-11-06,2024-11,steam_store_search,False,True,STEAM_ONLY,True,,,,,,,VED: Purification,Free,True,https://store.steampowered.com/app/2190370/,
3305710,The Throne of The Clock - remasterd,2024-11-07,2024-11,steam_store_search,False,True,STEAM_ONLY,True,,,,,,,The Throne of The Clock - remasterd,$1.99,False,https://store.steampowered.com/app/3305710/,
2719130,东方裁判梦~Rookie Attorney Legendry,2024-11-07,2024-11,steam_store_search,False,True,STEAM_ONLY,True,,,,,,,东方裁判梦~Rookie Attorney Legendry,-40%,False,https://store.steampowered.com/app/2719130/,
2169580,The Reluctant Redemption of Verity Lux,2024-11-08,2024-11,steam_store_search,False,True,STEAM_ONLY,True,,,,,,,The Reluctant Redemption of Verity Lux,$19.99,False,https://store.steampowered.com/app/2169580/,
3270330,The Rose of Cravenmor,2024-11-08,2024-11,steam_store_search,False,True,STEAM_ONLY,True,,,,,,,The Rose of Cravenmor,Free,True,https://store.steampowered.com/app/3270330/,
2960890,There's Always a Madman: Do Your Worst,2024-11-08,2024-11,steam_store_search,False,True,STEAM_ONLY,True,,,,,,,There's Always a Madman: Do Your Worst,$9.99,False,https://store.steampowered.com/app/2960890/,
2921900,잿빛의 행성,2024-11-08,2024-11,steam_store_search,False,True,STEAM_ONLY,True,,,,,,,잿빛의 행성,Free,True,https://store.steampowered.com/app/2921900/,
3294330,201 - The Bad Number,2024-11-10,2024-11,steam_store_search,False,True,STEAM_ONLY,True,,,,,,,201 - The Bad Number,$4.02,False,https://store.steampowered.com/app/3294330/,
3072450,FAKEBOOK,2024-11-10,2024-11,steam_store_search,False,True,STEAM_ONLY,True,,,,,,,FAKEBOOK,-20%,False,https://store.steampowered.com/app/3072450/,
3296760,Cosmic Ultramarine,2024-11-11,2024-11,steam_store_search,False,True,STEAM_ONLY,True,,,,,,,Cosmic Ultramarine,$8.99,False,https://store.steampowered.com/app/3296760/,
3030260,Familiar Friends: What's Your Familiar?,2024-11-11,2024-11,steam_store_search,False,True,STEAM_ONLY,True,,,,,,,Familiar Friends: What's Your Familiar?,Free,True,https://store.steampowered.com/app/3030260/,
3196400,Gisselle's Adventure,2024-11-11,2024-11,steam_store_search,False,True,STEAM_ONLY,True,,,,,,,Gisselle's Adventure,$7.99,False,https://store.steampowered.com/app/3196400/,
3276840,Myrmica,2024-11-12,2024-11,steam_store_search,False,True,STEAM_ONLY,True,,,,,,,Myrmica,Free,True,https://store.steampowered.com/app/3276840/,
2342780,Neo Harbor Rescue Squad,2024-11-12,2024-11,steam_store_search,False,True,STEAM_ONLY,True,,,,,,,Neo Harbor Rescue Squad,$19.99,False,https://store.steampowered.com/app/2342780/,
3285320,Clear Drops,2024-11-13,2024-11,steam_store_search,False,True,STEAM_ONLY,True,,,,,,,Clear Drops,$2.99,False,https://store.steampowered.com/app/3285320/,
2819750,Deathless Death,2024-11-13,2024-11,steam_store_search,False,True,STEAM_ONLY,True,,,,,,,Deathless Death,Free,True,https://store.steampowered.com/app/2819750/,
2793550,Reel Fishing: Days of Summer,2024-11-13,2024-11,steam_store_search,False,True,STEAM_ONLY,True,,,,,,,Reel Fishing: Days of Summer,$29.99,False,https://store.steampowered.com/app/2793550/,
1225200,NAIRI: Rising Tide,2024-11-14,2024-11,steam_store_search,False,True,STEAM_ONLY,True,,,,,,,NAIRI: Rising Tide,$14.99,False,https://store.steampowered.com/app/1225200/,
1182420,VED,2024-11-14,2024-11,steam_store_search,False,True,STEAM_ONLY,True,,,,,,,VED,$19.99,False,https://store.steampowered.com/app/1182420/,
3268260,Waifu Simulator: Furry Edition,2024-11-14,2024-11,steam_store_search,False,True,STEAM_ONLY,True,,,,,,,Waifu Simulator: Furry Edition,$4.99,False,https://store.steampowered.com/app/3268260/,
3250890,Save Girl,2024-11-15,2024-11,steam_store_search,False,True,STEAM_ONLY,True,,,,,,,Save Girl,$4.99,False,https://store.steampowered.com/app/3250890/,
3317890,Project Search,2024-11-16,2024-11,steam_store_search,False,True,STEAM_ONLY,True,,,,,,,Project Search,Free,True,https://store.steampowered.com/app/3317890/,
1789030,Maid Cafe on Electric Street,2024-11-17,2024-11,steam_store_search,False,True,STEAM_ONLY,True,,,,,,,Maid Cafe on Electric Street,$18.99,False,https://store.steampowered.com/app/1789030/,
2777070,Medieval Questionnaire,2024-11-17,2024-11,steam_store_search,False,True,STEAM_ONLY,True,,,,,,,Medieval Questionnaire,$9.99,False,https://store.steampowered.com/app/2777070/,
3311380,Netveil,2024-11-20,2024-11,steam_store_search,False,True,STEAM_ONLY,True,,,,,,,Netveil,Free,True,https://store.steampowered.com/app/3311380/,
2372860,Coaching Simulator,2024-11-21,2024-11,steam_store_search,False,True,STEAM_ONLY,True,,,,,,,Coaching Simulator,$1.99,False,https://store.steampowered.com/app/2372860/,
3009920,Cook For Love,2024-11-21,2024-11,steam_store_search,False,True,STEAM_ONLY,True,,,,,,,Cook For Love,-40%,False,https://store.steampowered.com/app/3009920/,
3305640,Echoes of Madness - The Hawthorne Case,2024-11-21,2024-11,steam_store_search,False,True,STEAM_ONLY,True,,,,,,,Echoes of Madness - The Hawthorne Case,Free,True,https://store.steampowered.com/app/3305640/,
2726980,I Think,2024-11-21,2024-11,steam_store_search,False,True,STEAM_ONLY,True,,,,,,,I Think,$3.00,False,https://store.steampowered.com/app/2726980/,
3106490,Katagiri-san is very cold,2024-11-21,2024-11,steam_store_search,False,True,STEAM_ONLY,True,,,,,,,Katagiri-san is very cold,$3.99,False,https://store.steampowered.com/app/3106490/,
1689080,Mercury Abbey,2024-11-21,2024-11,steam_store_search,False,True,STEAM_ONLY,True,,,,,,,Mercury Abbey,-30%,False,https://store.steampowered.com/app/1689080/,
1502900,Prison X - Chapter 1: The Devil and The Sun,2024-11-21,2024-11,steam_store_search,False,True,STEAM_ONLY,True,,,,,,,Prison X - Chapter 1: The Devil and The Sun,$2.99,False,https://store.steampowered.com/app/1502900/,
3199380,Shadowhand Solitaire,2024-11-21,2024-11,steam_store_search,False,True,STEAM_ONLY,True,,,,,,,Shadowhand Solitaire,-25%,False,https://store.steampowered.com/app/3199380/,
2490670,All We Need,2024-11-22,2024-11,steam_store_search,False,True,STEAM_ONLY,True,,,,,,,All We Need,Free,True,https://store.steampowered.com/app/2490670/,
3331140,I Lost Someone,2024-11-22,2024-11,steam_store_search,False,True,STEAM_ONLY,True,,,,,,,I Lost Someone,$2.99,False,https://store.steampowered.com/app/3331140/,
3313130,The Cloud VR,2024-11-22,2024-11,steam_store_search,False,True,STEAM_ONLY,True,,,,,,,The Cloud VR,$0.99,False,https://store.steampowered.com/app/3313130/,
3229570,Gokai Awesome Simulator +,2024-11-25,2024-11,steam_store_search,False,True,STEAM_ONLY,True,,,,,,,Gokai Awesome Simulator +,$2.99,False,https://store.steampowered.com/app/3229570/,
2263980,Memories: Millennium Girl,2024-11-25,2024-11,steam_store_search,False,True,STEAM_ONLY,True,,,,,,,Memories: Millennium Girl,$15.99,False,https://store.steampowered.com/app/2263980/,
3067810,Vampirii,2024-11-25,2024-11,steam_store_search,False,True,STEAM_ONLY,True,,,,,,,Vampirii,$14.99,False,https://store.steampowered.com/app/3067810/,
3275200,失欲,2024-11-25,2024-11,steam_store_search,False,True,STEAM_ONLY,True,,,,,,,失欲,Free,True,https://store.steampowered.com/app/3275200/,
3326960,Beach Boys: Zodiac date,2024-11-27,2024-11,steam_store_search,False,True,STEAM_ONLY,True,,,,,,,Beach Boys: Zodiac date,$9.99,False,https://store.steampowered.com/app/3326960/,
1988530,Notice Me Leena-senpai!,2024-11-27,2024-11,steam_store_search,False,True,STEAM_ONLY,True,,,,,,,Notice Me Leena-senpai!,$7.99,False,https://store.steampowered.com/app/1988530/,
3295210,Bonnie Blob in Shapeville,2024-11-28,2024-11,steam_store_search,False,True,STEAM_ONLY,True,,,,,,,Bonnie Blob in Shapeville,$3.99,False,https://store.steampowered.com/app/3295210/,
2544570,LumineNight,2024-11-28,2024-11,steam_store_search,False,True,STEAM_ONLY,True,,,,,,,LumineNight,$24.99,False,https://store.steampowered.com/app/2544570/,
3294950,akabos,2024-11-28,2024-11,steam_store_search,False,True,STEAM_ONLY,True,,,,,,,akabos,Free,True,https://store.steampowered.com/app/3294950/,
3062550,Hail Britannia,2024-11-30,2024-11,steam_store_search,False,True,STEAM_ONLY,True,,,,,,,Hail Britannia,Free,True,https://store.steampowered.com/app/3062550/,
2310440,Cryspace,2024-12-01,2024-12,steam_store_search,False,True,STEAM_ONLY,True,,,,,,,Cryspace,Free,True,https://store.steampowered.com/app/2310440/,
2595030,Final Hour,2024-12-02,2024-12,steam_store_search,False,True,STEAM_ONLY,True,,,,,,,Final Hour,Free,True,https://store.steampowered.com/app/2595030/,
3071000,The Pilgrim's Progress,2024-12-02,2024-12,steam_store_search,False,True,STEAM_ONLY,True,,,,,,,The Pilgrim's Progress,$24.99,False,https://store.steampowered.com/app/3071000/,
3262320,修仙•母珠传 Pig Training Legend,2024-12-03,2024-12,steam_store_search,False,True,STEAM_ONLY,True,,,,,,,修仙•母珠传 Pig Training Legend,$7.99,False,https://store.steampowered.com/app/3262320/,
3257360,Couple-Cultivation Saves the World,2024-12-05,2024-12,steam_store_search,False,True,STEAM_ONLY,True,,,,,,,Couple-Cultivation Saves the World,$7.99,False,https://store.steampowered.com/app/3257360/,
3290470,CrimeBot 2: Detective Mystery Games,2024-12-05,2024-12,steam_store_search,False,True,STEAM_ONLY,True,,,,,,,CrimeBot 2: Detective Mystery Games,$7.99,False,https://store.steampowered.com/app/3290470/,
3147690,Neverland永无乡,2024-12-05,2024-12,steam_store_search,False,True,STEAM_ONLY,True,,,,,,,Neverland永无乡,$3.99,False,https://store.steampowered.com/app/3147690/,
2421310,桃色武林,2024-12-05,2024-12,steam_store_search,False,True,STEAM_ONLY,True,,,,,,,桃色武林,$9.99,False,https://store.steampowered.com/app/2421310/,
2456180,Chosen Card Chronicles,2024-12-06,2024-12,steam_store_search,False,True,STEAM_ONLY,True,,,,,,,Chosen Card Chronicles,$7.99,False,https://store.steampowered.com/app/2456180/,
3280680,Flower For A Farewell,2024-12-06,2024-12,steam_store_search,False,True,STEAM_ONLY,True,,,,,,,Flower For A Farewell,$2.99,False,https://store.steampowered.com/app/3280680/,
1918560,Cloud Heart,2024-12-07,2024-12,steam_store_search,False,True,STEAM_ONLY,True,,,,,,,Cloud Heart,$13.99,False,https://store.steampowered.com/app/1918560/,
3337480,Waifu Simulator: Horem Edition,2024-12-07,2024-12,steam_store_search,False,True,STEAM_ONLY,True,,,,,,,Waifu Simulator: Horem Edition,$4.99,False,https://store.steampowered.com/app/3337480/,
3248650,JOBifAI,2024-12-08,2024-12,steam_store_search,False,True,STEAM_ONLY,True,,,,,,,JOBifAI,Free,True,https://store.steampowered.com/app/3248650/,
3143760,Marry a Deep One: Innsmouth Simulator,2024-12-08,2024-12,steam_store_search,False,True,STEAM_ONLY,True,,,,,,,Marry a Deep One: Innsmouth Simulator,$17.99,False,https://store.steampowered.com/app/3143760/,
3060200,Dogs,2024-12-09,2024-12,steam_store_search,False,True,STEAM_ONLY,True,,,,,,,Dogs,Free,True,https://store.steampowered.com/app/3060200/,
3310190,Arima Lodge,2024-12-10,2024-12,steam_store_search,False,True,STEAM_ONLY,True,,,,,,,Arima Lodge,Free,True,https://store.steampowered.com/app/3310190/,
3029880,Irresistible Love,2024-12-10,2024-12,steam_store_search,False,True,STEAM_ONLY,True,,,,,,,Irresistible Love,$10.99,False,https://store.steampowered.com/app/3029880/,
1726100,Mammon: Devil Help,2024-12-10,2024-12,steam_store_search,False,True,STEAM_ONLY,True,,,,,,,Mammon: Devil Help,$9.99,False,https://store.steampowered.com/app/1726100/,
3327100,The drawing of the Apocalypse,2024-12-10,2024-12,steam_store_search,False,True,STEAM_ONLY,True,,,,,,,The drawing of the Apocalypse,$0.99,False,https://store.steampowered.com/app/3327100/,
3250160,When It Falls,2024-12-10,2024-12,steam_store_search,False,True,STEAM_ONLY,True,,,,,,,When It Falls,$1.99,False,https://store.steampowered.com/app/3250160/,
3220830,Dusk Pub,2024-12-11,2024-12,steam_store_search,False,True,STEAM_ONLY,True,,,,,,,Dusk Pub,$12.99,False,https://store.steampowered.com/app/3220830/,
3359560,Fateful Destiny,2024-12-11,2024-12,steam_store_search,False,True,STEAM_ONLY,True,,,,,,,Fateful Destiny,Free,True,https://store.steampowered.com/app/3359560/,
3337500,Waifu Simulator: Christmas Edition,2024-12-11,2024-12,steam_store_search,False,True,STEAM_ONLY,True,,,,,,,Waifu Simulator: Christmas Edition,$4.99,False,https://store.steampowered.com/app/3337500/,
3226720,What is in the Black Box?,2024-12-11,2024-12,steam_store_search,False,True,STEAM_ONLY,True,,,,,,,What is in the Black Box?,$1.99,False,https://store.steampowered.com/app/3226720/,
2242840,无梦少女 DreamlessGirl,2024-12-11,2024-12,steam_store_search,False,True,STEAM_ONLY,True,,,,,,,无梦少女 DreamlessGirl,$9.99,False,https://store.steampowered.com/app/2242840/,
2339610,沉舟：序章,2024-12-11,2024-12,steam_store_search,False,True,STEAM_ONLY,True,,,,,,,沉舟：序章,Free,True,https://store.steampowered.com/app/2339610/,
3118010,Grizzly Man,2024-12-12,2024-12,steam_store_search,False,True,STEAM_ONLY,True,,,,,,,Grizzly Man,$8.99,False,https://store.steampowered.com/app/3118010/,
2459190,Last Signal,2024-12-12,2024-12,steam_store_search,False,True,STEAM_ONLY,True,,,,,,,Last Signal,$0.99,False,https://store.steampowered.com/app/2459190/,
3188050,Mini Mini Golf Golf,2024-12-12,2024-12,steam_store_search,False,True,STEAM_ONLY,True,,,,,,,Mini Mini Golf Golf,-33%,False,https://store.steampowered.com/app/3188050/,
3062010,偕老同穴 Euplectella,2024-12-12,2024-12,steam_store_search,False,True,STEAM_ONLY,True,,,,,,,偕老同穴 Euplectella,Free,True,https://store.steampowered.com/app/3062010/,
3231740,Care,2024-12-13,2024-12,steam_store_search,False,True,STEAM_ONLY,True,,,,,,,Care,$9.99,False,https://store.steampowered.com/app/3231740/,
3057290,Furry Adventure Club and the Holy Grail 🦁,2024-12-13,2024-12,steam_store_search,False,True,STEAM_ONLY,True,,,,,,,Furry Adventure Club and the Holy Grail 🦁,-50%,False,https://store.steampowered.com/app/3057290/,
2058340,Pine: A Story of Loss,2024-12-13,2024-12,steam_store_search,False,True,STEAM_ONLY,True,,,,,,,Pine: A Story of Loss,$9.99,False,https://store.steampowered.com/app/2058340/,
3358820,SnaPaul,2024-12-13,2024-12,steam_store_search,False,True,STEAM_ONLY,True,,,,,,,SnaPaul,Free,True,https://store.steampowered.com/app/3358820/,
2768640,杀青,2024-12-13,2024-12,steam_store_search,False,True,STEAM_ONLY,True,,,,,,,杀青,$6.99,False,https://store.steampowered.com/app/2768640/,
2215410,Anime City,2024-12-15,2024-12,steam_store_search,False,True,STEAM_ONLY,True,,,,,,,Anime City,$14.99,False,https://store.steampowered.com/app/2215410/,
3148550,Just Squat,2024-12-15,2024-12,steam_store_search,False,True,STEAM_ONLY,True,,,,,,,Just Squat,Free,True,https://store.steampowered.com/app/3148550/,
3371200,遺品,2024-12-15,2024-12,steam_store_search,False,True,STEAM_ONLY,True,,,,,,,遺品,$4.99,False,https://store.steampowered.com/app/3371200/,
3349860,Dr. COG,2024-12-16,2024-12,steam_store_search,False,True,STEAM_ONLY,True,,,,,,,Dr. COG,Free,True,https://store.steampowered.com/app/3349860/,
2526490,Noble's Life: Kingdom Reborn - Prologue,2024-12-16,2024-12,steam_store_search,False,True,STEAM_ONLY,True,,,,,,,Noble's Life: Kingdom Reborn - Prologue,Free,True,https://store.steampowered.com/app/2526490/,
2868790,A DOG'S DAYS,2024-12-17,2024-12,steam_store_search,False,True,STEAM_ONLY,True,,,,,,,A DOG'S DAYS,-50%,False,https://store.steampowered.com/app/2868790/,
3286140,Providentia Academy,2024-12-17,2024-12,steam_store_search,False,True,STEAM_ONLY,True,,,,,,,Providentia Academy,Free,True,https://store.steampowered.com/app/3286140/,
3350820,The Crossroads,2024-12-17,2024-12,steam_store_search,False,True,STEAM_ONLY,True,,,,,,,The Crossroads,Free,True,https://store.steampowered.com/app/3350820/,
3286110,Happy Home: Prologue,2024-12-18,2024-12,steam_store_search,False,True,STEAM_ONLY,True,,,,,,,Happy Home: Prologue,Free,True,https://store.steampowered.com/app/3286110/,
3119610,One More Question,2024-12-18,2024-12,steam_store_search,False,True,STEAM_ONLY,True,,,,,,,One More Question,$7.99,False,https://store.steampowered.com/app/3119610/,
3227760,Paper Bride 6 Nightmare,2024-12-19,2024-12,steam_store_search,False,True,STEAM_ONLY,True,,,,,,,Paper Bride 6 Nightmare,$9.99,False,https://store.steampowered.com/app/3227760/,
3314020,拟态生还,2024-12-19,2024-12,steam_store_search,False,True,STEAM_ONLY,True,,,,,,,拟态生还,Free,True,https://store.steampowered.com/app/3314020/,
3348240,Trouble in Warsaw,2024-12-22,2024-12,steam_store_search,False,True,STEAM_ONLY,True,,,,,,,Trouble in Warsaw,$2.99,False,https://store.steampowered.com/app/3348240/,
3289240,拜托！请你先告白,2024-12-23,2024-12,steam_store_search,False,True,STEAM_ONLY,True,,,,,,,拜托！请你先告白,$12.99,False,https://store.steampowered.com/app/3289240/,
3167730,Dichotomy,2024-12-24,2024-12,steam_store_search,False,True,STEAM_ONLY,True,,,,,,,Dichotomy,Free,True,https://store.steampowered.com/app/3167730/,
3309620,Lavender Dream,2024-12-24,2024-12,steam_store_search,False,True,STEAM_ONLY,True,,,,,,,Lavender Dream,$1.99,False,https://store.steampowered.com/app/3309620/,
3373990,Sprout's Words,2024-12-24,2024-12,steam_store_search,False,True,STEAM_ONLY,True,,,,,,,Sprout's Words,$7.89,False,https://store.steampowered.com/app/3373990/,
3396040,Kewter’s Showroom,2024-12-26,2024-12,steam_store_search,False,True,STEAM_ONLY,True,,,,,,,Kewter’s Showroom,Free,True,https://store.steampowered.com/app/3396040/,
3371030,つめたい夏,2024-12-26,2024-12,steam_store_search,False,True,STEAM_ONLY,True,,,,,,,つめたい夏,$3.99,False,https://store.steampowered.com/app/3371030/,
3282930,AI Asylum,2024-12-30,2024-12,steam_store_search,False,True,STEAM_ONLY,True,,,,,,,AI Asylum,$6.99,False,https://store.steampowered.com/app/3282930/,
3355430,Alice Mesmerizing Episodes of Neurosis (AMEN),2024-12-30,2024-12,steam_store_search,False,True,STEAM_ONLY,True,,,,,,,Alice Mesmerizing Episodes of Neurosis (AMEN),-50%,False,https://store.steampowered.com/app/3355430/,
3036220,Morningtide Motel,2024-12-30,2024-12,steam_store_search,False,True,STEAM_ONLY,True,,,,,,,Morningtide Motel,$2.99,False,https://store.steampowered.com/app/3036220/,
3386240,Chinese overtime,2024-12-31,2024-12,steam_store_search,False,True,STEAM_ONLY,True,,,,,,,Chinese overtime,$1.99,False,https://store.steampowered.com/app/3386240/,
3170670,Everything Ends In 0,2024-12-31,2024-12,steam_store_search,False,True,STEAM_ONLY,True,,,,,,,Everything Ends In 0,Free,True,https://store.steampowered.com/app/3170670/,
2073450,A2C:Ayry seems to be playtesting a 2D runner shooter from Cci,2025-01-01,2025-01,steam_store_search,False,True,STEAM_ONLY,True,,,,,,,A2C:Ayry seems to be playtesting a 2D runner shooter from Cci,Free,True,https://store.steampowered.com/app/2073450/,
3359510,Ordinary World the Video Game,2025-01-05,2025-01,steam_store_search,False,True,STEAM_ONLY,True,,,,,,,Ordinary World the Video Game,$5.99,False,https://store.steampowered.com/app/3359510/,
3167180,Hello Love: 18 Again,2025-01-07,2025-01,steam_store_search,False,True,STEAM_ONLY,True,,,,,,,Hello Love: 18 Again,-30%,False,https://store.steampowered.com/app/3167180/,
3042680,Lightracer: For Judge,2025-01-07,2025-01,steam_store_search,False,True,STEAM_ONLY,True,,,,,,,Lightracer: For Judge,-20%,False,https://store.steampowered.com/app/3042680/,
3222570,Our Portfolio,2025-01-07,2025-01,steam_store_search,False,True,STEAM_ONLY,True,,,,,,,Our Portfolio,$0.99,False,https://store.steampowered.com/app/3222570/,
3293640,Trees and Jellyfish,2025-01-07,2025-01,steam_store_search,False,True,STEAM_ONLY,True,,,,,,,Trees and Jellyfish,Free,True,https://store.steampowered.com/app/3293640/,
2239130,Reviver,2025-01-08,2025-01,steam_store_search,False,True,STEAM_ONLY,True,,,,,,,Reviver,$8.99,False,https://store.steampowered.com/app/2239130/,
3314980,Die by Anything,2025-01-09,2025-01,steam_store_search,False,True,STEAM_ONLY,True,,,,,,,Die by Anything,$7.99,False,https://store.steampowered.com/app/3314980/,
2499820,Robinson Alchemy,2025-01-09,2025-01,steam_store_search,False,True,STEAM_ONLY,True,,,,,,,Robinson Alchemy,$3.99,False,https://store.steampowered.com/app/2499820/,
3196550,花奴令 Huanu Poems,2025-01-09,2025-01,steam_store_search,False,True,STEAM_ONLY,True,,,,,,,花奴令 Huanu Poems,$3.99,False,https://store.steampowered.com/app/3196550/,
3190430,Terror Diversion,2025-01-10,2025-01,steam_store_search,False,True,STEAM_ONLY,True,,,,,,,Terror Diversion,$14.99,False,https://store.steampowered.com/app/3190430/,
3174480,Return to campus,2025-01-12,2025-01,steam_store_search,False,True,STEAM_ONLY,True,,,,,,,Return to campus,Free,True,https://store.steampowered.com/app/3174480/,
3028730,"Love, Internet, and Murder Magic",2025-01-13,2025-01,steam_store_search,False,True,STEAM_ONLY,True,,,,,,,"Love, Internet, and Murder Magic",$3.99,False,https://store.steampowered.com/app/3028730/,
2828590,The Haunting of Joni Evers,2025-01-13,2025-01,steam_store_search,False,True,STEAM_ONLY,True,,,,,,,The Haunting of Joni Evers,$14.99,False,https://store.steampowered.com/app/2828590/,
3084280,Threefold Recital,2025-01-13,2025-01,steam_store_search,False,True,STEAM_ONLY,True,,,,,,,Threefold Recital,$14.99,False,https://store.steampowered.com/app/3084280/,
3152380,Prison Notes,2025-01-14,2025-01,steam_store_search,False,True,STEAM_ONLY,True,,,,,,,Prison Notes,$9.99,False,https://store.steampowered.com/app/3152380/,
1422650,Chicken Hill,2025-01-15,2025-01,steam_store_search,False,True,STEAM_ONLY,True,,,,,,,Chicken Hill,$2.99,False,https://store.steampowered.com/app/1422650/,
2854740,Nunholy,2025-01-16,2025-01,steam_store_search,False,True,STEAM_ONLY,True,,,,,,,Nunholy,$7.99,False,https://store.steampowered.com/app/2854740/,
3096420,RANDOMAX,2025-01-16,2025-01,steam_store_search,False,True,STEAM_ONLY,True,,,,,,,RANDOMAX,$9.99,False,https://store.steampowered.com/app/3096420/,
2742730,Robot girl's dream -RobotBattleChampionship-,2025-01-16,2025-01,steam_store_search,False,True,STEAM_ONLY,True,,,,,,,Robot girl's dream -RobotBattleChampionship-,$16.99,False,https://store.steampowered.com/app/2742730/,
3048760,Slay the Alice,2025-01-16,2025-01,steam_store_search,False,True,STEAM_ONLY,True,,,,,,,Slay the Alice,$3.99,False,https://store.steampowered.com/app/3048760/,
3196770,The Escape Room Chronicles ep1:The Mysterious KumaDonald's,2025-01-16,2025-01,steam_store_search,False,True,STEAM_ONLY,True,,,,,,,The Escape Room Chronicles ep1:The Mysterious KumaDonald's,$5.99,False,https://store.steampowered.com/app/3196770/,
2690110,Waiting in the Lime forest,2025-01-16,2025-01,steam_store_search,False,True,STEAM_ONLY,True,,,,,,,Waiting in the Lime forest,$3.99,False,https://store.steampowered.com/app/2690110/,
3356800,Wonderland,2025-01-16,2025-01,steam_store_search,False,True,STEAM_ONLY,True,,,,,,,Wonderland,Free,True,https://store.steampowered.com/app/3356800/,
3386360,Life and death are predetermined by heaven,2025-01-17,2025-01,steam_store_search,False,True,STEAM_ONLY,True,,,,,,,Life and death are predetermined by heaven,$5.99,False,https://store.steampowered.com/app/3386360/,
3416650,Night Painting of Atti,2025-01-20,2025-01,steam_store_search,False,True,STEAM_ONLY,True,,,,,,,Night Painting of Atti,$3.99,False,https://store.steampowered.com/app/3416650/,
2978970,Runet Legend,2025-01-20,2025-01,steam_store_search,False,True,STEAM_ONLY,True,,,,,,,Runet Legend,$2.99,False,https://store.steampowered.com/app/2978970/,
3398760,Smiling Misery,2025-01-20,2025-01,steam_store_search,False,True,STEAM_ONLY,True,,,,,,,Smiling Misery,Free,True,https://store.steampowered.com/app/3398760/,
1142740,Escape from the Cursed Convent,2025-01-21,2025-01,steam_store_search,False,True,STEAM_ONLY,True,,,,,,,Escape from the Cursed Convent,Free,True,https://store.steampowered.com/app/1142740/,
3355170,Transcontinental,2025-01-21,2025-01,steam_store_search,False,True,STEAM_ONLY,True,,,,,,,Transcontinental,$3.99,False,https://store.steampowered.com/app/3355170/,
3337490,Waifu Simulator: Latex Edition,2025-01-21,2025-01,steam_store_search,False,True,STEAM_ONLY,True,,,,,,,Waifu Simulator: Latex Edition,$4.99,False,https://store.steampowered.com/app/3337490/,
3177200,《道格拉斯警督的日记》,2025-01-21,2025-01,steam_store_search,False,True,STEAM_ONLY,True,,,,,,,《道格拉斯警督的日记》,$0.99,False,https://store.steampowered.com/app/3177200/,
3222960,悠久之树,2025-01-21,2025-01,steam_store_search,False,True,STEAM_ONLY,True,,,,,,,悠久之树,Free,True,https://store.steampowered.com/app/3222960/,
1000050,我的一个多重人格朋友,2025-01-21,2025-01,steam_store_search,False,True,STEAM_ONLY,True,,,,,,,我的一个多重人格朋友,$0.99,False,https://store.steampowered.com/app/1000050/,
1819460,Mika and The Witch's Mountain,2025-01-22,2025-01,steam_store_search,False,True,STEAM_ONLY,True,,,,,,,Mika and The Witch's Mountain,$19.99,False,https://store.steampowered.com/app/1819460/,
3319980,"The Legend of Heroes: Kai no Kiseki -Farewell, O Zemuria-",2025-01-22,2025-01,steam_store_search,False,True,STEAM_ONLY,True,,,,,,,"The Legend of Heroes: Kai no Kiseki -Farewell, O Zemuria-",$57.99,False,https://store.steampowered.com/app/3319980/,
2880730,AI2U: With You 'Til The End,2025-01-23,2025-01,steam_store_search,False,True,STEAM_ONLY,True,,,,,,,AI2U: With You 'Til The End,$14.99,False,https://store.steampowered.com/app/2880730/,
3425880,The Noble Quran,2025-01-23,2025-01,steam_store_search,False,True,STEAM_ONLY,True,,,,,,,The Noble Quran,$2.99,False,https://store.steampowered.com/app/3425880/,
2713630,Black Market,2025-01-24,2025-01,steam_store_search,False,True,STEAM_ONLY,True,,,,,,,Black Market,Free,True,https://store.steampowered.com/app/2713630/,
3263210,Subway Exorcist Girl,2025-01-25,2025-01,steam_store_search,False,True,STEAM_ONLY,True,,,,,,,Subway Exorcist Girl,$1.99,False,https://store.steampowered.com/app/3263210/,
2832390,Time To Live,2025-01-25,2025-01,steam_store_search,False,True,STEAM_ONLY,True,,,,,,,Time To Live,$10.99,False,https://store.steampowered.com/app/2832390/,
2474800,挂机修仙之我能合成功法！,2025-01-26,2025-01,steam_store_search,False,True,STEAM_ONLY,True,,,,,,,挂机修仙之我能合成功法！,$0.99,False,https://store.steampowered.com/app/2474800/,
3290110,Lanesplitterz,2025-01-27,2025-01,steam_store_search,False,True,STEAM_ONLY,True,,,,,,,Lanesplitterz,Free,True,https://store.steampowered.com/app/3290110/,
3427610,Tragedy at Ashville Lane,2025-01-27,2025-01,steam_store_search,False,True,STEAM_ONLY,True,,,,,,,Tragedy at Ashville Lane,$2.99,False,https://store.steampowered.com/app/3427610/,
1877720,Army of Tentacles: Assault on Rainbow Unicorn Island,2025-01-28,2025-01,steam_store_search,False,True,STEAM_ONLY,True,,,,,,,Army of Tentacles: Assault on Rainbow Unicorn Island,$9.99,False,https://store.steampowered.com/app/1877720/,
3034580,Mysteries of Perception,2025-01-28,2025-01,steam_store_search,False,True,STEAM_ONLY,True,,,,,,,Mysteries of Perception,$8.99,False,https://store.steampowered.com/app/3034580/,
2768130,Six Legends,2025-01-28,2025-01,steam_store_search,False,True,STEAM_ONLY,True,,,,,,,Six Legends,$14.99,False,https://store.steampowered.com/app/2768130/,
2457540,Cardfight!! Vanguard Dear Days 2,2025-01-29,2025-01,steam_store_search,False,True,STEAM_ONLY,True,,,,,,,Cardfight!! Vanguard Dear Days 2,$69.99,False,https://store.steampowered.com/app/2457540/,
1831800,Grief like a stray dog,2025-01-29,2025-01,steam_store_search,False,True,STEAM_ONLY,True,,,,,,,Grief like a stray dog,-25%,False,https://store.steampowered.com/app/1831800/,
3246240,The Escape Room Chronicles ep2:The Old School Building,2025-01-29,2025-01,steam_store_search,False,True,STEAM_ONLY,True,,,,,,,The Escape Room Chronicles ep2:The Old School Building,$5.99,False,https://store.steampowered.com/app/3246240/,
3429570,Dead Sea - Director's cut remaster,2025-01-31,2025-01,steam_store_search,False,True,STEAM_ONLY,True,,,,,,,Dead Sea - Director's cut remaster,$1.99,False,https://store.steampowered.com/app/3429570/,
2247540,The Eyes Of Mars,2025-01-31,2025-01,steam_store_search,False,True,STEAM_ONLY,True,,,,,,,The Eyes Of Mars,$5.99,False,https://store.steampowered.com/app/2247540/,
3346760,Whisperstring,2025-01-31,2025-01,steam_store_search,False,True,STEAM_ONLY,True,,,,,,,Whisperstring,Free,True,https://store.steampowered.com/app/3346760/,
1549700,Fusion,2025-02-01,2025-02,steam_store_search,False,True,STEAM_ONLY,True,,,,,,,Fusion,$4.99,False,https://store.steampowered.com/app/1549700/,
2889100,The Catalyst Acolyte Tower Defense,2025-02-01,2025-02,steam_store_search,False,True,STEAM_ONLY,True,,,,,,,The Catalyst Acolyte Tower Defense,$4.99,False,https://store.steampowered.com/app/2889100/,
3331860,Three Quest,2025-02-03,2025-02,steam_store_search,False,True,STEAM_ONLY,True,,,,,,,Three Quest,$4.00,False,https://store.steampowered.com/app/3331860/,
2805950,Tempest In A Teapot,2025-02-04,2025-02,steam_store_search,False,True,STEAM_ONLY,True,,,,,,,Tempest In A Teapot,$4.99,False,https://store.steampowered.com/app/2805950/,
3292320,The Dispatcher,2025-02-04,2025-02,steam_store_search,False,True,STEAM_ONLY,True,,,,,,,The Dispatcher,Free,True,https://store.steampowered.com/app/3292320/,
1577510,The Wickie : Journey of a Lighthouse Keeper,2025-02-04,2025-02,steam_store_search,False,True,STEAM_ONLY,True,,,,,,,The Wickie : Journey of a Lighthouse Keeper,$9.99,False,https://store.steampowered.com/app/1577510/,
3463180,Archaeology - Frozen Space,2025-02-05,2025-02,steam_store_search,False,True,STEAM_ONLY,True,,,,,,,Archaeology - Frozen Space,$199.99,False,https://store.steampowered.com/app/3463180/,
3471420,Atonement,2025-02-05,2025-02,steam_store_search,False,True,STEAM_ONLY,True,,,,,,,Atonement,$1.99,False,https://store.steampowered.com/app/3471420/,
2449160,While Waiting,2025-02-05,2025-02,steam_store_search,False,True,STEAM_ONLY,True,,,,,,,While Waiting,$19.99,False,https://store.steampowered.com/app/2449160/,
3452940,Prism: Master Tape,2025-02-06,2025-02,steam_store_search,False,True,STEAM_ONLY,True,,,,,,,Prism: Master Tape,$0.99,False,https://store.steampowered.com/app/3452940/,
3472010,The Armed Shadow,2025-02-06,2025-02,steam_store_search,False,True,STEAM_ONLY,True,,,,,,,The Armed Shadow,$9.99,False,https://store.steampowered.com/app/3472010/,
2461050,晨昏线,2025-02-06,2025-02,steam_store_search,False,True,STEAM_ONLY,True,,,,,,,晨昏线,$9.99,False,https://store.steampowered.com/app/2461050/,
3292780,Atlas Protocol - Escape Room,2025-02-07,2025-02,steam_store_search,False,True,STEAM_ONLY,True,,,,,,,Atlas Protocol - Escape Room,$10.99,False,https://store.steampowered.com/app/3292780/,
1827650,Star Knightess Aura,2025-02-07,2025-02,steam_store_search,False,True,STEAM_ONLY,True,,,,,,,Star Knightess Aura,$24.99,False,https://store.steampowered.com/app/1827650/,
3384580,Дейтсим Говна,2025-02-07,2025-02,steam_store_search,False,True,STEAM_ONLY,True,,,,,,,Дейтсим Говна,$2.99,False,https://store.steampowered.com/app/3384580/,
3262250,Simp: Leveling Up on a Dating App,2025-02-08,2025-02,steam_store_search,False,True,STEAM_ONLY,True,,,,,,,Simp: Leveling Up on a Dating App,$9.99,False,https://store.steampowered.com/app/3262250/,
3126650,Freezing WHAT IF...,2025-02-09,2025-02,steam_store_search,False,True,STEAM_ONLY,True,,,,,,,Freezing WHAT IF...,$8.99,False,https://store.steampowered.com/app/3126650/,
3405670,Assetflip attorney,2025-02-10,2025-02,steam_store_search,False,True,STEAM_ONLY,True,,,,,,,Assetflip attorney,Free,True,https://store.steampowered.com/app/3405670/,
3475600,FriendShapes,2025-02-10,2025-02,steam_store_search,False,True,STEAM_ONLY,True,,,,,,,FriendShapes,$9.99,False,https://store.steampowered.com/app/3475600/,
3347400,GIRLS' FRONTLINE 2: EXILIUM,2025-02-10,2025-02,steam_store_search,False,True,STEAM_ONLY,True,,,,,,,GIRLS' FRONTLINE 2: EXILIUM,Free,True,https://store.steampowered.com/app/3347400/,
3159900,108 Silly Ways to Die,2025-02-11,2025-02,steam_store_search,False,True,STEAM_ONLY,True,,,,,,,108 Silly Ways to Die,-25%,False,https://store.steampowered.com/app/3159900/,
3440490,Circus Saboteur,2025-02-12,2025-02,steam_store_search,False,True,STEAM_ONLY,True,,,,,,,Circus Saboteur,$14.99,False,https://store.steampowered.com/app/3440490/,
2928050,Carpe Dino: Seize the Date,2025-02-13,2025-02,steam_store_search,False,True,STEAM_ONLY,True,,,,,,,Carpe Dino: Seize the Date,$4.99,False,https://store.steampowered.com/app/2928050/,
2865220,Haunted House 2,2025-02-13,2025-02,steam_store_search,False,True,STEAM_ONLY,True,,,,,,,Haunted House 2,$9.99,False,https://store.steampowered.com/app/2865220/,
1683270,Recall: Empty Wishes,2025-02-13,2025-02,steam_store_search,False,True,STEAM_ONLY,True,,,,,,,Recall: Empty Wishes,$14.99,False,https://store.steampowered.com/app/1683270/,
3319660,The Berenstain Bears Get in a Fight,2025-02-13,2025-02,steam_store_search,False,True,STEAM_ONLY,True,,,,,,,The Berenstain Bears Get in a Fight,$9.99,False,https://store.steampowered.com/app/3319660/,
3319650,The Berenstain Bears In the Dark,2025-02-13,2025-02,steam_store_search,False,True,STEAM_ONLY,True,,,,,,,The Berenstain Bears In the Dark,$9.99,False,https://store.steampowered.com/app/3319650/,
3246250,The Escape Room Chronicles ep3:The Southern Resort,2025-02-13,2025-02,steam_store_search,False,True,STEAM_ONLY,True,,,,,,,The Escape Room Chronicles ep3:The Southern Resort,$5.99,False,https://store.steampowered.com/app/3246250/,
3090910,她杀 - The Suspected Murder,2025-02-13,2025-02,steam_store_search,False,True,STEAM_ONLY,True,,,,,,,她杀 - The Suspected Murder,$8.99,False,https://store.steampowered.com/app/3090910/,
1599780,Afterlove EP,2025-02-14,2025-02,steam_store_search,False,True,STEAM_ONLY,True,,,,,,,Afterlove EP,$19.99,False,https://store.steampowered.com/app/1599780/,
3445120,Kingdom of Piss,2025-02-14,2025-02,steam_store_search,False,True,STEAM_ONLY,True,,,,,,,Kingdom of Piss,Free,True,https://store.steampowered.com/app/3445120/,
3156240,Millennium Whisper,2025-02-14,2025-02,steam_store_search,False,True,STEAM_ONLY,True,,,,,,,Millennium Whisper,$11.99,False,https://store.steampowered.com/app/3156240/,
2440890,Nobody Nowhere,2025-02-17,2025-02,steam_store_search,False,True,STEAM_ONLY,True,,,,,,,Nobody Nowhere,-30%,False,https://store.steampowered.com/app/2440890/,
3380980,The Nutcracker of Riepass (Nymph's Tale ep 2),2025-02-17,2025-02,steam_store_search,False,True,STEAM_ONLY,True,,,,,,,The Nutcracker of Riepass (Nymph's Tale ep 2),Free,True,https://store.steampowered.com/app/3380980/,
3485570,ابو فانوس - Abu Fanous,2025-02-17,2025-02,steam_store_search,False,True,STEAM_ONLY,True,,,,,,,ابو فانوس - Abu Fanous,$3.99,False,https://store.steampowered.com/app/3485570/,
1828650,The Silent Kingdom,2025-02-18,2025-02,steam_store_search,False,True,STEAM_ONLY,True,,,,,,,The Silent Kingdom,$17.99,False,https://store.steampowered.com/app/1828650/,
1759160,HPL: Nyarlathotep Rising,2025-02-19,2025-02,steam_store_search,False,True,STEAM_ONLY,True,,,,,,,HPL: Nyarlathotep Rising,$24.99,False,https://store.steampowered.com/app/1759160/,
2401410,Cabernet,2025-02-20,2025-02,steam_store_search,False,True,STEAM_ONLY,True,,,,,,,Cabernet,$19.99,False,https://store.steampowered.com/app/2401410/,
3411540,Station,2025-02-20,2025-02,steam_store_search,False,True,STEAM_ONLY,True,,,,,,,Station,$4.99,False,https://store.steampowered.com/app/3411540/,
3382300,Sovereign Brain Empire,2025-02-21,2025-02,steam_store_search,False,True,STEAM_ONLY,True,,,,,,,Sovereign Brain Empire,$9.99,False,https://store.steampowered.com/app/3382300/,
2233020,The Quintessential Quintuplets OMOIDE VR ~YOTSUBA~,2025-02-23,2025-02,steam_store_search,False,True,STEAM_ONLY,True,,,,,,,The Quintessential Quintuplets OMOIDE VR ~YOTSUBA~,$24.99,False,https://store.steampowered.com/app/2233020/,
3447410,The Test: Reality Check,2025-02-24,2025-02,steam_store_search,False,True,STEAM_ONLY,True,,,,,,,The Test: Reality Check,$4.99,False,https://store.steampowered.com/app/3447410/,
3492060,遗憾,2025-02-24,2025-02,steam_store_search,False,True,STEAM_ONLY,True,,,,,,,遗憾,$1.99,False,https://store.steampowered.com/app/3492060/,
3452790,黄色猫片,2025-02-24,2025-02,steam_store_search,False,True,STEAM_ONLY,True,,,,,,,黄色猫片,$0.99,False,https://store.steampowered.com/app/3452790/,
3464350,DUNGEON OF LOVE: Catch Monsters,2025-02-25,2025-02,steam_store_search,False,True,STEAM_ONLY,True,,,,,,,DUNGEON OF LOVE: Catch Monsters,Free,True,https://store.steampowered.com/app/3464350/,
2555760,Century of Anticipation,2025-02-26,2025-02,steam_store_search,False,True,STEAM_ONLY,True,,,,,,,Century of Anticipation,Free,True,https://store.steampowered.com/app/2555760/,
3126320,Mesopotamia: The Game,2025-02-27,2025-02,steam_store_search,False,True,STEAM_ONLY,True,,,,,,,Mesopotamia: The Game,$3.99,False,https://store.steampowered.com/app/3126320/,
3360580,ODEN,2025-02-27,2025-02,steam_store_search,False,True,STEAM_ONLY,True,,,,,,,ODEN,$1.99,False,https://store.steampowered.com/app/3360580/,
3471060,Sweet Delights: The Girl’s Cafe Quest,2025-02-27,2025-02,steam_store_search,False,True,STEAM_ONLY,True,,,,,,,Sweet Delights: The Girl’s Cafe Quest,$1.99,False,https://store.steampowered.com/app/3471060/,
3246260,The Escape Room Chronicles ep4:The 24-Hour TV Station,2025-02-27,2025-02,steam_store_search,False,True,STEAM_ONLY,True,,,,,,,The Escape Room Chronicles ep4:The 24-Hour TV Station,$5.99,False,https://store.steampowered.com/app/3246260/,
3477620,Through The Ages,2025-02-27,2025-02,steam_store_search,False,True,STEAM_ONLY,True,,,,,,,Through The Ages,Free,True,https://store.steampowered.com/app/3477620/,
3043430,Grand Fantasy Heroes,2025-02-28,2025-02,steam_store_search,False,True,STEAM_ONLY,True,,,,,,,Grand Fantasy Heroes,$9.99,False,https://store.steampowered.com/app/3043430/,
3424260,Mirrorandum,2025-02-28,2025-02,steam_store_search,False,True,STEAM_ONLY,True,,,,,,,Mirrorandum,$1.99,False,https://store.steampowered.com/app/3424260/,
2938850,Sakura Hime 5,2025-02-28,2025-02,steam_store_search,False,True,STEAM_ONLY,True,,,,,,,Sakura Hime 5,$3.99,False,https://store.steampowered.com/app/2938850/,
3433810,咸鱼殿下 / My journey,2025-02-28,2025-02,steam_store_search,False,True,STEAM_ONLY,True,,,,,,,咸鱼殿下 / My journey,$11.99,False,https://store.steampowered.com/app/3433810/,
2836490,The Palaces of The Mind: Chapter One,2025-03-01,2025-03,steam_store_search,False,True,STEAM_ONLY,True,,,,,,,The Palaces of The Mind: Chapter One,$1.99,False,https://store.steampowered.com/app/2836490/,
3137340,LOVE ! again ... - Episode 1 & 2,2025-03-03,2025-03,steam_store_search,False,True,STEAM_ONLY,True,,,,,,,LOVE ! again ... - Episode 1 & 2,$3.99,False,https://store.steampowered.com/app/3137340/,
2346570,Songs of Life,2025-03-03,2025-03,steam_store_search,False,True,STEAM_ONLY,True,,,,,,,Songs of Life,$8.99,False,https://store.steampowered.com/app/2346570/,
3118630,The Bear - A Story from the World of Gra,2025-03-03,2025-03,steam_store_search,False,True,STEAM_ONLY,True,,,,,,,The Bear - A Story from the World of Gra,$5.99,False,https://store.steampowered.com/app/3118630/,
2616800,Merchants of Rosewall,2025-03-04,2025-03,steam_store_search,False,True,STEAM_ONLY,True,,,,,,,Merchants of Rosewall,$19.99,False,https://store.steampowered.com/app/2616800/,
3447550,Metamorph,2025-03-04,2025-03,steam_store_search,False,True,STEAM_ONLY,True,,,,,,,Metamorph,$4.99,False,https://store.steampowered.com/app/3447550/,
3007460,Siberian Way,2025-03-04,2025-03,steam_store_search,False,True,STEAM_ONLY,True,,,,,,,Siberian Way,$7.99,False,https://store.steampowered.com/app/3007460/,
1024120,Túatha Echoes: The Village,2025-03-04,2025-03,steam_store_search,False,True,STEAM_ONLY,True,,,,,,,Túatha Echoes: The Village,Free,True,https://store.steampowered.com/app/1024120/,
3501470,What happened on the Moon?,2025-03-04,2025-03,steam_store_search,False,True,STEAM_ONLY,True,,,,,,,What happened on the Moon?,Free,True,https://store.steampowered.com/app/3501470/,
3288100,All That Glitters,2025-03-05,2025-03,steam_store_search,False,True,STEAM_ONLY,True,,,,,,,All That Glitters,$4.99,False,https://store.steampowered.com/app/3288100/,
2336760,Immortal Hunters,2025-03-05,2025-03,steam_store_search,False,True,STEAM_ONLY,True,,,,,,,Immortal Hunters,$19.99,False,https://store.steampowered.com/app/2336760/,
2969180,Steel Century Groove: Midnight,2025-03-05,2025-03,steam_store_search,False,True,STEAM_ONLY,True,,,,,,,Steel Century Groove: Midnight,Free,True,https://store.steampowered.com/app/2969180/,
3481760,Eternal Flame:Romance Dawn,2025-03-06,2025-03,steam_store_search,False,True,STEAM_ONLY,True,,,,,,,Eternal Flame:Romance Dawn,$4.99,False,https://store.steampowered.com/app/3481760/,
1886910,Mars Vice,2025-03-06,2025-03,steam_store_search,False,True,STEAM_ONLY,True,,,,,,,Mars Vice,$24.99,False,https://store.steampowered.com/app/1886910/,
3447430,Tale of the Leading star,2025-03-06,2025-03,steam_store_search,False,True,STEAM_ONLY,True,,,,,,,Tale of the Leading star,$9.99,False,https://store.steampowered.com/app/3447430/,
1750470,Cyrano,2025-03-07,2025-03,steam_store_search,False,True,STEAM_ONLY,True,,,,,,,Cyrano,$2.99,False,https://store.steampowered.com/app/1750470/,
3205130,Regrets,2025-03-07,2025-03,steam_store_search,False,True,STEAM_ONLY,True,,,,,,,Regrets,$4.99,False,https://store.steampowered.com/app/3205130/,
2937590,WYRMHALL: Brush and Banter,2025-03-07,2025-03,steam_store_search,False,True,STEAM_ONLY,True,,,,,,,WYRMHALL: Brush and Banter,$5.99,False,https://store.steampowered.com/app/2937590/,
3340220,The Adventures of Badgersaw,2025-03-09,2025-03,steam_store_search,False,True,STEAM_ONLY,True,,,,,,,The Adventures of Badgersaw,$8.99,False,https://store.steampowered.com/app/3340220/,
2384730,Beyond the Ice Palace 2,2025-03-10,2025-03,steam_store_search,False,True,STEAM_ONLY,True,,,,,,,Beyond the Ice Palace 2,-35%,False,https://store.steampowered.com/app/2384730/,
3509740,Pawns of War,2025-03-10,2025-03,steam_store_search,False,True,STEAM_ONLY,True,,,,,,,Pawns of War,Free,True,https://store.steampowered.com/app/3509740/,
3300470,Songs of Rats,2025-03-10,2025-03,steam_store_search,False,True,STEAM_ONLY,True,,,,,,,Songs of Rats,-80%,False,https://store.steampowered.com/app/3300470/,
2625550,Centum,2025-03-11,2025-03,steam_store_search,False,True,STEAM_ONLY,True,,,,,,,Centum,-30%,False,https://store.steampowered.com/app/2625550/,
3204310,The Gods of the Red Planet,2025-03-11,2025-03,steam_store_search,False,True,STEAM_ONLY,True,,,,,,,The Gods of the Red Planet,$2.99,False,https://store.steampowered.com/app/3204310/,
3145750,Across Icaria,2025-03-12,2025-03,steam_store_search,False,True,STEAM_ONLY,True,,,,,,,Across Icaria,Free,True,https://store.steampowered.com/app/3145750/,
1987570,Case #1472,2025-03-13,2025-03,steam_store_search,False,True,STEAM_ONLY,True,,,,,,,Case #1472,$0.99,False,https://store.steampowered.com/app/1987570/,
3351080,qualia,2025-03-13,2025-03,steam_store_search,False,True,STEAM_ONLY,True,,,,,,,qualia,Free,True,https://store.steampowered.com/app/3351080/,
3290090,Absolution,2025-03-14,2025-03,steam_store_search,False,True,STEAM_ONLY,True,,,,,,,Absolution,Free,True,https://store.steampowered.com/app/3290090/,
3461490,Arthur's Camping Adventure,2025-03-14,2025-03,steam_store_search,False,True,STEAM_ONLY,True,,,,,,,Arthur's Camping Adventure,$9.99,False,https://store.steampowered.com/app/3461490/,
3519990,Leucanthemum Eyes,2025-03-14,2025-03,steam_store_search,False,True,STEAM_ONLY,True,,,,,,,Leucanthemum Eyes,Free,True,https://store.steampowered.com/app/3519990/,
3548060,湖中天空 ：CAELUM IN LACU,2025-03-17,2025-03,steam_store_search,False,True,STEAM_ONLY,True,,,,,,,湖中天空 ：CAELUM IN LACU,Free,True,https://store.steampowered.com/app/3548060/,
3554810,Neverending AI Storybook,2025-03-19,2025-03,steam_store_search,False,True,STEAM_ONLY,True,,,,,,,Neverending AI Storybook,$2.49,False,https://store.steampowered.com/app/3554810/,
2406150,仿生羊游戏,2025-03-19,2025-03,steam_store_search,False,True,STEAM_ONLY,True,,,,,,,仿生羊游戏,$1.99,False,https://store.steampowered.com/app/2406150/,
3366060,Dice Making Ending,2025-03-20,2025-03,steam_store_search,False,True,STEAM_ONLY,True,,,,,,,Dice Making Ending,Free,True,https://store.steampowered.com/app/3366060/,
3553870,Dirt,2025-03-20,2025-03,steam_store_search,False,True,STEAM_ONLY,True,,,,,,,Dirt,$0.99,False,https://store.steampowered.com/app/3553870/,
3140330,The Fall: Act I,2025-03-20,2025-03,steam_store_search,False,True,STEAM_ONLY,True,,,,,,,The Fall: Act I,$7.99,False,https://store.steampowered.com/app/3140330/,
3461480,The New Kid on the Block,2025-03-21,2025-03,steam_store_search,False,True,STEAM_ONLY,True,,,,,,,The New Kid on the Block,$9.99,False,https://store.steampowered.com/app/3461480/,
3169090,Toushin Gent,2025-03-21,2025-03,steam_store_search,False,True,STEAM_ONLY,True,,,,,,,Toushin Gent,$4.99,False,https://store.steampowered.com/app/3169090/,
2801710,Vollema,2025-03-21,2025-03,steam_store_search,False,True,STEAM_ONLY,True,,,,,,,Vollema,Free,True,https://store.steampowered.com/app/2801710/,
3575390,Umm Oyoun - ام عيون,2025-03-23,2025-03,steam_store_search,False,True,STEAM_ONLY,True,,,,,,,Umm Oyoun - ام عيون,$4.99,False,https://store.steampowered.com/app/3575390/,
2747770,Wednesdays,2025-03-25,2025-03,steam_store_search,False,True,STEAM_ONLY,True,,,,,,,Wednesdays,-50%,False,https://store.steampowered.com/app/2747770/,
2813590,Zone 6,2025-03-25,2025-03,steam_store_search,False,True,STEAM_ONLY,True,,,,,,,Zone 6,$11.99,False,https://store.steampowered.com/app/2813590/,
3203470,Jeepney Stories,2025-03-26,2025-03,steam_store_search,False,True,STEAM_ONLY,True,,,,,,,Jeepney Stories,$4.99,False,https://store.steampowered.com/app/3203470/,
3523400,Waifu Cards,2025-03-26,2025-03,steam_store_search,False,True,STEAM_ONLY,True,,,,,,,Waifu Cards,$4.99,False,https://store.steampowered.com/app/3523400/,
3175530,Kokoro Clover SUN - Prehistoric Invaders!,2025-03-27,2025-03,steam_store_search,False,True,STEAM_ONLY,True,,,,,,,Kokoro Clover SUN - Prehistoric Invaders!,-15%,False,https://store.steampowered.com/app/3175530/,
3041200,My Party Needs An Alchemist,2025-03-27,2025-03,steam_store_search,False,True,STEAM_ONLY,True,,,,,,,My Party Needs An Alchemist,$19.99,False,https://store.steampowered.com/app/3041200/,
2667740,YOUR HOUSE,2025-03-27,2025-03,steam_store_search,False,True,STEAM_ONLY,True,,,,,,,YOUR HOUSE,$9.99,False,https://store.steampowered.com/app/2667740/,
2725950,100% Plasma Vitae,2025-03-28,2025-03,steam_store_search,False,True,STEAM_ONLY,True,,,,,,,100% Plasma Vitae,$4.99,False,https://store.steampowered.com/app/2725950/,
3128080,Endless Salvation,2025-03-28,2025-03,steam_store_search,False,True,STEAM_ONLY,True,,,,,,,Endless Salvation,-50%,False,https://store.steampowered.com/app/3128080/,
1803360,Ostera : The curse of...,2025-03-28,2025-03,steam_store_search,False,True,STEAM_ONLY,True,,,,,,,Ostera : The curse of...,$4.99,False,https://store.steampowered.com/app/1803360/,
3292420,Phantom Asylum VR,2025-03-28,2025-03,steam_store_search,False,True,STEAM_ONLY,True,,,,,,,Phantom Asylum VR,-55%,False,https://store.steampowered.com/app/3292420/,
3570160,The Balldragon,2025-03-28,2025-03,steam_store_search,False,True,STEAM_ONLY,True,,,,,,,The Balldragon,Free,True,https://store.steampowered.com/app/3570160/,
3087730,Tower of the Ice Lich,2025-03-28,2025-03,steam_store_search,False,True,STEAM_ONLY,True,,,,,,,Tower of the Ice Lich,$4.99,False,https://store.steampowered.com/app/3087730/,
3524970,美女公寓,2025-03-30,2025-03,steam_store_search,False,True,STEAM_ONLY,True,,,,,,,美女公寓,-40%,False,https://store.steampowered.com/app/3524970/,
3278120,Girls Kitchen Dinner,2025-03-31,2025-03,steam_store_search,False,True,STEAM_ONLY,True,,,,,,,Girls Kitchen Dinner,$6.99,False,https://store.steampowered.com/app/3278120/,
2809520,My Liege,2025-03-31,2025-03,steam_store_search,False,True,STEAM_ONLY,True,,,,,,,My Liege,$9.99,False,https://store.steampowered.com/app/2809520/,
3587780,Plenty of Fish in the Sea,2025-04-01,2025-04,steam_store_search,False,True,STEAM_ONLY,True,,,,,,,Plenty of Fish in the Sea,Free,True,https://store.steampowered.com/app/3587780/,
1074830,Alcyone: The Last City,2025-04-02,2025-04,steam_store_search,False,True,STEAM_ONLY,True,,,,,,,Alcyone: The Last City,-10%,False,https://store.steampowered.com/app/1074830/,
3550260,双雄风流传（Romantic Emperor）,2025-04-02,2025-04,steam_store_search,False,True,STEAM_ONLY,True,,,,,,,双雄风流传（Romantic Emperor）,$2.18,False,https://store.steampowered.com/app/3550260/,
3253560,Shining Princess Lapisphilia,2025-04-04,2025-04,steam_store_search,False,True,STEAM_ONLY,True,,,,,,,Shining Princess Lapisphilia,$12.99,False,https://store.steampowered.com/app/3253560/,
2761580,Drealegy,2025-04-05,2025-04,steam_store_search,False,True,STEAM_ONLY,True,,,,,,,Drealegy,$0.99,False,https://store.steampowered.com/app/2761580/,
3468500,My Waifu Becomes Real,2025-04-06,2025-04,steam_store_search,False,True,STEAM_ONLY,True,,,,,,,My Waifu Becomes Real,$1.99,False,https://store.steampowered.com/app/3468500/,
2458430,Leila,2025-04-07,2025-04,steam_store_search,False,True,STEAM_ONLY,True,,,,,,,Leila,$11.99,False,https://store.steampowered.com/app/2458430/,
3601720,回南天 Damp Southern Days,2025-04-07,2025-04,steam_store_search,False,True,STEAM_ONLY,True,,,,,,,回南天 Damp Southern Days,$0.99,False,https://store.steampowered.com/app/3601720/,
3160440,Hornet the Vanguard2:The fox smirks,2025-04-08,2025-04,steam_store_search,False,True,STEAM_ONLY,True,,,,,,,Hornet the Vanguard2:The fox smirks,$6.99,False,https://store.steampowered.com/app/3160440/,
3553600,The Empty House - A Dementia Interactive Experience,2025-04-08,2025-04,steam_store_search,False,True,STEAM_ONLY,True,,,,,,,The Empty House - A Dementia Interactive Experience,$9.99,False,https://store.steampowered.com/app/3553600/,
3337210,GIRLS MADE PUDDING,2025-04-09,2025-04,steam_store_search,False,True,STEAM_ONLY,True,,,,,,,GIRLS MADE PUDDING,$9.99,False,https://store.steampowered.com/app/3337210/,
3478200,Trilogy of the Moon,2025-04-09,2025-04,steam_store_search,False,True,STEAM_ONLY,True,,,,,,,Trilogy of the Moon,$10.99,False,https://store.steampowered.com/app/3478200/,
3104880,My Hidden Dreams,2025-04-10,2025-04,steam_store_search,False,True,STEAM_ONLY,True,,,,,,,My Hidden Dreams,$7.99,False,https://store.steampowered.com/app/3104880/,
2585830,Promise Mascot Agency,2025-04-10,2025-04,steam_store_search,False,True,STEAM_ONLY,True,,,,,,,Promise Mascot Agency,$24.99,False,https://store.steampowered.com/app/2585830/,
3193670,Sorry! I surrounded beauty!,2025-04-10,2025-04,steam_store_search,False,True,STEAM_ONLY,True,,,,,,,Sorry! I surrounded beauty!,$5.99,False,https://store.steampowered.com/app/3193670/,
3140910,100th Bug Brigade,2025-04-11,2025-04,steam_store_search,False,True,STEAM_ONLY,True,,,,,,,100th Bug Brigade,Free,True,https://store.steampowered.com/app/3140910/,
3604140,After Friday 星期五之后,2025-04-11,2025-04,steam_store_search,False,True,STEAM_ONLY,True,,,,,,,After Friday 星期五之后,$1.99,False,https://store.steampowered.com/app/3604140/,
3304770,Exposed Livestream,2025-04-11,2025-04,steam_store_search,False,True,STEAM_ONLY,True,,,,,,,Exposed Livestream,$9.99,False,https://store.steampowered.com/app/3304770/,
3545940,Kollywood: The Game,2025-04-14,2025-04,steam_store_search,False,True,STEAM_ONLY,True,,,,,,,Kollywood: The Game,Free,True,https://store.steampowered.com/app/3545940/,
3246230,Spider Land,2025-04-14,2025-04,steam_store_search,False,True,STEAM_ONLY,True,,,,,,,Spider Land,Free,True,https://store.steampowered.com/app/3246230/,
3620360,The Dark Story: Starving Child,2025-04-14,2025-04,steam_store_search,False,True,STEAM_ONLY,True,,,,,,,The Dark Story: Starving Child,$4.99,False,https://store.steampowered.com/app/3620360/,
3557540,Fire from the sky: Cagliari 1943 VR,2025-04-15,2025-04,steam_store_search,False,True,STEAM_ONLY,True,,,,,,,Fire from the sky: Cagliari 1943 VR,Free,True,https://store.steampowered.com/app/3557540/,
1918490,Super Scary Halloween Spooky Times: Spit's Quest,2025-04-15,2025-04,steam_store_search,False,True,STEAM_ONLY,True,,,,,,,Super Scary Halloween Spooky Times: Spit's Quest,$9.99,False,https://store.steampowered.com/app/1918490/,
3340210,Please pay the rent!,2025-04-16,2025-04,steam_store_search,False,True,STEAM_ONLY,True,,,,,,,Please pay the rent!,$6.99,False,https://store.steampowered.com/app/3340210/,
3244670,The Empty Desk,2025-04-16,2025-04,steam_store_search,False,True,STEAM_ONLY,True,,,,,,,The Empty Desk,$9.99,False,https://store.steampowered.com/app/3244670/,
3566850,AI T/F Escape: 10 in a Row to Freedom,2025-04-17,2025-04,steam_store_search,False,True,STEAM_ONLY,True,,,,,,,AI T/F Escape: 10 in a Row to Freedom,Free,True,https://store.steampowered.com/app/3566850/,
3284310,STAY ALIVE MY SON (PC Version): A True Story About A Father's Search For His Son,2025-04-17,2025-04,steam_store_search,False,True,STEAM_ONLY,True,,,,,,,STAY ALIVE MY SON (PC Version): A True Story About A Father's Search For His Son,$14.99,False,https://store.steampowered.com/app/3284310/,
3581090,Arcane Investigations,2025-04-18,2025-04,steam_store_search,False,True,STEAM_ONLY,True,,,,,,,Arcane Investigations,$4.99,False,https://store.steampowered.com/app/3581090/,
3586650,Stellaluna,2025-04-18,2025-04,steam_store_search,False,True,STEAM_ONLY,True,,,,,,,Stellaluna,$9.99,False,https://store.steampowered.com/app/3586650/,
3028010,The Lazy Demon Lord and the Four Stones of Dispel,2025-04-18,2025-04,steam_store_search,False,True,STEAM_ONLY,True,,,,,,,The Lazy Demon Lord and the Four Stones of Dispel,$12.99,False,https://store.steampowered.com/app/3028010/,
2116510,Creepy Redneck Dinosaur Mansion 3,2025-04-22,2025-04,steam_store_search,False,True,STEAM_ONLY,True,,,,,,,Creepy Redneck Dinosaur Mansion 3,-25%,False,https://store.steampowered.com/app/2116510/,
2581030,The Adventures of Bunny and Pig,2025-04-22,2025-04,steam_store_search,False,True,STEAM_ONLY,True,,,,,,,The Adventures of Bunny and Pig,$1.99,False,https://store.steampowered.com/app/2581030/,
3583120,Versetender,2025-04-22,2025-04,steam_store_search,False,True,STEAM_ONLY,True,,,,,,,Versetender,$1.99,False,https://store.steampowered.com/app/3583120/,
3037950,Doug The Digger,2025-04-23,2025-04,steam_store_search,False,True,STEAM_ONLY,True,,,,,,,Doug The Digger,Free,True,https://store.steampowered.com/app/3037950/,
3545310,Misery Avenue,2025-04-23,2025-04,steam_store_search,False,True,STEAM_ONLY,True,,,,,,,Misery Avenue,$3.99,False,https://store.steampowered.com/app/3545310/,
3547310,Smell like a puddle,2025-04-23,2025-04,steam_store_search,False,True,STEAM_ONLY,True,,,,,,,Smell like a puddle,$1.99,False,https://store.steampowered.com/app/3547310/,
3632510,When the Crow Sings,2025-04-23,2025-04,steam_store_search,False,True,STEAM_ONLY,True,,,,,,,When the Crow Sings,Free,True,https://store.steampowered.com/app/3632510/,
2429190,Amerzone - The Explorer's Legacy,2025-04-24,2025-04,steam_store_search,False,True,STEAM_ONLY,True,,,,,,,Amerzone - The Explorer's Legacy,$39.99,False,https://store.steampowered.com/app/2429190/,
3433550,Late Night Mystery,2025-04-24,2025-04,steam_store_search,False,True,STEAM_ONLY,True,,,,,,,Late Night Mystery,Free,True,https://store.steampowered.com/app/3433550/,
2869860,Monster Prom 4: Monster Con,2025-04-24,2025-04,steam_store_search,False,True,STEAM_ONLY,True,,,,,,,Monster Prom 4: Monster Con,-25%,False,https://store.steampowered.com/app/2869860/,
2819030,Rubbings,2025-04-24,2025-04,steam_store_search,False,True,STEAM_ONLY,True,,,,,,,Rubbings,-27%,False,https://store.steampowered.com/app/2819030/,
3048770,Desert Angels,2025-04-25,2025-04,steam_store_search,False,True,STEAM_ONLY,True,,,,,,,Desert Angels,$11.99,False,https://store.steampowered.com/app/3048770/,
2817390,FALLEN GF,2025-04-25,2025-04,steam_store_search,False,True,STEAM_ONLY,True,,,,,,,FALLEN GF,$14.99,False,https://store.steampowered.com/app/2817390/,
2651290,Urban Legend Hunters 2: Double,2025-04-25,2025-04,steam_store_search,False,True,STEAM_ONLY,True,,,,,,,Urban Legend Hunters 2: Double,$9.99,False,https://store.steampowered.com/app/2651290/,
3577110,仙灵图录,2025-04-25,2025-04,steam_store_search,False,True,STEAM_ONLY,True,,,,,,,仙灵图录,$2.99,False,https://store.steampowered.com/app/3577110/,
3332640,女神氪金系统,2025-04-25,2025-04,steam_store_search,False,True,STEAM_ONLY,True,,,,,,,女神氪金系统,$9.99,False,https://store.steampowered.com/app/3332640/,
3423010,Xoru: The Nightmare Wars,2025-04-26,2025-04,steam_store_search,False,True,STEAM_ONLY,True,,,,,,,Xoru: The Nightmare Wars,$4.99,False,https://store.steampowered.com/app/3423010/,
3649650,Merica Tale,2025-04-27,2025-04,steam_store_search,False,True,STEAM_ONLY,True,,,,,,,Merica Tale,$1.99,False,https://store.steampowered.com/app/3649650/,
3562530,The Heart of Influencer,2025-04-27,2025-04,steam_store_search,False,True,STEAM_ONLY,True,,,,,,,The Heart of Influencer,$12.99,False,https://store.steampowered.com/app/3562530/,
3641820,XiaoJun,2025-04-27,2025-04,steam_store_search,False,True,STEAM_ONLY,True,,,,,,,XiaoJun,$0.99,False,https://store.steampowered.com/app/3641820/,
3536100,CYBERSLAYER: No Time to Regret,2025-04-29,2025-04,steam_store_search,False,True,STEAM_ONLY,True,,,,,,,CYBERSLAYER: No Time to Regret,$4.99,False,https://store.steampowered.com/app/3536100/,
3647380,Ascension Gamebook,2025-04-30,2025-04,steam_store_search,False,True,STEAM_ONLY,True,,,,,,,Ascension Gamebook,$4.99,False,https://store.steampowered.com/app/3647380/,
2551300,BROKEN LIFE,2025-04-30,2025-04,steam_store_search,False,True,STEAM_ONLY,True,,,,,,,BROKEN LIFE,$4.99,False,https://store.steampowered.com/app/2551300/,
3600840,Back：Fade,2025-04-30,2025-04,steam_store_search,False,True,STEAM_ONLY,True,,,,,,,Back：Fade,$6.99,False,https://store.steampowered.com/app/3600840/,
3617400,Cyber Confession Room,2025-04-30,2025-04,steam_store_search,False,True,STEAM_ONLY,True,,,,,,,Cyber Confession Room,$0.99,False,https://store.steampowered.com/app/3617400/,
2097570,StarVaders,2025-04-30,2025-04,steam_store_search,False,True,STEAM_ONLY,True,,,,,,,StarVaders,$24.99,False,https://store.steampowered.com/app/2097570/,
3560480,Through the fog,2025-04-30,2025-04,steam_store_search,False,True,STEAM_ONLY,True,,,,,,,Through the fog,$6.99,False,https://store.steampowered.com/app/3560480/,
2448980,Ticy Adventure Club : Queen of the Spring,2025-04-30,2025-04,steam_store_search,False,True,STEAM_ONLY,True,,,,,,,Ticy Adventure Club : Queen of the Spring,Free,True,https://store.steampowered.com/app/2448980/,
2998600,"Back from the other world, I missed love.",2025-05-01,2025-05,steam_store_search,False,True,STEAM_ONLY,True,,,,,,,"Back from the other world, I missed love.",$14.99,False,https://store.steampowered.com/app/2998600/,
3653710,CyberControl: Another Life,2025-05-01,2025-05,steam_store_search,False,True,STEAM_ONLY,True,,,,,,,CyberControl: Another Life,-70%,False,https://store.steampowered.com/app/3653710/,
1213300,Rebellion GODSOUL: Awakening,2025-05-01,2025-05,steam_store_search,False,True,STEAM_ONLY,True,,,,,,,Rebellion GODSOUL: Awakening,$17.99,False,https://store.steampowered.com/app/1213300/,
3487020,Sub-Verge,2025-05-01,2025-05,steam_store_search,False,True,STEAM_ONLY,True,,,,,,,Sub-Verge,$6.99,False,https://store.steampowered.com/app/3487020/,
3394250,DUET,2025-05-02,2025-05,steam_store_search,False,True,STEAM_ONLY,True,,,,,,,DUET,Free,True,https://store.steampowered.com/app/3394250/,
3582490,NEUROZA,2025-05-02,2025-05,steam_store_search,False,True,STEAM_ONLY,True,,,,,,,NEUROZA,$2.49,False,https://store.steampowered.com/app/3582490/,
3544970,Obscured Stories: The Resentment,2025-05-02,2025-05,steam_store_search,False,True,STEAM_ONLY,True,,,,,,,Obscured Stories: The Resentment,$1.99,False,https://store.steampowered.com/app/3544970/,
3600510,The Last Reunion,2025-05-02,2025-05,steam_store_search,False,True,STEAM_ONLY,True,,,,,,,The Last Reunion,$1.99,False,https://store.steampowered.com/app/3600510/,
3581980,VOID SOUL,2025-05-02,2025-05,steam_store_search,False,True,STEAM_ONLY,True,,,,,,,VOID SOUL,$25.99,False,https://store.steampowered.com/app/3581980/,
2964920,Sundy Stairway,2025-05-04,2025-05,steam_store_search,False,True,STEAM_ONLY,True,,,,,,,Sundy Stairway,$9.99,False,https://store.steampowered.com/app/2964920/,
3646830,잃어버린 정신머리를 찾아서,2025-05-06,2025-05,steam_store_search,False,True,STEAM_ONLY,True,,,,,,,잃어버린 정신머리를 찾아서,$2.99,False,https://store.steampowered.com/app/3646830/,
3689140,Contraindication,2025-05-08,2025-05,steam_store_search,False,True,STEAM_ONLY,True,,,,,,,Contraindication,Free,True,https://store.steampowered.com/app/3689140/,
3615950,Scarlet Enigma,2025-05-09,2025-05,steam_store_search,False,True,STEAM_ONLY,True,,,,,,,Scarlet Enigma,$5.99,False,https://store.steampowered.com/app/3615950/,
2895510,_turing,2025-05-09,2025-05,steam_store_search,False,True,STEAM_ONLY,True,,,,,,,_turing,$7.99,False,https://store.steampowered.com/app/2895510/,
2369640,Vanova's Stories,2025-05-12,2025-05,steam_store_search,False,True,STEAM_ONLY,True,,,,,,,Vanova's Stories,$19.99,False,https://store.steampowered.com/app/2369640/,
3692160,Lets Nuke Mars,2025-05-13,2025-05,steam_store_search,False,True,STEAM_ONLY,True,,,,,,,Lets Nuke Mars,$0.99,False,https://store.steampowered.com/app/3692160/,
3694060,Manos The Hands Of Choice,2025-05-13,2025-05,steam_store_search,False,True,STEAM_ONLY,True,,,,,,,Manos The Hands Of Choice,$4.99,False,https://store.steampowered.com/app/3694060/,
2711290,New Life: SILENT RIVER,2025-05-13,2025-05,steam_store_search,False,True,STEAM_ONLY,True,,,,,,,New Life: SILENT RIVER,$6.99,False,https://store.steampowered.com/app/2711290/,
3555150,Beauty’s Target,2025-05-15,2025-05,steam_store_search,False,True,STEAM_ONLY,True,,,,,,,Beauty’s Target,$8.99,False,https://store.steampowered.com/app/3555150/,
3688410,CATpillAr,2025-05-15,2025-05,steam_store_search,False,True,STEAM_ONLY,True,,,,,,,CATpillAr,Free,True,https://store.steampowered.com/app/3688410/,
3086720,One's Own Exile,2025-05-15,2025-05,steam_store_search,False,True,STEAM_ONLY,True,,,,,,,One's Own Exile,Free,True,https://store.steampowered.com/app/3086720/,
3640040,回煞录 | Phantom Reckoning,2025-05-15,2025-05,steam_store_search,False,True,STEAM_ONLY,True,,,,,,,回煞录 | Phantom Reckoning,$1.99,False,https://store.steampowered.com/app/3640040/,
3673400,新宝島トーアの新天地開拓記-TOAisNEWLAND-,2025-05-15,2025-05,steam_store_search,False,True,STEAM_ONLY,True,,,,,,,新宝島トーアの新天地開拓記-TOAisNEWLAND-,$19.99,False,https://store.steampowered.com/app/3673400/,
3405490,SORRY SURVIVOR,2025-05-16,2025-05,steam_store_search,False,True,STEAM_ONLY,True,,,,,,,SORRY SURVIVOR,$2.99,False,https://store.steampowered.com/app/3405490/,
3229150,Party Management,2025-05-17,2025-05,steam_store_search,False,True,STEAM_ONLY,True,,,,,,,Party Management,$3.99,False,https://store.steampowered.com/app/3229150/,
3324440,Light of Reversing Destiny,2025-05-19,2025-05,steam_store_search,False,True,STEAM_ONLY,True,,,,,,,Light of Reversing Destiny,$5.99,False,https://store.steampowered.com/app/3324440/,
3494220,Pawsky,2025-05-19,2025-05,steam_store_search,False,True,STEAM_ONLY,True,,,,,,,Pawsky,$1.99,False,https://store.steampowered.com/app/3494220/,
3292340,Time Space Rebuild,2025-05-19,2025-05,steam_store_search,False,True,STEAM_ONLY,True,,,,,,,Time Space Rebuild,$4.99,False,https://store.steampowered.com/app/3292340/,
2928130,Yixin,2025-05-19,2025-05,steam_store_search,False,True,STEAM_ONLY,True,,,,,,,Yixin,$2.99,False,https://store.steampowered.com/app/2928130/,
3418690,消失的航班，还有她她她！Lost in the secret!,2025-05-20,2025-05,steam_store_search,False,True,STEAM_ONLY,True,,,,,,,消失的航班，还有她她她！Lost in the secret!,$19.99,False,https://store.steampowered.com/app/3418690/,
3710010,龍神的新娘外傳：神社經營考試～考不過就重修～,2025-05-20,2025-05,steam_store_search,False,True,STEAM_ONLY,True,,,,,,,龍神的新娘外傳：神社經營考試～考不過就重修～,$0.99,False,https://store.steampowered.com/app/3710010/,
3609590,시간탐정 김탐정,2025-05-20,2025-05,steam_store_search,False,True,STEAM_ONLY,True,,,,,,,시간탐정 김탐정,$0.99,False,https://store.steampowered.com/app/3609590/,
2374000,Insects Awaken,2025-05-21,2025-05,steam_store_search,False,True,STEAM_ONLY,True,,,,,,,Insects Awaken,$8.99,False,https://store.steampowered.com/app/2374000/,
3216610,League Of Tacticians: Path of Tarkan,2025-05-21,2025-05,steam_store_search,False,True,STEAM_ONLY,True,,,,,,,League Of Tacticians: Path of Tarkan,-40%,False,https://store.steampowered.com/app/3216610/,
3439040,Mystery Island:Missing Amy,2025-05-21,2025-05,steam_store_search,False,True,STEAM_ONLY,True,,,,,,,Mystery Island:Missing Amy,$6.99,False,https://store.steampowered.com/app/3439040/,
3609990,Sunset Drive,2025-05-22,2025-05,steam_store_search,False,True,STEAM_ONLY,True,,,,,,,Sunset Drive,$3.99,False,https://store.steampowered.com/app/3609990/,
2124200,"Nina Aquila: Legal Eagle, Chapter IV: ""Sacred Feathers""",2025-05-23,2025-05,steam_store_search,False,True,STEAM_ONLY,True,,,,,,,"Nina Aquila: Legal Eagle, Chapter IV: ""Sacred Feathers""",$6.99,False,https://store.steampowered.com/app/2124200/,
3570500,Aurora Dawn Poet,2025-05-26,2025-05,steam_store_search,False,True,STEAM_ONLY,True,,,,,,,Aurora Dawn Poet,$2.99,False,https://store.steampowered.com/app/3570500/,
3722070,Night Patrol,2025-05-26,2025-05,steam_store_search,False,True,STEAM_ONLY,True,,,,,,,Night Patrol,$4.99,False,https://store.steampowered.com/app/3722070/,
3638580,Realization,2025-05-26,2025-05,steam_store_search,False,True,STEAM_ONLY,True,,,,,,,Realization,$9.99,False,https://store.steampowered.com/app/3638580/,
3272360,Decade,2025-05-27,2025-05,steam_store_search,False,True,STEAM_ONLY,True,,,,,,,Decade,$9.99,False,https://store.steampowered.com/app/3272360/,
3522780,Human Strange Dream,2025-05-27,2025-05,steam_store_search,False,True,STEAM_ONLY,True,,,,,,,Human Strange Dream,$15.00,False,https://store.steampowered.com/app/3522780/,
1685870,Near-Mage,2025-05-27,2025-05,steam_store_search,False,True,STEAM_ONLY,True,,,,,,,Near-Mage,-40%,False,https://store.steampowered.com/app/1685870/,
2946390,Jump the Track,2025-05-28,2025-05,steam_store_search,False,True,STEAM_ONLY,True,,,,,,,Jump the Track,$9.99,False,https://store.steampowered.com/app/2946390/,
2743840,SHADOW DETECTIVE,2025-05-28,2025-05,steam_store_search,False,True,STEAM_ONLY,True,,,,,,,SHADOW DETECTIVE,$3.99,False,https://store.steampowered.com/app/2743840/,
3579050,Strawberry Chocolate,2025-05-28,2025-05,steam_store_search,False,True,STEAM_ONLY,True,,,,,,,Strawberry Chocolate,Free,True,https://store.steampowered.com/app/3579050/,
2692950,Welcome to Planet E1d0r4d0!,2025-05-28,2025-05,steam_store_search,False,True,STEAM_ONLY,True,,,,,,,Welcome to Planet E1d0r4d0!,$8.99,False,https://store.steampowered.com/app/2692950/,
2226430,CraftCraft: Fantasy Merchant Simulator,2025-05-29,2025-05,steam_store_search,False,True,STEAM_ONLY,True,,,,,,,CraftCraft: Fantasy Merchant Simulator,$15.99,False,https://store.steampowered.com/app/2226430/,
3544930,My life with you,2025-05-29,2025-05,steam_store_search,False,True,STEAM_ONLY,True,,,,,,,My life with you,Free,True,https://store.steampowered.com/app/3544930/,
3352250,PENTALOOP -ペンタループ-,2025-05-29,2025-05,steam_store_search,False,True,STEAM_ONLY,True,,,,,,,PENTALOOP -ペンタループ-,$3.99,False,https://store.steampowered.com/app/3352250/,
3262470,虚妄之言 Hollow Life And INsincere Words,2025-05-29,2025-05,steam_store_search,False,True,STEAM_ONLY,True,,,,,,,虚妄之言 Hollow Life And INsincere Words,$8.99,False,https://store.steampowered.com/app/3262470/,
2979440,Peaches Interplanetary,2025-05-30,2025-05,steam_store_search,False,True,STEAM_ONLY,True,,,,,,,Peaches Interplanetary,$0.99,False,https://store.steampowered.com/app/2979440/,
3598860,Swann's Song,2025-05-30,2025-05,steam_store_search,False,True,STEAM_ONLY,True,,,,,,,Swann's Song,$1.99,False,https://store.steampowered.com/app/3598860/,
3706430,The Falling Star,2025-05-30,2025-05,steam_store_search,False,True,STEAM_ONLY,True,,,,,,,The Falling Star,Free,True,https://store.steampowered.com/app/3706430/,
3120910,The Little Moon,2025-05-30,2025-05,steam_store_search,False,True,STEAM_ONLY,True,,,,,,,The Little Moon,$3.99,False,https://store.steampowered.com/app/3120910/,
3159880,Persephone Lives,2025-06-02,2025-06,steam_store_search,False,True,STEAM_ONLY,True,,,,,,,Persephone Lives,$0.99,False,https://store.steampowered.com/app/3159880/,
3325570,Kaodi,2025-06-03,2025-06,steam_store_search,False,True,STEAM_ONLY,True,,,,,,,Kaodi,$4.99,False,https://store.steampowered.com/app/3325570/,
3206770,Questboard,2025-06-03,2025-06,steam_store_search,False,True,STEAM_ONLY,True,,,,,,,Questboard,$5.99,False,https://store.steampowered.com/app/3206770/,
3218580,Cellveillance,2025-06-04,2025-06,steam_store_search,False,True,STEAM_ONLY,True,,,,,,,Cellveillance,-35%,False,https://store.steampowered.com/app/3218580/,
3653820,The Tavern In the Woods,2025-06-04,2025-06,steam_store_search,False,True,STEAM_ONLY,True,,,,,,,The Tavern In the Woods,Free,True,https://store.steampowered.com/app/3653820/,
3478020,Living with my Little Sister,2025-06-06,2025-06,steam_store_search,False,True,STEAM_ONLY,True,,,,,,,Living with my Little Sister,$5.99,False,https://store.steampowered.com/app/3478020/,
2803190,The Night Jackals Vol. 1,2025-06-06,2025-06,steam_store_search,False,True,STEAM_ONLY,True,,,,,,,The Night Jackals Vol. 1,$0.99,False,https://store.steampowered.com/app/2803190/,
2591360,Witch & Bun Cats,2025-06-06,2025-06,steam_store_search,False,True,STEAM_ONLY,True,,,,,,,Witch & Bun Cats,$7.99,False,https://store.steampowered.com/app/2591360/,
3399440,Future Cowboy,2025-06-07,2025-06,steam_store_search,False,True,STEAM_ONLY,True,,,,,,,Future Cowboy,Free,True,https://store.steampowered.com/app/3399440/,
3715820,Rise of the Successor,2025-06-08,2025-06,steam_store_search,False,True,STEAM_ONLY,True,,,,,,,Rise of the Successor,$0.99,False,https://store.steampowered.com/app/3715820/,
3624570,Mortal Advocate,2025-06-09,2025-06,steam_store_search,False,True,STEAM_ONLY,True,,,,,,,Mortal Advocate,$9.99,False,https://store.steampowered.com/app/3624570/,
3745270,The Alchemist's Cards,2025-06-09,2025-06,steam_store_search,False,True,STEAM_ONLY,True,,,,,,,The Alchemist's Cards,$5.99,False,https://store.steampowered.com/app/3745270/,
3747970,The River,2025-06-09,2025-06,steam_store_search,False,True,STEAM_ONLY,True,,,,,,,The River,Free,True,https://store.steampowered.com/app/3747970/,
3748110,초동수사 - 증언/증거 추리게임,2025-06-09,2025-06,steam_store_search,False,True,STEAM_ONLY,True,,,,,,,초동수사 - 증언/증거 추리게임,$4.99,False,https://store.steampowered.com/app/3748110/,
3511960,"17 ways to not die (or not, IDK) - Interactive Movie",2025-06-10,2025-06,steam_store_search,False,True,STEAM_ONLY,True,,,,,,,"17 ways to not die (or not, IDK) - Interactive Movie",Free,True,https://store.steampowered.com/app/3511960/,
3685020,Estrella Quest,2025-06-10,2025-06,steam_store_search,False,True,STEAM_ONLY,True,,,,,,,Estrella Quest,$12.99,False,https://store.steampowered.com/app/3685020/,
3766130,Mirror Atelier,2025-06-11,2025-06,steam_store_search,False,True,STEAM_ONLY,True,,,,,,,Mirror Atelier,$4.99,False,https://store.steampowered.com/app/3766130/,
3741910,Narb Fortunii,2025-06-12,2025-06,steam_store_search,False,True,STEAM_ONLY,True,,,,,,,Narb Fortunii,Free,True,https://store.steampowered.com/app/3741910/,
2430470,Vilde,2025-06-12,2025-06,steam_store_search,False,True,STEAM_ONLY,True,,,,,,,Vilde,$15.99,False,https://store.steampowered.com/app/2430470/,
3383120,呪いの穢れ唄 鳴海龍也の回奇録,2025-06-12,2025-06,steam_store_search,False,True,STEAM_ONLY,True,,,,,,,呪いの穢れ唄 鳴海龍也の回奇録,$6.99,False,https://store.steampowered.com/app/3383120/,
3440710,Dreamtopia,2025-06-13,2025-06,steam_store_search,False,True,STEAM_ONLY,True,,,,,,,Dreamtopia,Free,True,https://store.steampowered.com/app/3440710/,
3723410,Grim Diary,2025-06-13,2025-06,steam_store_search,False,True,STEAM_ONLY,True,,,,,,,Grim Diary,$7.99,False,https://store.steampowered.com/app/3723410/,
3767120,Last Summer at Camp Apocalypse Blood: 101 Ways to Not Capture Bigfoot,2025-06-13,2025-06,steam_store_search,False,True,STEAM_ONLY,True,,,,,,,Last Summer at Camp Apocalypse Blood: 101 Ways to Not Capture Bigfoot,$4.99,False,https://store.steampowered.com/app/3767120/,
3658060,Rest Point,2025-06-13,2025-06,steam_store_search,False,True,STEAM_ONLY,True,,,,,,,Rest Point,$3.99,False,https://store.steampowered.com/app/3658060/,
3740390,the Devil rais'd the storm,2025-06-13,2025-06,steam_store_search,False,True,STEAM_ONLY,True,,,,,,,the Devil rais'd the storm,$1.99,False,https://store.steampowered.com/app/3740390/,
3491700,The Music at the end of the World,2025-06-15,2025-06,steam_store_search,False,True,STEAM_ONLY,True,,,,,,,The Music at the end of the World,$2.99,False,https://store.steampowered.com/app/3491700/,
3691100,is THIS a game?,2025-06-15,2025-06,steam_store_search,False,True,STEAM_ONLY,True,,,,,,,is THIS a game?,$3.99,False,https://store.steampowered.com/app/3691100/,
3216170,Succubers! Dark Covenant,2025-06-16,2025-06,steam_store_search,False,True,STEAM_ONLY,True,,,,,,,Succubers! Dark Covenant,$14.99,False,https://store.steampowered.com/app/3216170/,
3734520,The Dark Quarter,2025-06-16,2025-06,steam_store_search,False,True,STEAM_ONLY,True,,,,,,,The Dark Quarter,Free,True,https://store.steampowered.com/app/3734520/,
3739370,They Came for More Pasta,2025-06-16,2025-06,steam_store_search,False,True,STEAM_ONLY,True,,,,,,,They Came for More Pasta,Free,True,https://store.steampowered.com/app/3739370/,
3672420,OneOne,2025-06-17,2025-06,steam_store_search,False,True,STEAM_ONLY,True,,,,,,,OneOne,$9.99,False,https://store.steampowered.com/app/3672420/,
1938770,Whispers of the village,2025-06-17,2025-06,steam_store_search,False,True,STEAM_ONLY,True,,,,,,,Whispers of the village,Free,True,https://store.steampowered.com/app/1938770/,
2447980,Crown Gambit,2025-06-18,2025-06,steam_store_search,False,True,STEAM_ONLY,True,,,,,,,Crown Gambit,-40%,False,https://store.steampowered.com/app/2447980/,
3351660,GiLGuL,2025-06-18,2025-06,steam_store_search,False,True,STEAM_ONLY,True,,,,,,,GiLGuL,$19.99,False,https://store.steampowered.com/app/3351660/,
3446960,Demonfo,2025-06-19,2025-06,steam_store_search,False,True,STEAM_ONLY,True,,,,,,,Demonfo,$3.99,False,https://store.steampowered.com/app/3446960/,
3774510,Mortgage Me Daddy,2025-06-19,2025-06,steam_store_search,False,True,STEAM_ONLY,True,,,,,,,Mortgage Me Daddy,$0.99,False,https://store.steampowered.com/app/3774510/,
2506290,Nova Hearts,2025-06-19,2025-06,steam_store_search,False,True,STEAM_ONLY,True,,,,,,,Nova Hearts,-60%,False,https://store.steampowered.com/app/2506290/,
3667510,Rebirth: I Became the Emperor of America by Creating TokTik,2025-06-19,2025-06,steam_store_search,False,True,STEAM_ONLY,True,,,,,,,Rebirth: I Became the Emperor of America by Creating TokTik,$1.99,False,https://store.steampowered.com/app/3667510/,
3350200,Revenge on gold diggers,2025-06-19,2025-06,steam_store_search,False,True,STEAM_ONLY,True,,,,,,,Revenge on gold diggers,$6.99,False,https://store.steampowered.com/app/3350200/,
3584120,Truck Town: Kids and Toddlers Driving Game,2025-06-19,2025-06,steam_store_search,False,True,STEAM_ONLY,True,,,,,,,Truck Town: Kids and Toddlers Driving Game,$14.99,False,https://store.steampowered.com/app/3584120/,
3545990,美女，请别影响我成仙,2025-06-19,2025-06,steam_store_search,False,True,STEAM_ONLY,True,,,,,,,美女，请别影响我成仙,$10.99,False,https://store.steampowered.com/app/3545990/,
3250010,Cold Bed on Route,2025-06-20,2025-06,steam_store_search,False,True,STEAM_ONLY,True,,,,,,,Cold Bed on Route,$2.99,False,https://store.steampowered.com/app/3250010/,
3438430,Quodan: Treachery on the Arheid,2025-06-20,2025-06,steam_store_search,False,True,STEAM_ONLY,True,,,,,,,Quodan: Treachery on the Arheid,$2.99,False,https://store.steampowered.com/app/3438430/,
2343880,The Diary,2025-06-20,2025-06,steam_store_search,False,True,STEAM_ONLY,True,,,,,,,The Diary,-30%,False,https://store.steampowered.com/app/2343880/,
1099900,Whispers From The Rift,2025-06-21,2025-06,steam_store_search,False,True,STEAM_ONLY,True,,,,,,,Whispers From The Rift,$8.99,False,https://store.steampowered.com/app/1099900/,
3506330,The Judge,2025-06-22,2025-06,steam_store_search,False,True,STEAM_ONLY,True,,,,,,,The Judge,$9.99,False,https://store.steampowered.com/app/3506330/,
2996660,Throne of Monsters 怪物的王座,2025-06-22,2025-06,steam_store_search,False,True,STEAM_ONLY,True,,,,,,,Throne of Monsters 怪物的王座,-20%,False,https://store.steampowered.com/app/2996660/,
2741780,Gas Station Story,2025-06-23,2025-06,steam_store_search,False,True,STEAM_ONLY,True,,,,,,,Gas Station Story,-50%,False,https://store.steampowered.com/app/2741780/,
3761100,Lingering Shadows,2025-06-23,2025-06,steam_store_search,False,True,STEAM_ONLY,True,,,,,,,Lingering Shadows,$2.99,False,https://store.steampowered.com/app/3761100/,
3224770,Umamusume: Pretty Derby,2025-06-24,2025-06,steam_store_search,False,True,STEAM_ONLY,True,,,,,,,Umamusume: Pretty Derby,Free,True,https://store.steampowered.com/app/3224770/,
3061570,Persona5: The Phantom X,2025-06-25,2025-06,steam_store_search,False,True,STEAM_ONLY,True,,,,,,,Persona5: The Phantom X,Free,True,https://store.steampowered.com/app/3061570/,
3345290,About an Elf,2025-06-26,2025-06,steam_store_search,False,True,STEAM_ONLY,True,,,,,,,About an Elf,$7.99,False,https://store.steampowered.com/app/3345290/,
2289630,Shambles: Sons of Apocalypse,2025-06-26,2025-06,steam_store_search,False,True,STEAM_ONLY,True,,,,,,,Shambles: Sons of Apocalypse,-10%,False,https://store.steampowered.com/app/2289630/,
3375950,巅峰之路,2025-06-26,2025-06,steam_store_search,False,True,STEAM_ONLY,True,,,,,,,巅峰之路,$6.99,False,https://store.steampowered.com/app/3375950/,
1263210,Deathpuddle: Choose Violence?,2025-06-27,2025-06,steam_store_search,False,True,STEAM_ONLY,True,,,,,,,Deathpuddle: Choose Violence?,$2.99,False,https://store.steampowered.com/app/1263210/,
3656260,Nora & Magic that does not turn back time,2025-06-27,2025-06,steam_store_search,False,True,STEAM_ONLY,True,,,,,,,Nora & Magic that does not turn back time,$1.00,False,https://store.steampowered.com/app/3656260/,
3768660,About a Boy,2025-06-29,2025-06,steam_store_search,False,True,STEAM_ONLY,True,,,,,,,About a Boy,$9.99,False,https://store.steampowered.com/app/3768660/,
3761510,Another Blue,2025-06-29,2025-06,steam_store_search,False,True,STEAM_ONLY,True,,,,,,,Another Blue,Free,True,https://store.steampowered.com/app/3761510/,
3103780,DRAPLINE,2025-06-29,2025-06,steam_store_search,False,True,STEAM_ONLY,True,,,,,,,DRAPLINE,$9.99,False,https://store.steampowered.com/app/3103780/,
3360110,Dice Eater: A Supernatural Mystery Card Game,2025-06-30,2025-06,steam_store_search,False,True,STEAM_ONLY,True,,,,,,,Dice Eater: A Supernatural Mystery Card Game,Free,True,https://store.steampowered.com/app/3360110/,
3727230,Love Sphere,2025-06-30,2025-06,steam_store_search,False,True,STEAM_ONLY,True,,,,,,,Love Sphere,$1.99,False,https://store.steampowered.com/app/3727230/,
3736130,Nippon Dojo,2025-06-30,2025-06,steam_store_search,False,True,STEAM_ONLY,True,,,,,,,Nippon Dojo,$1.99,False,https://store.steampowered.com/app/3736130/,
3758800,Return to ...,2025-06-30,2025-06,steam_store_search,False,True,STEAM_ONLY,True,,,,,,,Return to ...,$9.99,False,https://store.steampowered.com/app/3758800/,
3660320,SkullX: Aibohphobia,2025-06-30,2025-06,steam_store_search,False,True,STEAM_ONLY,True,,,,,,,SkullX: Aibohphobia,$9.99,False,https://store.steampowered.com/app/3660320/,
3580760,Concrete Spaces,2025-07-01,2025-07,steam_store_search,False,True,STEAM_ONLY,True,,,,,,,Concrete Spaces,$4.99,False,https://store.steampowered.com/app/3580760/,
3766870,USAID Approvals Department,2025-07-01,2025-07,steam_store_search,False,True,STEAM_ONLY,True,,,,,,,USAID Approvals Department,$0.99,False,https://store.steampowered.com/app/3766870/,
3766170,100 Cats Lost In Japan Find & Color,2025-07-03,2025-07,steam_store_search,False,True,STEAM_ONLY,True,,,,,,,100 Cats Lost In Japan Find & Color,Free,True,https://store.steampowered.com/app/3766170/,
3756620,serial experiments l-If-e,2025-07-04,2025-07,steam_store_search,False,True,STEAM_ONLY,True,,,,,,,serial experiments l-If-e,Free,True,https://store.steampowered.com/app/3756620/,
3516180,"Don't FOOL ME, Beauties!",2025-07-07,2025-07,steam_store_search,False,True,STEAM_ONLY,True,,,,,,,"Don't FOOL ME, Beauties!",-65%,False,https://store.steampowered.com/app/3516180/,
3814610,FastFly,2025-07-07,2025-07,steam_store_search,False,True,STEAM_ONLY,True,,,,,,,FastFly,$2.99,False,https://store.steampowered.com/app/3814610/,
3282050,There's Always a Madman: Bring the Thunder,2025-07-07,2025-07,steam_store_search,False,True,STEAM_ONLY,True,,,,,,,There's Always a Madman: Bring the Thunder,$9.99,False,https://store.steampowered.com/app/3282050/,
2790160,Missile Command Delta,2025-07-08,2025-07,steam_store_search,False,True,STEAM_ONLY,True,,,,,,,Missile Command Delta,$19.99,False,https://store.steampowered.com/app/2790160/,
3741120,帝王拆迁办,2025-07-08,2025-07,steam_store_search,False,True,STEAM_ONLY,True,,,,,,,帝王拆迁办,Free,True,https://store.steampowered.com/app/3741120/,
3828370,Lake of Darkness,2025-07-09,2025-07,steam_store_search,False,True,STEAM_ONLY,True,,,,,,,Lake of Darkness,Free,True,https://store.steampowered.com/app/3828370/,
3823080,Cute Warrior Girl (큐트 여전사),2025-07-11,2025-07,steam_store_search,False,True,STEAM_ONLY,True,,,,,,,Cute Warrior Girl (큐트 여전사),Free,True,https://store.steampowered.com/app/3823080/,
3746140,Flower of Anarchy,2025-07-11,2025-07,steam_store_search,False,True,STEAM_ONLY,True,,,,,,,Flower of Anarchy,Free,True,https://store.steampowered.com/app/3746140/,
3259700,Tommy's Journal,2025-07-11,2025-07,steam_store_search,False,True,STEAM_ONLY,True,,,,,,,Tommy's Journal,$7.99,False,https://store.steampowered.com/app/3259700/,
3460110,Breaker of fatalism,2025-07-12,2025-07,steam_store_search,False,True,STEAM_ONLY,True,,,,,,,Breaker of fatalism,$10.99,False,https://store.steampowered.com/app/3460110/,
3769710,The Masquerade,2025-07-13,2025-07,steam_store_search,False,True,STEAM_ONLY,True,,,,,,,The Masquerade,$0.99,False,https://store.steampowered.com/app/3769710/,
3837970,Don't Let Me Fade,2025-07-15,2025-07,steam_store_search,False,True,STEAM_ONLY,True,,,,,,,Don't Let Me Fade,Free,True,https://store.steampowered.com/app/3837970/,
3543040,Conquer the world,2025-07-16,2025-07,steam_store_search,False,True,STEAM_ONLY,True,,,,,,,Conquer the world,$12.99,False,https://store.steampowered.com/app/3543040/,
3282390,Love is All Around 2,2025-07-16,2025-07,steam_store_search,False,True,STEAM_ONLY,True,,,,,,,Love is All Around 2,$9.99,False,https://store.steampowered.com/app/3282390/,
3829070,Playing With The Big Boys,2025-07-16,2025-07,steam_store_search,False,True,STEAM_ONLY,True,,,,,,,Playing With The Big Boys,Free,True,https://store.steampowered.com/app/3829070/,
3743830,100 Cats Lost In World Find & Color,2025-07-17,2025-07,steam_store_search,False,True,STEAM_ONLY,True,,,,,,,100 Cats Lost In World Find & Color,$4.99,False,https://store.steampowered.com/app/3743830/,
3589780,Sound of Summer Thunder: Day 1,2025-07-17,2025-07,steam_store_search,False,True,STEAM_ONLY,True,,,,,,,Sound of Summer Thunder: Day 1,$14.99,False,https://store.steampowered.com/app/3589780/,
1315320,The Necromancer's Tale,2025-07-17,2025-07,steam_store_search,False,True,STEAM_ONLY,True,,,,,,,The Necromancer's Tale,$24.99,False,https://store.steampowered.com/app/1315320/,
2815080,Forgotten 23,2025-07-18,2025-07,steam_store_search,False,True,STEAM_ONLY,True,,,,,,,Forgotten 23,$12.99,False,https://store.steampowered.com/app/2815080/,
3149980,Love n Life: Happy Student,2025-07-18,2025-07,steam_store_search,False,True,STEAM_ONLY,True,,,,,,,Love n Life: Happy Student,-30%,False,https://store.steampowered.com/app/3149980/,
3567040,Lovely Lady RPG,2025-07-18,2025-07,steam_store_search,False,True,STEAM_ONLY,True,,,,,,,Lovely Lady RPG,$15.99,False,https://store.steampowered.com/app/3567040/,
3466690,Mikoto and the Succubus Island,2025-07-18,2025-07,steam_store_search,False,True,STEAM_ONLY,True,,,,,,,Mikoto and the Succubus Island,$9.99,False,https://store.steampowered.com/app/3466690/,
3749880,NeverHome Ch.2 - Tower of Vanity,2025-07-18,2025-07,steam_store_search,False,True,STEAM_ONLY,True,,,,,,,NeverHome Ch.2 - Tower of Vanity,-30%,False,https://store.steampowered.com/app/3749880/,
3683930,あれぐろもるとをきくゲーム,2025-07-18,2025-07,steam_store_search,False,True,STEAM_ONLY,True,,,,,,,あれぐろもるとをきくゲーム,Free,True,https://store.steampowered.com/app/3683930/,
3709650,The Love's Ordeal,2025-07-19,2025-07,steam_store_search,False,True,STEAM_ONLY,True,,,,,,,The Love's Ordeal,$12.99,False,https://store.steampowered.com/app/3709650/,
3214400,Rainbow Cloud: A GAY RPG,2025-07-21,2025-07,steam_store_search,False,True,STEAM_ONLY,True,,,,,,,Rainbow Cloud: A GAY RPG,$8.99,False,https://store.steampowered.com/app/3214400/,
3636390,AQK,2025-07-23,2025-07,steam_store_search,False,True,STEAM_ONLY,True,,,,,,,AQK,$4.99,False,https://store.steampowered.com/app/3636390/,
3689830,Fiendish Quest,2025-07-23,2025-07,steam_store_search,False,True,STEAM_ONLY,True,,,,,,,Fiendish Quest,$9.99,False,https://store.steampowered.com/app/3689830/,
2997880,Sunset High,2025-07-23,2025-07,steam_store_search,False,True,STEAM_ONLY,True,,,,,,,Sunset High,-50%,False,https://store.steampowered.com/app/2997880/,
3308870,and Roger,2025-07-23,2025-07,steam_store_search,False,True,STEAM_ONLY,True,,,,,,,and Roger,$4.99,False,https://store.steampowered.com/app/3308870/,
3447090,Digitalink,2025-07-24,2025-07,steam_store_search,False,True,STEAM_ONLY,True,,,,,,,Digitalink,$11.99,False,https://store.steampowered.com/app/3447090/,
3661790,Island Off Outer Darkness,2025-07-24,2025-07,steam_store_search,False,True,STEAM_ONLY,True,,,,,,,Island Off Outer Darkness,$13.99,False,https://store.steampowered.com/app/3661790/,
3744880,Yuri Blossom!,2025-07-24,2025-07,steam_store_search,False,True,STEAM_ONLY,True,,,,,,,Yuri Blossom!,$10.99,False,https://store.steampowered.com/app/3744880/,
3841560,Confidentiality Agreement,2025-07-25,2025-07,steam_store_search,False,True,STEAM_ONLY,True,,,,,,,Confidentiality Agreement,$0.99,False,https://store.steampowered.com/app/3841560/,
2482920,Flower in Us,2025-07-25,2025-07,steam_store_search,False,True,STEAM_ONLY,True,,,,,,,Flower in Us,$7.99,False,https://store.steampowered.com/app/2482920/,
3010980,GODPROOF,2025-07-25,2025-07,steam_store_search,False,True,STEAM_ONLY,True,,,,,,,GODPROOF,$7.99,False,https://store.steampowered.com/app/3010980/,
3564650,Hidden Heir,2025-07-25,2025-07,steam_store_search,False,True,STEAM_ONLY,True,,,,,,,Hidden Heir,$4.99,False,https://store.steampowered.com/app/3564650/,
3785720,Pact Between Us,2025-07-25,2025-07,steam_store_search,False,True,STEAM_ONLY,True,,,,,,,Pact Between Us,$6.99,False,https://store.steampowered.com/app/3785720/,
3790760,SCP: Yet Another Day,2025-07-25,2025-07,steam_store_search,False,True,STEAM_ONLY,True,,,,,,,SCP: Yet Another Day,Free,True,https://store.steampowered.com/app/3790760/,
3847210,TANK 2025,2025-07-25,2025-07,steam_store_search,False,True,STEAM_ONLY,True,,,,,,,TANK 2025,$1.99,False,https://store.steampowered.com/app/3847210/,
3805690,The Last Chance,2025-07-25,2025-07,steam_store_search,False,True,STEAM_ONLY,True,,,,,,,The Last Chance,$1.99,False,https://store.steampowered.com/app/3805690/,
2795660,Yume Kakigori,2025-07-25,2025-07,steam_store_search,False,True,STEAM_ONLY,True,,,,,,,Yume Kakigori,$10.00,False,https://store.steampowered.com/app/2795660/,
2840590,no signal,2025-07-25,2025-07,steam_store_search,False,True,STEAM_ONLY,True,,,,,,,no signal,$15.00,False,https://store.steampowered.com/app/2840590/,
3837390,Pikabuu: STOP!,2025-07-26,2025-07,steam_store_search,False,True,STEAM_ONLY,True,,,,,,,Pikabuu: STOP!,$0.99,False,https://store.steampowered.com/app/3837390/,
3851020,Where Is My Pocket?,2025-07-27,2025-07,steam_store_search,False,True,STEAM_ONLY,True,,,,,,,Where Is My Pocket?,$3.99,False,https://store.steampowered.com/app/3851020/,
3753770,Irbet Tong,2025-07-28,2025-07,steam_store_search,False,True,STEAM_ONLY,True,,,,,,,Irbet Tong,$6.99,False,https://store.steampowered.com/app/3753770/,
3856010,Space Travel:Chronicles,2025-07-28,2025-07,steam_store_search,False,True,STEAM_ONLY,True,,,,,,,Space Travel:Chronicles,$6.99,False,https://store.steampowered.com/app/3856010/,
3851650,The Darkest Dusk,2025-07-29,2025-07,steam_store_search,False,True,STEAM_ONLY,True,,,,,,,The Darkest Dusk,Free,True,https://store.steampowered.com/app/3851650/,
3743910,电子厂之城,2025-07-29,2025-07,steam_store_search,False,True,STEAM_ONLY,True,,,,,,,电子厂之城,Free,True,https://store.steampowered.com/app/3743910/,
3733650,Horror Night with Tung Tung Tung Sahur,2025-07-30,2025-07,steam_store_search,False,True,STEAM_ONLY,True,,,,,,,Horror Night with Tung Tung Tung Sahur,$7.99,False,https://store.steampowered.com/app/3733650/,
3302660,Past Mistakes - Act I,2025-07-30,2025-07,steam_store_search,False,True,STEAM_ONLY,True,,,,,,,Past Mistakes - Act I,$8.99,False,https://store.steampowered.com/app/3302660/,
3329260,Chemical Plant Worker Simulator,2025-07-31,2025-07,steam_store_search,False,True,STEAM_ONLY,True,,,,,,,Chemical Plant Worker Simulator,$5.99,False,https://store.steampowered.com/app/3329260/,
2968970,Escape Everlit,2025-07-31,2025-07,steam_store_search,False,True,STEAM_ONLY,True,,,,,,,Escape Everlit,$10.99,False,https://store.steampowered.com/app/2968970/,
3716890,MALYSA,2025-07-31,2025-07,steam_store_search,False,True,STEAM_ONLY,True,,,,,,,MALYSA,$4.99,False,https://store.steampowered.com/app/3716890/,
3648660,Novaxandria Volume 01,2025-07-31,2025-07,steam_store_search,False,True,STEAM_ONLY,True,,,,,,,Novaxandria Volume 01,Free,True,https://store.steampowered.com/app/3648660/,
2780990,Paradigm Island,2025-07-31,2025-07,steam_store_search,False,True,STEAM_ONLY,True,,,,,,,Paradigm Island,$14.99,False,https://store.steampowered.com/app/2780990/,
3568470,The Trials - Chapter One,2025-07-31,2025-07,steam_store_search,False,True,STEAM_ONLY,True,,,,,,,The Trials - Chapter One,$4.99,False,https://store.steampowered.com/app/3568470/,
3766160,100 Cats Lost In Poland Find & Color,2025-08-01,2025-08,steam_store_search,False,True,STEAM_ONLY,True,,,,,,,100 Cats Lost In Poland Find & Color,Free,True,https://store.steampowered.com/app/3766160/,
2906620,Lotus: Lost Memories,2025-08-01,2025-08,steam_store_search,False,True,STEAM_ONLY,True,,,,,,,Lotus: Lost Memories,$4.99,False,https://store.steampowered.com/app/2906620/,
3370100,我的同事不对劲,2025-08-01,2025-08,steam_store_search,False,True,STEAM_ONLY,True,,,,,,,我的同事不对劲,$8.99,False,https://store.steampowered.com/app/3370100/,
3922760,Claws of the Forest,2025-08-04,2025-08,steam_store_search,False,True,STEAM_ONLY,True,,,,,,,Claws of the Forest,$1.99,False,https://store.steampowered.com/app/3922760/,
3877280,Moxie,2025-08-04,2025-08,steam_store_search,False,True,STEAM_ONLY,True,,,,,,,Moxie,-51%,False,https://store.steampowered.com/app/3877280/,
3216190,Yokai Busters,2025-08-04,2025-08,steam_store_search,False,True,STEAM_ONLY,True,,,,,,,Yokai Busters,$14.99,False,https://store.steampowered.com/app/3216190/,
2448910,Pixel P.I.,2025-08-05,2025-08,steam_store_search,False,True,STEAM_ONLY,True,,,,,,,Pixel P.I.,$5.99,False,https://store.steampowered.com/app/2448910/,
3890660,Rachel's Journal,2025-08-05,2025-08,steam_store_search,False,True,STEAM_ONLY,True,,,,,,,Rachel's Journal,$1.99,False,https://store.steampowered.com/app/3890660/,
2957700,Sensei! I Like You So Much!,2025-08-05,2025-08,steam_store_search,False,True,STEAM_ONLY,True,,,,,,,Sensei! I Like You So Much!,$16.99,False,https://store.steampowered.com/app/2957700/,
3894390,boyfriend or cake??,2025-08-05,2025-08,steam_store_search,False,True,STEAM_ONLY,True,,,,,,,boyfriend or cake??,Free,True,https://store.steampowered.com/app/3894390/,
3298940,Static Dread: The Lighthouse,2025-08-06,2025-08,steam_store_search,False,True,STEAM_ONLY,True,,,,,,,Static Dread: The Lighthouse,-50%,False,https://store.steampowered.com/app/3298940/,
3517100,Ko ima ni ari,2025-08-07,2025-08,steam_store_search,False,True,STEAM_ONLY,True,,,,,,,Ko ima ni ari,Free,True,https://store.steampowered.com/app/3517100/,
3785560,The Narcotic Operation,2025-08-07,2025-08,steam_store_search,False,True,STEAM_ONLY,True,,,,,,,The Narcotic Operation,-15%,False,https://store.steampowered.com/app/3785560/,
3893690,The Roadside MOTEL,2025-08-07,2025-08,steam_store_search,False,True,STEAM_ONLY,True,,,,,,,The Roadside MOTEL,$6.99,False,https://store.steampowered.com/app/3893690/,
3304760,Ethereal Sunder,2025-08-08,2025-08,steam_store_search,False,True,STEAM_ONLY,True,,,,,,,Ethereal Sunder,$9.99,False,https://store.steampowered.com/app/3304760/,
3848150,Habanero,2025-08-08,2025-08,steam_store_search,False,True,STEAM_ONLY,True,,,,,,,Habanero,$0.99,False,https://store.steampowered.com/app/3848150/,
3855000,Re:Call,2025-08-08,2025-08,steam_store_search,False,True,STEAM_ONLY,True,,,,,,,Re:Call,$18.99,False,https://store.steampowered.com/app/3855000/,
3761830,The 1500 Year Old Forest Elf and My Anti-Materiel Sniper Rifle,2025-08-08,2025-08,steam_store_search,False,True,STEAM_ONLY,True,,,,,,,The 1500 Year Old Forest Elf and My Anti-Materiel Sniper Rifle,$4.99,False,https://store.steampowered.com/app/3761830/,
3809630,Detecti Meow,2025-08-13,2025-08,steam_store_search,False,True,STEAM_ONLY,True,,,,,,,Detecti Meow,$1.30,False,https://store.steampowered.com/app/3809630/,
3488970,极速营救,2025-08-13,2025-08,steam_store_search,False,True,STEAM_ONLY,True,,,,,,,极速营救,$9.99,False,https://store.steampowered.com/app/3488970/,
3617020,神的名字,2025-08-13,2025-08,steam_store_search,False,True,STEAM_ONLY,True,,,,,,,神的名字,$8.99,False,https://store.steampowered.com/app/3617020/,
3294020,Contra Spem Spero,2025-08-14,2025-08,steam_store_search,False,True,STEAM_ONLY,True,,,,,,,Contra Spem Spero,$9.99,False,https://store.steampowered.com/app/3294020/,
3587610,The Dark Queen of Mortholme,2025-08-15,2025-08,steam_store_search,False,True,STEAM_ONLY,True,,,,,,,The Dark Queen of Mortholme,$4.99,False,https://store.steampowered.com/app/3587610/,
3255870,Whisper of Y'Ryando,2025-08-15,2025-08,steam_store_search,False,True,STEAM_ONLY,True,,,,,,,Whisper of Y'Ryando,-85%,False,https://store.steampowered.com/app/3255870/,
2614280,Fallen Down,2025-08-17,2025-08,steam_store_search,False,True,STEAM_ONLY,True,,,,,,,Fallen Down,$17.99,False,https://store.steampowered.com/app/2614280/,
3916230,I Wanna Play That Picture Puzzle with Numbers All Day!,2025-08-17,2025-08,steam_store_search,False,True,STEAM_ONLY,True,,,,,,,I Wanna Play That Picture Puzzle with Numbers All Day!,Free,True,https://store.steampowered.com/app/3916230/,
3919820,Time travel light novels are full of beautiful girls,2025-08-19,2025-08,steam_store_search,False,True,STEAM_ONLY,True,,,,,,,Time travel light novels are full of beautiful girls,$0.99,False,https://store.steampowered.com/app/3919820/,
3822580,Heart of Ice by Dave Morris,2025-08-20,2025-08,steam_store_search,False,True,STEAM_ONLY,True,,,,,,,Heart of Ice by Dave Morris,$4.99,False,https://store.steampowered.com/app/3822580/,
3766210,100 Cats Lost In Canada Find & Color,2025-08-21,2025-08,steam_store_search,False,True,STEAM_ONLY,True,,,,,,,100 Cats Lost In Canada Find & Color,Free,True,https://store.steampowered.com/app/3766210/,
3685170,Earth Ten Days : 981Hz,2025-08-21,2025-08,steam_store_search,False,True,STEAM_ONLY,True,,,,,,,Earth Ten Days : 981Hz,$6.99,False,https://store.steampowered.com/app/3685170/,
3165210,Hate-Spam the VTuber: Keyboard Warrior Simulator!,2025-08-21,2025-08,steam_store_search,False,True,STEAM_ONLY,True,,,,,,,Hate-Spam the VTuber: Keyboard Warrior Simulator!,$3.99,False,https://store.steampowered.com/app/3165210/,
3463910,Snow • Fall,2025-08-21,2025-08,steam_store_search,False,True,STEAM_ONLY,True,,,,,,,Snow • Fall,$4.99,False,https://store.steampowered.com/app/3463910/,
3912580,NECRONOMICAT,2025-08-22,2025-08,steam_store_search,False,True,STEAM_ONLY,True,,,,,,,NECRONOMICAT,$4.99,False,https://store.steampowered.com/app/3912580/,
3790080,Epimythos: The Forgotten Legends,2025-08-24,2025-08,steam_store_search,False,True,STEAM_ONLY,True,,,,,,,Epimythos: The Forgotten Legends,$0.99,False,https://store.steampowered.com/app/3790080/,
3853640,Berserker Girl,2025-08-25,2025-08,steam_store_search,False,True,STEAM_ONLY,True,,,,,,,Berserker Girl,$2.99,False,https://store.steampowered.com/app/3853640/,
3930300,"Come out, cat",2025-08-25,2025-08,steam_store_search,False,True,STEAM_ONLY,True,,,,,,,"Come out, cat",Free,True,https://store.steampowered.com/app/3930300/,
3165530,good,2025-08-25,2025-08,steam_store_search,False,True,STEAM_ONLY,True,,,,,,,good,$7.99,False,https://store.steampowered.com/app/3165530/,
3652650,Love Begins With Goodbye,2025-08-26,2025-08,steam_store_search,False,True,STEAM_ONLY,True,,,,,,,Love Begins With Goodbye,$15.99,False,https://store.steampowered.com/app/3652650/,
3341510,Neptunia Game Maker R:Evolution,2025-08-26,2025-08,steam_store_search,False,True,STEAM_ONLY,True,,,,,,,Neptunia Game Maker R:Evolution,-50%,False,https://store.steampowered.com/app/3341510/,
2685840,Pastel☆Parade,2025-08-26,2025-08,steam_store_search,False,True,STEAM_ONLY,True,,,,,,,Pastel☆Parade,$15.99,False,https://store.steampowered.com/app/2685840/,
3887720,刻痕之屿：暖洋上的遗孤,2025-08-26,2025-08,steam_store_search,False,True,STEAM_ONLY,True,,,,,,,刻痕之屿：暖洋上的遗孤,$3.99,False,https://store.steampowered.com/app/3887720/,
3939000,Free Fall,2025-08-27,2025-08,steam_store_search,False,True,STEAM_ONLY,True,,,,,,,Free Fall,$0.99,False,https://store.steampowered.com/app/3939000/,
1909950,SUPER ROBOT WARS Y,2025-08-27,2025-08,steam_store_search,False,True,STEAM_ONLY,True,,,,,,,SUPER ROBOT WARS Y,$59.99,False,https://store.steampowered.com/app/1909950/,
3201010,Starlight Revolver,2025-08-27,2025-08,steam_store_search,False,True,STEAM_ONLY,True,,,,,,,Starlight Revolver,$12.99,False,https://store.steampowered.com/app/3201010/,
3909690,Taina's Cursed Legacy,2025-08-27,2025-08,steam_store_search,False,True,STEAM_ONLY,True,,,,,,,Taina's Cursed Legacy,Free,True,https://store.steampowered.com/app/3909690/,
3877400,Contingence,2025-08-28,2025-08,steam_store_search,False,True,STEAM_ONLY,True,,,,,,,Contingence,$0.99,False,https://store.steampowered.com/app/3877400/,
3853780,Just Grandma and Me,2025-08-28,2025-08,steam_store_search,False,True,STEAM_ONLY,True,,,,,,,Just Grandma and Me,$9.99,False,https://store.steampowered.com/app/3853780/,
3640720,Liar Luna,2025-08-28,2025-08,steam_store_search,False,True,STEAM_ONLY,True,,,,,,,Liar Luna,$4.99,False,https://store.steampowered.com/app/3640720/,
3170730,Slay or Fall,2025-08-28,2025-08,steam_store_search,False,True,STEAM_ONLY,True,,,,,,,Slay or Fall,$6.99,False,https://store.steampowered.com/app/3170730/,
2206500,Star Crystal Warriors Go!,2025-08-28,2025-08,steam_store_search,False,True,STEAM_ONLY,True,,,,,,,Star Crystal Warriors Go!,$6.99,False,https://store.steampowered.com/app/2206500/,
3570340,这个CEO我当定了！,2025-08-28,2025-08,steam_store_search,False,True,STEAM_ONLY,True,,,,,,,这个CEO我当定了！,$7.99,False,https://store.steampowered.com/app/3570340/,
3830640,Flying Courier,2025-08-29,2025-08,steam_store_search,False,True,STEAM_ONLY,True,,,,,,,Flying Courier,Free,True,https://store.steampowered.com/app/3830640/,
3905890,The Callers,2025-08-29,2025-08,steam_store_search,False,True,STEAM_ONLY,True,,,,,,,The Callers,$5.99,False,https://store.steampowered.com/app/3905890/,
3863520,Bearly Baking,2025-08-30,2025-08,steam_store_search,False,True,STEAM_ONLY,True,,,,,,,Bearly Baking,$4.99,False,https://store.steampowered.com/app/3863520/,
3934520,The Quiet Hum of a Lonely Heart,2025-08-30,2025-08,steam_store_search,False,True,STEAM_ONLY,True,,,,,,,The Quiet Hum of a Lonely Heart,$0.99,False,https://store.steampowered.com/app/3934520/,
3863300,Deep Inside: Amore sola mi fa remirare,2025-08-31,2025-08,steam_store_search,False,True,STEAM_ONLY,True,,,,,,,Deep Inside: Amore sola mi fa remirare,Free,True,https://store.steampowered.com/app/3863300/,
3427550,Dating App Simulator,2025-09-01,2025-09,steam_store_search,False,True,STEAM_ONLY,True,,,,,,,Dating App Simulator,-30%,False,https://store.steampowered.com/app/3427550/,
3826860,There Exists,2025-09-01,2025-09,steam_store_search,False,True,STEAM_ONLY,True,,,,,,,There Exists,Free,True,https://store.steampowered.com/app/3826860/,
3950150,Samuel Prince Attorney at Law Chapter 1,2025-09-02,2025-09,steam_store_search,False,True,STEAM_ONLY,True,,,,,,,Samuel Prince Attorney at Law Chapter 1,Free,True,https://store.steampowered.com/app/3950150/,
3951880,Samuel Prince Attorney at Law Chapter 2,2025-09-02,2025-09,steam_store_search,False,True,STEAM_ONLY,True,,,,,,,Samuel Prince Attorney at Law Chapter 2,$4.99,False,https://store.steampowered.com/app/3951880/,
3738910,MODEL Debut3 #nicola,2025-09-03,2025-09,steam_store_search,False,True,STEAM_ONLY,True,,,,,,,MODEL Debut3 #nicola,-60%,False,https://store.steampowered.com/app/3738910/,
3898290,The Fame Game: Welcome to Hollywood,2025-09-04,2025-09,steam_store_search,False,True,STEAM_ONLY,True,,,,,,,The Fame Game: Welcome to Hollywood,$9.99,False,https://store.steampowered.com/app/3898290/,
2063090,Tokyo Underground Killer,2025-09-04,2025-09,steam_store_search,False,True,STEAM_ONLY,True,,,,,,,Tokyo Underground Killer,$9.99,False,https://store.steampowered.com/app/2063090/,
3111010,LakeLady,2025-09-05,2025-09,steam_store_search,False,True,STEAM_ONLY,True,,,,,,,LakeLady,$7.99,False,https://store.steampowered.com/app/3111010/,
2722680,The Winter Mind,2025-09-07,2025-09,steam_store_search,False,True,STEAM_ONLY,True,,,,,,,The Winter Mind,$0.99,False,https://store.steampowered.com/app/2722680/,
3582640,• Dread Chess ✣,2025-09-07,2025-09,steam_store_search,False,True,STEAM_ONLY,True,,,,,,,• Dread Chess ✣,Free,True,https://store.steampowered.com/app/3582640/,
3478050,Road to Empress I,2025-09-08,2025-09,steam_store_search,False,True,STEAM_ONLY,True,,,,,,,Road to Empress I,-25%,False,https://store.steampowered.com/app/3478050/,
3913090,Dawn After Dusk,2025-09-09,2025-09,steam_store_search,False,True,STEAM_ONLY,True,,,,,,,Dawn After Dusk,Free,True,https://store.steampowered.com/app/3913090/,
3270110,OneFlesh,2025-09-09,2025-09,steam_store_search,False,True,STEAM_ONLY,True,,,,,,,OneFlesh,$5.99,False,https://store.steampowered.com/app/3270110/,
3960530,Vixes,2025-09-09,2025-09,steam_store_search,False,True,STEAM_ONLY,True,,,,,,,Vixes,$0.99,False,https://store.steampowered.com/app/3960530/,
3239650,Garfield Kart 2 - All You Can Drift,2025-09-10,2025-09,steam_store_search,False,True,STEAM_ONLY,True,,,,,,,Garfield Kart 2 - All You Can Drift,$24.99,False,https://store.steampowered.com/app/3239650/,
3809620,100 Cats Lost in Thailand Find & Color,2025-09-11,2025-09,steam_store_search,False,True,STEAM_ONLY,True,,,,,,,100 Cats Lost in Thailand Find & Color,Free,True,https://store.steampowered.com/app/3809620/,
1346840,Dead Reset,2025-09-11,2025-09,steam_store_search,False,True,STEAM_ONLY,True,,,,,,,Dead Reset,$14.99,False,https://store.steampowered.com/app/1346840/,
3726080,逆袭人生 The Underdog Tycoon,2025-09-11,2025-09,steam_store_search,False,True,STEAM_ONLY,True,,,,,,,逆袭人生 The Underdog Tycoon,$18.99,False,https://store.steampowered.com/app/3726080/,
3364770,Misty Judgment,2025-09-12,2025-09,steam_store_search,False,True,STEAM_ONLY,True,,,,,,,Misty Judgment,-50%,False,https://store.steampowered.com/app/3364770/,
3946830,欢迎来到林葬屋,2025-09-12,2025-09,steam_store_search,False,True,STEAM_ONLY,True,,,,,,,欢迎来到林葬屋,$6.99,False,https://store.steampowered.com/app/3946830/,
3958020,Lily's Lil Video Shop!,2025-09-14,2025-09,steam_store_search,False,True,STEAM_ONLY,True,,,,,,,Lily's Lil Video Shop!,$3.99,False,https://store.steampowered.com/app/3958020/,
2966510,Outlying Islands,2025-09-14,2025-09,steam_store_search,False,True,STEAM_ONLY,True,,,,,,,Outlying Islands,$8.99,False,https://store.steampowered.com/app/2966510/,
3582340,Red Spider: Vengeance Remastered donation ver.,2025-09-14,2025-09,steam_store_search,False,True,STEAM_ONLY,True,,,,,,,Red Spider: Vengeance Remastered donation ver.,$4.99,False,https://store.steampowered.com/app/3582340/,
3940880,Cardamom : A Musical Visual Novel,2025-09-15,2025-09,steam_store_search,False,True,STEAM_ONLY,True,,,,,,,Cardamom : A Musical Visual Novel,$12.99,False,https://store.steampowered.com/app/3940880/,
3938610,Locally Sourced Anthology II: The Timeline,2025-09-16,2025-09,steam_store_search,False,True,STEAM_ONLY,True,,,,,,,Locally Sourced Anthology II: The Timeline,$7.99,False,https://store.steampowered.com/app/3938610/,
3395300,哎呦!这么多美女呀!,2025-09-16,2025-09,steam_store_search,False,True,STEAM_ONLY,True,,,,,,,哎呦!这么多美女呀!,-35%,False,https://store.steampowered.com/app/3395300/,
1712170,Fear Simulator VR,2025-09-17,2025-09,steam_store_search,False,True,STEAM_ONLY,True,,,,,,,Fear Simulator VR,$3.99,False,https://store.steampowered.com/app/1712170/,
2419240,Sushi Ben,2025-09-17,2025-09,steam_store_search,False,True,STEAM_ONLY,True,,,,,,,Sushi Ben,$11.99,False,https://store.steampowered.com/app/2419240/,
3818380,Alphadia III,2025-09-18,2025-09,steam_store_search,False,True,STEAM_ONLY,True,,,,,,,Alphadia III,$19.99,False,https://store.steampowered.com/app/3818380/,
3446680,Heartbeat in Thailand,2025-09-18,2025-09,steam_store_search,False,True,STEAM_ONLY,True,,,,,,,Heartbeat in Thailand,$9.99,False,https://store.steampowered.com/app/3446680/,
3566720,LAN Party Adventures,2025-09-18,2025-09,steam_store_search,False,True,STEAM_ONLY,True,,,,,,,LAN Party Adventures,$14.99,False,https://store.steampowered.com/app/3566720/,
3952110,Laurel's Day,2025-09-18,2025-09,steam_store_search,False,True,STEAM_ONLY,True,,,,,,,Laurel's Day,$0.99,False,https://store.steampowered.com/app/3952110/,
3957640,RIP Love: A Story of Pain,2025-09-19,2025-09,steam_store_search,False,True,STEAM_ONLY,True,,,,,,,RIP Love: A Story of Pain,$9.99,False,https://store.steampowered.com/app/3957640/,
3447040,Sora no Kiseki the 1st,2025-09-19,2025-09,steam_store_search,False,True,STEAM_ONLY,True,,,,,,,Sora no Kiseki the 1st,$59.99,False,https://store.steampowered.com/app/3447040/,
3675160,TAIMA MIKO,2025-09-19,2025-09,steam_store_search,False,True,STEAM_ONLY,True,,,,,,,TAIMA MIKO,$16.99,False,https://store.steampowered.com/app/3675160/,
3983810,The Spike Cross,2025-09-19,2025-09,steam_store_search,False,True,STEAM_ONLY,True,,,,,,,The Spike Cross,Free,True,https://store.steampowered.com/app/3983810/,
1575810,Wander Stars,2025-09-19,2025-09,steam_store_search,False,True,STEAM_ONLY,True,,,,,,,Wander Stars,$24.99,False,https://store.steampowered.com/app/1575810/,
3852520,Spread The Love,2025-09-22,2025-09,steam_store_search,False,True,STEAM_ONLY,True,,,,,,,Spread The Love,Free,True,https://store.steampowered.com/app/3852520/,
3279830,导演，请多多指教,2025-09-22,2025-09,steam_store_search,False,True,STEAM_ONLY,True,,,,,,,导演，请多多指教,$10.99,False,https://store.steampowered.com/app/3279830/,
3830150,Creepy Redneck Dinosaur Mansion 1 Re-Raptored,2025-09-23,2025-09,steam_store_search,False,True,STEAM_ONLY,True,,,,,,,Creepy Redneck Dinosaur Mansion 1 Re-Raptored,$4.99,False,https://store.steampowered.com/app/3830150/,
3433940,Forsaker:DingDing&Blade,2025-09-23,2025-09,steam_store_search,False,True,STEAM_ONLY,True,,,,,,,Forsaker:DingDing&Blade,$10.99,False,https://store.steampowered.com/app/3433940/,
3229260,AQUAPAZZA: Aquaplus Dream Match,2025-09-24,2025-09,steam_store_search,False,True,STEAM_ONLY,True,,,,,,,AQUAPAZZA: Aquaplus Dream Match,$19.99,False,https://store.steampowered.com/app/3229260/,
3765830,Sweet Whiskers: Cozy Kitty Stories,2025-09-24,2025-09,steam_store_search,False,True,STEAM_ONLY,True,,,,,,,Sweet Whiskers: Cozy Kitty Stories,$1.99,False,https://store.steampowered.com/app/3765830/,
3350160,海子 UMIKO,2025-09-24,2025-09,steam_store_search,False,True,STEAM_ONLY,True,,,,,,,海子 UMIKO,Free,True,https://store.steampowered.com/app/3350160/,
1439920,绝世千金重启版-Unique Lady,2025-09-24,2025-09,steam_store_search,False,True,STEAM_ONLY,True,,,,,,,绝世千金重启版-Unique Lady,$4.99,False,https://store.steampowered.com/app/1439920/,
3150480,Agatha Christie - Death on the Nile,2025-09-25,2025-09,steam_store_search,False,True,STEAM_ONLY,True,,,,,,,Agatha Christie - Death on the Nile,$39.99,False,https://store.steampowered.com/app/3150480/,
3560990,Playing House,2025-09-25,2025-09,steam_store_search,False,True,STEAM_ONLY,True,,,,,,,Playing House,$6.99,False,https://store.steampowered.com/app/3560990/,
3185890,我打不过漂亮的她们,2025-09-25,2025-09,steam_store_search,False,True,STEAM_ONLY,True,,,,,,,我打不过漂亮的她们,$10.99,False,https://store.steampowered.com/app/3185890/,
3908200,背后3:阴戏,2025-09-26,2025-09,steam_store_search,False,True,STEAM_ONLY,True,,,,,,,背后3:阴戏,$6.99,False,https://store.steampowered.com/app/3908200/,
3947830,Mart Mayhem,2025-09-29,2025-09,steam_store_search,False,True,STEAM_ONLY,True,,,,,,,Mart Mayhem,$3.99,False,https://store.steampowered.com/app/3947830/,
3974570,Scuff Slayer,2025-09-29,2025-09,steam_store_search,False,True,STEAM_ONLY,True,,,,,,,Scuff Slayer,$1.99,False,https://store.steampowered.com/app/3974570/,
3850630,CODE::LUX,2025-09-30,2025-09,steam_store_search,False,True,STEAM_ONLY,True,,,,,,,CODE::LUX,Free,True,https://store.steampowered.com/app/3850630/,
3884540,Dream:scape Remastered,2025-09-30,2025-09,steam_store_search,False,True,STEAM_ONLY,True,,,,,,,Dream:scape Remastered,$7.99,False,https://store.steampowered.com/app/3884540/,
3434400,FORGIVE FOR EVER,2025-09-30,2025-09,steam_store_search,False,True,STEAM_ONLY,True,,,,,,,FORGIVE FOR EVER,$5.99,False,https://store.steampowered.com/app/3434400/,
3448870,Necrologium,2025-09-30,2025-09,steam_store_search,False,True,STEAM_ONLY,True,,,,,,,Necrologium,$9.99,False,https://store.steampowered.com/app/3448870/,
3950640,Paid By Blood,2025-09-30,2025-09,steam_store_search,False,True,STEAM_ONLY,True,,,,,,,Paid By Blood,$0.99,False,https://store.steampowered.com/app/3950640/,
3961710,Prosrochennyy,2025-09-30,2025-09,steam_store_search,False,True,STEAM_ONLY,True,,,,,,,Prosrochennyy,Free,True,https://store.steampowered.com/app/3961710/,
3946740,Syrup and the Ultimate Sweet,2025-09-30,2025-09,steam_store_search,False,True,STEAM_ONLY,True,,,,,,,Syrup and the Ultimate Sweet,$4.99,False,https://store.steampowered.com/app/3946740/,
3773260,穿越日记,2025-09-30,2025-09,steam_store_search,False,True,STEAM_ONLY,True,,,,,,,穿越日记,$7.99,False,https://store.steampowered.com/app/3773260/,
3168400,Awaken Infinity,2025-10-01,2025-10,steam_store_search,False,True,STEAM_ONLY,True,,,,,,,Awaken Infinity,-75%,False,https://store.steampowered.com/app/3168400/,
4019910,Integral Survival,2025-10-01,2025-10,steam_store_search,False,True,STEAM_ONLY,True,,,,,,,Integral Survival,$1.99,False,https://store.steampowered.com/app/4019910/,
3485220,Murder Is Game Over: Murder Otaku,2025-10-01,2025-10,steam_store_search,False,True,STEAM_ONLY,True,,,,,,,Murder Is Game Over: Murder Otaku,$5.99,False,https://store.steampowered.com/app/3485220/,
2849130,Shadows Over Harken,2025-10-01,2025-10,steam_store_search,False,True,STEAM_ONLY,True,,,,,,,Shadows Over Harken,$2.99,False,https://store.steampowered.com/app/2849130/,
3918880,禍ツ祓イ,2025-10-01,2025-10,steam_store_search,False,True,STEAM_ONLY,True,,,,,,,禍ツ祓イ,Free,True,https://store.steampowered.com/app/3918880/,
1033380,Skate & Date,2025-10-04,2025-10,steam_store_search,False,True,STEAM_ONLY,True,,,,,,,Skate & Date,$9.99,False,https://store.steampowered.com/app/1033380/,
4023500,Frob: The Incident,2025-10-05,2025-10,steam_store_search,False,True,STEAM_ONLY,True,,,,,,,Frob: The Incident,$5.99,False,https://store.steampowered.com/app/4023500/,
2946750,BYTE,2025-10-06,2025-10,steam_store_search,False,True,STEAM_ONLY,True,,,,,,,BYTE,$11.99,False,https://store.steampowered.com/app/2946750/,
4016720,POHMIELISKO,2025-10-06,2025-10,steam_store_search,False,True,STEAM_ONLY,True,,,,,,,POHMIELISKO,$6.99,False,https://store.steampowered.com/app/4016720/,
3975930,Road to Karatl,2025-10-06,2025-10,steam_store_search,False,True,STEAM_ONLY,True,,,,,,,Road to Karatl,-50%,False,https://store.steampowered.com/app/3975930/,
2870530,Battle Suit Aces,2025-10-07,2025-10,steam_store_search,False,True,STEAM_ONLY,True,,,,,,,Battle Suit Aces,$24.99,False,https://store.steampowered.com/app/2870530/,
3191280,"Brother, Get The Oats",2025-10-07,2025-10,steam_store_search,False,True,STEAM_ONLY,True,,,,,,,"Brother, Get The Oats",$7.00,False,https://store.steampowered.com/app/3191280/,
3588970,Heroic Songs: the Remix!,2025-10-07,2025-10,steam_store_search,False,True,STEAM_ONLY,True,,,,,,,Heroic Songs: the Remix!,$16.99,False,https://store.steampowered.com/app/3588970/,
3192840,Onto Maizilind Unto Infinity,2025-10-07,2025-10,steam_store_search,False,True,STEAM_ONLY,True,,,,,,,Onto Maizilind Unto Infinity,Free,True,https://store.steampowered.com/app/3192840/,
3632910,Gumshoe Detective Agency: The First Case,2025-10-08,2025-10,steam_store_search,False,True,STEAM_ONLY,True,,,,,,,Gumshoe Detective Agency: The First Case,$9.99,False,https://store.steampowered.com/app/3632910/,
3962160,時空簡訊,2025-10-08,2025-10,steam_store_search,False,True,STEAM_ONLY,True,,,,,,,時空簡訊,$2.99,False,https://store.steampowered.com/app/3962160/,
3889270,Clicker Astro Planet,2025-10-09,2025-10,steam_store_search,False,True,STEAM_ONLY,True,,,,,,,Clicker Astro Planet,$1.99,False,https://store.steampowered.com/app/3889270/,
2212520,The Last Werewolf,2025-10-09,2025-10,steam_store_search,False,True,STEAM_ONLY,True,,,,,,,The Last Werewolf,$6.99,False,https://store.steampowered.com/app/2212520/,
3091010,イカスミポーション,2025-10-09,2025-10,steam_store_search,False,True,STEAM_ONLY,True,,,,,,,イカスミポーション,$9.99,False,https://store.steampowered.com/app/3091010/,
4014080,Hydrodynamics of Hope & Optimism,2025-10-10,2025-10,steam_store_search,False,True,STEAM_ONLY,True,,,,,,,Hydrodynamics of Hope & Optimism,Free,True,https://store.steampowered.com/app/4014080/,
3548270,Next of Kin: Fidelity,2025-10-10,2025-10,steam_store_search,False,True,STEAM_ONLY,True,,,,,,,Next of Kin: Fidelity,$3.99,False,https://store.steampowered.com/app/3548270/,
2279440,Soul Mates,2025-10-10,2025-10,steam_store_search,False,True,STEAM_ONLY,True,,,,,,,Soul Mates,$12.99,False,https://store.steampowered.com/app/2279440/,
3787000,Fading Lights,2025-10-12,2025-10,steam_store_search,False,True,STEAM_ONLY,True,,,,,,,Fading Lights,Free,True,https://store.steampowered.com/app/3787000/,
2891020,Undusted: Letters from the Past,2025-10-13,2025-10,steam_store_search,False,True,STEAM_ONLY,True,,,,,,,Undusted: Letters from the Past,-20%,False,https://store.steampowered.com/app/2891020/,
3926220,Soul Sorter: A Morality Personality Test,2025-10-14,2025-10,steam_store_search,False,True,STEAM_ONLY,True,,,,,,,Soul Sorter: A Morality Personality Test,$0.99,False,https://store.steampowered.com/app/3926220/,
3687630,Such a guy,2025-10-14,2025-10,steam_store_search,False,True,STEAM_ONLY,True,,,,,,,Such a guy,$12.99,False,https://store.steampowered.com/app/3687630/,
3339410,BA: The City Within,2025-10-15,2025-10,steam_store_search,False,True,STEAM_ONLY,True,,,,,,,BA: The City Within,Free,True,https://store.steampowered.com/app/3339410/,
3604780,Sunken Engine,2025-10-16,2025-10,steam_store_search,False,True,STEAM_ONLY,True,,,,,,,Sunken Engine,$9.99,False,https://store.steampowered.com/app/3604780/,
4060630,Soul Nine,2025-10-17,2025-10,steam_store_search,False,True,STEAM_ONLY,True,,,,,,,Soul Nine,$16.99,False,https://store.steampowered.com/app/4060630/,
3347280,.HEADSPACE,2025-10-20,2025-10,steam_store_search,False,True,STEAM_ONLY,True,,,,,,,.HEADSPACE,$1.99,False,https://store.steampowered.com/app/3347280/,
3956170,ステータス確認探偵,2025-10-20,2025-10,steam_store_search,False,True,STEAM_ONLY,True,,,,,,,ステータス確認探偵,Free,True,https://store.steampowered.com/app/3956170/,
2903160,Midori no Kaori,2025-10-21,2025-10,steam_store_search,False,True,STEAM_ONLY,True,,,,,,,Midori no Kaori,$9.99,False,https://store.steampowered.com/app/2903160/,
3085660,Side Alley,2025-10-21,2025-10,steam_store_search,False,True,STEAM_ONLY,True,,,,,,,Side Alley,$13.99,False,https://store.steampowered.com/app/3085660/,
3391420,修仙实操手册,2025-10-21,2025-10,steam_store_search,False,True,STEAM_ONLY,True,,,,,,,修仙实操手册,$6.99,False,https://store.steampowered.com/app/3391420/,
3360990,Cook or Be Cooked: Your next meal could be your last—or your true love,2025-10-22,2025-10,steam_store_search,False,True,STEAM_ONLY,True,,,,,,,Cook or Be Cooked: Your next meal could be your last—or your true love,$4.99,False,https://store.steampowered.com/app/3360990/,
2592160,Dispatch,2025-10-22,2025-10,steam_store_search,False,True,STEAM_ONLY,True,,,,,,,Dispatch,$29.99,False,https://store.steampowered.com/app/2592160/,
3779910,Elegant Sleuth:Mystic Family,2025-10-22,2025-10,steam_store_search,False,True,STEAM_ONLY,True,,,,,,,Elegant Sleuth:Mystic Family,$6.99,False,https://store.steampowered.com/app/3779910/,
2740020,Meowphoria,2025-10-22,2025-10,steam_store_search,False,True,STEAM_ONLY,True,,,,,,,Meowphoria,$9.99,False,https://store.steampowered.com/app/2740020/,
2999060,Politics The Game,2025-10-22,2025-10,steam_store_search,False,True,STEAM_ONLY,True,,,,,,,Politics The Game,$9.99,False,https://store.steampowered.com/app/2999060/,
3809570,100 Cats Lost in Turkey Find & Color,2025-10-23,2025-10,steam_store_search,False,True,STEAM_ONLY,True,,,,,,,100 Cats Lost in Turkey Find & Color,Free,True,https://store.steampowered.com/app/3809570/,
3875630,Dark Flowers: Tiny Starlight,2025-10-23,2025-10,steam_store_search,False,True,STEAM_ONLY,True,,,,,,,Dark Flowers: Tiny Starlight,$1.99,False,https://store.steampowered.com/app/3875630/,
3926150,Fortiori,2025-10-23,2025-10,steam_store_search,False,True,STEAM_ONLY,True,,,,,,,Fortiori,$8.40,False,https://store.steampowered.com/app/3926150/,
3107360,Grooveyard,2025-10-23,2025-10,steam_store_search,False,True,STEAM_ONLY,True,,,,,,,Grooveyard,$4.99,False,https://store.steampowered.com/app/3107360/,
4049470,INFERIAE,2025-10-23,2025-10,steam_store_search,False,True,STEAM_ONLY,True,,,,,,,INFERIAE,-50%,False,https://store.steampowered.com/app/4049470/,
4033430,My Peephole: Hotel Harborview,2025-10-23,2025-10,steam_store_search,False,True,STEAM_ONLY,True,,,,,,,My Peephole: Hotel Harborview,$5.99,False,https://store.steampowered.com/app/4033430/,
3779920,Mystery Island：Enigmatic Painting,2025-10-23,2025-10,steam_store_search,False,True,STEAM_ONLY,True,,,,,,,Mystery Island：Enigmatic Painting,$6.99,False,https://store.steampowered.com/app/3779920/,
3844830,Tipsy Cat,2025-10-23,2025-10,steam_store_search,False,True,STEAM_ONLY,True,,,,,,,Tipsy Cat,$3.99,False,https://store.steampowered.com/app/3844830/,
3371110,UltraGirl Alters,2025-10-23,2025-10,steam_store_search,False,True,STEAM_ONLY,True,,,,,,,UltraGirl Alters,$19.99,False,https://store.steampowered.com/app/3371110/,
3355380,Pal-Mon,2025-10-24,2025-10,steam_store_search,False,True,STEAM_ONLY,True,,,,,,,Pal-Mon,Free,True,https://store.steampowered.com/app/3355380/,
4010330,Sabbatical In Merzouga,2025-10-24,2025-10,steam_store_search,False,True,STEAM_ONLY,True,,,,,,,Sabbatical In Merzouga,$5.99,False,https://store.steampowered.com/app/4010330/,
3786150,Tiny Company,2025-10-24,2025-10,steam_store_search,False,True,STEAM_ONLY,True,,,,,,,Tiny Company,$4.99,False,https://store.steampowered.com/app/3786150/,
2377250,Whimel Academy,2025-10-24,2025-10,steam_store_search,False,True,STEAM_ONLY,True,,,,,,,Whimel Academy,$14.99,False,https://store.steampowered.com/app/2377250/,
3909220,Yuki「清醒梦」,2025-10-24,2025-10,steam_store_search,False,True,STEAM_ONLY,True,,,,,,,Yuki「清醒梦」,Free,True,https://store.steampowered.com/app/3909220/,
4054820,Murder Mystery Stories,2025-10-25,2025-10,steam_store_search,False,True,STEAM_ONLY,True,,,,,,,Murder Mystery Stories,$11.99,False,https://store.steampowered.com/app/4054820/,
3996270,What Every Man Wants,2025-10-25,2025-10,steam_store_search,False,True,STEAM_ONLY,True,,,,,,,What Every Man Wants,$11.99,False,https://store.steampowered.com/app/3996270/,
4025330,林葬屋前传：冥声,2025-10-25,2025-10,steam_store_search,False,True,STEAM_ONLY,True,,,,,,,林葬屋前传：冥声,$6.99,False,https://store.steampowered.com/app/4025330/,
3977400,Conquering of the Royal Keep,2025-10-27,2025-10,steam_store_search,False,True,STEAM_ONLY,True,,,,,,,Conquering of the Royal Keep,Free,True,https://store.steampowered.com/app/3977400/,
4036740,Edge,2025-10-27,2025-10,steam_store_search,False,True,STEAM_ONLY,True,,,,,,,Edge,$3.99,False,https://store.steampowered.com/app/4036740/,
4056220,Samuel Prince Attorney at Law Chapter 3,2025-10-27,2025-10,steam_store_search,False,True,STEAM_ONLY,True,,,,,,,Samuel Prince Attorney at Law Chapter 3,$4.99,False,https://store.steampowered.com/app/4056220/,
3203160,Talk to Me Human,2025-10-27,2025-10,steam_store_search,False,True,STEAM_ONLY,True,,,,,,,Talk to Me Human,$9.99,False,https://store.steampowered.com/app/3203160/,
3829350,Vribyss Refuge™ Metamorphosis,2025-10-28,2025-10,steam_store_search,False,True,STEAM_ONLY,True,,,,,,,Vribyss Refuge™ Metamorphosis,$1.99,False,https://store.steampowered.com/app/3829350/,
4068910,Figures Of Shadows,2025-10-29,2025-10,steam_store_search,False,True,STEAM_ONLY,True,,,,,,,Figures Of Shadows,$0.99,False,https://store.steampowered.com/app/4068910/,
4073560,Nullwake,2025-10-29,2025-10,steam_store_search,False,True,STEAM_ONLY,True,,,,,,,Nullwake,$5.99,False,https://store.steampowered.com/app/4073560/,
3868610,Glitch,2025-10-30,2025-10,steam_store_search,False,True,STEAM_ONLY,True,,,,,,,Glitch,$1.99,False,https://store.steampowered.com/app/3868610/,
3756520,PIXEL DASH: Toast of Destiny,2025-10-30,2025-10,steam_store_search,False,True,STEAM_ONLY,True,,,,,,,PIXEL DASH: Toast of Destiny,$7.99,False,https://store.steampowered.com/app/3756520/,
4093920,精神寄生,2025-10-30,2025-10,steam_store_search,False,True,STEAM_ONLY,True,,,,,,,精神寄生,Free,True,https://store.steampowered.com/app/4093920/,
3320020,Cats With Standards,2025-10-31,2025-10,steam_store_search,False,True,STEAM_ONLY,True,,,,,,,Cats With Standards,$2.99,False,https://store.steampowered.com/app/3320020/,
3893070,Girl Werewolf Hamlet Saves Christmas,2025-10-31,2025-10,steam_store_search,False,True,STEAM_ONLY,True,,,,,,,Girl Werewolf Hamlet Saves Christmas,$4.99,False,https://store.steampowered.com/app/3893070/,
4103080,SCHOLA SPIRITUS,2025-10-31,2025-10,steam_store_search,False,True,STEAM_ONLY,True,,,,,,,SCHOLA SPIRITUS,$4.99,False,https://store.steampowered.com/app/4103080/,
4098670,怪異ジャッジ・ドリーミー,2025-10-31,2025-10,steam_store_search,False,True,STEAM_ONLY,True,,,,,,,怪異ジャッジ・ドリーミー,Free,True,https://store.steampowered.com/app/4098670/,
3664280,"Catfighter, In the Lands of Sinners",2025-11-02,2025-11,steam_store_search,False,True,STEAM_ONLY,True,,,,,,,"Catfighter, In the Lands of Sinners",$4.99,False,https://store.steampowered.com/app/3664280/,
4033120,emerald,2025-11-02,2025-11,steam_store_search,False,True,STEAM_ONLY,True,,,,,,,emerald,Free,True,https://store.steampowered.com/app/4033120/,
3982780,近所 - if -,2025-11-02,2025-11,steam_store_search,False,True,STEAM_ONLY,True,,,,,,,近所 - if -,$3.99,False,https://store.steampowered.com/app/3982780/,
3962070,"Crap Game, Don’t Play",2025-11-03,2025-11,steam_store_search,False,True,STEAM_ONLY,True,,,,,,,"Crap Game, Don’t Play",Free,True,https://store.steampowered.com/app/3962070/,
2836660,"Vyun, Kosmeya, And The Witch’s Curse",2025-11-03,2025-11,steam_store_search,False,True,STEAM_ONLY,True,,,,,,,"Vyun, Kosmeya, And The Witch’s Curse",-30%,False,https://store.steampowered.com/app/2836660/,
4096080,ま～する -第１章-,2025-11-03,2025-11,steam_store_search,False,True,STEAM_ONLY,True,,,,,,,ま～する -第１章-,$2.99,False,https://store.steampowered.com/app/4096080/,
4061580,ARIA-404: Labyrinth Protocol,2025-11-04,2025-11,steam_store_search,False,True,STEAM_ONLY,True,,,,,,,ARIA-404: Labyrinth Protocol,Free,True,https://store.steampowered.com/app/4061580/,
3701370,Cook for Me Grandpa!,2025-11-04,2025-11,steam_store_search,False,True,STEAM_ONLY,True,,,,,,,Cook for Me Grandpa!,-15%,False,https://store.steampowered.com/app/3701370/,
4072790,Lily's Lil Barn Yard!,2025-11-04,2025-11,steam_store_search,False,True,STEAM_ONLY,True,,,,,,,Lily's Lil Barn Yard!,$3.99,False,https://store.steampowered.com/app/4072790/,
3870960,Lost in Loss,2025-11-04,2025-11,steam_store_search,False,True,STEAM_ONLY,True,,,,,,,Lost in Loss,$9.99,False,https://store.steampowered.com/app/3870960/,
1911200,Sultan Of Egypt,2025-11-04,2025-11,steam_store_search,False,True,STEAM_ONLY,True,,,,,,,Sultan Of Egypt,-55%,False,https://store.steampowered.com/app/1911200/,
1634390,Ages of Cataria,2025-11-05,2025-11,steam_store_search,False,True,STEAM_ONLY,True,,,,,,,Ages of Cataria,$19.99,False,https://store.steampowered.com/app/1634390/,
1848440,Foolish Mortals,2025-11-05,2025-11,steam_store_search,False,True,STEAM_ONLY,True,,,,,,,Foolish Mortals,-20%,False,https://store.steampowered.com/app/1848440/,
4070590,세이프타운 탐정 넬의 사건 수첩 오션 아일랜드의 살인사건,2025-11-05,2025-11,steam_store_search,False,True,STEAM_ONLY,True,,,,,,,세이프타운 탐정 넬의 사건 수첩 오션 아일랜드의 살인사건,Free,True,https://store.steampowered.com/app/4070590/,
4119500,1711 Ireland: A Witch's Fate,2025-11-06,2025-11,steam_store_search,False,True,STEAM_ONLY,True,,,,,,,1711 Ireland: A Witch's Fate,$4.99,False,https://store.steampowered.com/app/4119500/,
1574570,Choice of Life: Samosbor,2025-11-06,2025-11,steam_store_search,False,True,STEAM_ONLY,True,,,,,,,Choice of Life: Samosbor,-40%,False,https://store.steampowered.com/app/1574570/,
2016820,MAELSTROM LEGACY: The Tesla Mystery,2025-11-06,2025-11,steam_store_search,False,True,STEAM_ONLY,True,,,,,,,MAELSTROM LEGACY: The Tesla Mystery,$10.99,False,https://store.steampowered.com/app/2016820/,
3777020,Service with a Shotgun,2025-11-06,2025-11,steam_store_search,False,True,STEAM_ONLY,True,,,,,,,Service with a Shotgun,$6.70,False,https://store.steampowered.com/app/3777020/,
3660220,Syberia - Remastered,2025-11-06,2025-11,steam_store_search,False,True,STEAM_ONLY,True,,,,,,,Syberia - Remastered,-50%,False,https://store.steampowered.com/app/3660220/,
3099630,Academy Love Saga: Tennis Angels,2025-11-07,2025-11,steam_store_search,False,True,STEAM_ONLY,True,,,,,,,Academy Love Saga: Tennis Angels,$8.99,False,https://store.steampowered.com/app/3099630/,
3364970,Alisa's Grimoire,2025-11-07,2025-11,steam_store_search,False,True,STEAM_ONLY,True,,,,,,,Alisa's Grimoire,$16.99,False,https://store.steampowered.com/app/3364970/,
3982000,BUY SELL,2025-11-07,2025-11,steam_store_search,False,True,STEAM_ONLY,True,,,,,,,BUY SELL,$0.99,False,https://store.steampowered.com/app/3982000/,
4105240,Chakana,2025-11-08,2025-11,steam_store_search,False,True,STEAM_ONLY,True,,,,,,,Chakana,$2.99,False,https://store.steampowered.com/app/4105240/,
3734680,我只是想让她们都幸福,2025-11-08,2025-11,steam_store_search,False,True,STEAM_ONLY,True,,,,,,,我只是想让她们都幸福,$9.99,False,https://store.steampowered.com/app/3734680/,
4104060,Garden Monsters,2025-11-09,2025-11,steam_store_search,False,True,STEAM_ONLY,True,,,,,,,Garden Monsters,$4.99,False,https://store.steampowered.com/app/4104060/,
4023550,Paradyce,2025-11-09,2025-11,steam_store_search,False,True,STEAM_ONLY,True,,,,,,,Paradyce,$5.99,False,https://store.steampowered.com/app/4023550/,
4068510,Detective Modo,2025-11-10,2025-11,steam_store_search,False,True,STEAM_ONLY,True,,,,,,,Detective Modo,$4.99,False,https://store.steampowered.com/app/4068510/,
4112350,MyMathHeroAdventure,2025-11-10,2025-11,steam_store_search,False,True,STEAM_ONLY,True,,,,,,,MyMathHeroAdventure,Free,True,https://store.steampowered.com/app/4112350/,
1446920,SneakyDoggie,2025-11-10,2025-11,steam_store_search,False,True,STEAM_ONLY,True,,,,,,,SneakyDoggie,Free,True,https://store.steampowered.com/app/1446920/,
3969280,Where the Roads Die,2025-11-10,2025-11,steam_store_search,False,True,STEAM_ONLY,True,,,,,,,Where the Roads Die,$4.99,False,https://store.steampowered.com/app/3969280/,
2126190,Rue Valley,2025-11-11,2025-11,steam_store_search,False,True,STEAM_ONLY,True,,,,,,,Rue Valley,$14.99,False,https://store.steampowered.com/app/2126190/,
3668430,Abyss Veil,2025-11-12,2025-11,steam_store_search,False,True,STEAM_ONLY,True,,,,,,,Abyss Veil,$6.99,False,https://store.steampowered.com/app/3668430/,
2980420,Heatwave,2025-11-12,2025-11,steam_store_search,False,True,STEAM_ONLY,True,,,,,,,Heatwave,$10.00,False,https://store.steampowered.com/app/2980420/,
3255860,Hymer 2000,2025-11-12,2025-11,steam_store_search,False,True,STEAM_ONLY,True,,,,,,,Hymer 2000,$4.99,False,https://store.steampowered.com/app/3255860/,
3608510,狂想！夏日盛宴,2025-11-12,2025-11,steam_store_search,False,True,STEAM_ONLY,True,,,,,,,狂想！夏日盛宴,$6.99,False,https://store.steampowered.com/app/3608510/,
3501580,Rice & Rest,2025-11-14,2025-11,steam_store_search,False,True,STEAM_ONLY,True,,,,,,,Rice & Rest,$9.99,False,https://store.steampowered.com/app/3501580/,
3982020,The False Culprit,2025-11-14,2025-11,steam_store_search,False,True,STEAM_ONLY,True,,,,,,,The False Culprit,$0.99,False,https://store.steampowered.com/app/3982020/,
3958510,The evil mouse,2025-11-14,2025-11,steam_store_search,False,True,STEAM_ONLY,True,,,,,,,The evil mouse,$3.00,False,https://store.steampowered.com/app/3958510/,
4052460,デテイケ -GetOut-,2025-11-14,2025-11,steam_store_search,False,True,STEAM_ONLY,True,,,,,,,デテイケ -GetOut-,$3.99,False,https://store.steampowered.com/app/4052460/,
1141550,CUCKOLD SIMULATOR: Life as a Beta Male Cuck,2025-11-16,2025-11,steam_store_search,False,True,STEAM_ONLY,True,,,,,,,CUCKOLD SIMULATOR: Life as a Beta Male Cuck,$4.99,False,https://store.steampowered.com/app/1141550/,
3548580,Chill with You : Lo-Fi Story,2025-11-16,2025-11,steam_store_search,False,True,STEAM_ONLY,True,,,,,,,Chill with You : Lo-Fi Story,-25%,False,https://store.steampowered.com/app/3548580/,
3329850,Ashley's Adventure - Get a Job or Die Trying,2025-11-17,2025-11,steam_store_search,False,True,STEAM_ONLY,True,,,,,,,Ashley's Adventure - Get a Job or Die Trying,$1.99,False,https://store.steampowered.com/app/3329850/,
3924440,Over Yandere,2025-11-17,2025-11,steam_store_search,False,True,STEAM_ONLY,True,,,,,,,Over Yandere,$1.99,False,https://store.steampowered.com/app/3924440/,
3987810,Pleasure Cruise,2025-11-17,2025-11,steam_store_search,False,True,STEAM_ONLY,True,,,,,,,Pleasure Cruise,$5.99,False,https://store.steampowered.com/app/3987810/,
4111190,Showdown next week!,2025-11-17,2025-11,steam_store_search,False,True,STEAM_ONLY,True,,,,,,,Showdown next week!,$2.99,False,https://store.steampowered.com/app/4111190/,
2334690,Detective Malinowski The Truth Will Be Revealed,2025-11-18,2025-11,steam_store_search,False,True,STEAM_ONLY,True,,,,,,,Detective Malinowski The Truth Will Be Revealed,-50%,False,https://store.steampowered.com/app/2334690/,
3887700,Girls' Frontline,2025-11-18,2025-11,steam_store_search,False,True,STEAM_ONLY,True,,,,,,,Girls' Frontline,Free,True,https://store.steampowered.com/app/3887700/,
3128940,Rune Ark,2025-11-18,2025-11,steam_store_search,False,True,STEAM_ONLY,True,,,,,,,Rune Ark,$6.99,False,https://store.steampowered.com/app/3128940/,
3636960,Violent Horror Stories 2,2025-11-18,2025-11,steam_store_search,False,True,STEAM_ONLY,True,,,,,,,Violent Horror Stories 2,$5.99,False,https://store.steampowered.com/app/3636960/,
2212790,Asbury Pines,2025-11-19,2025-11,steam_store_search,False,True,STEAM_ONLY,True,,,,,,,Asbury Pines,-30%,False,https://store.steampowered.com/app/2212790/,
1900250,Demonschool,2025-11-19,2025-11,steam_store_search,False,True,STEAM_ONLY,True,,,,,,,Demonschool,$24.99,False,https://store.steampowered.com/app/1900250/,
3831120,Mandate Of Heaven,2025-11-19,2025-11,steam_store_search,False,True,STEAM_ONLY,True,,,,,,,Mandate Of Heaven,$14.99,False,https://store.steampowered.com/app/3831120/,
2762740,Pitchforks and Daggers,2025-11-19,2025-11,steam_store_search,False,True,STEAM_ONLY,True,,,,,,,Pitchforks and Daggers,-35%,False,https://store.steampowered.com/app/2762740/,
3809600,100 Cats Lost in Italy Find & Color,2025-11-20,2025-11,steam_store_search,False,True,STEAM_ONLY,True,,,,,,,100 Cats Lost in Italy Find & Color,Free,True,https://store.steampowered.com/app/3809600/,
3877090,Home,2025-11-20,2025-11,steam_store_search,False,True,STEAM_ONLY,True,,,,,,,Home,-20%,False,https://store.steampowered.com/app/3877090/,
4067350,Soul of Recollection,2025-11-20,2025-11,steam_store_search,False,True,STEAM_ONLY,True,,,,,,,Soul of Recollection,$8.99,False,https://store.steampowered.com/app/4067350/,
3345780,The Land of Rest 1,2025-11-20,2025-11,steam_store_search,False,True,STEAM_ONLY,True,,,,,,,The Land of Rest 1,-15%,False,https://store.steampowered.com/app/3345780/,
2903240,DODORI,2025-11-21,2025-11,steam_store_search,False,True,STEAM_ONLY,True,,,,,,,DODORI,$14.99,False,https://store.steampowered.com/app/2903240/,
4092050,Dictator Simulator: Gradnar,2025-11-21,2025-11,steam_store_search,False,True,STEAM_ONLY,True,,,,,,,Dictator Simulator: Gradnar,$4.99,False,https://store.steampowered.com/app/4092050/,
3111930,Fallen Priestess: My Sister's Demonic Bloodline,2025-11-21,2025-11,steam_store_search,False,True,STEAM_ONLY,True,,,,,,,Fallen Priestess: My Sister's Demonic Bloodline,$18.99,False,https://store.steampowered.com/app/3111930/,
3069630,Galaxy Princess Zorana,2025-11-21,2025-11,steam_store_search,False,True,STEAM_ONLY,True,,,,,,,Galaxy Princess Zorana,-15%,False,https://store.steampowered.com/app/3069630/,
4145190,Kill the Demon Lord,2025-11-21,2025-11,steam_store_search,False,True,STEAM_ONLY,True,,,,,,,Kill the Demon Lord,Free,True,https://store.steampowered.com/app/4145190/,
4074590,"Memory of ""Wishes""",2025-11-21,2025-11,steam_store_search,False,True,STEAM_ONLY,True,,,,,,,"Memory of ""Wishes""",$2.47,False,https://store.steampowered.com/app/4074590/,
3908780,Mork Folio,2025-11-21,2025-11,steam_store_search,False,True,STEAM_ONLY,True,,,,,,,Mork Folio,$9.99,False,https://store.steampowered.com/app/3908780/,
4057940,看不见的我们,2025-11-22,2025-11,steam_store_search,False,True,STEAM_ONLY,True,,,,,,,看不见的我们,$6.99,False,https://store.steampowered.com/app/4057940/,
4092400,Humerous (REBOOT),2025-11-23,2025-11,steam_store_search,False,True,STEAM_ONLY,True,,,,,,,Humerous (REBOOT),$2.99,False,https://store.steampowered.com/app/4092400/,
4103860,I Have Died,2025-11-23,2025-11,steam_store_search,False,True,STEAM_ONLY,True,,,,,,,I Have Died,$3.99,False,https://store.steampowered.com/app/4103860/,
2725250,Nientum - Op.ZERO,2025-11-24,2025-11,steam_store_search,False,True,STEAM_ONLY,True,,,,,,,Nientum - Op.ZERO,$19.99,False,https://store.steampowered.com/app/2725250/,
2439560,Alice's World,2025-11-25,2025-11,steam_store_search,False,True,STEAM_ONLY,True,,,,,,,Alice's World,$13.99,False,https://store.steampowered.com/app/2439560/,
2752240,Fine Work: Act I,2025-11-25,2025-11,steam_store_search,False,True,STEAM_ONLY,True,,,,,,,Fine Work: Act I,$9.99,False,https://store.steampowered.com/app/2752240/,
4020670,Kino,2025-11-26,2025-11,steam_store_search,False,True,STEAM_ONLY,True,,,,,,,Kino,Free,True,https://store.steampowered.com/app/4020670/,
4043550,Soulcrossed,2025-11-26,2025-11,steam_store_search,False,True,STEAM_ONLY,True,,,,,,,Soulcrossed,Free,True,https://store.steampowered.com/app/4043550/,
4164990,The Hollow Keep,2025-11-26,2025-11,steam_store_search,False,True,STEAM_ONLY,True,,,,,,,The Hollow Keep,$3.99,False,https://store.steampowered.com/app/4164990/,
3184990,The Occult Detective,2025-11-26,2025-11,steam_store_search,False,True,STEAM_ONLY,True,,,,,,,The Occult Detective,$13.49,False,https://store.steampowered.com/app/3184990/,
3444230,Abulia,2025-11-27,2025-11,steam_store_search,False,True,STEAM_ONLY,True,,,,,,,Abulia,$5.99,False,https://store.steampowered.com/app/3444230/,
4110170,Atlas Obscura VR,2025-11-27,2025-11,steam_store_search,False,True,STEAM_ONLY,True,,,,,,,Atlas Obscura VR,$8.99,False,https://store.steampowered.com/app/4110170/,
4088750,Crushing on the Clock,2025-11-27,2025-11,steam_store_search,False,True,STEAM_ONLY,True,,,,,,,Crushing on the Clock,$9.99,False,https://store.steampowered.com/app/4088750/,
3996450,Dingir OS,2025-11-27,2025-11,steam_store_search,False,True,STEAM_ONLY,True,,,,,,,Dingir OS,$4.99,False,https://store.steampowered.com/app/3996450/,
4094270,Evil's Veil,2025-11-27,2025-11,steam_store_search,False,True,STEAM_ONLY,True,,,,,,,Evil's Veil,$4.99,False,https://store.steampowered.com/app/4094270/,
3567620,Heroines of Swords & Spells 2,2025-11-27,2025-11,steam_store_search,False,True,STEAM_ONLY,True,,,,,,,Heroines of Swords & Spells 2,$9.99,False,https://store.steampowered.com/app/3567620/,
3538680,Hiroshi,2025-11-27,2025-11,steam_store_search,False,True,STEAM_ONLY,True,,,,,,,Hiroshi,$9.99,False,https://store.steampowered.com/app/3538680/,
3902830,How I Flex with AI,2025-11-27,2025-11,steam_store_search,False,True,STEAM_ONLY,True,,,,,,,How I Flex with AI,$0.99,False,https://store.steampowered.com/app/3902830/,
3079720,Wonderful Handhelds,2025-11-27,2025-11,steam_store_search,False,True,STEAM_ONLY,True,,,,,,,Wonderful Handhelds,$3.99,False,https://store.steampowered.com/app/3079720/,
3554030,Behind the Hydra's Eyes,2025-11-28,2025-11,steam_store_search,False,True,STEAM_ONLY,True,,,,,,,Behind the Hydra's Eyes,$3.99,False,https://store.steampowered.com/app/3554030/,
3529380,Carrotour,2025-11-28,2025-11,steam_store_search,False,True,STEAM_ONLY,True,,,,,,,Carrotour,$4.99,False,https://store.steampowered.com/app/3529380/,
3815140,Lost in the Woods,2025-11-28,2025-11,steam_store_search,False,True,STEAM_ONLY,True,,,,,,,Lost in the Woods,Free,True,https://store.steampowered.com/app/3815140/,
4155010,"No, I'm not a Voenkom",2025-11-28,2025-11,steam_store_search,False,True,STEAM_ONLY,True,,,,,,,"No, I'm not a Voenkom",$0.99,False,https://store.steampowered.com/app/4155010/,
3694710,OTHERS,2025-11-28,2025-11,steam_store_search,False,True,STEAM_ONLY,True,,,,,,,OTHERS,$9.99,False,https://store.steampowered.com/app/3694710/,
3852230,Path of the Bogatyr,2025-11-28,2025-11,steam_store_search,False,True,STEAM_ONLY,True,,,,,,,Path of the Bogatyr,$5.99,False,https://store.steampowered.com/app/3852230/,
3558470,Vastophobia,2025-11-28,2025-11,steam_store_search,False,True,STEAM_ONLY,True,,,,,,,Vastophobia,-20%,False,https://store.steampowered.com/app/3558470/,
3998800,恋爱吗？我家猫会后空翻,2025-11-28,2025-11,steam_store_search,False,True,STEAM_ONLY,True,,,,,,,恋爱吗？我家猫会后空翻,$9.99,False,https://store.steampowered.com/app/3998800/,
3458620,轮回修仙传,2025-11-28,2025-11,steam_store_search,False,True,STEAM_ONLY,True,,,,,,,轮回修仙传,$4.99,False,https://store.steampowered.com/app/3458620/,
3227670,My Daughter In Family Ai,2025-11-30,2025-11,steam_store_search,False,True,STEAM_ONLY,True,,,,,,,My Daughter In Family Ai,$2.99,False,https://store.steampowered.com/app/3227670/,
3320840,Odile: Black Duckling Tale,2025-11-30,2025-11,steam_store_search,False,True,STEAM_ONLY,True,,,,,,,Odile: Black Duckling Tale,$6.99,False,https://store.steampowered.com/app/3320840/,
4111110,Предновогодняя сказка,2025-11-30,2025-11,steam_store_search,False,True,STEAM_ONLY,True,,,,,,,Предновогодняя сказка,Free,True,https://store.steampowered.com/app/4111110/,
4187330,Wright Brothers' Mysteries,2025-12-02,2025-12,steam_store_search,False,True,STEAM_ONLY,True,,,,,,,Wright Brothers' Mysteries,$0.99,False,https://store.steampowered.com/app/4187330/,
3920770,Girls' Dorm Wars,2025-12-03,2025-12,steam_store_search,False,True,STEAM_ONLY,True,,,,,,,Girls' Dorm Wars,$6.99,False,https://store.steampowered.com/app/3920770/,
3923980,Holo ADV: SakuraSingularity.exe,2025-12-03,2025-12,steam_store_search,False,True,STEAM_ONLY,True,,,,,,,Holo ADV: SakuraSingularity.exe,$16.99,False,https://store.steampowered.com/app/3923980/,
4165600,Not For You,2025-12-03,2025-12,steam_store_search,False,True,STEAM_ONLY,True,,,,,,,Not For You,Free,True,https://store.steampowered.com/app/4165600/,
4024610,重返1941—剧版玉梦cp同人衍生,2025-12-03,2025-12,steam_store_search,False,True,STEAM_ONLY,True,,,,,,,重返1941—剧版玉梦cp同人衍生,Free,True,https://store.steampowered.com/app/4024610/,
3387320,Tale of android after the Apocalypse,2025-12-04,2025-12,steam_store_search,False,True,STEAM_ONLY,True,,,,,,,Tale of android after the Apocalypse,$4.99,False,https://store.steampowered.com/app/3387320/,
4183210,I Promise,2025-12-05,2025-12,steam_store_search,False,True,STEAM_ONLY,True,,,,,,,I Promise,$2.99,False,https://store.steampowered.com/app/4183210/,
3986020,Jupiter's Orbit,2025-12-05,2025-12,steam_store_search,False,True,STEAM_ONLY,True,,,,,,,Jupiter's Orbit,$4.99,False,https://store.steampowered.com/app/3986020/,
3908010,PolyLumina,2025-12-06,2025-12,steam_store_search,False,True,STEAM_ONLY,True,,,,,,,PolyLumina,Free,True,https://store.steampowered.com/app/3908010/,
3886120,A Spaceship Accident,2025-12-07,2025-12,steam_store_search,False,True,STEAM_ONLY,True,,,,,,,A Spaceship Accident,$4.99,False,https://store.steampowered.com/app/3886120/,
3034530,Zilar: Empire Of The Underground,2025-12-08,2025-12,steam_store_search,False,True,STEAM_ONLY,True,,,,,,,Zilar: Empire Of The Underground,-70%,False,https://store.steampowered.com/app/3034530/,
3350190,Anxiety Puppy,2025-12-09,2025-12,steam_store_search,False,True,STEAM_ONLY,True,,,,,,,Anxiety Puppy,-12%,False,https://store.steampowered.com/app/3350190/,
3929410,Scholar Adventure: Mystery of Silence,2025-12-09,2025-12,steam_store_search,False,True,STEAM_ONLY,True,,,,,,,Scholar Adventure: Mystery of Silence,$7.99,False,https://store.steampowered.com/app/3929410/,
2240620,UNBEATABLE,2025-12-09,2025-12,steam_store_search,False,True,STEAM_ONLY,True,,,,,,,UNBEATABLE,$27.99,False,https://store.steampowered.com/app/2240620/,
4042990,手撕道祖，脚踩大乘（Tao Ancestor's Vanquisher）,2025-12-10,2025-12,steam_store_search,False,True,STEAM_ONLY,True,,,,,,,手撕道祖，脚踩大乘（Tao Ancestor's Vanquisher）,Free,True,https://store.steampowered.com/app/4042990/,
4099640,Gully Champ,2025-12-11,2025-12,steam_store_search,False,True,STEAM_ONLY,True,,,,,,,Gully Champ,$9.99,False,https://store.steampowered.com/app/4099640/,
4159910,Toyeater,2025-12-11,2025-12,steam_store_search,False,True,STEAM_ONLY,True,,,,,,,Toyeater,$14.99,False,https://store.steampowered.com/app/4159910/,
4121680,Bridge Orders - Outrim: The Unseen Enemy,2025-12-12,2025-12,steam_store_search,False,True,STEAM_ONLY,True,,,,,,,Bridge Orders - Outrim: The Unseen Enemy,$9.99,False,https://store.steampowered.com/app/4121680/,
3856060,Red Bow: Strange Dream,2025-12-12,2025-12,steam_store_search,False,True,STEAM_ONLY,True,,,,,,,Red Bow: Strange Dream,$4.99,False,https://store.steampowered.com/app/3856060/,
3658230,MAGEYE,2025-12-13,2025-12,steam_store_search,False,True,STEAM_ONLY,True,,,,,,,MAGEYE,$7.99,False,https://store.steampowered.com/app/3658230/,
4057050,Heroines Through My Lens,2025-12-14,2025-12,steam_store_search,False,True,STEAM_ONLY,True,,,,,,,Heroines Through My Lens,-25%,False,https://store.steampowered.com/app/4057050/,
2986190,Adulting,2025-12-15,2025-12,steam_store_search,False,True,STEAM_ONLY,True,,,,,,,Adulting,$2.99,False,https://store.steampowered.com/app/2986190/,
3497310,Beihai 2010,2025-12-16,2025-12,steam_store_search,False,True,STEAM_ONLY,True,,,,,,,Beihai 2010,$4.99,False,https://store.steampowered.com/app/3497310/,
3499870,Panic Room: Ghosts of the Past,2025-12-16,2025-12,steam_store_search,False,True,STEAM_ONLY,True,,,,,,,Panic Room: Ghosts of the Past,Free,True,https://store.steampowered.com/app/3499870/,
4113460,Restart Mode,2025-12-16,2025-12,steam_store_search,False,True,STEAM_ONLY,True,,,,,,,Restart Mode,-90%,False,https://store.steampowered.com/app/4113460/,
3221730,请领取社会保障卡,2025-12-16,2025-12,steam_store_search,False,True,STEAM_ONLY,True,,,,,,,请领取社会保障卡,$4.99,False,https://store.steampowered.com/app/3221730/,
3393330,Digital Heartbeat：Unknown Lover,2025-12-17,2025-12,steam_store_search,False,True,STEAM_ONLY,True,,,,,,,Digital Heartbeat：Unknown Lover,$9.99,False,https://store.steampowered.com/app/3393330/,
4192660,Drunk But Not Wasted Monk,2025-12-17,2025-12,steam_store_search,False,True,STEAM_ONLY,True,,,,,,,Drunk But Not Wasted Monk,-50%,False,https://store.steampowered.com/app/4192660/,
3644630,柘榴団地,2025-12-17,2025-12,steam_store_search,False,True,STEAM_ONLY,True,,,,,,,柘榴団地,$12.99,False,https://store.steampowered.com/app/3644630/,
3809590,100 Cats Lost in China Find & Color,2025-12-18,2025-12,steam_store_search,False,True,STEAM_ONLY,True,,,,,,,100 Cats Lost in China Find & Color,Free,True,https://store.steampowered.com/app/3809590/,
4214660,At the Mount Leng of madness,2025-12-18,2025-12,steam_store_search,False,True,STEAM_ONLY,True,,,,,,,At the Mount Leng of madness,$6.99,False,https://store.steampowered.com/app/4214660/,
4219930,Encore!,2025-12-18,2025-12,steam_store_search,False,True,STEAM_ONLY,True,,,,,,,Encore!,Free,True,https://store.steampowered.com/app/4219930/,
4220960,LOST IN TRANSIT,2025-12-18,2025-12,steam_store_search,False,True,STEAM_ONLY,True,,,,,,,LOST IN TRANSIT,$4.99,False,https://store.steampowered.com/app/4220960/,
3627790,Paper Bride 7 Lethal Bond,2025-12-18,2025-12,steam_store_search,False,True,STEAM_ONLY,True,,,,,,,Paper Bride 7 Lethal Bond,$9.99,False,https://store.steampowered.com/app/3627790/,
4156480,深夜観光TASOGARE,2025-12-18,2025-12,steam_store_search,False,True,STEAM_ONLY,True,,,,,,,深夜観光TASOGARE,Free,True,https://store.steampowered.com/app/4156480/,
3531160,荒岛求生：逃出美女岛,2025-12-18,2025-12,steam_store_search,False,True,STEAM_ONLY,True,,,,,,,荒岛求生：逃出美女岛,-20%,False,https://store.steampowered.com/app/3531160/,
4032820,靴下物語ー大門ジゲンの靴下店ー,2025-12-18,2025-12,steam_store_search,False,True,STEAM_ONLY,True,,,,,,,靴下物語ー大門ジゲンの靴下店ー,$0.99,False,https://store.steampowered.com/app/4032820/,
3396120,イマジナリーバッドフレンド,2025-12-21,2025-12,steam_store_search,False,True,STEAM_ONLY,True,,,,,,,イマジナリーバッドフレンド,Free,True,https://store.steampowered.com/app/3396120/,
3908770,Project Kouvola,2025-12-22,2025-12,steam_store_search,False,True,STEAM_ONLY,True,,,,,,,Project Kouvola,$4.99,False,https://store.steampowered.com/app/3908770/,
2983660,The Joker's Game,2025-12-23,2025-12,steam_store_search,False,True,STEAM_ONLY,True,,,,,,,The Joker's Game,-25%,False,https://store.steampowered.com/app/2983660/,
3406910,Game Of Fate 3：Clash Of Crowns,2025-12-24,2025-12,steam_store_search,False,True,STEAM_ONLY,True,,,,,,,Game Of Fate 3：Clash Of Crowns,-30%,False,https://store.steampowered.com/app/3406910/,
4220670,THE DOUBLE,2025-12-24,2025-12,steam_store_search,False,True,STEAM_ONLY,True,,,,,,,THE DOUBLE,Free,True,https://store.steampowered.com/app/4220670/,
4234540,Children's Future,2025-12-25,2025-12,steam_store_search,False,True,STEAM_ONLY,True,,,,,,,Children's Future,$0.99,False,https://store.steampowered.com/app/4234540/,
3693720,Concerto on White: Cajon Story,2025-12-25,2025-12,steam_store_search,False,True,STEAM_ONLY,True,,,,,,,Concerto on White: Cajon Story,$8.99,False,https://store.steampowered.com/app/3693720/,
4056630,Harry and the Haunted House,2025-12-26,2025-12,steam_store_search,False,True,STEAM_ONLY,True,,,,,,,Harry and the Haunted House,$9.99,False,https://store.steampowered.com/app/4056630/,
4056640,Little Monster at School,2025-12-26,2025-12,steam_store_search,False,True,STEAM_ONLY,True,,,,,,,Little Monster at School,$9.99,False,https://store.steampowered.com/app/4056640/,
3996530,Maggie's Farmyard Adventure,2025-12-26,2025-12,steam_store_search,False,True,STEAM_ONLY,True,,,,,,,Maggie's Farmyard Adventure,$9.99,False,https://store.steampowered.com/app/3996530/,
4161480,你好！我们还有场恋爱没谈-番外篇,2025-12-28,2025-12,steam_store_search,False,True,STEAM_ONLY,True,,,,,,,你好！我们还有场恋爱没谈-番外篇,-10%,False,https://store.steampowered.com/app/4161480/,
4219340,Fruit Fusion!,2025-12-30,2025-12,steam_store_search,False,True,STEAM_ONLY,True,,,,,,,Fruit Fusion!,Free,True,https://store.steampowered.com/app/4219340/,
3740990,烧尾宴,2025-12-31,2025-12,steam_store_search,False,True,STEAM_ONLY,True,,,,,,,烧尾宴,$8.99,False,https://store.steampowered.com/app/3740990/,
