steam_appid,name,steam_release_date,release_month,release_date_source,in_vndb,in_steam_visual_novel_tag,set_category,in_target_scope,exclusion_reason,vndb_ids,vndb_release_ids,vndb_titles,vndb_rtypes,vndb_official,steam_title,price_text,is_free,store_url,vndb_url,copies_sold,gamalytic_status,gamalytic_name,gamalytic_release_date_ms,gamalytic_cache_timestamp,copies_sold_fetched_at
1205160,Decadent Thinking,2020-01-01,2020-01,steam_store_search,True,True,INTERSECTION,True,,v27532,r79683,Taihai Shikou,complete,True,Decadent Thinking,$14.99,False,https://store.steampowered.com/app/1205160/,https://vndb.org/v27532,277,FOUND,Decadent Thinking,1577854800000,1786132828461,2026-08-08T12:07:45.053966+00:00
1168470,千面 Melancholy Love,2020-01-02,2020-01,steam_store_search,True,True,INTERSECTION,True,,v27565,r68714,Qian Mian,complete,True,千面 Melancholy Love,$4.99,False,https://store.steampowered.com/app/1168470/,https://vndb.org/v27565,26569,FOUND,千面 Melancholy Love,1577941200000,1786132828461,2026-08-08T12:07:45.053966+00:00
1049100,泡沫冬景,2020-01-02,2020-01,steam_store_search,True,True,INTERSECTION,True,,v24208,r81838,Christmas Tina -Utakata Toukei-,complete,True,泡沫冬景,$14.99,False,https://store.steampowered.com/app/1049100/,https://vndb.org/v24208,90198,FOUND,泡沫冬景,1577941200000,1786132828461,2026-08-08T12:07:45.053966+00:00
590800,Rainbow Dreams,2020-01-03,2020-01,steam_store_search,True,True,INTERSECTION,True,,v20128,r51184,Rainbow Dreams,complete,True,Rainbow Dreams,$9.99,False,https://store.steampowered.com/app/590800/,https://vndb.org/v20128,118,FOUND,Rainbow Dreams,1578027600000,1786132828461,2026-08-08T12:07:45.053966+00:00
1130900,黎明霞光,2020-01-10,2020-01,steam_store_search,True,True,INTERSECTION,True,,v27663,r68896,Liming Xiaguang,complete,True,黎明霞光,$2.99,False,https://store.steampowered.com/app/1130900/,https://vndb.org/v27663,140,FOUND,黎明霞光,1578632400000,1786132828461,2026-08-08T12:07:45.053966+00:00
1216080,坦率的小红帽和爱说谎的狼,2020-01-13,2020-01,steam_store_search,True,True,INTERSECTION,True,,v26215,r68929,Sunao na Akazukin to Usotsuki na Ookami,complete,True,坦率的小红帽和爱说谎的狼,Free,True,https://store.steampowered.com/app/1216080/,https://vndb.org/v26215,76478,FOUND,坦率的小红帽和爱说谎的狼,1578891600000,1786132828461,2026-08-08T12:07:45.053966+00:00
1071350,Little One - A Visual Novel,2020-01-14,2020-01,steam_store_search,True,True,INTERSECTION,True,,v24659,r68937,Xin zhi Jian,complete,True,Little One - A Visual Novel,$9.99,False,https://store.steampowered.com/app/1071350/,https://vndb.org/v24659,952,FOUND,Little One - A Visual Novel,1578978000000,1786132828461,2026-08-08T12:07:45.053966+00:00
1217390,Some Some Convenience Store,2020-01-14,2020-01,steam_store_search,True,True,INTERSECTION,True,,v27704,r122970,Some Some Pyeonuijeom,complete,True,Some Some Convenience Store,$14.99,False,https://store.steampowered.com/app/1217390/,https://vndb.org/v27704,70930,FOUND,Some Some Convenience Store,1578978000000,1786132828461,2026-08-08T12:07:45.053966+00:00
1148930,Chuusotsu! 1.5th Graduation: The Moving Castle,2020-01-17,2020-01,steam_store_search,True,True,INTERSECTION,True,,v21410,r52277,Chuusotsu - 1.5th Graduation: The Moving Castle,complete,True,Chuusotsu! 1.5th Graduation: The Moving Castle,$9.99,False,https://store.steampowered.com/app/1148930/,https://vndb.org/v21410,368,FOUND,Chuusotsu! 1.5th Graduation: The Moving Castle,1579237200000,1786132828461,2026-08-08T12:07:45.053966+00:00
1215120,DeeperRed2028-WeAreEscape-,2020-01-17,2020-01,steam_store_search,True,True,INTERSECTION,True,,v27703,r68990,Chihong 2028 -WeAreEscape-,complete,True,DeeperRed2028-WeAreEscape-,$1.99,False,https://store.steampowered.com/app/1215120/,https://vndb.org/v27703,140,FOUND,DeeperRed2028-WeAreEscape-,1579237200000,1786132828461,2026-08-08T12:07:45.053966+00:00
1118000,Revenant March,2020-01-17,2020-01,steam_store_search,True,True,INTERSECTION,True,,v27702,r68989,Revenant March,complete,True,Revenant March,$4.99,False,https://store.steampowered.com/app/1118000/,https://vndb.org/v27702,518,FOUND,Revenant March,1579237200000,1786132828461,2026-08-08T12:07:45.053966+00:00
1017880,The Dark Side,2020-01-20,2020-01,steam_store_search,True,True,INTERSECTION,True,,v27644,r68834,Tjomnaja storona,complete,True,The Dark Side,$0.99,False,https://store.steampowered.com/app/1017880/,https://vndb.org/v27644,286,FOUND,The Dark Side,1579496400000,1786132828461,2026-08-08T12:07:45.053966+00:00
1193330,Together - A Wish No One Remembers,2020-01-20,2020-01,steam_store_search,True,True,INTERSECTION,True,,v27735,r69056;r74329,Together - A Wish No One Remembers,complete;trial,True,Together - A Wish No One Remembers,$1.99,False,https://store.steampowered.com/app/1193330/,https://vndb.org/v27735,165,FOUND,Together - A Wish No One Remembers,1579496400000,1786132828461,2026-08-08T12:07:45.053966+00:00
1149550,Utawarerumono: Mask of Deception,2020-01-23,2020-01,steam_store_search,True,True,INTERSECTION,True,,v7721,r68816,Utawarerumono: Itsuwari no Kamen,complete,True,Utawarerumono: Mask of Deception,$39.99,False,https://store.steampowered.com/app/1149550/,https://vndb.org/v7721,52299,FOUND,Utawarerumono: Mask of Deception,1579755600000,1786132828461,2026-08-08T12:07:45.053966+00:00
1151440,Utawarerumono: Mask of Truth,2020-01-23,2020-01,steam_store_search,True,True,INTERSECTION,True,,v18717,r68817,Utawarerumono: Futari no Hakuoro,complete,True,Utawarerumono: Mask of Truth,$39.99,False,https://store.steampowered.com/app/1151440/,https://vndb.org/v18717,35712,FOUND,Utawarerumono: Mask of Truth,1579755600000,1786132828461,2026-08-08T12:07:45.053966+00:00
1180360,Two Love,2020-01-25,2020-01,steam_store_search,True,True,INTERSECTION,True,,v27760,r69123,Two Love,complete,True,Two Love,Free,True,https://store.steampowered.com/app/1180360/,https://vndb.org/v27760,396,FOUND,Two Love,1579928400000,1786132828461,2026-08-08T12:07:45.053966+00:00
914800,Coffee Talk,2020-01-29,2020-01,steam_store_search,True,True,INTERSECTION,True,,v23634,r69236,Coffee Talk,complete,True,Coffee Talk,-50%,False,https://store.steampowered.com/app/914800/,https://vndb.org/v23634,400135,FOUND,Coffee Talk,1580274000000,1786132828461,2026-08-08T12:07:45.053966+00:00
1011190,SIMULACRA 2,2020-01-30,2020-01,steam_store_search,True,True,INTERSECTION,True,,v57038,r137195,SIMULACRA 2,complete,True,SIMULACRA 2,$7.99,False,https://store.steampowered.com/app/1011190/,https://vndb.org/v57038,56838,FOUND,SIMULACRA 2,1580360400000,1786132828461,2026-08-08T12:07:45.053966+00:00
1087800,Arranged,2020-01-31,2020-01,steam_store_search,True,True,INTERSECTION,True,,v27834,r69316,Arranged,complete,True,Arranged,$0.99,False,https://store.steampowered.com/app/1087800/,https://vndb.org/v27834,522,FOUND,Arranged,1580446800000,1786132828461,2026-08-08T12:07:45.053966+00:00
1106950,Furries & Scalies: Friendswood,2020-01-31,2020-01,steam_store_search,True,True,INTERSECTION,True,,v27836,r69318,Furries & Scalies: Friendswood,complete,True,Furries & Scalies: Friendswood,$9.99,False,https://store.steampowered.com/app/1106950/,https://vndb.org/v27836,1,FOUND,Furries & Scalies: Friendswood,1580446800000,1786132828461,2026-08-08T12:07:45.053966+00:00
942020,Grimm & Tonic: Aperitif,2020-01-31,2020-01,steam_store_search,True,True,INTERSECTION,True,,v23383,r59581,Grimm & Tonic: Aperitif,complete,True,Grimm & Tonic: Aperitif,-75%,False,https://store.steampowered.com/app/942020/,https://vndb.org/v23383,1170,FOUND,Grimm & Tonic: Aperitif,1580446800000,1786132828461,2026-08-08T12:07:45.053966+00:00
1139950,Two Weeks in Painland,2020-02-03,2020-02,steam_store_search,True,True,INTERSECTION,True,,v27946,r69599,Two Weeks in Painland,complete,True,Two Weeks in Painland,Free,True,https://store.steampowered.com/app/1139950/,https://vndb.org/v27946,4690,FOUND,Two Weeks in Painland,1580706000000,1786132828461,2026-08-08T12:07:45.053966+00:00
1159660,Moe Era,2020-02-04,2020-02,steam_store_search,True,True,INTERSECTION,True,,v26814,r67090,Era milyh veschej,complete,True,Moe Era,Free,True,https://store.steampowered.com/app/1159660/,https://vndb.org/v26814,223698,FOUND,Moe Era,1580792400000,1786132828461,2026-08-08T12:07:45.053966+00:00
897220,Summer Pockets,2020-02-05,2020-02,steam_store_search,True,True,INTERSECTION,True,,v20424,r71942,Summer Pockets,complete,True,Summer Pockets,$44.99,False,https://store.steampowered.com/app/897220/,https://vndb.org/v20424,99878,FOUND,Summer Pockets,1580878800000,1786132828461,2026-08-08T12:07:45.053966+00:00
1207210,The foreigner,2020-02-05,2020-02,steam_store_search,True,True,INTERSECTION,True,,v27884,r87672,Yibang Ren,complete,True,The foreigner,$0.99,False,https://store.steampowered.com/app/1207210/,https://vndb.org/v27884,1140,FOUND,The foreigner,1580878800000,1786132828461,2026-08-08T12:07:45.053966+00:00
1174940,Kill or Love,2020-02-07,2020-02,steam_store_search,True,True,INTERSECTION,True,,v26356,r65534,Kill or Love,complete,True,Kill or Love,Free,True,https://store.steampowered.com/app/1174940/,https://vndb.org/v26356,138834,FOUND,Kill or Love,1581051600000,1786132828461,2026-08-08T12:07:45.053966+00:00
1224530,Naked News,2020-02-07,2020-02,steam_store_search,True,True,INTERSECTION,True,,v29089,r74121,Naked News,complete,True,Naked News,$0.99,False,https://store.steampowered.com/app/1224530/,https://vndb.org/v29089,4879,FOUND,Naked News,1581051600000,1786132828461,2026-08-08T12:07:45.053966+00:00
1189440,VenusBlood FRONTIER International,2020-02-07,2020-02,steam_store_search,True,True,INTERSECTION,True,,v9409,r84869,VenusBlood -FRONTIER-,complete,True,VenusBlood FRONTIER International,$39.99,False,https://store.steampowered.com/app/1189440/,https://vndb.org/v9409,25607,FOUND,VenusBlood FRONTIER International,1581051600000,1786132828461,2026-08-08T12:07:45.053966+00:00
1209610,Virtually Real Life,2020-02-07,2020-02,steam_store_search,True,True,INTERSECTION,True,,v27979,r69684,Virtually Real Life,complete,True,Virtually Real Life,$3.99,False,https://store.steampowered.com/app/1209610/,https://vndb.org/v27979,40,FOUND,Virtually Real Life,1581051600000,1786132828461,2026-08-08T12:07:45.053966+00:00
1211650,Cirno's Perfect Summer Vacation,2020-02-10,2020-02,steam_store_search,True,True,INTERSECTION,True,,v26730,r66855,Cirno's Perfect Summer Vacation,complete,True,Cirno's Perfect Summer Vacation,Free,True,https://store.steampowered.com/app/1211650/,https://vndb.org/v26730,8550,FOUND,Cirno's Perfect Summer Vacation,1581310800000,1786132828461,2026-08-08T12:07:45.053966+00:00
1232180,Sakuya Izayoi Gives You Advice And Dabs,2020-02-10,2020-02,steam_store_search,True,True,INTERSECTION,True,,v27913,r123940,Sakuya Izayoi Gives You Advice And Dabs,complete,True,Sakuya Izayoi Gives You Advice And Dabs,$0.99,False,https://store.steampowered.com/app/1232180/,https://vndb.org/v27913,77050,FOUND,Sakuya Izayoi Gives You Advice And Dabs,1581310800000,1786132828461,2026-08-08T12:07:45.053966+00:00
812590,Awakening of Celestial,2020-02-12,2020-02,steam_store_search,True,True,INTERSECTION,True,,v27929,r69544,Awakening of Celestial,complete,True,Awakening of Celestial,$9.99,False,https://store.steampowered.com/app/812590/,https://vndb.org/v27929,33,FOUND,Awakening of Celestial,1581483600000,1786132828461,2026-08-08T12:07:45.053966+00:00
1234030,ゴシックマーダー -運命を変えるアドベンチャー-,2020-02-12,2020-02,steam_store_search,True,True,INTERSECTION,True,,v27932,r69550,Gothic Murder -Unmei o Kaeru Adventure-,complete,True,ゴシックマーダー -運命を変えるアドベンチャー-,$11.99,False,https://store.steampowered.com/app/1234030/,https://vndb.org/v27932,1260,FOUND,ゴシックマーダー -運命を変えるアドベンチャー-,1581483600000,1786132828461,2026-08-08T12:07:45.053966+00:00
1082700,Dinosaur Shakespeare: To Date or Not To Date?,2020-02-13,2020-02,steam_store_search,True,True,INTERSECTION,True,,v27939,r69569,Dinosaur Shakespeare: To Date or Not to Date?,complete,True,Dinosaur Shakespeare: To Date or Not To Date?,$9.99,False,https://store.steampowered.com/app/1082700/,https://vndb.org/v27939,96,FOUND,Dinosaur Shakespeare: To Date or Not To Date?,1581570000000,1786132828461,2026-08-08T12:07:45.053966+00:00
1228960,Harolds Harem: The Neckoning,2020-02-13,2020-02,steam_store_search,True,True,INTERSECTION,True,,v30524,r78122,Harold's Harem: The Neckoning,complete,True,Harolds Harem: The Neckoning,$3.99,False,https://store.steampowered.com/app/1228960/,https://vndb.org/v30524,328,FOUND,Harolds Harem: The Neckoning,1581570000000,1786132828461,2026-08-08T12:07:45.053966+00:00
1220710,Ace In Space,2020-02-14,2020-02,steam_store_search,True,True,INTERSECTION,True,,v27943,r69595,Ace in Space,complete,True,Ace In Space,$6.99,False,https://store.steampowered.com/app/1220710/,https://vndb.org/v27943,1329,FOUND,Ace In Space,1581656400000,1786132828461,2026-08-08T12:07:45.053966+00:00
1041210,Mission: It's Complicated,2020-02-14,2020-02,steam_store_search,True,True,INTERSECTION,True,,v30535,r78173,Mission: It's Complicated,complete,True,Mission: It's Complicated,Free,True,https://store.steampowered.com/app/1041210/,https://vndb.org/v30535,14245,FOUND,Mission: It's Complicated,1581656400000,1786132828461,2026-08-08T12:07:45.053966+00:00
1221890,SCP: One More Life,2020-02-14,2020-02,steam_store_search,True,True,INTERSECTION,True,,v27944,r69596,SCP: One More Life,complete,True,SCP: One More Life,$3.99,False,https://store.steampowered.com/app/1221890/,https://vndb.org/v27944,546,FOUND,SCP: One More Life,1581656400000,1786132828461,2026-08-08T12:07:45.053966+00:00
1144400,Senren＊Banka,2020-02-14,2020-02,steam_store_search,True,True,INTERSECTION,True,,v19073,r52360,Senren * Banka,complete,True,Senren＊Banka,$34.99,False,https://store.steampowered.com/app/1144400/,https://vndb.org/v19073,1104424,FOUND,Senren＊Banka,1581656400000,1786132828461,2026-08-08T12:07:45.053966+00:00
1236480,King of Volleyball,2020-02-15,2020-02,steam_store_search,True,True,INTERSECTION,True,,v27833,r69634,King of Volleyball,complete,True,King of Volleyball,$3.99,False,https://store.steampowered.com/app/1236480/,https://vndb.org/v27833,179,FOUND,King of Volleyball,1581742800000,1786132828461,2026-08-08T12:07:45.053966+00:00
1202770,kirakira stars idol project AI,2020-02-16,2020-02,steam_store_search,True,True,INTERSECTION,True,,v27959,r69635,Kirakira Stars -idol project Ai-,complete,True,kirakira stars idol project AI,$12.99,False,https://store.steampowered.com/app/1202770/,https://vndb.org/v27959,2816,FOUND,kirakira stars idol project AI,1581829200000,1786132828461,2026-08-08T12:07:45.053966+00:00
1232120,Aether Field,2020-02-17,2020-02,steam_store_search,True,True,INTERSECTION,True,,v27970,r69648,Aether Field,complete,True,Aether Field,$3.99,False,https://store.steampowered.com/app/1232120/,https://vndb.org/v27970,783,FOUND,Aether Field,1581915600000,1786132828461,2026-08-08T12:07:45.053966+00:00
974910,Magical Diary: Wolf Hall,2020-02-17,2020-02,steam_store_search,True,True,INTERSECTION,True,,v24966,r61278,Magical Diary: Wolf Hall,complete,True,Magical Diary: Wolf Hall,$24.99,False,https://store.steampowered.com/app/974910/,https://vndb.org/v24966,8405,FOUND,Magical Diary: Wolf Hall,1581915600000,1786132828461,2026-08-08T12:07:45.053966+00:00
926340,Roman's Christmas / 罗曼圣诞探案集,2020-02-19,2020-02,steam_store_search,True,True,INTERSECTION,True,,v26897,r76436,Luoman Shengdan Tan An Ji,complete,True,Roman's Christmas / 罗曼圣诞探案集,$10.99,False,https://store.steampowered.com/app/926340/,https://vndb.org/v26897,27549,FOUND,Roman's Christmas / 罗曼圣诞探案集,1582088400000,1786132828461,2026-08-08T12:07:45.053966+00:00
1123510,Самозванец,2020-02-19,2020-02,steam_store_search,True,True,INTERSECTION,True,,v27976,r69676,Samozvanec,complete,True,Самозванец,$3.99,False,https://store.steampowered.com/app/1123510/,https://vndb.org/v27976,826,FOUND,Самозванец,1582088400000,1786132828461,2026-08-08T12:07:45.053966+00:00
1213550,Devil's Kiss,2020-02-21,2020-02,steam_store_search,True,True,INTERSECTION,True,,v27987,r69731,Devil's Kiss,complete,True,Devil's Kiss,$1.99,False,https://store.steampowered.com/app/1213550/,https://vndb.org/v27987,2966,FOUND,Devil's Kiss,1582261200000,1786132828461,2026-08-08T12:07:45.053966+00:00
1147760,The End of an Actress,2020-02-21,2020-02,steam_store_search,True,True,INTERSECTION,True,,v24666,r60564,The End of an Actress,complete,True,The End of an Actress,$9.99,False,https://store.steampowered.com/app/1147760/,https://vndb.org/v24666,958,FOUND,The End of an Actress,1582261200000,1786132828461,2026-08-08T12:07:45.053966+00:00
1244850,Witch College 2,2020-02-24,2020-02,steam_store_search,True,True,INTERSECTION,True,,v26858,r69565,Witch College 2,complete,True,Witch College 2,$4.99,False,https://store.steampowered.com/app/1244850/,https://vndb.org/v26858,288,FOUND,Witch College 2,1582520400000,1786132828461,2026-08-08T12:07:45.053966+00:00
1174400,Togainu no Chi ~Lost Blood~,2020-02-25,2020-02,steam_store_search,True,True,INTERSECTION,True,,v434,r69808;r69855,Togainu no Chi,complete;trial,True,Togainu no Chi ~Lost Blood~,$19.99,False,https://store.steampowered.com/app/1174400/,https://vndb.org/v434,24894,FOUND,Togainu no Chi ~Lost Blood~,1582606800000,1786132828461,2026-08-08T12:07:45.053966+00:00
1222060,千里の棋譜 ～現代将棋ミステリー～,2020-02-26,2020-02,steam_store_search,True,True,INTERSECTION,True,,v26903,r69070,Senri no Kifu,complete,True,千里の棋譜 ～現代将棋ミステリー～,$29.99,False,https://store.steampowered.com/app/1222060/,https://vndb.org/v26903,244,FOUND,千里の棋譜 ～現代将棋ミステリー～,1582693200000,1786132828461,2026-08-08T12:07:45.053966+00:00
1233270,OshiRabu: Waifus Over Husbandos,2020-02-27,2020-02,steam_store_search,True,True,INTERSECTION,True,,v27236,r69530,Oshi no Love yori Koi no Love,complete,True,OshiRabu: Waifus Over Husbandos,$19.99,False,https://store.steampowered.com/app/1233270/,https://vndb.org/v27236,74178,FOUND,OshiRabu: Waifus Over Husbandos,1582779600000,1786132828461,2026-08-08T12:07:45.053966+00:00
1189850,鶴鄉戀旅,2020-02-27,2020-02,steam_store_search,True,True,INTERSECTION,True,,v28039,r69897,He Xiang Lian Lu,complete,True,鶴鄉戀旅,Free,True,https://store.steampowered.com/app/1189850/,https://vndb.org/v28039,12593,FOUND,鶴鄉戀旅,1582779600000,1786132828461,2026-08-08T12:07:45.053966+00:00
1202540,Marco & The Galaxy Dragon,2020-02-28,2020-02,steam_store_search,True,True,INTERSECTION,True,,v26902,r67327;r68634;r76628,Marco to Ginga Ryuu,complete;trial,True,Marco & The Galaxy Dragon,$19.99,False,https://store.steampowered.com/app/1202540/,https://vndb.org/v26902,168357,FOUND,Marco & The Galaxy Dragon,1582866000000,1786132828461,2026-08-08T12:07:45.053966+00:00
1212040,Paws & Effect: My Dogs Are Human!,2020-02-28,2020-02,steam_store_search,True,True,INTERSECTION,True,,v19258,r69901,Paws & Effect: My Dogs Are Human!,complete,True,Paws & Effect: My Dogs Are Human!,$4.99,False,https://store.steampowered.com/app/1212040/,https://vndb.org/v19258,389,FOUND,Paws & Effect: My Dogs Are Human!,1582866000000,1786132828461,2026-08-08T12:07:45.053966+00:00
1249850,King of Vikings,2020-02-29,2020-02,steam_store_search,True,True,INTERSECTION,True,,v27988,r69736,King of Vikings,complete,True,King of Vikings,$3.99,False,https://store.steampowered.com/app/1249850/,https://vndb.org/v27988,267,FOUND,King of Vikings,1582952400000,1786132828461,2026-08-08T12:07:45.053966+00:00
1156990,Return to Shironagasu Island,2020-03-02,2020-03,steam_store_search,True,True,INTERSECTION,True,,v25413,r124126;r95097,Shironagasu Tou e no Kikan,complete,True,Return to Shironagasu Island,$4.99,False,https://store.steampowered.com/app/1156990/,https://vndb.org/v25413,141680,FOUND,Return to Shironagasu Island,1583125200000,1786132828461,2026-08-08T12:07:45.053966+00:00
1236100,Of Evil and Darkness,2020-03-03,2020-03,steam_store_search,True,True,INTERSECTION,True,,v28051,r69935,Of Evil and Darkness,complete,True,Of Evil and Darkness,$1.99,False,https://store.steampowered.com/app/1236100/,https://vndb.org/v28051,30,FOUND,Of Evil and Darkness,1583211600000,1786132828461,2026-08-08T12:07:45.053966+00:00
1248870,イヌワシ ～うらぶれ探偵とお嬢様刑事の池袋事件ファイル～,2020-03-03,2020-03,steam_store_search,True,True,INTERSECTION,True,,v28019,r69825,Inuwashi ~Urabure Tantei to Ojousama Keiji no Ikebukuro Jiken File~,complete,True,イヌワシ ～うらぶれ探偵とお嬢様刑事の池袋事件ファイル～,$14.99,False,https://store.steampowered.com/app/1248870/,https://vndb.org/v28019,336,FOUND,イヌワシ ～うらぶれ探偵とお嬢様刑事の池袋事件ファイル～,1583211600000,1786132828461,2026-08-08T12:07:45.053966+00:00
1140290,Murder by Numbers,2020-03-06,2020-03,steam_store_search,True,True,INTERSECTION,True,,v27484,r68539,Murder by Numbers,complete,True,Murder by Numbers,$14.99,False,https://store.steampowered.com/app/1140290/,https://vndb.org/v27484,44477,FOUND,Murder by Numbers,1583470800000,1786132828461,2026-08-08T12:07:45.053966+00:00
1166110,Gods of Love: An Otome Visual Novel,2020-03-09,2020-03,steam_store_search,True,True,INTERSECTION,True,,v26870,r67232,Gods of Love,complete,True,Gods of Love: An Otome Visual Novel,$15.99,False,https://store.steampowered.com/app/1166110/,https://vndb.org/v26870,1716,FOUND,Gods of Love: An Otome Visual Novel,1583726400000,1786132828461,2026-08-08T12:07:45.053966+00:00
1235400,CATharsis,2020-03-11,2020-03,steam_store_search,True,True,INTERSECTION,True,,v28099,r119521;r70120,Watashi wa Neko ni Naritai,complete;trial,True,CATharsis,$2.99,False,https://store.steampowered.com/app/1235400/,https://vndb.org/v28099,359,FOUND,CATharsis,1583899200000,1786132828461,2026-08-08T12:07:45.053966+00:00
1217570,Lessons with Chii-chan,2020-03-12,2020-03,steam_store_search,True,True,INTERSECTION,True,,v19634,r123386,Baka Dakedo Chinchin Shaburu no Dake wa Jouzu na Chii-chan ♥,complete,True,Lessons with Chii-chan,$19.99,False,https://store.steampowered.com/app/1217570/,https://vndb.org/v19634,7153,FOUND,Lessons with Chii-chan,1583985600000,1786132828461,2026-08-08T12:07:45.053966+00:00
1161870,Epiphyllum in Love,2020-03-16,2020-03,steam_store_search,True,True,INTERSECTION,True,,v28114,r86551,Tanhua,complete,True,Epiphyllum in Love,$3.99,False,https://store.steampowered.com/app/1161870/,https://vndb.org/v28114,40668,FOUND,Epiphyllum in Love,1584331200000,1786132828461,2026-08-08T12:07:45.053966+00:00
1238680,Amairo Chocolate,2020-03-19,2020-03,steam_store_search,True,True,INTERSECTION,True,,v26581,r70260,Amairo Chocolata,complete,True,Amairo Chocolate,$24.99,False,https://store.steampowered.com/app/1238680/,https://vndb.org/v26581,25393,FOUND,Amairo Chocolate,1584590400000,1786132828461,2026-08-08T12:07:45.053966+00:00
1246020,NOeSIS01_诉说谎言记忆物语,2020-03-19,2020-03,steam_store_search,True,True,INTERSECTION,True,,v11029,r114297;r70000,NOeSIS ~Uso o Tsuita Kioku no Monogatari~,complete,True,NOeSIS01_诉说谎言记忆物语,Free,True,https://store.steampowered.com/app/1246020/,https://vndb.org/v11029,56768,FOUND,NOeSIS01_诉说谎言记忆物语,1584590400000,1786132828461,2026-08-08T12:07:45.053966+00:00
890700,Caffeine: Victoria's Legacy,2020-03-20,2020-03,steam_store_search,True,True,INTERSECTION,True,,v24502,r60133,Caffeine: Victoria's Legacy,complete,True,Caffeine: Victoria's Legacy,$17.99,False,https://store.steampowered.com/app/890700/,https://vndb.org/v24502,816,FOUND,Caffeine: Victoria's Legacy,1584676800000,1786132828461,2026-08-08T12:07:45.053966+00:00
1013820,Stars and Snowdrops,2020-03-22,2020-03,steam_store_search,True,True,INTERSECTION,True,,v28140,r70325,Stars and Snowdrops,complete,True,Stars and Snowdrops,$1.99,False,https://store.steampowered.com/app/1013820/,https://vndb.org/v28140,850,FOUND,Stars and Snowdrops,1584849600000,1786132828461,2026-08-08T12:07:45.053966+00:00
1264290,What's Inside??,2020-03-23,2020-03,steam_store_search,True,True,INTERSECTION,True,,v28139,r70324,What's Inside??,complete,True,What's Inside??,$4.99,False,https://store.steampowered.com/app/1264290/,https://vndb.org/v28139,1,FOUND,What's Inside??,1584936000000,1786132828461,2026-08-08T12:07:45.053966+00:00
1162650,Ken ga Kimi,2020-03-25,2020-03,steam_store_search,True,True,INTERSECTION,True,,v11472,r67507,Ken ga Kimi,complete,True,Ken ga Kimi,$49.99,False,https://store.steampowered.com/app/1162650/,https://vndb.org/v11472,26744,FOUND,Ken ga Kimi,1585108800000,1786132828461,2026-08-08T12:07:45.053966+00:00
1258770,6 PEOPLE,2020-03-26,2020-03,steam_store_search,True,True,INTERSECTION,True,,v28152,r70400,6 PEOPLE,complete,True,6 PEOPLE,Free,True,https://store.steampowered.com/app/1258770/,https://vndb.org/v28152,4381,FOUND,6 PEOPLE,1585195200000,1786132828461,2026-08-08T12:07:45.053966+00:00
1258930,"The Sunset that day, あの日見た夕陽",2020-03-26,2020-03,steam_store_search,True,True,INTERSECTION,True,,v28153,r124037,Ano Hi Mita Yuuhi,complete,True,"The Sunset that day, あの日見た夕陽",$6.99,False,https://store.steampowered.com/app/1258930/,https://vndb.org/v28153,15,FOUND,"The Sunset that day, あの日見た夕陽",1585195200000,1786132828461,2026-08-08T12:07:45.053966+00:00
1250770,前進吧！高捷少女Initiating Station PLUS,2020-03-27,2020-03,steam_store_search,True,True,INTERSECTION,True,,v21596,r70002,Qianjin ba!! Gao Jie Shaonv IS,complete,True,前進吧！高捷少女Initiating Station PLUS,$9.99,False,https://store.steampowered.com/app/1250770/,https://vndb.org/v21596,2642,FOUND,前進吧！高捷少女Initiating Station PLUS,1585281600000,1786132828461,2026-08-08T12:07:45.053966+00:00
857200,Planet Stronghold 2,2020-03-31,2020-03,steam_store_search,True,True,INTERSECTION,True,,v38204,r95675,Planet Stronghold 2,complete,True,Planet Stronghold 2,-75%,False,https://store.steampowered.com/app/857200/,https://vndb.org/v38204,1389,FOUND,Planet Stronghold 2,1585627200000,1786132828461,2026-08-08T12:07:45.053966+00:00
1202310,Sakura Succubus,2020-03-31,2020-03,steam_store_search,True,True,INTERSECTION,True,,v28187,r70522,Sakura Succubus,complete,True,Sakura Succubus,$9.99,False,https://store.steampowered.com/app/1202310/,https://vndb.org/v28187,36214,FOUND,Sakura Succubus,1585627200000,1786132828461,2026-08-08T12:07:45.053966+00:00
1263450,蔚蓝月下,2020-03-31,2020-03,steam_store_search,True,True,INTERSECTION,True,,v24822,r60900,Weilan Yue Xia - Sapphire Moon,complete,True,蔚蓝月下,-62%,False,https://store.steampowered.com/app/1263450/,https://vndb.org/v24822,1070,FOUND,蔚蓝月下,1585627200000,1786132828461,2026-08-08T12:07:45.053966+00:00
1213000,In Her Eyes,2020-04-01,2020-04,steam_store_search,True,True,INTERSECTION,True,,v28192,r70589,Binu zhi Tong,complete,True,In Her Eyes,-50%,False,https://store.steampowered.com/app/1213000/,https://vndb.org/v28192,2645,FOUND,In Her Eyes,1585713600000,1786132828461,2026-08-08T12:07:45.053966+00:00
738510,Memories Off -Innocent Fille-,2020-04-01,2020-04,steam_store_search,True,True,INTERSECTION,True,,v21964,r69997,Memories Off -Innocent Fille-,complete,True,Memories Off -Innocent Fille-,$39.99,False,https://store.steampowered.com/app/738510/,https://vndb.org/v21964,28326,FOUND,Memories Off -Innocent Fille-,1585713600000,1786132828461,2026-08-08T12:07:45.053966+00:00
1267270,Yumeutsutsu Re:Idol,2020-04-01,2020-04,steam_store_search,True,True,INTERSECTION,True,,v28201,r70611,Yumeutsutsu Re:Idol,complete,True,Yumeutsutsu Re:Idol,$4.99,False,https://store.steampowered.com/app/1267270/,https://vndb.org/v28201,967,FOUND,Yumeutsutsu Re:Idol,1585713600000,1786132828461,2026-08-08T12:07:45.053966+00:00
1178150,MazM: Jekyll and Hyde,2020-04-02,2020-04,steam_store_search,True,True,INTERSECTION,True,,v28849,r73386,MazM: Jekyll and Hyde,complete,True,MazM: Jekyll and Hyde,$14.99,False,https://store.steampowered.com/app/1178150/,https://vndb.org/v28849,3978,FOUND,MazM: Jekyll and Hyde,1585800000000,1786132828461,2026-08-08T12:07:45.053966+00:00
1194740,MetaWare High School (Demo),2020-04-02,2020-04,steam_store_search,True,True,INTERSECTION,True,,v28202,r70612,MetaWare High School (Demo),complete,True,MetaWare High School (Demo),Free,True,https://store.steampowered.com/app/1194740/,https://vndb.org/v28202,46980,FOUND,MetaWare High School (Demo),1585800000000,1786132828461,2026-08-08T12:07:45.053966+00:00
1261570,Motion Of The Heart,2020-04-02,2020-04,steam_store_search,True,True,INTERSECTION,True,,v28203,r70614,Dvizhenie serdca,complete,True,Motion Of The Heart,$0.99,False,https://store.steampowered.com/app/1261570/,https://vndb.org/v28203,2576,FOUND,Motion Of The Heart,1585800000000,1786132828461,2026-08-08T12:07:45.053966+00:00
1151740,Prison Princess,2020-04-02,2020-04,steam_store_search,True,True,INTERSECTION,True,,v27453,r70147,Prison Princess,complete,True,Prison Princess,$19.99,False,https://store.steampowered.com/app/1151740/,https://vndb.org/v27453,15929,FOUND,Prison Princess,1585800000000,1786132828461,2026-08-08T12:07:45.053966+00:00
1200720,Making*Lovers,2020-04-03,2020-04,steam_store_search,True,True,INTERSECTION,True,,v21552,r61141,Making * Lovers,complete,True,Making*Lovers,$29.99,False,https://store.steampowered.com/app/1200720/,https://vndb.org/v21552,17669,FOUND,Making*Lovers,1585886400000,1786132828461,2026-08-08T12:07:45.053966+00:00
1264090,Once Upon an Electric Dream,2020-04-08,2020-04,steam_store_search,True,True,INTERSECTION,True,,v28250,r70759,Once Upon an Electric Dream,complete,True,Once Upon an Electric Dream,$2.99,False,https://store.steampowered.com/app/1264090/,https://vndb.org/v28250,75,FOUND,Once Upon an Electric Dream,1586318400000,1786132828461,2026-08-08T12:07:45.053966+00:00
1233420,Wanderlust: Transsiberian,2020-04-09,2020-04,steam_store_search,True,True,INTERSECTION,True,,v28939,r73678,Wanderlust: Transsiberian,complete,True,Wanderlust: Transsiberian,$4.99,False,https://store.steampowered.com/app/1233420/,https://vndb.org/v28939,2309,FOUND,Wanderlust: Transsiberian,1586404800000,1786132828461,2026-08-08T12:07:45.053966+00:00
1040390,Later Daters - Premium,2020-04-16,2020-04,steam_store_search,True,True,INTERSECTION,True,,v28728,r123177,Later Daters,complete,True,Later Daters - Premium,$14.99,False,https://store.steampowered.com/app/1040390/,https://vndb.org/v28728,2982,FOUND,Later Daters - Premium,1587009600000,1786132828461,2026-08-08T12:07:45.053966+00:00
1022150,Bios Ex - Yami no Wakusei,2020-04-17,2020-04,steam_store_search,True,True,INTERSECTION,True,,v23121,r57214,Bios Ex - Yami no Wakusei,complete,True,Bios Ex - Yami no Wakusei,$9.99,False,https://store.steampowered.com/app/1022150/,https://vndb.org/v23121,333,FOUND,Bios Ex - Yami no Wakusei,1587096000000,1786132828461,2026-08-08T12:07:45.053966+00:00
1121300,Mizuchi 白蛇心傳,2020-04-17,2020-04,steam_store_search,True,True,INTERSECTION,True,,v23853,r150508;r69866;r69867,Mizuchi,complete;trial,True,Mizuchi 白蛇心傳,$14.99,False,https://store.steampowered.com/app/1121300/,https://vndb.org/v23853,2781,FOUND,Mizuchi 白蛇心傳,1587096000000,1786132828461,2026-08-08T12:07:45.053966+00:00
1214720,轻梦谭 - 瓮之篇 -,2020-04-18,2020-04,vndb_steam_release,True,True,INTERSECTION,True,,v30381,r77749;r95332,Qing Meng Tan - Weng Zhi Pian -,complete;trial,True,轻梦谭 - 瓮之篇 -,,False,https://store.steampowered.com/app/1214720/,https://vndb.org/v30381,,NOT_FOUND,,,,2026-08-08T12:07:45.053966+00:00
1235510,晴空：未来的守望,2020-04-20,2020-04,steam_store_search,True,True,INTERSECTION,True,,v47961,r115203;r115204,Qingkong: Weilai De Shouwang,complete;trial,True,晴空：未来的守望,$0.99,False,https://store.steampowered.com/app/1235510/,https://vndb.org/v47961,151,FOUND,晴空：未来的守望,1587355200000,1786132828461,2026-08-08T12:07:45.053966+00:00
1249260,Birth ME Code,2020-04-22,2020-04,steam_store_search,True,True,INTERSECTION,True,,v28327,r71141;r71142,Birth ME Code,complete;trial,True,Birth ME Code,$14.99,False,https://store.steampowered.com/app/1249260/,https://vndb.org/v28327,3897,FOUND,Birth ME Code,1587528000000,1786132828461,2026-08-08T12:07:45.053966+00:00
1268140,Lair Land Story,2020-04-22,2020-04,steam_store_search,True,True,INTERSECTION,True,,v1801,r70777;r94268,Landao Wuyu: Shaonü de Yueding,complete,True,Lair Land Story,$14.99,False,https://store.steampowered.com/app/1268140/,https://vndb.org/v1801,10663,FOUND,Lair Land Story,1587528000000,1786132828461,2026-08-08T12:07:45.053966+00:00
1267260,Yumeutsutsu Re:After,2020-04-22,2020-04,steam_store_search,True,True,INTERSECTION,True,,v26592,r122953,Yumeutsutsu Re:After,complete,True,Yumeutsutsu Re:After,$49.99,False,https://store.steampowered.com/app/1267260/,https://vndb.org/v26592,2878,FOUND,Yumeutsutsu Re:After,1587528000000,1786132828461,2026-08-08T12:07:45.053966+00:00
1111370,A Summer's End - Hong Kong 1986,2020-04-23,2020-04,steam_store_search,True,True,INTERSECTION,True,,v26444,r122238,A Summer's End - Hong Kong 1986,complete,True,A Summer's End - Hong Kong 1986,$14.99,False,https://store.steampowered.com/app/1111370/,https://vndb.org/v26444,53818,FOUND,A Summer's End - Hong Kong 1986,1587614400000,1786132828461,2026-08-08T12:07:45.053966+00:00
1284660,ロストカラーズ／再装版 / LOSTCOLORS,2020-04-23,2020-04,steam_store_search,True,True,INTERSECTION,True,,v6270,r70761,Lost Colors,complete,True,ロストカラーズ／再装版 / LOSTCOLORS,$34.99,False,https://store.steampowered.com/app/1284660/,https://vndb.org/v6270,39,FOUND,ロストカラーズ／再装版 / LOSTCOLORS,1587614400000,1786132828461,2026-08-08T12:07:45.053966+00:00
1164000,六阶谜题 six-step mystery,2020-04-23,2020-04,steam_store_search,True,True,INTERSECTION,True,,v28330,r71148,Liujie Miti,complete,True,六阶谜题 six-step mystery,$6.99,False,https://store.steampowered.com/app/1164000/,https://vndb.org/v28330,12563,FOUND,六阶谜题 six-step mystery,1587614400000,1786132828461,2026-08-08T12:07:45.053966+00:00
1284300,King of Spies,2020-04-24,2020-04,steam_store_search,True,True,INTERSECTION,True,,v28256,r70781,King of Spies,complete,True,King of Spies,$3.99,False,https://store.steampowered.com/app/1284300/,https://vndb.org/v28256,206,FOUND,King of Spies,1587700800000,1786132828461,2026-08-08T12:07:45.053966+00:00
1210030,노베나 디아볼로스,2020-04-26,2020-04,steam_store_search,True,True,INTERSECTION,True,,v28384,r71476,Novena Diabolos,complete,True,노베나 디아볼로스,$18.99,False,https://store.steampowered.com/app/1210030/,https://vndb.org/v28384,34252,FOUND,노베나 디아볼로스,1587873600000,1786132828461,2026-08-08T12:07:45.053966+00:00
1294160,DJIGULI,2020-04-27,2020-04,steam_store_search,True,True,INTERSECTION,True,,v28313,r71057,DJIGULI,complete,True,DJIGULI,$0.99,False,https://store.steampowered.com/app/1294160/,https://vndb.org/v28313,67,FOUND,DJIGULI,1587960000000,1786132828461,2026-08-08T12:07:45.053966+00:00
1274200,Enamored Risks,2020-04-27,2020-04,steam_store_search,True,True,INTERSECTION,True,,v28275,r70876,Enamored Risks,complete,True,Enamored Risks,Free,True,https://store.steampowered.com/app/1274200/,https://vndb.org/v28275,18900,FOUND,Enamored Risks,1587960000000,1786132828461,2026-08-08T12:07:45.053966+00:00
1275190,Inside The Mirror,2020-04-27,2020-04,steam_store_search,True,True,INTERSECTION,True,,v28350,r71280,Inside The Mirror,complete,True,Inside The Mirror,$0.99,False,https://store.steampowered.com/app/1275190/,https://vndb.org/v28350,248,FOUND,Inside The Mirror,1587960000000,1786132828461,2026-08-08T12:07:45.053966+00:00
1263110,What Makes Us Special,2020-04-27,2020-04,steam_store_search,True,True,INTERSECTION,True,,v28349,r71279,Co Czyni Nas Wyjątkowymi,complete,True,What Makes Us Special,$5.99,False,https://store.steampowered.com/app/1263110/,https://vndb.org/v28349,1495,FOUND,What Makes Us Special,1587960000000,1786132828461,2026-08-08T12:07:45.053966+00:00
970600,Paranoia: Deliver Me,2020-04-28,2020-04,steam_store_search,True,True,INTERSECTION,True,,v23743,r60426,Wangxiang Zheng: Deliver Me,complete,True,Paranoia: Deliver Me,$1.99,False,https://store.steampowered.com/app/970600/,https://vndb.org/v23743,6632,FOUND,Paranoia: Deliver Me,1588046400000,1786132828461,2026-08-08T12:07:45.053966+00:00
884980,Code Romantic,2020-04-29,2020-04,steam_store_search,True,True,INTERSECTION,True,,v28385,r71477,Code Romantic,complete,True,Code Romantic,$9.99,False,https://store.steampowered.com/app/884980/,https://vndb.org/v28385,1523,FOUND,Code Romantic,1588132800000,1786132828461,2026-08-08T12:07:45.053966+00:00
1285840,Jericho's Prophecies,2020-04-29,2020-04,steam_store_search,True,True,INTERSECTION,True,,v28356,r71339,Jericho's Prophecies,complete,True,Jericho's Prophecies,$2.99,False,https://store.steampowered.com/app/1285840/,https://vndb.org/v28356,1,FOUND,Jericho's Prophecies,1588132800000,1786132828461,2026-08-08T12:07:45.053966+00:00
1200110,Memories Off -Innocent Fille- for Dearest,2020-04-29,2020-04,steam_store_search,True,True,INTERSECTION,True,,v23725,r69998,Memories Off -Innocent Fille- for Dearest,complete,True,Memories Off -Innocent Fille- for Dearest,$39.99,False,https://store.steampowered.com/app/1200110/,https://vndb.org/v23725,17110,FOUND,Memories Off -Innocent Fille- for Dearest,1588132800000,1786132828461,2026-08-08T12:07:45.053966+00:00
939790,Royal Alchemist,2020-04-30,2020-04,steam_store_search,True,True,INTERSECTION,True,,v24278,r59553,Royal Alchemist,complete,True,Royal Alchemist,$19.99,False,https://store.steampowered.com/app/939790/,https://vndb.org/v24278,12566,FOUND,Royal Alchemist,1588219200000,1786132828461,2026-08-08T12:07:45.053966+00:00
1271580,Good Morning World,2020-05-03,2020-05,steam_store_search,True,True,INTERSECTION,True,,v28392,r71490,"Dobroe utro, mir!",complete,True,Good Morning World,Free,True,https://store.steampowered.com/app/1271580/,https://vndb.org/v28392,22032,FOUND,Good Morning World,1588478400000,1786132828461,2026-08-08T12:07:45.053966+00:00
1274630,So May It Be: A Witch Dating Simulator,2020-05-07,2020-05,steam_store_search,True,True,INTERSECTION,True,,v28383,r71472,So May It Be: A Witch Dating Simulator,complete,True,So May It Be: A Witch Dating Simulator,$11.99,False,https://store.steampowered.com/app/1274630/,https://vndb.org/v28383,764,FOUND,So May It Be: A Witch Dating Simulator,1588824000000,1786132828461,2026-08-08T12:07:45.053966+00:00
1281140,My Sweet Confession,2020-05-08,2020-05,steam_store_search,True,True,INTERSECTION,True,,v28417,r71641,My Sweet Confession,complete,True,My Sweet Confession,$4.99,False,https://store.steampowered.com/app/1281140/,https://vndb.org/v28417,472,FOUND,My Sweet Confession,1588910400000,1786132828461,2026-08-08T12:07:45.053966+00:00
1185530,My Wet Leto Comic,2020-05-08,2020-05,steam_store_search,True,True,INTERSECTION,True,,v28416,r71640,Wo de Lei Tuo Wuyu,complete,True,My Wet Leto Comic,$7.99,False,https://store.steampowered.com/app/1185530/,https://vndb.org/v28416,44,FOUND,My Wet Leto Comic,1588910400000,1786132828461,2026-08-08T12:07:45.053966+00:00
1266370,Real Life Plus Ver. Kaname Komatsuzaki,2020-05-08,2020-05,steam_store_search,True,True,INTERSECTION,True,,v21439,r71256,Riajuu Plus ver. Komatsuzaki Kaname,complete,True,Real Life Plus Ver. Kaname Komatsuzaki,$12.99,False,https://store.steampowered.com/app/1266370/,https://vndb.org/v21439,1290,FOUND,Real Life Plus Ver. Kaname Komatsuzaki,1588910400000,1786132828461,2026-08-08T12:07:45.053966+00:00
1256610,Dream Date,2020-05-09,2020-05,steam_store_search,True,True,INTERSECTION,True,,v28418,r71642,Dream Date,complete,True,Dream Date,$1.99,False,https://store.steampowered.com/app/1256610/,https://vndb.org/v28418,368028,FOUND,Dream Date,1588996800000,1786132828461,2026-08-08T12:07:45.053966+00:00
1283060,Furry Shakespeare: Emperor Penguin Lear,2020-05-11,2020-05,steam_store_search,True,True,INTERSECTION,True,,v28433,r71710,Furry Shakespeare: Emperor Penguin Lear,complete,True,Furry Shakespeare: Emperor Penguin Lear,$7.99,False,https://store.steampowered.com/app/1283060/,https://vndb.org/v28433,1,FOUND,Furry Shakespeare: Emperor Penguin Lear,1589169600000,1786132828461,2026-08-08T12:07:45.053966+00:00
1271820,Jaw Breakers & The Confection Connection,2020-05-13,2020-05,steam_store_search,True,True,INTERSECTION,True,,v23335,r71281,Jaw Breakers & The Confection Connection,complete,True,Jaw Breakers & The Confection Connection,$0.99,False,https://store.steampowered.com/app/1271820/,https://vndb.org/v23335,65,FOUND,Jaw Breakers & The Confection Connection,1589342400000,1786132828461,2026-08-08T12:07:45.053966+00:00
1277310,Saving You From Yourself,2020-05-14,2020-05,steam_store_search,True,True,INTERSECTION,True,,v23914,r130279;r71806,"Saving You, From Yourself",complete,True,Saving You From Yourself,Free,True,https://store.steampowered.com/app/1277310/,https://vndb.org/v23914,15545,FOUND,Saving You From Yourself,1589428800000,1786132828461,2026-08-08T12:07:45.053966+00:00
1175120,群星战纪: 遗失的星辰 - STARS ERA: LOST STARS,2020-05-14,2020-05,steam_store_search,True,True,INTERSECTION,True,,v27680,r68928,Qunxing Zhan Ji: Yishi de Xingchen,complete,True,群星战纪: 遗失的星辰 - STARS ERA: LOST STARS,$9.99,False,https://store.steampowered.com/app/1175120/,https://vndb.org/v27680,2776,FOUND,群星战纪: 遗失的星辰 - STARS ERA: LOST STARS,1589428800000,1786132828461,2026-08-08T12:07:45.053966+00:00
1203970,The Warmth Between Us,2020-05-15,2020-05,steam_store_search,True,True,INTERSECTION,True,,v28461,r72682,Shi Tian de Wendu,complete,True,The Warmth Between Us,$6.99,False,https://store.steampowered.com/app/1203970/,https://vndb.org/v28461,4504,FOUND,The Warmth Between Us,1589515200000,1786132828461,2026-08-08T12:07:45.053966+00:00
1297160,a new life.,2020-05-15,2020-05,steam_store_search,True,True,INTERSECTION,True,,v28462,r71836,a new life.,complete,True,a new life.,$2.99,False,https://store.steampowered.com/app/1297160/,https://vndb.org/v28462,36508,FOUND,a new life.,1589515200000,1786132828461,2026-08-08T12:07:45.053966+00:00
1166730,nothing & nowhere,2020-05-18,2020-05,steam_store_search,True,True,INTERSECTION,True,,v26624,r66563,nothing & nowhere,complete,True,nothing & nowhere,$4.99,False,https://store.steampowered.com/app/1166730/,https://vndb.org/v26624,1768,FOUND,nothing & nowhere,1589774400000,1786132828461,2026-08-08T12:07:45.053966+00:00
1041920,If Found...,2020-05-19,2020-05,steam_store_search,True,True,INTERSECTION,True,,v30140,r77106,If Found...,complete,True,If Found...,$12.99,False,https://store.steampowered.com/app/1041920/,https://vndb.org/v30140,44850,FOUND,If Found...,1589860800000,1786132828461,2026-08-08T12:07:45.053966+00:00
1305490,Up until the end - Otome/Visual Novel,2020-05-22,2020-05,steam_store_search,True,True,INTERSECTION,True,,v22011,r54058,Up until the end,complete,True,Up until the end - Otome/Visual Novel,Free,True,https://store.steampowered.com/app/1305490/,https://vndb.org/v22011,1656,FOUND,Up until the end - Otome/Visual Novel,1590120000000,1786132828461,2026-08-08T12:07:45.053966+00:00
1293820,YOU and ME and HER: A Love Story,2020-05-25,2020-05,steam_store_search,True,True,INTERSECTION,True,,v7738,r84524,Kimi to Kanojo to Kanojo no Koi.,complete,True,YOU and ME and HER: A Love Story,$29.99,False,https://store.steampowered.com/app/1293820/,https://vndb.org/v7738,155172,FOUND,YOU and ME and HER: A Love Story,1590379200000,1786132828461,2026-08-08T12:07:45.053966+00:00
1217490,Tyrania - A Kinetic Visual Novel,2020-05-27,2020-05,steam_store_search,True,True,INTERSECTION,True,,v21915,r120927,Tyrania,complete,True,Tyrania - A Kinetic Visual Novel,Free,True,https://store.steampowered.com/app/1217490/,https://vndb.org/v21915,16974,FOUND,Tyrania - A Kinetic Visual Novel,1590552000000,1786132828461,2026-08-08T12:07:45.053966+00:00
1301220,Dear Devere,2020-05-29,2020-05,steam_store_search,True,True,INTERSECTION,True,,v28267,r82229,Dear Devere,complete,True,Dear Devere,Free,True,https://store.steampowered.com/app/1301220/,https://vndb.org/v28267,23355,FOUND,Dear Devere,1590724800000,1786132828461,2026-08-08T12:07:45.053966+00:00
1322260,Santa Monica Paradise,2020-05-29,2020-05,steam_store_search,True,True,INTERSECTION,True,,v28453,r72031,Santa Monica Paradise,complete,True,Santa Monica Paradise,$3.99,False,https://store.steampowered.com/app/1322260/,https://vndb.org/v28453,571,FOUND,Santa Monica Paradise,1590724800000,1786132828461,2026-08-08T12:07:45.053966+00:00
1247460,To the Edge of the Sky,2020-05-29,2020-05,steam_store_search,True,True,INTERSECTION,True,,v21134,r72160,To the Edge of the Sky,complete,True,To the Edge of the Sky,Free,True,https://store.steampowered.com/app/1247460/,https://vndb.org/v21134,6826,FOUND,To the Edge of the Sky,1590724800000,1786132828461,2026-08-08T12:07:45.053966+00:00
934580,Hell Wedding 夜嫁,2020-06-01,2020-06,steam_store_search,True,True,INTERSECTION,True,,v25225,r61966,Ye Jia,complete,True,Hell Wedding 夜嫁,Free,True,https://store.steampowered.com/app/934580/,https://vndb.org/v25225,119627,FOUND,Hell Wedding 夜嫁,1590984000000,1786132828461,2026-08-08T12:07:45.053966+00:00
1296260,Sakura Knight 2,2020-06-01,2020-06,steam_store_search,True,True,INTERSECTION,True,,v28560,r72230,Sakura Knight 2,complete,True,Sakura Knight 2,$9.99,False,https://store.steampowered.com/app/1296260/,https://vndb.org/v28560,3410,FOUND,Sakura Knight 2,1590984000000,1786132828461,2026-08-08T12:07:45.053966+00:00
1187600,Wicked Willow,2020-06-02,2020-06,steam_store_search,True,True,INTERSECTION,True,,v28561,r72238,Wicked Willow,complete,True,Wicked Willow,$19.99,False,https://store.steampowered.com/app/1187600/,https://vndb.org/v28561,3781,FOUND,Wicked Willow,1591070400000,1786132828461,2026-08-08T12:07:45.053966+00:00
1312570,ハンターハーツ Hunter Hearts,2020-06-04,2020-06,steam_store_search,True,True,INTERSECTION,True,,v28573,r72266,Hunter Hearts,complete,True,ハンターハーツ Hunter Hearts,Free,True,https://store.steampowered.com/app/1312570/,https://vndb.org/v28573,721,FOUND,ハンターハーツ Hunter Hearts,1591243200000,1786132828461,2026-08-08T12:07:45.053966+00:00
1054450,The Raintime,2020-06-05,2020-06,steam_store_search,True,True,INTERSECTION,True,,v26591,r66503,The Raintime,complete,True,The Raintime,Free,True,https://store.steampowered.com/app/1054450/,https://vndb.org/v26591,5569,FOUND,The Raintime,1591329600000,1786132828461,2026-08-08T12:07:45.053966+00:00
1320830,Электричка,2020-06-07,2020-06,steam_store_search,True,True,INTERSECTION,True,,v28586,r124310,Elektrichka,complete,True,Электричка,$0.99,False,https://store.steampowered.com/app/1320830/,https://vndb.org/v28586,1423,FOUND,Электричка,1591502400000,1786132828461,2026-08-08T12:07:45.053966+00:00
1112230,Furries & Scalies: Super Scary Halloween Spooky Times,2020-06-08,2020-06,steam_store_search,True,True,INTERSECTION,True,,v28588,r72328,Furries & Scalies: Super Scary Halloween Spooky Times,complete,True,Furries & Scalies: Super Scary Halloween Spooky Times,$9.99,False,https://store.steampowered.com/app/1112230/,https://vndb.org/v28588,20,FOUND,Furries & Scalies: Super Scary Halloween Spooky Times,1591588800000,1786132828461,2026-08-08T12:07:45.053966+00:00
1110050,Evan's Remains,2020-06-11,2020-06,steam_store_search,True,True,INTERSECTION,True,,v58340,r139621,Evan's Remains,complete,True,Evan's Remains,-80%,False,https://store.steampowered.com/app/1110050/,https://vndb.org/v58340,16962,FOUND,Evan's Remains,1591848000000,1786132828461,2026-08-08T12:07:45.053966+00:00
1238710,Wonderland Nights: White Rabbit's Diary,2020-06-11,2020-06,steam_store_search,True,True,INTERSECTION,True,,v28603,r81679,White Rabbit: Royal Scheduler,complete,True,Wonderland Nights: White Rabbit's Diary,$6.99,False,https://store.steampowered.com/app/1238710/,https://vndb.org/v28603,75,FOUND,Wonderland Nights: White Rabbit's Diary,1591848000000,1786132828461,2026-08-08T12:07:45.053966+00:00
1066630,Master Magistrate,2020-06-12,2020-06,steam_store_search,True,True,INTERSECTION,True,,v16858,r66005,Ouka Sabaki,complete,True,Master Magistrate,$29.99,False,https://store.steampowered.com/app/1066630/,https://vndb.org/v16858,5191,FOUND,Master Magistrate,1591934400000,1786132828461,2026-08-08T12:07:45.053966+00:00
1327020,亭上满月映西枝~The Forever Moon,2020-06-12,2020-06,steam_store_search,True,True,INTERSECTION,True,,v37140,r93760,Ting Shang Manyue Ying Xizhi ~ The Forever Moon,complete,True,亭上满月映西枝~The Forever Moon,$1.99,False,https://store.steampowered.com/app/1327020/,https://vndb.org/v37140,4338,FOUND,亭上满月映西枝~The Forever Moon,1591934400000,1786132828461,2026-08-08T12:07:45.053966+00:00
1227890,Summer Memories,2020-06-14,2020-06,steam_store_search,True,True,INTERSECTION,True,,v28205,r73191,Amaenbo ~Sei o Osaekirenai Boku to Mushou no Oyako~,complete,True,Summer Memories,$19.99,False,https://store.steampowered.com/app/1227890/,https://vndb.org/v28205,2342574,FOUND,Summer Memories,1592107200000,1786132828461,2026-08-08T12:07:45.053966+00:00
1292750,Hunting Moon - Depression & Succubus,2020-06-15,2020-06,steam_store_search,True,True,INTERSECTION,True,,v28579,r72283,Shou Yue - Juewang de Wo Yu Mei Mo,complete,True,Hunting Moon - Depression & Succubus,$1.99,False,https://store.steampowered.com/app/1292750/,https://vndb.org/v28579,4526,FOUND,Hunting Moon - Depression & Succubus,1592193600000,1786132828461,2026-08-08T12:07:45.053966+00:00
1274290,Kidnapped Girl,2020-06-15,2020-06,steam_store_search,True,True,INTERSECTION,True,,v28619,r115105;r72461,Kidnapped Girl,complete,True,Kidnapped Girl,Free,True,https://store.steampowered.com/app/1274290/,https://vndb.org/v28619,267996,FOUND,Kidnapped Girl,1592193600000,1786132828461,2026-08-08T12:07:45.053966+00:00
1208860,The Blackbird of Amor,2020-06-15,2020-06,steam_store_search,True,True,INTERSECTION,True,,v27709,r69000,The Blackbird of Amor,complete,True,The Blackbird of Amor,$19.99,False,https://store.steampowered.com/app/1208860/,https://vndb.org/v27709,1,FOUND,The Blackbird of Amor,1592193600000,1786132828461,2026-08-08T12:07:45.053966+00:00
1249500,Apprehend;Girlfriend,2020-06-16,2020-06,steam_store_search,True,True,INTERSECTION,True,,v28594,r72348,Apprehend;Girlfriend,complete,True,Apprehend;Girlfriend,$4.99,False,https://store.steampowered.com/app/1249500/,https://vndb.org/v28594,1263,FOUND,Apprehend;Girlfriend,1592280000000,1786132828461,2026-08-08T12:07:45.053966+00:00
1332970,Dab on Darkness!,2020-06-16,2020-06,steam_store_search,True,True,INTERSECTION,True,,v28628,r106527;r76459,Dab on Darkness!,complete,True,Dab on Darkness!,$0.99,False,https://store.steampowered.com/app/1332970/,https://vndb.org/v28628,2103,FOUND,Dab on Darkness!,1592280000000,1786132828461,2026-08-08T12:07:45.053966+00:00
1305970,不二臣The Only Master,2020-06-16,2020-06,steam_store_search,True,True,INTERSECTION,True,,v28629,r72489,Bu Er Chen,complete,True,不二臣The Only Master,$5.99,False,https://store.steampowered.com/app/1305970/,https://vndb.org/v28629,101,FOUND,不二臣The Only  Master,1592280000000,1786132828461,2026-08-08T12:07:45.053966+00:00
957820,Across the Grooves,2020-06-17,2020-06,steam_store_search,True,True,INTERSECTION,True,,v28638,r72521,Across the Grooves,complete,True,Across the Grooves,$13.99,False,https://store.steampowered.com/app/957820/,https://vndb.org/v28638,3523,FOUND,Across the Grooves,1592366400000,1786132828461,2026-08-08T12:07:45.053966+00:00
1341100,Demonic Blade,2020-06-17,2020-06,steam_store_search,True,True,INTERSECTION,True,,v28631,r72498,Demonic Blade,complete,True,Demonic Blade,$4.99,False,https://store.steampowered.com/app/1341100/,https://vndb.org/v28631,568,FOUND,Demonic Blade,1592366400000,1786132828461,2026-08-08T12:07:45.053966+00:00
1023700,Palais de Reine,2020-06-17,2020-06,steam_store_search,True,True,INTERSECTION,True,,v3599,r87026,Palais de Reine,complete,True,Palais de Reine,-30%,False,https://store.steampowered.com/app/1023700/,https://vndb.org/v3599,5196,FOUND,Palais de Reine,1592366400000,1786132828461,2026-08-08T12:07:45.053966+00:00
1230140,ATRI -My Dear Moments-,2020-06-18,2020-06,steam_store_search,True,True,INTERSECTION,True,,v27448,r68470,ATRI -My Dear Moments-,complete,True,ATRI -My Dear Moments-,$20.99,False,https://store.steampowered.com/app/1230140/,https://vndb.org/v27448,521098,FOUND,ATRI -My Dear Moments-,1592452800000,1786132828461,2026-08-08T12:07:45.053966+00:00
1094820,Adabana Odd Tales,2020-06-18,2020-06,steam_store_search,True,True,INTERSECTION,True,,v27457,r68491,Adabana Itan,complete,True,Adabana Odd Tales,$17.99,False,https://store.steampowered.com/app/1094820/,https://vndb.org/v27457,35638,FOUND,Adabana Odd Tales,1592452800000,1786132828461,2026-08-08T12:07:45.053966+00:00
1281510,Kirakira stars idol project Nagisa,2020-06-18,2020-06,steam_store_search,True,True,INTERSECTION,True,,v28640,r72524,Kirakira Stars -idol project Nagisa-,complete,True,Kirakira stars idol project Nagisa,$12.99,False,https://store.steampowered.com/app/1281510/,https://vndb.org/v28640,801,FOUND,Kirakira stars idol project Nagisa,1592452800000,1786132828461,2026-08-08T12:07:45.053966+00:00
1226020,机忆,2020-06-18,2020-06,steam_store_search,True,True,INTERSECTION,True,,v28639,r72523,Ji Yi,complete,True,机忆,-20%,False,https://store.steampowered.com/app/1226020/,https://vndb.org/v28639,3077,FOUND,机忆,1592452800000,1786132828461,2026-08-08T12:07:45.053966+00:00
1131410,Sable's Grimoire: Man And Elf,2020-06-19,2020-06,steam_store_search,True,True,INTERSECTION,True,,v28172,r70462,Sable's Grimoire: Man And Elf,complete,True,Sable's Grimoire: Man And Elf,$5.99,False,https://store.steampowered.com/app/1131410/,https://vndb.org/v28172,1686,FOUND,Sable's Grimoire: Man And Elf,1592539200000,1786132828461,2026-08-08T12:07:45.053966+00:00
1323600,Johnny Mystery and The Halloween Killer,2020-06-22,2020-06,steam_store_search,True,True,INTERSECTION,True,,v28655,r72632,Johnny Mystery and The Halloween Killer,complete,True,Johnny Mystery and The Halloween Killer,$0.99,False,https://store.steampowered.com/app/1323600/,https://vndb.org/v28655,1160,FOUND,Johnny Mystery and The Halloween Killer,1592798400000,1786132828461,2026-08-08T12:07:45.053966+00:00
1274850,The Sickle Upon Sekigahara,2020-06-22,2020-06,steam_store_search,True,True,INTERSECTION,True,,v28656,r72633,The Sickle Upon Sekigahara,complete,True,The Sickle Upon Sekigahara,$4.99,False,https://store.steampowered.com/app/1274850/,https://vndb.org/v28656,54,FOUND,The Sickle Upon Sekigahara,1592798400000,1786132828461,2026-08-08T12:07:45.053966+00:00
1105600,Welcome To... Chichester 2 - Part II : No Regrets For The Future,2020-06-23,2020-06,steam_store_search,True,True,INTERSECTION,True,,v25727,r70619,Welcome To... Chichester 2 - Part II : No Regrets For The Future,complete,True,Welcome To... Chichester 2 - Part II : No Regrets For The Future,$1.99,False,https://store.steampowered.com/app/1105600/,https://vndb.org/v25727,165,FOUND,Welcome To... Chichester 2 - Part II : No Regrets For The Future,1592884800000,1786132828461,2026-08-08T12:07:45.053966+00:00
1265570,Death Match Love Comedy!,2020-06-24,2020-06,steam_store_search,True,True,INTERSECTION,True,,v15053,r129451;r130093;r72329,D.M.L.C. -Death Match Love Comedy-,complete,True,Death Match Love Comedy!,$29.99,False,https://store.steampowered.com/app/1265570/,https://vndb.org/v15053,4729,FOUND,Death Match Love Comedy!,1592971200000,1786132828461,2026-08-08T12:07:45.053966+00:00
1033110,Forgotten Trace: Thanatos in Nostalgia,2020-06-24,2020-06,steam_store_search,True,True,INTERSECTION,True,,v28632,r72503,Wasurareta Spur -Thanatos in Nostalgia-,complete,True,Forgotten Trace: Thanatos in Nostalgia,$9.99,False,https://store.steampowered.com/app/1033110/,https://vndb.org/v28632,179,FOUND,Forgotten Trace: Thanatos in Nostalgia,1592971200000,1786132828461,2026-08-08T12:07:45.053966+00:00
1339410,雾之本境S Conspiracy Field: Fog Shadow,2020-06-25,2020-06,steam_store_search,True,True,INTERSECTION,True,,v11246,r72403,Wu zhi Benjing,complete,True,雾之本境S Conspiracy Field: Fog Shadow,$3.99,False,https://store.steampowered.com/app/1339410/,https://vndb.org/v11246,20088,FOUND,雾之本境S Conspiracy Field: Fog Shadow,1593057600000,1786132828461,2026-08-08T12:07:45.053966+00:00
1344840,AKER FERN - Visual Novel,2020-06-29,2020-06,steam_store_search,True,True,INTERSECTION,True,,v28558,r72216,AKER FERN,complete,True,AKER FERN - Visual Novel,Free,True,https://store.steampowered.com/app/1344840/,https://vndb.org/v28558,12758,FOUND,AKER FERN - Visual Novel,1593403200000,1786132828461,2026-08-08T12:07:45.053966+00:00
1340810,The Night Fisherman,2020-06-29,2020-06,steam_store_search,True,True,INTERSECTION,True,,v28601,r72389,The Night Fisherman,complete,True,The Night Fisherman,Free,True,https://store.steampowered.com/app/1340810/,https://vndb.org/v28601,77558,FOUND,The Night Fisherman,1593403200000,1786132828461,2026-08-08T12:07:45.053966+00:00
1345080,12 Hours to Die,2020-07-05,2020-07,steam_store_search,True,True,INTERSECTION,True,,v30694,r78633,12 Hours to Die,complete,True,12 Hours to Die,Free,True,https://store.steampowered.com/app/1345080/,https://vndb.org/v30694,14713,FOUND,12 Hours to Die,1593921600000,1786132828461,2026-08-08T12:07:45.053966+00:00
1282140,Fires At Midnight,2020-07-09,2020-07,steam_store_search,True,True,INTERSECTION,True,,v29171,r74370,Fires At Midnight,complete,True,Fires At Midnight,$11.99,False,https://store.steampowered.com/app/1282140/,https://vndb.org/v29171,545,FOUND,Fires At Midnight,1594267200000,1786132828461,2026-08-08T12:07:45.053966+00:00
1225780,他人世界末 On-looker,2020-07-10,2020-07,steam_store_search,True,True,INTERSECTION,True,,v28315,r73033,Taren Shijie Mo,complete,True,他人世界末 On-looker,$8.99,False,https://store.steampowered.com/app/1225780/,https://vndb.org/v28315,44136,FOUND,他人世界末 On-looker,1594353600000,1786132828461,2026-08-08T12:07:45.053966+00:00
1350060,Eternal Pain: Epiphany,2020-07-13,2020-07,steam_store_search,True,True,INTERSECTION,True,,v28756,r73075,Eternal Pain: Epiphany,complete,True,Eternal Pain: Epiphany,$2.99,False,https://store.steampowered.com/app/1350060/,https://vndb.org/v28756,278,FOUND,Eternal Pain: Epiphany,1594612800000,1786132828461,2026-08-08T12:07:45.053966+00:00
1293980,Rozalin and the Palace of Flowers,2020-07-14,2020-07,steam_store_search,True,True,INTERSECTION,True,,v28765,r73107,Rozalin and the Palace of Flowers,complete,True,Rozalin and the Palace of Flowers,$2.99,False,https://store.steampowered.com/app/1293980/,https://vndb.org/v28765,105,FOUND,Rozalin and the Palace of Flowers,1594699200000,1786132828461,2026-08-08T12:07:45.053966+00:00
1337780,卡牌游戏,2020-07-14,2020-07,steam_store_search,True,True,INTERSECTION,True,,v28760,r73100,Ka Pai Youxi,complete,True,卡牌游戏,$5.99,False,https://store.steampowered.com/app/1337780/,https://vndb.org/v28760,132,FOUND,卡牌游戏,1594699200000,1786132828461,2026-08-08T12:07:45.053966+00:00
1212610,Nijikoi no Houkakou,2020-07-15,2020-07,steam_store_search,True,True,INTERSECTION,True,,v31642,r81358,Nijikoi no Houkago,complete,True,Nijikoi no Houkakou,$9.99,False,https://store.steampowered.com/app/1212610/,https://vndb.org/v31642,847,FOUND,Nijikoi no Houkakou,1594785600000,1786132828461,2026-08-08T12:07:45.053966+00:00
1236860,Edge of Reality,2020-07-16,2020-07,steam_store_search,True,True,INTERSECTION,True,,v28784,r73139,Predel real'nosti,complete,True,Edge of Reality,$6.99,False,https://store.steampowered.com/app/1236860/,https://vndb.org/v28784,3666,FOUND,Edge of Reality,1594872000000,1786132828461,2026-08-08T12:07:45.053966+00:00
1226530,Trap Legend,2020-07-17,2020-07,steam_store_search,True,True,INTERSECTION,True,,v27736,r69932,Josou Shinwa,complete,True,Trap Legend,-70%,False,https://store.steampowered.com/app/1226530/,https://vndb.org/v27736,21722,FOUND,Trap Legend,1594958400000,1786132828461,2026-08-08T12:07:45.053966+00:00
1185680,White Wings ホワイトウィングス,2020-07-17,2020-07,steam_store_search,True,True,INTERSECTION,True,,v27379,r68288,White Wings,complete,True,White Wings ホワイトウィングス,$19.99,False,https://store.steampowered.com/app/1185680/,https://vndb.org/v27379,4223,FOUND,White Wings ホワイトウィングス,1594958400000,1786132828461,2026-08-08T12:07:45.053966+00:00
1361810,be you 2,2020-07-18,2020-07,steam_store_search,True,True,INTERSECTION,True,,v28804,r73204,be you 2,complete,True,be you 2,Free,True,https://store.steampowered.com/app/1361810/,https://vndb.org/v28804,9385,FOUND,be you 2,1595044800000,1786132828461,2026-08-08T12:07:45.053966+00:00
1362980,Hanapon Princess,2020-07-19,2020-07,steam_store_search,True,True,INTERSECTION,True,,v26859,r67199,Hanapon Princess,complete,True,Hanapon Princess,$4.99,False,https://store.steampowered.com/app/1362980/,https://vndb.org/v26859,330,FOUND,Hanapon Princess,1595131200000,1786132828461,2026-08-08T12:07:45.053966+00:00
1326000,Sakura Succubus 2,2020-07-20,2020-07,steam_store_search,True,True,INTERSECTION,True,,v28792,r73157,Sakura Succubus 2,complete,True,Sakura Succubus 2,$9.99,False,https://store.steampowered.com/app/1326000/,https://vndb.org/v28792,13716,FOUND,Sakura Succubus 2,1595217600000,1786132828461,2026-08-08T12:07:45.053966+00:00
1238520,Dandelions in the Sky,2020-07-21,2020-07,steam_store_search,True,True,INTERSECTION,True,,v28821,r73263,Xia Kong de Pugongying,complete,True,Dandelions in the Sky,$3.99,False,https://store.steampowered.com/app/1238520/,https://vndb.org/v28821,6696,FOUND,Dandelions in the Sky,1595304000000,1786132828461,2026-08-08T12:07:45.053966+00:00
1292770,Grisaia Phantom Trigger Vol.7,2020-07-21,2020-07,steam_store_search,True,True,INTERSECTION,True,,v28151,r73940,Grisaia: Phantom Trigger Vol. 7,complete,True,Grisaia Phantom Trigger Vol.7,$24.99,False,https://store.steampowered.com/app/1292770/,https://vndb.org/v28151,4123,FOUND,Grisaia Phantom Trigger Vol.7,1595304000000,1786132828461,2026-08-08T12:07:45.053966+00:00
1254280,Locked,2020-07-22,2020-07,steam_store_search,True,True,INTERSECTION,True,,v28129,r70252,Vzaperti,complete,True,Locked,$1.99,False,https://store.steampowered.com/app/1254280/,https://vndb.org/v28129,1646,FOUND,Locked,1595390400000,1786132828461,2026-08-08T12:07:45.053966+00:00
725270,Necrobarista,2020-07-22,2020-07,steam_store_search,True,True,INTERSECTION,True,,v24210,r83498,Necrobarista,complete,True,Necrobarista,$19.99,False,https://store.steampowered.com/app/725270/,https://vndb.org/v24210,38537,FOUND,Necrobarista,1595390400000,1786132828461,2026-08-08T12:07:45.053966+00:00
1228600,Blankspace,2020-07-23,2020-07,steam_store_search,True,True,INTERSECTION,True,,v26724,r73309,Blankspace,complete,True,Blankspace,$9.99,False,https://store.steampowered.com/app/1228600/,https://vndb.org/v26724,2184,FOUND,Blankspace,1595476800000,1786132828461,2026-08-08T12:07:45.053966+00:00
1253580,My Dangerous Life,2020-07-23,2020-07,steam_store_search,True,True,INTERSECTION,True,,v16919,r71386,Boku to Kare no Kiken na Doukyo Seikatsu,complete,True,My Dangerous Life,$12.99,False,https://store.steampowered.com/app/1253580/,https://vndb.org/v16919,3116,FOUND,My Dangerous Life,1595476800000,1786132828461,2026-08-08T12:07:45.053966+00:00
1131740,Snowdome,2020-07-23,2020-07,steam_store_search,True,True,INTERSECTION,True,,v26506,r66178;r76486,Qing Xiang,complete,True,Snowdome,$6.99,False,https://store.steampowered.com/app/1131740/,https://vndb.org/v26506,7908,FOUND,Snowdome,1595476800000,1786132828461,2026-08-08T12:07:45.053966+00:00
1365490,Stellaren II,2020-07-23,2020-07,steam_store_search,True,True,INTERSECTION,True,,v27186,r73310,Stellaren II,complete,True,Stellaren II,$3.99,False,https://store.steampowered.com/app/1365490/,https://vndb.org/v27186,226,FOUND,Stellaren II,1595476800000,1786132828461,2026-08-08T12:07:45.053966+00:00
1361260,Tequila Sunrise,2020-07-23,2020-07,steam_store_search,True,True,INTERSECTION,True,,v28713,r73218,Tequila Sunrise,complete,True,Tequila Sunrise,$4.99,False,https://store.steampowered.com/app/1361260/,https://vndb.org/v28713,496,FOUND,Tequila Sunrise,1595476800000,1786132828461,2026-08-08T12:07:45.053966+00:00
1250520,Love Spell: Written In The Stars - a magical romantic-comedy otome,2020-07-24,2020-07,steam_store_search,True,True,INTERSECTION,True,,v26749,r109527;r67685,Love Spell: Written in the Stars,complete,True,Love Spell: Written In The Stars - a magical romantic-comedy otome,$18.99,False,https://store.steampowered.com/app/1250520/,https://vndb.org/v26749,5297,FOUND,Love Spell: Written In The Stars - a magical romantic-comedy otome,1595563200000,1786132828461,2026-08-08T12:07:45.053966+00:00
1358640,Penny's Path,2020-07-24,2020-07,steam_store_search,True,True,INTERSECTION,True,,v28805,r73211,Penny's Path,complete,True,Penny's Path,Free,True,https://store.steampowered.com/app/1358640/,https://vndb.org/v28805,1471,FOUND,Penny's Path,1595563200000,1786132828461,2026-08-08T12:07:45.053966+00:00
1047010,Synergia,2020-07-27,2020-07,steam_store_search,True,True,INTERSECTION,True,,v21681,r53061;r64448,Synergia,complete;trial,True,Synergia,-65%,False,https://store.steampowered.com/app/1047010/,https://vndb.org/v21681,19829,FOUND,Synergia,1595822400000,1786132828461,2026-08-08T12:07:45.053966+00:00
1327540,Cross the Moon,2020-07-29,2020-07,steam_store_search,True,True,INTERSECTION,True,,v28122,r70215,Cross the Moon,complete,True,Cross the Moon,$4.99,False,https://store.steampowered.com/app/1327540/,https://vndb.org/v28122,50,FOUND,Cross the Moon,1595995200000,1786132828461,2026-08-08T12:07:45.053966+00:00
889710,Muv-Luv photonmelodies♮,2020-07-29,2020-07,steam_store_search,True,True,INTERSECTION,True,,v32788;v32789;v405,r43622,Muv-Luv Altered Fable;Muv-Luv Alternative Chronicles: Saitan;Muv-Luv Alternative Chronicles: Shoukei,complete;partial,True,Muv-Luv photonmelodies♮,$29.99,False,https://store.steampowered.com/app/889710/,https://vndb.org/v32788,13768,FOUND,Muv-Luv photonmelodies♮,1595995200000,1786132828461,2026-08-08T12:07:45.053966+00:00
1329990,My Silly Life,2020-07-29,2020-07,steam_store_search,True,True,INTERSECTION,True,,v28872,r73463,My Silly Life,complete,True,My Silly Life,$0.99,False,https://store.steampowered.com/app/1329990/,https://vndb.org/v28872,1574,FOUND,My Silly Life,1595995200000,1786132828461,2026-08-08T12:07:45.053966+00:00
1334020,Aeon on Mosaic: Anemone 时间碎片：奇迹,2020-07-30,2020-07,steam_store_search,True,True,INTERSECTION,True,,v28880,r73485,Shijian Suipian: Qiji,complete,True,Aeon on Mosaic: Anemone 时间碎片：奇迹,-45%,False,https://store.steampowered.com/app/1334020/,https://vndb.org/v28880,2393,FOUND,Aeon on Mosaic: Anemone 时间碎片：奇迹,1596081600000,1786132828461,2026-08-08T12:07:45.053966+00:00
1238730,Flowers -Le volume sur automne-,2020-07-30,2020-07,steam_store_search,True,True,INTERSECTION,True,,v18152,r69712,FLOWERS -Le volume sur automne-,complete,True,Flowers -Le volume sur automne-,$19.99,False,https://store.steampowered.com/app/1238730/,https://vndb.org/v18152,14848,FOUND,Flowers -Le volume sur automne-,1596081600000,1786132828461,2026-08-08T12:07:45.053966+00:00
1297530,Liar Trick -Psychological Crime Mystery-,2020-07-30,2020-07,steam_store_search,True,True,INTERSECTION,True,,v28898,r73574;r75967,Liar Trick ~Honkaku Suiri Shinrigaku Adventure~,complete,True,Liar Trick -Psychological Crime Mystery-,$9.99,False,https://store.steampowered.com/app/1297530/,https://vndb.org/v28898,956,FOUND,Liar Trick -Psychological Crime Mystery-,1596081600000,1786132828461,2026-08-08T12:07:45.053966+00:00
1372310,Love Mystery Club,2020-07-30,2020-07,steam_store_search,True,True,INTERSECTION,True,,v28879,r73484,Lian'ai Tuili She,complete,True,Love Mystery Club,$0.99,False,https://store.steampowered.com/app/1372310/,https://vndb.org/v28879,4990,FOUND,Love Mystery Club,1596081600000,1786132828461,2026-08-08T12:07:45.053966+00:00
1289060,No One But You,2020-07-30,2020-07,steam_store_search,True,True,INTERSECTION,True,,v17564,r40279,No One But You,complete,True,No One But You,$9.99,False,https://store.steampowered.com/app/1289060/,https://vndb.org/v17564,65,FOUND,No One But You,1596081600000,1786132828461,2026-08-08T12:07:45.053966+00:00
892990,Sable's Grimoire: A Dragon's Treasure,2020-07-31,2020-07,steam_store_search,True,True,INTERSECTION,True,,v28173,r70463,Sable's Grimoire: A Dragon's Treasure,complete,True,Sable's Grimoire: A Dragon's Treasure,$5.99,False,https://store.steampowered.com/app/892990/,https://vndb.org/v28173,1929,FOUND,Sable's Grimoire: A Dragon's Treasure,1596168000000,1786132828461,2026-08-08T12:07:45.053966+00:00
1355430,The Outcast Lovers,2020-07-31,2020-07,steam_store_search,True,True,INTERSECTION,True,,v28828,r73284,The Outcast Lovers,complete,True,The Outcast Lovers,Free,True,https://store.steampowered.com/app/1355430/,https://vndb.org/v28828,9095,FOUND,The Outcast Lovers,1596168000000,1786132828461,2026-08-08T12:07:45.053966+00:00
1354240,Hunting Moon vol.2,2020-08-01,2020-08,steam_store_search,True,True,INTERSECTION,True,,v28887,r73537,Shou Yue - Wuming Ren Ou,complete,True,Hunting Moon vol.2,$1.99,False,https://store.steampowered.com/app/1354240/,https://vndb.org/v28887,2275,FOUND,Hunting Moon vol.2,1596254400000,1786132828461,2026-08-08T12:07:45.053966+00:00
1371040,Corridors of Their Memories,2020-08-03,2020-08,steam_store_search,True,True,INTERSECTION,True,,v28897,r73570,Koridory ih vospominanij,complete,True,Corridors of Their Memories,$2.99,False,https://store.steampowered.com/app/1371040/,https://vndb.org/v28897,1412,FOUND,Corridors of Their Memories,1596427200000,1786132828461,2026-08-08T12:07:45.053966+00:00
1313810,Her Lie I Tried To Believe - Extended Edition,2020-08-03,2020-08,steam_store_search,True,True,INTERSECTION,True,,v22798,r72635,Her Lie I Tried To Believe,complete,True,Her Lie I Tried To Believe - Extended Edition,$5.99,False,https://store.steampowered.com/app/1313810/,https://vndb.org/v22798,1538,FOUND,Her Lie I Tried To Believe - Extended Edition,1596427200000,1786132828461,2026-08-08T12:07:45.053966+00:00
1014580,RB: Axolotl,2020-08-07,2020-08,steam_store_search,True,True,INTERSECTION,True,,v23883,r65099,RB: Axolotl,complete,True,RB: Axolotl,$9.99,False,https://store.steampowered.com/app/1014580/,https://vndb.org/v23883,1333,FOUND,RB: Axolotl,1596772800000,1786132828461,2026-08-08T12:07:45.053966+00:00
1244260,The Fairy's Song,2020-08-07,2020-08,steam_store_search,True,True,INTERSECTION,True,,v28259,r103326,The Fairy's Song,complete,True,The Fairy's Song,$9.99,False,https://store.steampowered.com/app/1244260/,https://vndb.org/v28259,4936,FOUND,The Fairy's Song,1596772800000,1786132828461,2026-08-08T12:07:45.053966+00:00
1331620,The Last Survey,2020-08-07,2020-08,steam_store_search,True,True,INTERSECTION,True,,v28926,r73654,The Last Survey,complete,True,The Last Survey,$4.99,False,https://store.steampowered.com/app/1331620/,https://vndb.org/v28926,442,FOUND,The Last Survey,1596772800000,1786132828461,2026-08-08T12:07:45.053966+00:00
1302050,Milky Way Prince – The Vampire Star,2020-08-13,2020-08,steam_store_search,True,True,INTERSECTION,True,,v28970,r73765;r92823,Milky Way Prince – The Vampire Star,complete,True,Milky Way Prince – The Vampire Star,$14.99,False,https://store.steampowered.com/app/1302050/,https://vndb.org/v28970,8498,FOUND,Milky Way Prince – The Vampire Star,1597291200000,1786132828461,2026-08-08T12:07:45.053966+00:00
1202870,The Heiress of Sorcery,2020-08-14,2020-08,steam_store_search,True,True,INTERSECTION,True,,v28171,r70461,The Heiress of Sorcery,complete,True,The Heiress of Sorcery,$9.99,False,https://store.steampowered.com/app/1202870/,https://vndb.org/v28171,4474,FOUND,The Heiress of Sorcery,1597377600000,1786132828461,2026-08-08T12:07:45.053966+00:00
1283210,渡劫 x 魔女 ~ Team up with A Magician！,2020-08-14,2020-08,steam_store_search,True,True,INTERSECTION,True,,v28962,r73735,Du Jie x Monü,complete,True,渡劫 x 魔女 ~ Team up with A Magician！,$6.99,False,https://store.steampowered.com/app/1283210/,https://vndb.org/v28962,2125,FOUND,渡劫 x 魔女 ~ Team up with A Magician！,1597377600000,1786132828461,2026-08-08T12:07:45.053966+00:00
1259430,First Snow,2020-08-19,2020-08,steam_store_search,True,True,INTERSECTION,True,,v28063,r86464,First Snow,complete,True,First Snow,Free,True,https://store.steampowered.com/app/1259430/,https://vndb.org/v28063,23380,FOUND,First Snow,1728864000000,1786132828461,2026-08-08T12:07:45.053966+00:00
1247020,Lovingly Evil,2020-08-19,2020-08,steam_store_search,True,True,INTERSECTION,True,,v28989,r73802,Lovingly Evil,complete,True,Lovingly Evil,$12.99,False,https://store.steampowered.com/app/1247020/,https://vndb.org/v28989,4321,FOUND,Lovingly Evil,1597809600000,1786132828461,2026-08-08T12:07:45.053966+00:00
1376040,Missing Time,2020-08-19,2020-08,steam_store_search,True,True,INTERSECTION,True,,v28357,r79862,Missing Time,complete,True,Missing Time,$19.99,False,https://store.steampowered.com/app/1376040/,https://vndb.org/v28357,511,FOUND,Missing Time,1597809600000,1786132828461,2026-08-08T12:07:45.053966+00:00
1368860,像素女友,2020-08-19,2020-08,steam_store_search,True,True,INTERSECTION,True,,v19855,r73076,Dotokoi,complete,True,像素女友,Free,True,https://store.steampowered.com/app/1368860/,https://vndb.org/v19855,83826,FOUND,像素女友,1597809600000,1786132828461,2026-08-08T12:07:45.053966+00:00
1379900,Shikokushi ~food and sightseeing and beauties~,2020-08-21,2020-08,steam_store_search,True,True,INTERSECTION,True,,v23302,r80065,Shikokushi Special DX ~Shuchi Niku Udon Senki~,complete,True,Shikokushi ~food and sightseeing and beauties~,$19.99,False,https://store.steampowered.com/app/1379900/,https://vndb.org/v23302,4140,FOUND,Shikokushi ~food and sightseeing and beauties~,1597982400000,1786132828461,2026-08-08T12:07:45.053966+00:00
1382840,Space Bar at the End of the Galaxy,2020-08-21,2020-08,steam_store_search,True,True,INTERSECTION,True,,v28870,r73487,Space Bar at the End of the Galaxy,complete,True,Space Bar at the End of the Galaxy,$4.99,False,https://store.steampowered.com/app/1382840/,https://vndb.org/v28870,622,FOUND,Space Bar at the End of the Galaxy,1597982400000,1786132828461,2026-08-08T12:07:45.053966+00:00
1384440,The Call Centre,2020-08-22,2020-08,steam_store_search,True,True,INTERSECTION,True,,v29023,r73910,The Call Centre,complete,True,The Call Centre,$0.99,False,https://store.steampowered.com/app/1384440/,https://vndb.org/v29023,47,FOUND,The Call Centre,1598068800000,1786132828461,2026-08-08T12:07:45.053966+00:00
1392820,Milk inside a bag of milk inside a bag of milk,2020-08-26,2020-08,steam_store_search,True,True,INTERSECTION,True,,v29049,r135505,PMKM/Pomogi Mne Kupit' Moloko!,complete,True,Milk inside a bag of milk inside a bag of milk,$1.49,False,https://store.steampowered.com/app/1392820/,https://vndb.org/v29049,793923,FOUND,Milk inside a bag of milk inside a bag of milk,1598414400000,1786132828461,2026-08-08T12:07:45.053966+00:00
1378730,ドトコイ,2020-08-26,2020-08,steam_store_search,True,True,INTERSECTION,True,,v27058,r67698,Doto Koi,complete,True,ドトコイ,$4.99,False,https://store.steampowered.com/app/1378730/,https://vndb.org/v27058,234,FOUND,ドトコイ,1598414400000,1786132828461,2026-08-08T12:07:45.053966+00:00
1034850,Best Friend Forever,2020-08-27,2020-08,steam_store_search,True,True,INTERSECTION,True,,v28701,r72856,Best Friend Forever,complete,True,Best Friend Forever,$19.99,False,https://store.steampowered.com/app/1034850/,https://vndb.org/v28701,8513,FOUND,Best Friend Forever,1598500800000,1786132828461,2026-08-08T12:07:45.053966+00:00
1101310,Vengeful Heart,2020-08-27,2020-08,steam_store_search,True,True,INTERSECTION,True,,v25811,r73511,Vengeful Heart,complete,True,Vengeful Heart,$9.99,False,https://store.steampowered.com/app/1101310/,https://vndb.org/v25811,651,FOUND,Vengeful Heart,1598500800000,1786132828461,2026-08-08T12:07:45.053966+00:00
1340120,IxSHE Tell,2020-08-28,2020-08,steam_store_search,True,True,INTERSECTION,True,,v21956,r73672,IxSHE Tell,complete,True,IxSHE Tell,$29.99,False,https://store.steampowered.com/app/1340120/,https://vndb.org/v21956,7216,FOUND,IxSHE Tell,1598587200000,1786132828461,2026-08-08T12:07:45.053966+00:00
1366060,Refraction,2020-08-28,2020-08,steam_store_search,True,True,INTERSECTION,True,,v29059,r74004,Refraction,complete,True,Refraction,Free,True,https://store.steampowered.com/app/1366060/,https://vndb.org/v29059,787,FOUND,Refraction,1598587200000,1786132828461,2026-08-08T12:07:45.053966+00:00
1142830,9-nine-:Episode 3,2020-08-31,2020-08,steam_store_search,True,True,INTERSECTION,True,,v23740,r73956,9-nine- Haruiro Harukoi Harunokaze,complete,True,9-nine-:Episode 3,$19.99,False,https://store.steampowered.com/app/1142830/,https://vndb.org/v23740,29856,FOUND,9-nine-:Episode 3,1598846400000,1786132828461,2026-08-08T12:07:45.053966+00:00
1365620,I'm a love interest in my childhood friend's reverse harem!!!,2020-08-31,2020-08,steam_store_search,True,True,INTERSECTION,True,,v26367,r65562,I'm a love interest in my childhood friend's reverse harem!!!,complete,True,I'm a love interest in my childhood friend's reverse harem!!!,$9.99,False,https://store.steampowered.com/app/1365620/,https://vndb.org/v26367,275,FOUND,I'm a love interest in my childhood friend's reverse harem!!!,1598846400000,1786132828461,2026-08-08T12:07:45.053966+00:00
1385990,The Light at the End of the Ocean,2020-08-31,2020-08,steam_store_search,True,True,INTERSECTION,True,,v28717,r72941,The Light at the End of the Ocean,complete,True,The Light at the End of the Ocean,$7.99,False,https://store.steampowered.com/app/1385990/,https://vndb.org/v28717,65,FOUND,The Light at the End of the Ocean,1598846400000,1786132828461,2026-08-08T12:07:45.053966+00:00
1361760,Cartomante – Fortune Teller,2020-09-01,2020-09,steam_store_search,True,True,INTERSECTION,True,,v29090,r74123,Cartomante,complete,True,Cartomante – Fortune Teller,$4.99,False,https://store.steampowered.com/app/1361760/,https://vndb.org/v29090,3868,FOUND,Cartomante – Fortune Teller,1598932800000,1786132828461,2026-08-08T12:07:45.053966+00:00
1376420,StopGate,2020-09-01,2020-09,steam_store_search,True,True,INTERSECTION,True,,v29084,r74109,StopGate,complete,True,StopGate,Free,True,https://store.steampowered.com/app/1376420/,https://vndb.org/v29084,44258,FOUND,StopGate,1598932800000,1786132828461,2026-08-08T12:07:45.053966+00:00
1329110,2ECONDS TO STΔRLIVHT: Forever My Diamond,2020-09-02,2020-09,steam_store_search,True,True,INTERSECTION,True,,v29087,r74115,2ECONDS TO STΔRLIVHT: Forever My Diamond,complete,True,2ECONDS TO STΔRLIVHT: Forever My Diamond,Free,True,https://store.steampowered.com/app/1329110/,https://vndb.org/v29087,11230,FOUND,2ECONDS TO STΔRLIVHT: Forever My Diamond,1599019200000,1786132828461,2026-08-08T12:07:45.053966+00:00
1347580,シルヴァリオ トリニティ-Beyond the Horizon-,2020-09-03,2020-09,steam_store_search,True,True,INTERSECTION,True,,v19223,r72689,Silverio Trinity,complete,True,シルヴァリオ トリニティ-Beyond the Horizon-,$64.99,False,https://store.steampowered.com/app/1347580/,https://vndb.org/v19223,83,FOUND,シルヴァリオ トリニティ-Beyond the Horizon-,1599105600000,1786132828461,2026-08-08T12:07:45.053966+00:00
1347590,シルヴァリオ ヴェンデッタ-Verse of Orpheus-,2020-09-03,2020-09,steam_store_search,True,True,INTERSECTION,True,,v16134,r44979,Silverio Vendetta,complete,True,シルヴァリオ ヴェンデッタ-Verse of Orpheus-,$64.99,False,https://store.steampowered.com/app/1347590/,https://vndb.org/v16134,1462,FOUND,シルヴァリオ ヴェンデッタ-Verse of Orpheus-,1599105600000,1786132828461,2026-08-08T12:07:45.053966+00:00
1400320,그 어느 여름날의 이야기,2020-09-03,2020-09,steam_store_search,True,True,INTERSECTION,True,,v29101,r74158,Geu Eoneu Yeoleumnal-ui Iyagi,complete,True,그 어느 여름날의 이야기,Free,True,https://store.steampowered.com/app/1400320/,https://vndb.org/v29101,4670,FOUND,그 어느 여름날의 이야기,1599105600000,1786132828461,2026-08-08T12:07:45.053966+00:00
1351370,Sakura Knight 3,2020-09-07,2020-09,steam_store_search,True,True,INTERSECTION,True,,v29129,r74224,Sakura Knight 3,complete,True,Sakura Knight 3,$9.99,False,https://store.steampowered.com/app/1351370/,https://vndb.org/v29129,3357,FOUND,Sakura Knight 3,1599451200000,1786132828461,2026-08-08T12:07:45.053966+00:00
924520,Sunny Shine Funland!,2020-09-07,2020-09,steam_store_search,True,True,INTERSECTION,True,,v29143,r74258,Sunny Shine Funland!,complete,True,Sunny Shine Funland!,$10.99,False,https://store.steampowered.com/app/924520/,https://vndb.org/v29143,105,FOUND,Sunny Shine Funland!,1599451200000,1786132828461,2026-08-08T12:07:45.053966+00:00
1301620,Cross Princess,2020-09-09,2020-09,steam_store_search,True,True,INTERSECTION,True,,v29147,r80731,Nüzhuang Shaonian & Duanfa Mei,complete,True,Cross Princess,$2.99,False,https://store.steampowered.com/app/1301620/,https://vndb.org/v29147,29212,FOUND,Cross Princess,1599624000000,1786132828461,2026-08-08T12:07:45.053966+00:00
1109800,Love on Paper,2020-09-10,2020-09,steam_store_search,True,True,INTERSECTION,True,,v29155,r74299,Miłość na Papierze,complete,True,Love on Paper,$4.99,False,https://store.steampowered.com/app/1109800/,https://vndb.org/v29155,412,FOUND,Love on Paper,1599710400000,1786132828461,2026-08-08T12:07:45.053966+00:00
1020030,Quantum Suicide,2020-09-10,2020-09,steam_store_search,True,True,INTERSECTION,True,,v18699,r45177,Quantum Suicide,complete,True,Quantum Suicide,$19.99,False,https://store.steampowered.com/app/1020030/,https://vndb.org/v18699,4333,FOUND,Quantum Suicide,1599710400000,1786132828461,2026-08-08T12:07:45.053966+00:00
1279630,Vampire: The Masquerade - Shadows of New York,2020-09-10,2020-09,steam_store_search,True,True,INTERSECTION,True,,v28253,r84480,Vampire: The Masquerade - Shadows of New York,complete,True,Vampire: The Masquerade - Shadows of New York,$12.99,False,https://store.steampowered.com/app/1279630/,https://vndb.org/v28253,66620,FOUND,Vampire: The Masquerade - Shadows of New York,1599710400000,1786132828461,2026-08-08T12:07:45.053966+00:00
1409610,Without Romance,2020-09-16,2020-09,steam_store_search,True,True,INTERSECTION,True,,v29055,r73989,Without Romance,complete,True,Without Romance,Free,True,https://store.steampowered.com/app/1409610/,https://vndb.org/v29055,21218,FOUND,Without Romance,1600228800000,1786132828461,2026-08-08T12:07:45.053966+00:00
1072600,Until September,2020-09-17,2020-09,steam_store_search,True,True,INTERSECTION,True,,v29183,r74407,Until September,complete,True,Until September,$8.99,False,https://store.steampowered.com/app/1072600/,https://vndb.org/v29183,182,FOUND,Until September,1600315200000,1786132828461,2026-08-08T12:07:45.053966+00:00
1391450,Case 00: The Cannibal Boy,2020-09-18,2020-09,steam_store_search,True,True,INTERSECTION,True,,v29196,r74445,Anjian 00: Shiren Xiaonanhai,complete,True,Case 00: The Cannibal Boy,-20%,False,https://store.steampowered.com/app/1391450/,https://vndb.org/v29196,4551,FOUND,Case 00: The Cannibal Boy,1600401600000,1786132828461,2026-08-08T12:07:45.053966+00:00
1146970,My Vow to My Liege,2020-09-21,2020-09,steam_store_search,True,True,INTERSECTION,True,,v29214,r74496,Yu Jun Meng,complete,True,My Vow to My Liege,$9.99,False,https://store.steampowered.com/app/1146970/,https://vndb.org/v29214,67070,FOUND,My Vow to My Liege,1600660800000,1786132828461,2026-08-08T12:07:45.053966+00:00
1404130,Gothic Murder: Adventure That Changes Destiny,2020-09-23,2020-09,steam_store_search,True,True,INTERSECTION,True,,v27932,r74135,Gothic Murder -Unmei o Kaeru Adventure-,complete,True,Gothic Murder: Adventure That Changes Destiny,$11.99,False,https://store.steampowered.com/app/1404130/,https://vndb.org/v27932,1893,FOUND,Gothic Murder: Adventure That Changes Destiny,1600833600000,1786132828461,2026-08-08T12:07:45.053966+00:00
1064030,King of the Cul-De-Sac,2020-09-23,2020-09,steam_store_search,True,True,INTERSECTION,True,,v35494,r90396,King of the Cul-De-Sac,complete,True,King of the Cul-De-Sac,Free,True,https://store.steampowered.com/app/1064030/,https://vndb.org/v35494,4255,FOUND,King of the Cul-De-Sac,1600833600000,1786132828461,2026-08-08T12:07:45.053966+00:00
1177650,Paper Shakespeare: To Date or Not To Date? 2,2020-09-23,2020-09,steam_store_search,True,True,INTERSECTION,True,,v29236,r74561,Paper Shakespeare: To Date or Not To Date? 2,complete,True,Paper Shakespeare: To Date or Not To Date? 2,$9.99,False,https://store.steampowered.com/app/1177650/,https://vndb.org/v29236,1,FOUND,Paper Shakespeare: To Date or Not To Date? 2,1600833600000,1786132828461,2026-08-08T12:07:45.053966+00:00
1376730,Vacation: dayOFF,2020-09-23,2020-09,steam_store_search,True,True,INTERSECTION,True,,v29149,r74277,Vacation,complete,True,Vacation: dayOFF,Free,True,https://store.steampowered.com/app/1376730/,https://vndb.org/v29149,2610,FOUND,Vacation: dayOFF,1600833600000,1786132828461,2026-08-08T12:07:45.053966+00:00
1418090,Cafe Deux Femmes,2020-09-24,2020-09,steam_store_search,True,True,INTERSECTION,True,,v29146,r74376,Cafe Deux Femmes,complete,True,Cafe Deux Femmes,$4.99,False,https://store.steampowered.com/app/1418090/,https://vndb.org/v29146,788,FOUND,Cafe Deux Femmes,1600920000000,1786132828461,2026-08-08T12:07:45.053966+00:00
862280,Time Tenshi,2020-09-25,2020-09,steam_store_search,True,True,INTERSECTION,True,,v29156,r74300,Time Tenshi,complete,True,Time Tenshi,$14.99,False,https://store.steampowered.com/app/862280/,https://vndb.org/v29156,162,FOUND,Time Tenshi,1601006400000,1786132828461,2026-08-08T12:07:45.053966+00:00
1272860,Absolute Alchemical Potion,2020-09-28,2020-09,steam_store_search,True,True,INTERSECTION,True,,v29277,r74686,Absoljutnoe Zel'e Alhimii,complete,True,Absolute Alchemical Potion,$6.99,False,https://store.steampowered.com/app/1272860/,https://vndb.org/v29277,2884,FOUND,Absolute Alchemical Potion,1601265600000,1786132828461,2026-08-08T12:07:45.053966+00:00
1294970,Undead Darlings ~no cure for love~,2020-09-28,2020-09,steam_store_search,True,True,INTERSECTION,True,,v19336,r72500,Undead Darlings ~no cure for love~,complete,True,Undead Darlings ~no cure for love~,$29.99,False,https://store.steampowered.com/app/1294970/,https://vndb.org/v19336,260,FOUND,Undead Darlings ~no cure for love~,1601265600000,1786132828461,2026-08-08T12:07:45.053966+00:00
1394700,Takorita Meets Fries,2020-09-30,2020-09,steam_store_search,True,True,INTERSECTION,True,,v29038,r86076,Takorita Meets Potato,complete,True,Takorita Meets Fries,$4.99,False,https://store.steampowered.com/app/1394700/,https://vndb.org/v29038,663,FOUND,Takorita Meets Fries,1601438400000,1786132828461,2026-08-08T12:07:45.053966+00:00
1401220,冷血症骰子,2020-09-30,2020-09,steam_store_search,True,True,INTERSECTION,True,,v29067,r74053,Saikoro Psycho,complete,True,冷血症骰子,$7.99,False,https://store.steampowered.com/app/1401220/,https://vndb.org/v29067,6816,FOUND,冷血症骰子,1601438400000,1786132828461,2026-08-08T12:07:45.053966+00:00
1419740,The Witch in the Forest,2020-10-01,2020-10,steam_store_search,True,True,INTERSECTION,True,,v23763,r66584,The Witch in the Forest,complete,True,The Witch in the Forest,Free,True,https://store.steampowered.com/app/1419740/,https://vndb.org/v23763,11030,FOUND,The Witch in the Forest,1601524800000,1786132828461,2026-08-08T12:07:45.053966+00:00
1416160,安堂的心理咨询室：杯中之心〈ANDOU：Pulse of cup〉,2020-10-01,2020-10,steam_store_search,True,True,INTERSECTION,True,,v29298,r74762,Antang de Xinli Zixun Shi: Bei Zhong Zhi Xin,complete,True,安堂的心理咨询室：杯中之心〈ANDOU：Pulse of cup〉,Free,True,https://store.steampowered.com/app/1416160/,https://vndb.org/v29298,10328,FOUND,安堂的心理咨询室：杯中之心〈ANDOU：Pulse of cup〉,1601524800000,1786132828461,2026-08-08T12:07:45.053966+00:00
1273570,Four Rendezvous,2020-10-02,2020-10,steam_store_search,True,True,INTERSECTION,True,,v28158,r70436,Chetyre Vstrechi,complete,True,Four Rendezvous,Free,True,https://store.steampowered.com/app/1273570/,https://vndb.org/v28158,4829,FOUND,Four Rendezvous,1601611200000,1786132828461,2026-08-08T12:07:45.053966+00:00
1385950,Guilt Free,2020-10-02,2020-10,steam_store_search,True,True,INTERSECTION,True,,v29306,r74798,Guilt Free,complete,True,Guilt Free,Free,True,https://store.steampowered.com/app/1385950/,https://vndb.org/v29306,32101,FOUND,Guilt Free,1601611200000,1786132828461,2026-08-08T12:07:45.053966+00:00
1419480,Love's Sweet Garnish 2,2020-10-02,2020-10,steam_store_search,True,True,INTERSECTION,True,,v24626,r74678,"Koi ni, Kanmi o Soete 2",complete,True,Love's Sweet Garnish 2,$16.99,False,https://store.steampowered.com/app/1419480/,https://vndb.org/v24626,4176,FOUND,Love's Sweet Garnish 2,1601611200000,1786132828461,2026-08-08T12:07:45.053966+00:00
1377360,Vampires' Melody,2020-10-02,2020-10,steam_store_search,True,True,INTERSECTION,True,,v29170,r74360,Vampires' Melody,complete,True,Vampires' Melody,$3.99,False,https://store.steampowered.com/app/1377360/,https://vndb.org/v29170,229510,FOUND,Vampires' Melody,1601611200000,1786132828461,2026-08-08T12:07:45.053966+00:00
1422210,Throw Me in the River,2020-10-05,2020-10,steam_store_search,True,True,INTERSECTION,True,,v29330,r74884,Throw Me in the River,complete,True,Throw Me in the River,$2.99,False,https://store.steampowered.com/app/1422210/,https://vndb.org/v29330,543,FOUND,Throw Me in the River,1601870400000,1786132828461,2026-08-08T12:07:45.053966+00:00
1419370,Cooking Companions: Appetizer Edition,2020-10-06,2020-10,steam_store_search,True,True,INTERSECTION,True,,v29270,r74663;r76815,Cooking Companions: Appetizer Edition,complete,True,Cooking Companions: Appetizer Edition,Free,True,https://store.steampowered.com/app/1419370/,https://vndb.org/v29270,57357,FOUND,Cooking Companions: Appetizer Edition,1601956800000,1786132828461,2026-08-08T12:07:45.053966+00:00
1415670,High School of Memories,2020-10-07,2020-10,steam_store_search,True,True,INTERSECTION,True,,v29335,r74945,High School of Memories,complete,True,High School of Memories,$14.99,False,https://store.steampowered.com/app/1415670/,https://vndb.org/v29335,36,FOUND,High School of Memories,1602043200000,1786132828461,2026-08-08T12:07:45.053966+00:00
1271340,Cat President 2: Purrlitical Revolution,2020-10-13,2020-10,steam_store_search,True,True,INTERSECTION,True,,v29370,r75057,Cat President 2: Purrlitical Revolution,complete,True,Cat President 2: Purrlitical Revolution,$8.99,False,https://store.steampowered.com/app/1271340/,https://vndb.org/v29370,366,FOUND,Cat President 2: Purrlitical Revolution,1602561600000,1786132828461,2026-08-08T12:07:45.053966+00:00
1111390,ROBOTICS;NOTES DaSH,2020-10-13,2020-10,steam_store_search,True,True,INTERSECTION,True,,v21281,r64740,ROBOTICS;NOTES DaSH,complete,True,ROBOTICS;NOTES DaSH,-80%,False,https://store.steampowered.com/app/1111390/,https://vndb.org/v21281,23433,FOUND,ROBOTICS;NOTES DaSH,1602561600000,1786132828461,2026-08-08T12:07:45.053966+00:00
1111380,ROBOTICS;NOTES ELITE,2020-10-13,2020-10,steam_store_search,True,True,INTERSECTION,True,,v5883,r51842,ROBOTICS;NOTES,complete,True,ROBOTICS;NOTES ELITE,-80%,False,https://store.steampowered.com/app/1111380/,https://vndb.org/v5883,32700,FOUND,ROBOTICS;NOTES ELITE,1602561600000,1786132828461,2026-08-08T12:07:45.053966+00:00
1342620,Werewolf: The Apocalypse — Heart of the Forest,2020-10-13,2020-10,steam_store_search,True,True,INTERSECTION,True,,v28855,r73395,Werewolf: The Apocalypse - Heart of the Forest,complete,True,Werewolf: The Apocalypse — Heart of the Forest,-90%,False,https://store.steampowered.com/app/1342620/,https://vndb.org/v28855,33848,FOUND,Werewolf: The Apocalypse — Heart of the Forest,1602561600000,1786132828461,2026-08-08T12:07:45.053966+00:00
1318730,Axiom Alternative,2020-10-14,2020-10,steam_store_search,True,True,INTERSECTION,True,,v28340,r73901,Axiom Alternative,complete,True,Axiom Alternative,$0.99,False,https://store.steampowered.com/app/1318730/,https://vndb.org/v28340,1,FOUND,Axiom Alternative,1602648000000,1786132828461,2026-08-08T12:07:45.053966+00:00
1321120,Matsuro Palette,2020-10-14,2020-10,steam_store_search,True,True,INTERSECTION,True,,v37396,r133254,Matsuro Palette,complete,True,Matsuro Palette,-66%,False,https://store.steampowered.com/app/1321120/,https://vndb.org/v37396,9574,FOUND,Matsuro Palette,1602648000000,1786132828461,2026-08-08T12:07:45.053966+00:00
1049010,Out of Frame / ノベルゲームの枠組みを変えるノベルゲーム。,2020-10-14,2020-10,steam_store_search,True,True,INTERSECTION,True,,v11427,r74835,Novel Game no Wakugumi o Kaeru Novel Game.,complete,True,Out of Frame / ノベルゲームの枠組みを変えるノベルゲーム。,$17.99,False,https://store.steampowered.com/app/1049010/,https://vndb.org/v11427,360,FOUND,Out of Frame / ノベルゲームの枠組みを変えるノベルゲーム。,1602648000000,1786132828461,2026-08-08T12:07:45.053966+00:00
1415480,10mg: Locked In,2020-10-15,2020-10,steam_store_search,True,True,INTERSECTION,True,,v29375,r75083,Locked In,complete,True,10mg: Locked In,$2.99,False,https://store.steampowered.com/app/1415480/,https://vndb.org/v29375,305,FOUND,10mg: Locked In,1602734400000,1786132828461,2026-08-08T12:07:45.053966+00:00
1431220,"10mg: SLASHER, Interrupted",2020-10-15,2020-10,steam_store_search,True,True,INTERSECTION,True,,v29376,r75084,"SLASHER, Interrupted",complete,True,"10mg: SLASHER, Interrupted",$1.99,False,https://store.steampowered.com/app/1431220/,https://vndb.org/v29376,425,FOUND,"10mg: SLASHER, Interrupted",1602734400000,1786132828461,2026-08-08T12:07:45.053966+00:00
1077470,Syntherapy,2020-10-15,2020-10,steam_store_search,True,True,INTERSECTION,True,,v29377,r75085,Syntherapy,complete,True,Syntherapy,$14.99,False,https://store.steampowered.com/app/1077470/,https://vndb.org/v29377,1205,FOUND,Syntherapy,1602734400000,1786132828461,2026-08-08T12:07:45.053966+00:00
1430420,CBT With Yuuka Kazami,2020-10-19,2020-10,steam_store_search,True,True,INTERSECTION,True,,v29405,r147680,CBT With Yuuka Kazami,complete,True,CBT With Yuuka Kazami,$0.99,False,https://store.steampowered.com/app/1430420/,https://vndb.org/v29405,12067,FOUND,CBT With Yuuka Kazami,1603080000000,1786132828461,2026-08-08T12:07:45.053966+00:00
1430980,Space Love Delta,2020-10-19,2020-10,steam_store_search,True,True,INTERSECTION,True,,v26860,r75189,Space Love Delta,complete,True,Space Love Delta,$5.99,False,https://store.steampowered.com/app/1430980/,https://vndb.org/v26860,378,FOUND,Space Love Delta,1603080000000,1786132828461,2026-08-08T12:07:45.053966+00:00
1259960,The Metamorphosis,2020-10-19,2020-10,steam_store_search,True,True,INTERSECTION,True,,v28074,r70023,The Metamorphosis,complete,True,The Metamorphosis,$7.99,False,https://store.steampowered.com/app/1259960/,https://vndb.org/v28074,800,FOUND,The Metamorphosis,1603080000000,1786132828461,2026-08-08T12:07:45.053966+00:00
1429670,Dungeon Lord,2020-10-20,2020-10,steam_store_search,True,True,INTERSECTION,True,,v40256,r99463,Dungeon Lord,complete,True,Dungeon Lord,$14.99,False,https://store.steampowered.com/app/1429670/,https://vndb.org/v40256,4814,FOUND,Dungeon Lord,1603166400000,1786132828461,2026-08-08T12:07:45.053966+00:00
1233200,Wanko of Marriage ~Welcome to The Dog's Tail!~,2020-10-20,2020-10,steam_store_search,True,True,INTERSECTION,True,,v22788,r70374,Wanko no Yomeiri ~Youkoso! Inu no Shippo e~,complete,True,Wanko of Marriage ~Welcome to The Dog's Tail!~,$9.99,False,https://store.steampowered.com/app/1233200/,https://vndb.org/v22788,328,FOUND,Wanko of Marriage ~Welcome to The Dog's Tail!~,1603166400000,1786132828461,2026-08-08T12:07:45.053966+00:00
1428440,Change the World,2020-10-22,2020-10,steam_store_search,True,True,INTERSECTION,True,,v29122,r74212,Change the World,complete,True,Change the World,Free,True,https://store.steampowered.com/app/1428440/,https://vndb.org/v29122,945,FOUND,Change the World,1603339200000,1786132828461,2026-08-08T12:07:45.053966+00:00
1372300,Iwaihime,2020-10-23,2020-10,steam_store_search,True,True,INTERSECTION,True,,v17863,r74764,Iwaihime,complete,True,Iwaihime,$29.99,False,https://store.steampowered.com/app/1372300/,https://vndb.org/v17863,24825,FOUND,Iwaihime,1603425600000,1786132828461,2026-08-08T12:07:45.053966+00:00
1347450,日日夜夜,2020-10-23,2020-10,steam_store_search,True,True,INTERSECTION,True,,v29431,r75268,Ririyeye,complete,True,日日夜夜,$3.99,False,https://store.steampowered.com/app/1347450/,https://vndb.org/v29431,7924,FOUND,日日夜夜,1603425600000,1786132828461,2026-08-08T12:07:45.053966+00:00
1292520,Crimson Spires,2020-10-27,2020-10,steam_store_search,True,True,INTERSECTION,True,,v28711,r72888,Crimson Spires,complete,True,Crimson Spires,$19.99,False,https://store.steampowered.com/app/1292520/,https://vndb.org/v28711,3311,FOUND,Crimson Spires,1603771200000,1786132828461,2026-08-08T12:07:45.053966+00:00
1431470,Mythos Ever After: A Cthulhu Dating Sim,2020-10-28,2020-10,steam_store_search,True,True,INTERSECTION,True,,v29462,r75344,Mythos Ever After: A Cthulhu Dating Sim,complete,True,Mythos Ever After: A Cthulhu Dating Sim,$4.99,False,https://store.steampowered.com/app/1431470/,https://vndb.org/v29462,15,FOUND,Mythos Ever After: A Cthulhu Dating Sim,1603857600000,1786132828461,2026-08-08T12:07:45.053966+00:00
1397960,One Night on Halloween,2020-10-29,2020-10,steam_store_search,True,True,INTERSECTION,True,,v29471,r75364,One Night on Halloween,complete,True,One Night on Halloween,$1.99,False,https://store.steampowered.com/app/1397960/,https://vndb.org/v29471,15,FOUND,One Night on Halloween,1603944000000,1786132828461,2026-08-08T12:07:45.053966+00:00
1434480,Maitetsu:Last Run!!,2020-10-30,2020-10,steam_store_search,True,True,INTERSECTION,True,,v25635,r63190,Maitetsu - Last Run!!,complete,True,Maitetsu:Last Run!!,$34.99,False,https://store.steampowered.com/app/1434480/,https://vndb.org/v25635,252471,FOUND,Maitetsu:Last Run!!,1604030400000,1786132828461,2026-08-08T12:07:45.053966+00:00
1131800,Pixel Puzzle Makeout League,2020-10-30,2020-10,steam_store_search,True,True,INTERSECTION,True,,v29487,r75408;r80624,Pixel Puzzle Makeout League,complete;trial,True,Pixel Puzzle Makeout League,$14.99,False,https://store.steampowered.com/app/1131800/,https://vndb.org/v29487,2428,FOUND,Pixel Puzzle Makeout League,1604030400000,1786132828461,2026-08-08T12:07:45.053966+00:00
1350350,Touhou Gensokyo Visitor,2020-10-30,2020-10,steam_store_search,True,True,INTERSECTION,True,,v28642,r72527,Touhou Gensokyo Visitor,complete,True,Touhou Gensokyo Visitor,$3.99,False,https://store.steampowered.com/app/1350350/,https://vndb.org/v28642,8805,FOUND,Touhou Gensokyo Visitor,1604030400000,1786132828461,2026-08-08T12:07:45.053966+00:00
1413550,赛博侦探：艾尔塔特,2020-10-30,2020-10,steam_store_search,True,True,INTERSECTION,True,,v29485,r75398,Cyber Zhentan: Ertat,complete,True,赛博侦探：艾尔塔特,$3.99,False,https://store.steampowered.com/app/1413550/,https://vndb.org/v29485,192,FOUND,赛博侦探：艾尔塔特,1604030400000,1786132828461,2026-08-08T12:07:45.053966+00:00
714820,Creature Romances: For the Ladies,2020-10-31,2020-10,steam_store_search,True,True,INTERSECTION,True,,v19500,r46499,Creature to Koi Shiyo!! for Otome,complete,True,Creature Romances: For the Ladies,$2.99,False,https://store.steampowered.com/app/714820/,https://vndb.org/v19500,2605,FOUND,Creature Romances: For the Ladies,1604116800000,1786132828461,2026-08-08T12:07:45.053966+00:00
1422380,Witches x Warlocks,2020-10-31,2020-10,steam_store_search,True,True,INTERSECTION,True,,v29494,r75417,Witches x Warlocks,complete,True,Witches x Warlocks,Free,True,https://store.steampowered.com/app/1422380/,https://vndb.org/v29494,58305,FOUND,Witches x Warlocks,1604116800000,1786132828461,2026-08-08T12:07:45.053966+00:00
1345740,恋爱绮谭~不存在的夏天~,2020-10-31,2020-10,steam_store_search,True,True,INTERSECTION,True,,v29062,r74040,Lian'ai Qitan ~Bu Cunzai de Xiatian~,complete,True,恋爱绮谭~不存在的夏天~,$8.99,False,https://store.steampowered.com/app/1345740/,https://vndb.org/v29062,35697,FOUND,恋爱绮谭~不存在的夏天~,1604116800000,1786132828461,2026-08-08T12:07:45.053966+00:00
1376840,Lurkers,2020-11-02,2020-11,steam_store_search,True,True,INTERSECTION,True,,v26452,r74893,Lurkers,complete,True,Lurkers,$5.99,False,https://store.steampowered.com/app/1376840/,https://vndb.org/v26452,251,FOUND,Lurkers,1604293200000,1786132828461,2026-08-08T12:07:45.053966+00:00
1406020,Sakura Succubus 3,2020-11-02,2020-11,steam_store_search,True,True,INTERSECTION,True,,v29378,r75088,Sakura Succubus 3,complete,True,Sakura Succubus 3,$9.99,False,https://store.steampowered.com/app/1406020/,https://vndb.org/v29378,8479,FOUND,Sakura Succubus 3,1604293200000,1786132828461,2026-08-08T12:07:45.053966+00:00
1445110,The Legend of Arcadieu 2,2020-11-02,2020-11,steam_store_search,True,True,INTERSECTION,True,,v29516,r75481,The Legend of Arcadieu 2,complete,True,The Legend of Arcadieu 2,$4.99,False,https://store.steampowered.com/app/1445110/,https://vndb.org/v29516,106,FOUND,The Legend of Arcadieu 2,1604293200000,1786132828461,2026-08-08T12:07:45.053966+00:00
1433090,The Schizophrenic Dynasty of Müller,2020-11-02,2020-11,steam_store_search,True,True,INTERSECTION,True,,v29515,r75478,The Schizophrenic Dynasty of Müller,complete,True,The Schizophrenic Dynasty of Müller,$7.99,False,https://store.steampowered.com/app/1433090/,https://vndb.org/v29515,297,FOUND,The Schizophrenic Dynasty of Müller,1604293200000,1786132828461,2026-08-08T12:07:45.053966+00:00
1202120,Fateful End: True Case Files,2020-11-03,2020-11,steam_store_search,True,True,INTERSECTION,True,,v28069,r70008,Wei Xian Ren Zha,complete,True,Fateful End: True Case Files,$9.99,False,https://store.steampowered.com/app/1202120/,https://vndb.org/v28069,250,FOUND,Fateful End: True Case Files,1604379600000,1786132828461,2026-08-08T12:07:45.053966+00:00
1368000,Secret Agent Allan Martin in ... Phoenix Erupting,2020-11-03,2020-11,steam_store_search,True,True,INTERSECTION,True,,v29524,r75514,Secret Agent Allan Martin in ... Phoenix Erupting,complete,True,Secret Agent Allan Martin in ... Phoenix Erupting,$1.99,False,https://store.steampowered.com/app/1368000/,https://vndb.org/v29524,1,FOUND,Secret Agent Allan Martin in ... Phoenix Erupting,1604379600000,1786132828461,2026-08-08T12:07:45.053966+00:00
1449430,Jendo: Origins,2020-11-04,2020-11,steam_store_search,True,True,INTERSECTION,True,,v29529,r85849,Jendo: Origins,complete,True,Jendo: Origins,Free,True,https://store.steampowered.com/app/1449430/,https://vndb.org/v29529,18568,FOUND,Jendo: Origins,1604466000000,1786132828461,2026-08-08T12:07:45.053966+00:00
1084640,Chicken Police - Paint it RED!,2020-11-05,2020-11,steam_store_search,True,True,INTERSECTION,True,,v29607,r75782,Chicken Police - Paint it RED!,complete,True,Chicken Police - Paint it RED!,-15%,False,https://store.steampowered.com/app/1084640/,https://vndb.org/v29607,67543,FOUND,Chicken Police - Paint it RED!,1604552400000,1786132828461,2026-08-08T12:07:45.053966+00:00
1204740,How Stories Die,2020-11-05,2020-11,steam_store_search,True,True,INTERSECTION,True,,v27416,r68436,How Stories Die,complete,True,How Stories Die,Free,True,https://store.steampowered.com/app/1204740/,https://vndb.org/v27416,10073,FOUND,How Stories Die,1604552400000,1786132828461,2026-08-08T12:07:45.053966+00:00
1095090,The Remission of Sins,2020-11-05,2020-11,steam_store_search,True,True,INTERSECTION,True,,v23204,r73996,Shamen The Remission of Sins,complete,True,The Remission of Sins,$11.99,False,https://store.steampowered.com/app/1095090/,https://vndb.org/v23204,220,FOUND,The Remission of Sins,1604552400000,1786132828461,2026-08-08T12:07:45.053966+00:00
1444360,Aisling and the Tavern of Elves,2020-11-06,2020-11,steam_store_search,True,True,INTERSECTION,True,,v29428,r75269,Aisling and the Tavern of Elves,complete,True,Aisling and the Tavern of Elves,$6.99,False,https://store.steampowered.com/app/1444360/,https://vndb.org/v29428,1226,FOUND,Aisling and the Tavern of Elves,1604638800000,1786132828461,2026-08-08T12:07:45.053966+00:00
1340130,Aokana - Four Rhythms Across the Blue - EXTRA1,2020-11-06,2020-11,steam_store_search,True,True,INTERSECTION,True,,v20228,r64780,Ao no Kanata no Four Rhythm - EXTRA1,complete,True,Aokana - Four Rhythms Across the Blue - EXTRA1,$16.99,False,https://store.steampowered.com/app/1340130/,https://vndb.org/v20228,42650,FOUND,Aokana - Four Rhythms Across the Blue - EXTRA1,1604638800000,1786132828461,2026-08-08T12:07:45.053966+00:00
1324830,Untale: King of Revinia,2020-11-06,2020-11,steam_store_search,True,True,INTERSECTION,True,,v28864,r75561,Untale: Korol' Revinii,complete,True,Untale: King of Revinia,$14.99,False,https://store.steampowered.com/app/1324830/,https://vndb.org/v28864,2107,FOUND,Untale: King of Revinia,1604638800000,1786132828461,2026-08-08T12:07:45.053966+00:00
1461500,Cookie Store,2020-11-09,2020-11,steam_store_search,True,True,INTERSECTION,True,,v30559,r78224,Sklepik z Ciasteczkami,complete,True,Cookie Store,$6.99,False,https://store.steampowered.com/app/1461500/,https://vndb.org/v30559,390,FOUND,Cookie Store,1604898000000,1786132828461,2026-08-08T12:07:45.053966+00:00
1367090,"I'm Oh, So Busy...: A Week with Yoshimi",2020-11-13,2020-11,steam_store_search,True,True,INTERSECTION,True,,v26371,r75743,"I'm Oh, So Busy...: A Week with Yoshimi",complete,True,"I'm Oh, So Busy...: A Week with Yoshimi",$9.99,False,https://store.steampowered.com/app/1367090/,https://vndb.org/v26371,140,FOUND,"I'm Oh, So Busy...: A Week with Yoshimi",1605243600000,1786132828461,2026-08-08T12:07:45.053966+00:00
1459710,Seiga Kaku uses her amazing Taoist arts and gives you a life lesson,2020-11-13,2020-11,steam_store_search,True,True,INTERSECTION,True,,v29596,r75742,Seiga Kaku uses her amazing Taoist arts and gives you a life lesson,complete,True,Seiga Kaku uses her amazing Taoist arts and gives you a life lesson,$0.99,False,https://store.steampowered.com/app/1459710/,https://vndb.org/v29596,2058,FOUND,Seiga Kaku uses her amazing Taoist arts and gives you a life lesson,1605243600000,1786132828461,2026-08-08T12:07:45.053966+00:00
1129190,Our Life: Beginnings & Always,2020-11-16,2020-11,steam_store_search,True,True,INTERSECTION,True,,v26391,r83074,Our Life: Beginnings & Always,complete,True,Our Life: Beginnings & Always,Free,True,https://store.steampowered.com/app/1129190/,https://vndb.org/v26391,636808,FOUND,Our Life: Beginnings & Always,1605502800000,1786132828461,2026-08-08T12:07:45.053966+00:00
1462910,Twisted: A Dark Fairytale,2020-11-18,2020-11,steam_store_search,True,True,INTERSECTION,True,,v26384,r75532,Twisted: A dark fairytale,complete,True,Twisted: A Dark Fairytale,$9.99,False,https://store.steampowered.com/app/1462910/,https://vndb.org/v26384,196,FOUND,Twisted: A Dark Fairytale,1605675600000,1786132828461,2026-08-08T12:07:45.053966+00:00
1416240,夜永 Eternal Love,2020-11-18,2020-11,steam_store_search,True,True,INTERSECTION,True,,v29663,r75914,Ye Yong,complete,True,夜永 Eternal Love,$4.99,False,https://store.steampowered.com/app/1416240/,https://vndb.org/v29663,18274,FOUND,夜永 Eternal Love,1605675600000,1786132828461,2026-08-08T12:07:45.053966+00:00
1449250,狂潮-Staggering Through The Dark,2020-11-18,2020-11,steam_store_search,True,True,INTERSECTION,True,,v29672,r75931,Xianggang Wangshi,complete,True,狂潮-Staggering Through The Dark,$1.99,False,https://store.steampowered.com/app/1449250/,https://vndb.org/v29672,1073,FOUND,狂潮-Staggering Through The Dark,1605675600000,1786132828461,2026-08-08T12:07:45.053966+00:00
1463450,Fallstreak: Requiem for my Homeland,2020-11-19,2020-11,steam_store_search,True,True,INTERSECTION,True,,v29528,r75533,Fallstreak: Requiem for my Homeland,complete,True,Fallstreak: Requiem for my Homeland,$4.99,False,https://store.steampowered.com/app/1463450/,https://vndb.org/v29528,1123,FOUND,Fallstreak: Requiem for my Homeland,1605762000000,1786132828461,2026-08-08T12:07:45.053966+00:00
1412620,Sweet Time,2020-11-19,2020-11,steam_store_search,True,True,INTERSECTION,True,,v29665,r75916,Tasty Shame in Silver Soul!,complete,True,Sweet Time,$9.99,False,https://store.steampowered.com/app/1412620/,https://vndb.org/v29665,41,FOUND,Sweet Time,1605762000000,1786132828461,2026-08-08T12:07:45.053966+00:00
1439700,Alchemy Absorption: Melody,2020-11-20,2020-11,steam_store_search,True,True,INTERSECTION,True,,v29674,r75933,Alchemy Absorption: Melody,complete,True,Alchemy Absorption: Melody,$2.99,False,https://store.steampowered.com/app/1439700/,https://vndb.org/v29674,209,FOUND,Alchemy Absorption: Melody,1605848400000,1786132828461,2026-08-08T12:07:45.053966+00:00
1109490,The Cherry Orchard,2020-11-20,2020-11,steam_store_search,True,True,INTERSECTION,True,,v29673,r75932,The Cherry Orchard,complete,True,The Cherry Orchard,$6.99,False,https://store.steampowered.com/app/1109490/,https://vndb.org/v29673,670,FOUND,The Cherry Orchard,1605848400000,1786132828461,2026-08-08T12:07:45.053966+00:00
1377550,~Be a maid in the Demon World~ The Secret Café of the Demon Angel Hero.,2020-11-20,2020-11,steam_store_search,True,True,INTERSECTION,True,,v30490,r78034,~Makai de Maid~ Akuma to Tenshi to Yuusha no Himitsu no Kissaten,complete,True,~Be a maid in the Demon World~ The Secret Café of the Demon Angel Hero.,$18.99,False,https://store.steampowered.com/app/1377550/,https://vndb.org/v30490,19610,FOUND,~Be a maid in the Demon World~ The Secret Café of the Demon Angel Hero.,1605848400000,1786132828461,2026-08-08T12:07:45.053966+00:00
1466290,The Change Architect,2020-11-25,2020-11,steam_store_search,True,True,INTERSECTION,True,,v29579,r75700,The Change Architect,complete,True,The Change Architect,Free,True,https://store.steampowered.com/app/1466290/,https://vndb.org/v29579,5569,FOUND,The Change Architect,1606280400000,1786132828461,2026-08-08T12:07:45.053966+00:00
1406990,NEKOPARA Vol. 4,2020-11-26,2020-11,steam_store_search,True,True,INTERSECTION,True,,v26052,r64510,Neko Para vol.4 ~Neko to Patissier no Noel~,complete,True,NEKOPARA Vol. 4,$9.99,False,https://store.steampowered.com/app/1406990/,https://vndb.org/v26052,560279,FOUND,NEKOPARA Vol. 4,1606366800000,1786132828461,2026-08-08T12:07:45.053966+00:00
1466490,TOKYO LOVE +,2020-11-26,2020-11,steam_store_search,True,True,INTERSECTION,True,,v29720,r76071,Tokyo Love +,complete,True,TOKYO LOVE +,$12.99,False,https://store.steampowered.com/app/1466490/,https://vndb.org/v29720,1,FOUND,TOKYO LOVE +,1606366800000,1786132828461,2026-08-08T12:07:45.053966+00:00
1430030,THE MONSTER OF MEMORY:DESTINY,2020-11-27,2020-11,steam_store_search,True,True,INTERSECTION,True,,v29647,r75870,Jiyi de Guaiwu -Mingyun de Jueze-,complete,True,THE MONSTER OF MEMORY:DESTINY,$18.99,False,https://store.steampowered.com/app/1430030/,https://vndb.org/v29647,5941,FOUND,THE MONSTER OF MEMORY:DESTINY,1606453200000,1786132828461,2026-08-08T12:07:45.053966+00:00
1315620,EndlessShinyBlues,2020-11-30,2020-11,steam_store_search,True,True,INTERSECTION,True,,v29770,r76162,Feiniao Hai Sha,complete,True,EndlessShinyBlues,$0.99,False,https://store.steampowered.com/app/1315620/,https://vndb.org/v29770,788,FOUND,EndlessShinyBlues,1606712400000,1786132828461,2026-08-08T12:07:45.053966+00:00
1465300,The Thought Police Hotline: Episode 1,2020-12-02,2020-12,steam_store_search,True,True,INTERSECTION,True,,v29505,r75450,The Thought Police Hotline: Episode 1,complete,True,The Thought Police Hotline: Episode 1,$1.99,False,https://store.steampowered.com/app/1465300/,https://vndb.org/v29505,1,FOUND,The Thought Police Hotline: Episode 1,1606885200000,1786132828461,2026-08-08T12:07:45.053966+00:00
1414800,Wet steps,2020-12-02,2020-12,steam_store_search,True,True,INTERSECTION,True,,v29310,r74811;r77283,Mokrye shagi,complete,True,Wet steps,$2.99,False,https://store.steampowered.com/app/1414800/,https://vndb.org/v29310,9234,FOUND,Wet steps,1606885200000,1786132828461,2026-08-08T12:07:45.053966+00:00
1471940,Bahamian Rhapsody,2020-12-04,2020-12,steam_store_search,True,True,INTERSECTION,True,,v29573,r75710,Bahamian Rhapsody,complete,True,Bahamian Rhapsody,$4.99,False,https://store.steampowered.com/app/1471940/,https://vndb.org/v29573,999,FOUND,Bahamian Rhapsody,1607058000000,1786132828461,2026-08-08T12:07:45.053966+00:00
1207650,Suzerain,2020-12-04,2020-12,steam_store_search,True,True,INTERSECTION,True,,v34788,r131739;r89091,Suzerain,complete,True,Suzerain,$19.99,False,https://store.steampowered.com/app/1207650/,https://vndb.org/v34788,534961,FOUND,Suzerain,1607058000000,1786132828461,2026-08-08T12:07:45.053966+00:00
1134450,ALLBLACK Phase 1,2020-12-05,2020-12,steam_store_search,True,True,INTERSECTION,True,,v25691,r65393;r81674,ALLBLACK Phase #1 -Project-,complete;trial,True,ALLBLACK Phase 1,Free,True,https://store.steampowered.com/app/1134450/,https://vndb.org/v25691,10631,FOUND,ALLBLACK Phase 1,1607144400000,1786132828461,2026-08-08T12:07:45.053966+00:00
1153040,Primate Signal,2020-12-05,2020-12,steam_store_search,True,True,INTERSECTION,True,,v29811,r76293,Primate Signal,complete,True,Primate Signal,$5.00,False,https://store.steampowered.com/app/1153040/,https://vndb.org/v29811,176,FOUND,Primate Signal,1607144400000,1786132828461,2026-08-08T12:07:45.053966+00:00
947080,The Ghost of Joe Papp: 101 Ways To Kill Writer's Block,2020-12-06,2020-12,steam_store_search,True,True,INTERSECTION,True,,v29805,r76278,The Ghost of Joe Papp: 101 Ways To Kill Writer's Block,complete,True,The Ghost of Joe Papp: 101 Ways To Kill Writer's Block,$9.99,False,https://store.steampowered.com/app/947080/,https://vndb.org/v29805,1,FOUND,The Ghost of Joe Papp: 101 Ways To Kill Writer's Block,1607230800000,1786132828461,2026-08-08T12:07:45.053966+00:00
1332990,The Hayseed Knight,2020-12-08,2020-12,steam_store_search,True,True,INTERSECTION,True,,v23305,r150118;r76173,The Hayseed Knight,complete,True,The Hayseed Knight,$19.99,False,https://store.steampowered.com/app/1332990/,https://vndb.org/v23305,3719,FOUND,The Hayseed Knight,1607403600000,1786132828461,2026-08-08T12:07:45.053966+00:00
1372830,Fantasy Tavern Sextet -Vol.1 New World Days-,2020-12-14,2020-12,steam_store_search,True,True,INTERSECTION,True,,v29482,r76023,Isekai Sakaba no Sextet ~Vol.1 New World Days~,complete,True,Fantasy Tavern Sextet -Vol.1 New World Days-,$12.99,False,https://store.steampowered.com/app/1372830/,https://vndb.org/v29482,24569,FOUND,Fantasy Tavern Sextet -Vol.1 New World Days-,1607922000000,1786132828461,2026-08-08T12:07:45.053966+00:00
1484960,Escape to Moscow,2020-12-15,2020-12,steam_store_search,True,True,INTERSECTION,True,,v29857,r76417,Pobeg v Moskvu,complete,True,Escape to Moscow,Free,True,https://store.steampowered.com/app/1484960/,https://vndb.org/v29857,46778,FOUND,Escape to Moscow,1608008400000,1786132828461,2026-08-08T12:07:45.053966+00:00
1132720,I Walk Among Zombies Vol. 0,2020-12-15,2020-12,steam_store_search,True,True,INTERSECTION,True,,v22776,r57753;r76828,Zombie no Afureta Sekai de Ore Dake ga Osowarenai vol.0,complete,True,I Walk Among Zombies Vol. 0,$8.99,False,https://store.steampowered.com/app/1132720/,https://vndb.org/v22776,3558,FOUND,I Walk Among Zombies Vol. 0,1608008400000,1786132828461,2026-08-08T12:07:45.053966+00:00
1131550,I Walk Among Zombies Vol. 3,2020-12-15,2020-12,steam_store_search,True,True,INTERSECTION,True,,v22775,r57752,Zombie no Afureta Sekai de Ore Dake ga Osowarenai vol.3,complete,True,I Walk Among Zombies Vol. 3,$14.99,False,https://store.steampowered.com/app/1131550/,https://vndb.org/v22775,7850,FOUND,I Walk Among Zombies Vol. 3,1608008400000,1786132828461,2026-08-08T12:07:45.053966+00:00
1387350,Ken ga Kimi: Momoyo Tsuzuri,2020-12-15,2020-12,steam_store_search,True,True,INTERSECTION,True,,v18944,r74346,Ken ga Kimi: Momoyo Tsuzuri,complete,True,Ken ga Kimi: Momoyo Tsuzuri,$49.99,False,https://store.steampowered.com/app/1387350/,https://vndb.org/v18944,6736,FOUND,Ken ga Kimi: Momoyo Tsuzuri,1608008400000,1786132828461,2026-08-08T12:07:45.053966+00:00
1442160,ABYSS OF THE SACRIFICE,2020-12-16,2020-12,steam_store_search,True,True,INTERSECTION,True,,v4185,r74597,Misshitsu no Sacrifice,complete,True,ABYSS OF THE SACRIFICE,-20%,False,https://store.steampowered.com/app/1442160/,https://vndb.org/v4185,8195,FOUND,ABYSS OF THE SACRIFICE,1608094800000,1786132828461,2026-08-08T12:07:45.053966+00:00
1259660,NETABOKU -A robot girl changes my life as a bedridden boy-,2020-12-17,2020-12,steam_store_search,True,True,INTERSECTION,True,,v27602,r76120,Netakiri na Boku wa Android no Kimi to Deau,complete,True,NETABOKU -A robot girl changes my life as a bedridden boy-,$9.99,False,https://store.steampowered.com/app/1259660/,https://vndb.org/v27602,35,FOUND,NETABOKU -A robot girl changes my life as a bedridden boy-,1608181200000,1786132828461,2026-08-08T12:07:45.053966+00:00
1294310,Unforgotten,2020-12-17,2020-12,steam_store_search,True,True,INTERSECTION,True,,v29863,r76431,Nezabytye,complete,True,Unforgotten,$4.99,False,https://store.steampowered.com/app/1294310/,https://vndb.org/v29863,1892,FOUND,Unforgotten,1608181200000,1786132828461,2026-08-08T12:07:45.053966+00:00
1379980,Unscripted,2020-12-17,2020-12,steam_store_search,True,True,INTERSECTION,True,,v27444,r76453,Unscripted,complete,True,Unscripted,$6.99,False,https://store.steampowered.com/app/1379980/,https://vndb.org/v27444,20,FOUND,Unscripted,1608181200000,1786132828461,2026-08-08T12:07:45.053966+00:00
1277930,Riddle Joker,2020-12-18,2020-12,steam_store_search,True,True,INTERSECTION,True,,v22230,r72378,RIDDLE JOKER,complete,True,Riddle Joker,$34.99,False,https://store.steampowered.com/app/1277930/,https://vndb.org/v22230,156439,FOUND,Riddle Joker,1608267600000,1786132828461,2026-08-08T12:07:45.053966+00:00
1486690,Flower in the Snow - Resurrection,2020-12-19,2020-12,steam_store_search,True,True,INTERSECTION,True,,v26050,r76542,You Linglan -lily of the hollow-,complete,True,Flower in the Snow - Resurrection,$3.99,False,https://store.steampowered.com/app/1486690/,https://vndb.org/v26050,3335,FOUND,Flower in the Snow - Resurrection,1608354000000,1786132828461,2026-08-08T12:07:45.053966+00:00
1415020,Bloody Service,2020-12-22,2020-12,steam_store_search,True,True,INTERSECTION,True,,v30430,r77872,Bloody Service,complete,True,Bloody Service,$5.99,False,https://store.steampowered.com/app/1415020/,https://vndb.org/v30430,703,FOUND,Bloody Service,1608613200000,1786132828461,2026-08-08T12:07:45.053966+00:00
1274690,Sayonara Electric,2020-12-23,2020-12,steam_store_search,True,True,INTERSECTION,True,,v30217,r77310,Sayonara Electric,complete,True,Sayonara Electric,$9.99,False,https://store.steampowered.com/app/1274690/,https://vndb.org/v30217,65,FOUND,Sayonara Electric,1608699600000,1786132828461,2026-08-08T12:07:45.053966+00:00
1489810,I Want to Fly,2020-12-24,2020-12,steam_store_search,True,True,INTERSECTION,True,,v29915,r76620,I Want to Fly,complete,True,I Want to Fly,Free,True,https://store.steampowered.com/app/1489810/,https://vndb.org/v29915,2165,FOUND,I Want to Fly,1608786000000,1786132828461,2026-08-08T12:07:45.053966+00:00
1490190,"Happy New Year, Zeliria!",2020-12-25,2020-12,steam_store_search,True,True,INTERSECTION,True,,v29920,r76641,"S Novym Godom, Zerilija!",complete,True,"Happy New Year, Zeliria!",Free,True,https://store.steampowered.com/app/1490190/,https://vndb.org/v29920,14301,FOUND,"Happy New Year, Zeliria!",1608872400000,1786132828461,2026-08-08T12:07:45.053966+00:00
1321040,Memory Note,2020-12-25,2020-12,steam_store_search,True,True,INTERSECTION,True,,v20115,r72055,Bloknot,complete,True,Memory Note,$1.99,False,https://store.steampowered.com/app/1321040/,https://vndb.org/v20115,1963,FOUND,Memory Note,1608872400000,1786132828461,2026-08-08T12:07:45.053966+00:00
1496380,艾斯菲尔的谎言,2020-12-25,2020-12,steam_store_search,True,True,INTERSECTION,True,,v29919,r76640,XPhel de Huangyan,complete,True,艾斯菲尔的谎言,$0.99,False,https://store.steampowered.com/app/1496380/,https://vndb.org/v29919,3177,FOUND,艾斯菲尔的谎言,1608872400000,1786132828461,2026-08-08T12:07:45.053966+00:00
1493320,魔帝1 Magic Emperor1,2020-12-25,2020-12,steam_store_search,True,True,INTERSECTION,True,,v60460,r144626,Mo Di,complete,True,魔帝1 Magic Emperor1,$19.99,False,https://store.steampowered.com/app/1493320/,https://vndb.org/v60460,76,FOUND,魔帝1 Magic Emperor1,1608872400000,1786132828461,2026-08-08T12:07:45.053966+00:00
1393550,サブリミナルレジオン,2020-12-31,2020-12,steam_store_search,True,True,INTERSECTION,True,,v29963,r76767,Subliminal Region,complete,True,サブリミナルレジオン,$29.99,False,https://store.steampowered.com/app/1393550/,https://vndb.org/v29963,1,FOUND,サブリミナルレジオン,1609390800000,1786132828461,2026-08-08T12:07:45.053966+00:00
1373320,I'a I'a Cofflhu Fhtagnyaa,2021-01-04,2021-01,steam_store_search,True,True,INTERSECTION,True,,v30009,r76899,I'a I'a Cofflhu Fhtagnyaa - Xieshen Kafei Ting,complete,True,I'a I'a Cofflhu Fhtagnyaa,$4.99,False,https://store.steampowered.com/app/1373320/,https://vndb.org/v30009,20093,FOUND,I'a I'a Cofflhu Fhtagnyaa,1609736400000,1786132828461,2026-08-08T12:07:45.053966+00:00
1497700,景安区奇案-Jing 'an District Copstories,2021-01-05,2021-01,steam_store_search,True,True,INTERSECTION,True,,v30023,r76936,Jing'an Qu Qi An,complete,True,景安区奇案-Jing 'an District Copstories,$4.99,False,https://store.steampowered.com/app/1497700/,https://vndb.org/v30023,1323,FOUND,景安区奇案-Jing 'an District Copstories,1609822800000,1786132828461,2026-08-08T12:07:45.053966+00:00
1504760,그랑 엠파이어,2021-01-10,2021-01,steam_store_search,True,True,INTERSECTION,True,,v30056,r76991,Grand Empire,complete,True,그랑 엠파이어,Free,True,https://store.steampowered.com/app/1504760/,https://vndb.org/v30056,14462,FOUND,그랑 엠파이어,1610254800000,1786132828461,2026-08-08T12:07:45.053966+00:00
1466680,Sakura MMO Extra,2021-01-11,2021-01,steam_store_search,True,True,INTERSECTION,True,,v30077,r77019,Sakura MMO Extra,complete,True,Sakura MMO Extra,$9.99,False,https://store.steampowered.com/app/1466680/,https://vndb.org/v30077,3167,FOUND,Sakura MMO Extra,1610341200000,1786132828461,2026-08-08T12:07:45.053966+00:00
1315160,鸢之歌-Singing Iris,2021-01-11,2021-01,steam_store_search,True,True,INTERSECTION,True,,v30078,r77020,Yuan zhi Ge - Singing Iris,complete,True,鸢之歌-Singing Iris,$4.99,False,https://store.steampowered.com/app/1315160/,https://vndb.org/v30078,8421,FOUND,鸢之歌-Singing Iris,1610341200000,1786132828461,2026-08-08T12:07:45.053966+00:00
1378670,Adapted Adventures: Crystal Cave,2021-01-12,2021-01,steam_store_search,True,True,INTERSECTION,True,,v30080,r77026,Adapted Adventures: Crystal Cave,complete,True,Adapted Adventures: Crystal Cave,Free,True,https://store.steampowered.com/app/1378670/,https://vndb.org/v30080,1539,FOUND,Adapted Adventures: Crystal Cave,1610427600000,1786132828461,2026-08-08T12:07:45.053966+00:00
1422540,云端之约,2021-01-12,2021-01,steam_store_search,True,True,INTERSECTION,True,,v29290,r74734,Yunduan Zhi Yue,complete,True,云端之约,$7.99,False,https://store.steampowered.com/app/1422540/,https://vndb.org/v29290,15992,FOUND,云端之约,1610427600000,1786132828461,2026-08-08T12:07:45.053966+00:00
1496180,Cinderella Phenomenon: Evermore,2021-01-13,2021-01,steam_store_search,True,True,INTERSECTION,True,,v23167,r57309,Cinderella Phenomenon: Evermore,complete,True,Cinderella Phenomenon: Evermore,$9.99,False,https://store.steampowered.com/app/1496180/,https://vndb.org/v23167,6035,FOUND,Cinderella Phenomenon: Evermore,1610514000000,1786132828461,2026-08-08T12:07:45.053966+00:00
1227570,Lotus Reverie: First Nexus,2021-01-14,2021-01,steam_store_search,True,True,INTERSECTION,True,,v22964,r88264,Lotus Reverie: First Nexus,complete,True,Lotus Reverie: First Nexus,$15.99,False,https://store.steampowered.com/app/1227570/,https://vndb.org/v22964,2025,FOUND,Lotus Reverie: First Nexus,1610600400000,1786132828461,2026-08-08T12:07:45.053966+00:00
1487470,秋田・男鹿ミステリー案内 凍える銀鈴花,2021-01-14,2021-01,steam_store_search,True,True,INTERSECTION,True,,v30115,r77056,Akita Oga Mystery Annai Kogoeru Gin Reika,complete,True,秋田・男鹿ミステリー案内 凍える銀鈴花,$19.99,False,https://store.steampowered.com/app/1487470/,https://vndb.org/v30115,420,FOUND,秋田・男鹿ミステリー案内 凍える銀鈴花,1610600400000,1786132828461,2026-08-08T12:07:45.053966+00:00
1350690,흡혈귀의 연애방법,2021-01-14,2021-01,steam_store_search,True,True,INTERSECTION,True,,v18843,r76773,Heupyeolgwiui Yeonaebangbeop,complete,True,흡혈귀의 연애방법,$17.99,False,https://store.steampowered.com/app/1350690/,https://vndb.org/v18843,90,FOUND,흡혈귀의 연애방법,1610600400000,1786132828461,2026-08-08T12:07:45.053966+00:00
1483330,Dice Rollers,2021-01-15,2021-01,steam_store_search,True,True,INTERSECTION,True,,v30128,r77083,Dice Rollers,complete,True,Dice Rollers,$4.99,False,https://store.steampowered.com/app/1483330/,https://vndb.org/v30128,1352,FOUND,Dice Rollers,1610686800000,1786132828461,2026-08-08T12:07:45.053966+00:00
1483350,Diving Disorder-下潜症,2021-01-15,2021-01,steam_store_search,True,True,INTERSECTION,True,,v30126,r77081,Xiaqian Zheng,complete,True,Diving Disorder-下潜症,$2.99,False,https://store.steampowered.com/app/1483350/,https://vndb.org/v30126,4163,FOUND,Diving Disorder-下潜症,1610686800000,1786132828461,2026-08-08T12:07:45.053966+00:00
1509590,Fujiwara Bittersweet,2021-01-16,2021-01,steam_store_search,True,True,INTERSECTION,True,,v28810,r73227,Fujiwara BitterSweet,complete,True,Fujiwara Bittersweet,Free,True,https://store.steampowered.com/app/1509590/,https://vndb.org/v28810,28165,FOUND,Fujiwara Bittersweet,1610773200000,1786132828461,2026-08-08T12:07:45.053966+00:00
1092400,月球坠落时 Moon Fall,2021-01-16,2021-01,steam_store_search,True,True,INTERSECTION,True,,v30136,r77443,Yueqiu Zhuiluo Shi,complete,True,月球坠落时 Moon Fall,$14.99,False,https://store.steampowered.com/app/1092400/,https://vndb.org/v30136,38838,FOUND,月球坠落时 Moon Fall,1610773200000,1786132828461,2026-08-08T12:07:45.053966+00:00
1372800,Gloom and Doom,2021-01-17,2021-01,steam_store_search,True,True,INTERSECTION,True,,v30147,r77121,Gloom and Doom,complete,True,Gloom and Doom,$4.99,False,https://store.steampowered.com/app/1372800/,https://vndb.org/v30147,650,FOUND,Gloom and Doom,1610859600000,1786132828461,2026-08-08T12:07:45.053966+00:00
1430240,The Space in Between,2021-01-18,2021-01,steam_store_search,True,True,INTERSECTION,True,,v30156,r77144,The Space in Between,complete,True,The Space in Between,Free,True,https://store.steampowered.com/app/1430240/,https://vndb.org/v30156,12276,FOUND,The Space in Between,1610946000000,1786132828461,2026-08-08T12:07:45.053966+00:00
1501480,Hachi Hachi Mystery,2021-01-19,2021-01,steam_store_search,True,True,INTERSECTION,True,,v30163,r77160,Hachi Hachi Mystery,complete,True,Hachi Hachi Mystery,Free,True,https://store.steampowered.com/app/1501480/,https://vndb.org/v30163,877,FOUND,Hachi Hachi Mystery,1611032400000,1786132828461,2026-08-08T12:07:45.053966+00:00
1509830,Superstorm Melon Date,2021-01-20,2021-01,steam_store_search,True,True,INTERSECTION,True,,v30174,r77194,Superstorm Melon Date,complete,True,Superstorm Melon Date,Free,True,https://store.steampowered.com/app/1509830/,https://vndb.org/v30174,5508,FOUND,Superstorm Melon Date,1611118800000,1786132828461,2026-08-08T12:07:45.053966+00:00
1368780,The Mikado Birdgirl in Taichung,2021-01-21,2021-01,steam_store_search,True,True,INTERSECTION,True,,v30182,r77221,Tai Zhongguo de Di Zhi Shaonü,complete,True,The Mikado Birdgirl in Taichung,$5.99,False,https://store.steampowered.com/app/1368780/,https://vndb.org/v30182,2303,FOUND,The Mikado Birdgirl in Taichung,1611205200000,1786132828461,2026-08-08T12:07:45.053966+00:00
1513120,The Zodiac Trial,2021-01-21,2021-01,steam_store_search,True,True,INTERSECTION,True,,v30183,r77222;r87999,The Zodiac Trial,complete;trial,True,The Zodiac Trial,$14.99,False,https://store.steampowered.com/app/1513120/,https://vndb.org/v30183,3657,FOUND,The Zodiac Trial,1611205200000,1786132828461,2026-08-08T12:07:45.053966+00:00
1479030,2ECONDS TO STΔRLIVHT: My Heart's Reflection,2021-01-22,2021-01,steam_store_search,True,True,INTERSECTION,True,,v30189,r77249,2ECONDS TO STΔRLIVHT: My Heart's Reflection,complete,True,2ECONDS TO STΔRLIVHT: My Heart's Reflection,Free,True,https://store.steampowered.com/app/1479030/,https://vndb.org/v30189,13776,FOUND,2ECONDS TO STΔRLIVHT: My Heart's Reflection,1611291600000,1786132828461,2026-08-08T12:07:45.053966+00:00
1151450,Utawarerumono: Prelude to the Fallen,2021-01-22,2021-01,steam_store_search,True,True,INTERSECTION,True,,v3,r76933,Utawarerumono,complete,True,Utawarerumono: Prelude to the Fallen,$59.99,False,https://store.steampowered.com/app/1151450/,https://vndb.org/v3,61621,FOUND,Utawarerumono: Prelude to the Fallen,1611291600000,1786132828461,2026-08-08T12:07:45.053966+00:00
1513390,夏日的回忆,2021-01-23,2021-01,steam_store_search,True,True,INTERSECTION,True,,v30196,r77264,Xia Ri de Huiyi,complete,True,夏日的回忆,$10.99,False,https://store.steampowered.com/app/1513390/,https://vndb.org/v30196,15,FOUND,夏日的回忆,1611378000000,1786132828461,2026-08-08T12:07:45.053966+00:00
1459020,Memories of Tomorrow,2021-01-26,2021-01,steam_store_search,True,True,INTERSECTION,True,,v30211,r77300,Memories of Tomorrow,complete,True,Memories of Tomorrow,$1.99,False,https://store.steampowered.com/app/1459020/,https://vndb.org/v30211,147,FOUND,Memories of Tomorrow,1611637200000,1786132828461,2026-08-08T12:07:45.053966+00:00
919330,Ghost in the pool,2021-01-27,2021-01,steam_store_search,True,True,INTERSECTION,True,,v29497,r141226,Tishen,complete,True,Ghost in the pool,$3.99,False,https://store.steampowered.com/app/919330/,https://vndb.org/v29497,8296,FOUND,Ghost in the pool,1611723600000,1786132828461,2026-08-08T12:07:45.053966+00:00
1277510,Re:ZERO -Starting Life in Another World- The Prophecy of the Throne,2021-01-27,2021-01,steam_store_search,True,True,INTERSECTION,True,,v28546,r72356,Re:Zero kara Hajimeru Isekai Seikatsu - Itsuwari no Ousen Kouho,complete,True,Re:ZERO -Starting Life in Another World- The Prophecy of the Throne,$59.99,False,https://store.steampowered.com/app/1277510/,https://vndb.org/v28546,73144,FOUND,Re:ZERO -Starting Life in Another World- The Prophecy of the Throne,1611723600000,1786132828461,2026-08-08T12:07:45.053966+00:00
862440,Angel Wings,2021-01-29,2021-01,steam_store_search,True,True,INTERSECTION,True,,v30242,r77407,Angel Wings,complete,True,Angel Wings,Free,True,https://store.steampowered.com/app/862440/,https://vndb.org/v30242,28663,FOUND,Angel Wings,1611896400000,1786132828461,2026-08-08T12:07:45.053966+00:00
1387460,Melancholy Love,2021-01-29,2021-01,steam_store_search,True,True,INTERSECTION,True,,v27565,r74912,Qian Mian,complete,True,Melancholy Love,$8.99,False,https://store.steampowered.com/app/1387460/,https://vndb.org/v27565,1873,FOUND,Melancholy Love,1611896400000,1786132828461,2026-08-08T12:07:45.053966+00:00
1469910,Slobbish Dragon Princess,2021-01-29,2021-01,steam_store_search,True,True,INTERSECTION,True,,v28634,r77329,DraPri Guu-ta-life,complete,True,Slobbish Dragon Princess,$14.99,False,https://store.steampowered.com/app/1469910/,https://vndb.org/v28634,10258,FOUND,Slobbish Dragon Princess,1611896400000,1786132828461,2026-08-08T12:07:45.053966+00:00
1522770,The Sych story,2021-01-31,2021-01,steam_store_search,True,True,INTERSECTION,True,,v30257,r87472,Istorija odnogo sycha,complete,True,The Sych story,$0.99,False,https://store.steampowered.com/app/1522770/,https://vndb.org/v30257,1098,FOUND,The Sych story,1612069200000,1786132828461,2026-08-08T12:07:45.053966+00:00
1508920,Coffee flavor of love 咖啡甜恋,2021-02-01,2021-02,steam_store_search,True,True,INTERSECTION,True,,v30258,r77488,Coffee Tian Lian,complete,True,Coffee flavor of love 咖啡甜恋,$3.99,False,https://store.steampowered.com/app/1508920/,https://vndb.org/v30258,5272,FOUND,Coffee flavor of love 咖啡甜恋,1612155600000,1786132828461,2026-08-08T12:07:45.053966+00:00
1526330,Lilith Was Dead,2021-02-02,2021-02,steam_store_search,True,True,INTERSECTION,True,,v30269,r77508,Lilith Was Dead,complete,True,Lilith Was Dead,Free,True,https://store.steampowered.com/app/1526330/,https://vndb.org/v30269,1114,FOUND,Lilith Was Dead,1612242000000,1786132828461,2026-08-08T12:07:45.053966+00:00
1529810,Psycholonials,2021-02-03,2021-02,steam_store_search,True,True,INTERSECTION,True,,v30301,r77575;r82402,Psycholonials,complete,True,Psycholonials,Free,True,https://store.steampowered.com/app/1529810/,https://vndb.org/v30301,37125,FOUND,Psycholonials,1612328400000,1786132828461,2026-08-08T12:07:45.053966+00:00
1523150,Ascension: Transition and Silver,2021-02-04,2021-02,steam_store_search,True,True,INTERSECTION,True,,v30316,r77614,Ascension: Transition and Silver,complete,True,Ascension: Transition and Silver,Free,True,https://store.steampowered.com/app/1523150/,https://vndb.org/v30316,5040,FOUND,Ascension: Transition and Silver,1612414800000,1786132828461,2026-08-08T12:07:45.053966+00:00
1521190,Love in the distance,2021-02-04,2021-02,steam_store_search,True,True,INTERSECTION,True,,v30275,r77524,Yidi Lian,complete,True,Love in the distance,$2.49,False,https://store.steampowered.com/app/1521190/,https://vndb.org/v30275,14117,FOUND,Love in the distance,1612414800000,1786132828461,2026-08-08T12:07:45.053966+00:00
1507980,Leap of Love - Safe Edition,2021-02-07,2021-02,steam_store_search,True,True,INTERSECTION,True,,v29964,r124040,Leap of Love,complete,True,Leap of Love - Safe Edition,$6.99,False,https://store.steampowered.com/app/1507980/,https://vndb.org/v29964,60,FOUND,Leap of Love - Safe Edition,1612674000000,1786132828461,2026-08-08T12:07:45.053966+00:00
1513530,Phucker in the Ashes,2021-02-07,2021-02,steam_store_search,True,True,INTERSECTION,True,,v26293;v26294;v26797;v30333,r77654,Phucker in the Ashes;Phucker in the Gulag;Phucker in the Rome;Phucker in the Woods,complete,True,Phucker in the Ashes,$2.99,False,https://store.steampowered.com/app/1513530/,https://vndb.org/v26293,2005,FOUND,Phucker in the Ashes,1612674000000,1786132828461,2026-08-08T12:07:45.053966+00:00
1338940,Head AS Code,2021-02-09,2021-02,steam_store_search,True,True,INTERSECTION,True,,v29960,r76762,Head AS Code,complete,True,Head AS Code,$14.99,False,https://store.steampowered.com/app/1338940/,https://vndb.org/v29960,1935,FOUND,Head AS Code,1612846800000,1786132828461,2026-08-08T12:07:45.053966+00:00
1275150,Aquadine,2021-02-11,2021-02,steam_store_search,True,True,INTERSECTION,True,,v26779,r77695,Aquadine,complete,True,Aquadine,$19.99,False,https://store.steampowered.com/app/1275150/,https://vndb.org/v26779,821,FOUND,Aquadine,1613019600000,1786132828461,2026-08-08T12:07:45.053966+00:00
1536720,Deep Sea Valentine,2021-02-12,2021-02,steam_store_search,True,True,INTERSECTION,True,,v30394,r85208,Deep Sea Valentine,complete,True,Deep Sea Valentine,$4.99,False,https://store.steampowered.com/app/1536720/,https://vndb.org/v30394,1562,FOUND,Deep Sea Valentine,1613106000000,1786132828461,2026-08-08T12:07:45.053966+00:00
1528130,Suicide Countdown: 7 Days,2021-02-12,2021-02,steam_store_search,True,True,INTERSECTION,True,,v30346,r119109,Juli Nanzhu Zisha Hai Sheng Qi-tian,complete,True,Suicide Countdown: 7 Days,$1.99,False,https://store.steampowered.com/app/1528130/,https://vndb.org/v30346,29466,FOUND,Suicide Countdown: 7 Days,1613106000000,1786132828461,2026-08-08T12:07:45.053966+00:00
1492480,Half Past Fate: Romantic Distancing,2021-02-14,2021-02,steam_store_search,True,True,INTERSECTION,True,,v30354,r77693,Half Past Fate: Romantic Distancing,complete,True,Half Past Fate: Romantic Distancing,$5.99,False,https://store.steampowered.com/app/1492480/,https://vndb.org/v30354,1869,FOUND,Half Past Fate: Romantic Distancing,1613278800000,1786132828461,2026-08-08T12:07:45.053966+00:00
1532510,Purrfect Apawcalypse: Love at Furst Bite,2021-02-16,2021-02,steam_store_search,True,True,INTERSECTION,True,,v25432,r114289;r118903,Purrfect Apawcalypse,complete,True,Purrfect Apawcalypse: Love at Furst Bite,$4.99,False,https://store.steampowered.com/app/1532510/,https://vndb.org/v25432,13092,FOUND,Purrfect Apawcalypse: Love at Furst Bite,1613451600000,1786132828461,2026-08-08T12:07:45.053966+00:00
1502080,ALTDEUS: Beyond Chronos,2021-02-18,2021-02,steam_store_search,True,True,INTERSECTION,True,,v28835,r77800,ALTDEUS: Beyond Chronos,complete,True,ALTDEUS: Beyond Chronos,$29.99,False,https://store.steampowered.com/app/1502080/,https://vndb.org/v28835,10587,FOUND,ALTDEUS: Beyond Chronos,1613624400000,1786132828461,2026-08-08T12:07:45.053966+00:00
1071220,"After I met that catgirl, my questlist got too long!",2021-02-18,2021-02,steam_store_search,True,True,INTERSECTION,True,,v28168,r70458,"After I met that catgirl, my questlist got too long!",complete,True,"After I met that catgirl, my questlist got too long!",$12.99,False,https://store.steampowered.com/app/1071220/,https://vndb.org/v28168,4125,FOUND,"After I met that catgirl, my questlist got too long!",1613624400000,1786132828461,2026-08-08T12:07:45.053966+00:00
1461770,Fantasy Tavern Sextet -Vol.2 Adventurer's Days-,2021-02-18,2021-02,steam_store_search,True,True,INTERSECTION,True,,v31090,r76697,Isekai Sakaba no Sextet ~Vol.2 Adventurer's Days~,complete,True,Fantasy Tavern Sextet -Vol.2 Adventurer's Days-,$12.99,False,https://store.steampowered.com/app/1461770/,https://vndb.org/v31090,8071,FOUND,Fantasy Tavern Sextet -Vol.2 Adventurer's Days-,1613624400000,1786132828461,2026-08-08T12:07:45.053966+00:00
1521490,My Dream Sport Dating Simulator,2021-02-18,2021-02,steam_store_search,True,True,INTERSECTION,True,,v30344,r77681,My Dream Sport Dating Simulator,complete,True,My Dream Sport Dating Simulator,$4.99,False,https://store.steampowered.com/app/1521490/,https://vndb.org/v30344,378,FOUND,My Dream Sport Dating Simulator,1613624400000,1786132828461,2026-08-08T12:07:45.053966+00:00
1447190,Vladimir 2021,2021-02-19,2021-02,steam_store_search,True,True,INTERSECTION,True,,v30455,r77925,Vladimir 2021,complete,True,Vladimir 2021,$0.99,False,https://store.steampowered.com/app/1447190/,https://vndb.org/v30455,113,FOUND,Vladimir 2021,1613710800000,1786132828461,2026-08-08T12:07:45.053966+00:00
1540830,Conspiracy Girls,2021-02-24,2021-02,steam_store_search,True,True,INTERSECTION,True,,v30516,r78096,Conspiracy Girls,complete,True,Conspiracy Girls,Free,True,https://store.steampowered.com/app/1540830/,https://vndb.org/v30516,1339,FOUND,Conspiracy Girls,1614142800000,1786132828461,2026-08-08T12:07:45.053966+00:00
1429610,~府城少女~ 以妳為名的府城情書,2021-02-25,2021-02,steam_store_search,True,True,INTERSECTION,True,,v30345,r77682,~Fucheng Shaonü~ Yi Nai Wei Ming de Fucheng Gingshu,complete,True,~府城少女~ 以妳為名的府城情書,$9.99,False,https://store.steampowered.com/app/1429610/,https://vndb.org/v30345,803,FOUND,~府城少女~ 以妳為名的府城情書,1614229200000,1786132828461,2026-08-08T12:07:45.053966+00:00
1173010,Flowers Blooming at the End of Summer,2021-02-26,2021-02,steam_store_search,True,True,INTERSECTION,True,,v30340,r132613;r77677,Yeoreumui Kkeute Pineun Kkot,complete,True,Flowers Blooming at the End of Summer,$0.99,False,https://store.steampowered.com/app/1173010/,https://vndb.org/v30340,48445,FOUND,Flowers Blooming at the End of Summer,1614315600000,1786132828461,2026-08-08T12:07:45.053966+00:00
1460490,Majikoi! Love Me Seriously!,2021-02-26,2021-02,steam_store_search,True,True,INTERSECTION,True,,v1143,r75545,Maji de Watashi ni Koi Shinasai!,complete,True,Majikoi! Love Me Seriously!,$34.99,False,https://store.steampowered.com/app/1460490/,https://vndb.org/v1143,6812,FOUND,Majikoi! Love Me Seriously!,1614315600000,1786132828461,2026-08-08T12:07:45.053966+00:00
1518770,Re: LieF ~ Shin'ainaru Anata e~,2021-02-26,2021-02,steam_store_search,True,True,INTERSECTION,True,,v19587,r74603,Re: LieF ~Shin'ainaru Anata e~,complete,True,Re: LieF ~ Shin'ainaru Anata e~,-68%,False,https://store.steampowered.com/app/1518770/,https://vndb.org/v19587,28917,FOUND,Re: LieF ~ Shin'ainaru Anata e~,1614315600000,1786132828461,2026-08-08T12:07:45.053966+00:00
1534270,Bard Harder!,2021-02-28,2021-02,steam_store_search,True,True,INTERSECTION,True,,v29773,r76175,Bard Harder!,complete,True,Bard Harder!,$1.99,False,https://store.steampowered.com/app/1534270/,https://vndb.org/v29773,3822,FOUND,Bard Harder!,1614488400000,1786132828461,2026-08-08T12:07:45.053966+00:00
1494190,秘密舞会,2021-02-28,2021-02,steam_store_search,True,True,INTERSECTION,True,,v30382,r77750,Mimi Wuhui,complete,True,秘密舞会,$2.99,False,https://store.steampowered.com/app/1494190/,https://vndb.org/v30382,10392,FOUND,秘密舞会,1614488400000,1786132828461,2026-08-08T12:07:45.053966+00:00
1466690,Sakura Succubus 4,2021-03-01,2021-03,steam_store_search,True,True,INTERSECTION,True,,v30342,r77679,Sakura Succubus 4,complete,True,Sakura Succubus 4,$9.99,False,https://store.steampowered.com/app/1466690/,https://vndb.org/v30342,6692,FOUND,Sakura Succubus 4,1614574800000,1786132828461,2026-08-08T12:07:45.053966+00:00
1394550,Tales From The Under-Realm: Hazel,2021-03-03,2021-03,steam_store_search,True,True,INTERSECTION,True,,v30383,r78287,Tales From The Under-Realm: Hazel,complete,True,Tales From The Under-Realm: Hazel,-65%,False,https://store.steampowered.com/app/1394550/,https://vndb.org/v30383,852,FOUND,Tales From The Under-Realm: Hazel,1614747600000,1786132828461,2026-08-08T12:07:45.053966+00:00
1272160,The Life and Suffering of Sir Brante,2021-03-04,2021-03,steam_store_search,True,True,INTERSECTION,True,,v31126,r113182;r125803;r131933,Zhizn' i stradanija gospodina Brante,complete,True,The Life and Suffering of Sir Brante,-15%,False,https://store.steampowered.com/app/1272160/,https://vndb.org/v31126,436734,FOUND,The Life and Suffering of Sir Brante,1614834000000,1786132828461,2026-08-08T12:07:45.053966+00:00
1556610,A Conversation With Mister Rabbit,2021-03-05,2021-03,steam_store_search,True,True,INTERSECTION,True,,v32010,r82306,A Conversation with Mister Rabbit,complete,True,A Conversation With Mister Rabbit,$0.99,False,https://store.steampowered.com/app/1556610/,https://vndb.org/v32010,2380,FOUND,A Conversation With Mister Rabbit,1614920400000,1786132828461,2026-08-08T12:07:45.053966+00:00
1547930,Romeo Must Live,2021-03-08,2021-03,steam_store_search,True,True,INTERSECTION,True,,v30416,r77978,Romeo Must Live,complete,True,Romeo Must Live,$6.99,False,https://store.steampowered.com/app/1547930/,https://vndb.org/v30416,133,FOUND,Romeo Must Live,1615179600000,1786132828461,2026-08-08T12:07:45.053966+00:00
380680,Gwan Moon High School : The Ghost Gate,2021-03-12,2021-03,steam_store_search,True,True,INTERSECTION,True,,v28620,r98404,Gwan Moon Go: The Ghost Gate,complete,True,Gwan Moon High School : The Ghost Gate,$18.99,False,https://store.steampowered.com/app/380680/,https://vndb.org/v28620,2508,FOUND,Gwan Moon High School : The Ghost Gate,1615525200000,1786132828461,2026-08-08T12:07:45.053966+00:00
1559920,The Game For Skippers,2021-03-14,2021-03,steam_store_search,True,True,INTERSECTION,True,,v30661,r78542,The Game For Skippers,complete,True,The Game For Skippers,$0.99,False,https://store.steampowered.com/app/1559920/,https://vndb.org/v30661,670,FOUND,The Game For Skippers,1615698000000,1786132828461,2026-08-08T12:07:45.053966+00:00
1412180,The Last Act,2021-03-16,2021-03,steam_store_search,True,True,INTERSECTION,True,,v30703,r78662,The Last Act,complete,True,The Last Act,$4.99,False,https://store.steampowered.com/app/1412180/,https://vndb.org/v30703,317,FOUND,The Last Act,1615867200000,1786132828461,2026-08-08T12:07:45.053966+00:00
1424660,9-nine-:Episode 4,2021-03-19,2021-03,steam_store_search,True,True,INTERSECTION,True,,v26523,r78476,9-nine- Yukiiro Yukihana Yukinoato,complete,True,9-nine-:Episode 4,$19.99,False,https://store.steampowered.com/app/1424660/,https://vndb.org/v26523,35736,FOUND,9-nine-:Episode 4,1616126400000,1786132828461,2026-08-08T12:07:45.053966+00:00
1535290,Venus: Improbable Dream,2021-03-19,2021-03,steam_store_search,True,True,INTERSECTION,True,,v29671,r77953,Venus: Improbable Dream,complete,True,Venus: Improbable Dream,$12.99,False,https://store.steampowered.com/app/1535290/,https://vndb.org/v29671,380,FOUND,Venus: Improbable Dream,1616126400000,1786132828461,2026-08-08T12:07:45.053966+00:00
1560400,重叠·前夜谭：猫与少女,2021-03-19,2021-03,steam_store_search,True,True,INTERSECTION,True,,v30728,r78734,Chongdie Qian Ye Tan: Mao Yu Shaonü,complete,True,重叠·前夜谭：猫与少女,$1.99,False,https://store.steampowered.com/app/1560400/,https://vndb.org/v30728,50,FOUND,重叠·前夜谭：猫与少女,1616126400000,1786132828461,2026-08-08T12:07:45.053966+00:00
1519590,Sentimental Trickster: Yaoi BL Gay Visual Novel,2021-03-23,2021-03,steam_store_search,True,True,INTERSECTION,True,,v19778,r78577,Sentimental Trickster,complete,True,Sentimental Trickster: Yaoi BL Gay Visual Novel,$14.99,False,https://store.steampowered.com/app/1519590/,https://vndb.org/v19778,2943,FOUND,Sentimental Trickster: Yaoi BL Gay Visual Novel,1616472000000,1786132828461,2026-08-08T12:07:45.053966+00:00
1569690,Snapshot,2021-03-24,2021-03,steam_store_search,True,True,INTERSECTION,True,,v30431,r77873,Snapshot,complete,True,Snapshot,Free,True,https://store.steampowered.com/app/1569690/,https://vndb.org/v30431,3308,FOUND,Snapshot,1616558400000,1786132828461,2026-08-08T12:07:45.053966+00:00
1572990,Twilight Town: A Cyberpunk Day In Life,2021-03-24,2021-03,steam_store_search,True,True,INTERSECTION,True,,v30717,r85210,Twilight Town: A Cyberpunk Day In Life,complete,True,Twilight Town: A Cyberpunk Day In Life,$2.99,False,https://store.steampowered.com/app/1572990/,https://vndb.org/v30717,6377,FOUND,Twilight Town: A Cyberpunk Day In Life,1616558400000,1786132828461,2026-08-08T12:07:45.053966+00:00
1559840,只是一座楼,2021-03-24,2021-03,steam_store_search,True,True,INTERSECTION,True,,v30718,r78695,Zhishi Yizuo Lou,complete,True,只是一座楼,$3.99,False,https://store.steampowered.com/app/1559840/,https://vndb.org/v30718,77,FOUND,只是一座楼,1616558400000,1786132828461,2026-08-08T12:07:45.053966+00:00
1560560,村庄-The Village,2021-03-24,2021-03,steam_store_search,True,True,INTERSECTION,True,,v30677,r78578,Cunzhuang,complete,True,村庄-The Village,$8.99,False,https://store.steampowered.com/app/1560560/,https://vndb.org/v30677,240,FOUND,村庄-The Village,1616558400000,1786132828461,2026-08-08T12:07:45.053966+00:00
1483300,MazM: The Phantom of the Opera,2021-03-25,2021-03,steam_store_search,True,True,INTERSECTION,True,,v28847,r78576,MazM: Opera-ui Yulyeong,complete,True,MazM: The Phantom of the Opera,$14.99,False,https://store.steampowered.com/app/1483300/,https://vndb.org/v28847,3639,FOUND,MazM: The Phantom of the Opera,1616644800000,1786132828461,2026-08-08T12:07:45.053966+00:00
1566560,Ritual,2021-03-25,2021-03,steam_store_search,True,True,INTERSECTION,True,,v30764,r78832,Ritual,complete,True,Ritual,$1.99,False,https://store.steampowered.com/app/1566560/,https://vndb.org/v30764,871,FOUND,Ritual,1616644800000,1786132828461,2026-08-08T12:07:45.053966+00:00
1575650,Love Decision,2021-03-30,2021-03,steam_store_search,True,True,INTERSECTION,True,,v30808,r78925,Miłosna Decyzja,complete,True,Love Decision,$4.99,False,https://store.steampowered.com/app/1575650/,https://vndb.org/v30808,398,FOUND,Love Decision,1617076800000,1786132828461,2026-08-08T12:07:45.053966+00:00
1559430,Purrfect Apawcalypse: Purrgatory Furever,2021-04-01,2021-04,steam_store_search,True,True,INTERSECTION,True,,v27027,r110247;r119500;r155177;r67644;r67645;r89606,Purrfect Apawcalypse: Purrgatory Furever,complete,True,Purrfect Apawcalypse: Purrgatory Furever,$5.99,False,https://store.steampowered.com/app/1559430/,https://vndb.org/v27027,6853,FOUND,Purrfect Apawcalypse: Purrgatory Furever,1617249600000,1786132828461,2026-08-08T12:07:45.053966+00:00
1554500,"Sept jours, sept lieux, sept vies",2021-04-02,2021-04,steam_store_search,True,True,INTERSECTION,True,,v30847,r79006,"Sept Jours, Sept Lieux, Sept Vies",complete,True,"Sept jours, sept lieux, sept vies",Free,True,https://store.steampowered.com/app/1554500/,https://vndb.org/v30847,756,FOUND,"Sept jours, sept lieux, sept vies",1617336000000,1786132828461,2026-08-08T12:07:45.053966+00:00
1581600,Reconnect,2021-04-05,2021-04,steam_store_search,True,True,INTERSECTION,True,,v30873,r79085,Reconnect,complete,True,Reconnect,$1.99,False,https://store.steampowered.com/app/1581600/,https://vndb.org/v30873,75,FOUND,Reconnect,1617595200000,1786132828461,2026-08-08T12:07:45.053966+00:00
1481080,DRAMAtical Murder,2021-04-06,2021-04,steam_store_search,True,True,INTERSECTION,True,,v5916,r85873,DRAMAtical Murder,complete,True,DRAMAtical Murder,-40%,False,https://store.steampowered.com/app/1481080/,https://vndb.org/v5916,173031,FOUND,DRAMAtical Murder,1617681600000,1786132828461,2026-08-08T12:07:45.053966+00:00
1502520,The Mermaid of Zennor,2021-04-08,2021-04,steam_store_search,True,True,INTERSECTION,True,,v30877,r156001,The Mermaid of Zennor,complete,True,The Mermaid of Zennor,$4.99,False,https://store.steampowered.com/app/1502520/,https://vndb.org/v30877,2038,FOUND,The Mermaid of Zennor,1617854400000,1786132828461,2026-08-08T12:07:45.053966+00:00
942990,Girls in Glasses,2021-04-09,2021-04,steam_store_search,True,True,INTERSECTION,True,,v20067,r78894,Glasses Girl: Girls in Glasses,complete,True,Girls in Glasses,$9.99,False,https://store.steampowered.com/app/942990/,https://vndb.org/v20067,689,FOUND,Girls in Glasses,1617940800000,1786132828461,2026-08-08T12:07:45.053966+00:00
1259240,//TODO: today,2021-04-10,2021-04,steam_store_search,True,True,INTERSECTION,True,,v21649,r66580,//TODO: today,complete,True,//TODO: today,Free,True,https://store.steampowered.com/app/1259240/,https://vndb.org/v21649,30600,FOUND,//TODO: today,1618027200000,1786132828461,2026-08-08T12:07:45.053966+00:00
1575320,Curiosity,2021-04-11,2021-04,steam_store_search,True,True,INTERSECTION,True,,v30883,r79125,Ljubopytstvo,complete,True,Curiosity,$3.99,False,https://store.steampowered.com/app/1575320/,https://vndb.org/v30883,35,FOUND,Curiosity,1618113600000,1786132828461,2026-08-08T12:07:45.053966+00:00
847680,Pale Cachexia,2021-04-14,2021-04,steam_store_search,True,True,INTERSECTION,True,,v29885,r76506,Pale Cachexia,complete,True,Pale Cachexia,$5.99,False,https://store.steampowered.com/app/847680/,https://vndb.org/v29885,983,FOUND,Pale Cachexia,1618372800000,1786132828461,2026-08-08T12:07:45.053966+00:00
1419380,Invisible Wings: Chapter One,2021-04-15,2021-04,steam_store_search,True,True,INTERSECTION,True,,v30357,r114900,Invisible Wings: Chapter One,complete,True,Invisible Wings: Chapter One,Free,True,https://store.steampowered.com/app/1419380/,https://vndb.org/v30357,2414,FOUND,Invisible Wings: Chapter One,1618459200000,1786132828461,2026-08-08T12:07:45.053966+00:00
1587180,A Pinch of Magic,2021-04-16,2021-04,steam_store_search,True,True,INTERSECTION,True,,v30827,r78961,A Pinch of Magic,complete,True,A Pinch of Magic,Free,True,https://store.steampowered.com/app/1587180/,https://vndb.org/v30827,29603,FOUND,A Pinch of Magic,1618545600000,1786132828461,2026-08-08T12:07:45.053966+00:00
1549160,Childhood Friends,2021-04-16,2021-04,steam_store_search,True,True,INTERSECTION,True,,v24883,r77821,Sex Friend Osananajimi ~Shojo to Doutei wa Hazukashii tte Minna ga Iu kara~,complete,True,Childhood Friends,$19.99,False,https://store.steampowered.com/app/1549160/,https://vndb.org/v24883,1436,FOUND,Childhood Friends,1618545600000,1786132828461,2026-08-08T12:07:45.053966+00:00
978460,Emily is Away <3,2021-04-16,2021-04,steam_store_search,True,True,INTERSECTION,True,,v30695,r78634,Emily is Away <3,complete,True,Emily is Away <3,$9.99,False,https://store.steampowered.com/app/978460/,https://vndb.org/v30695,221555,FOUND,Emily is Away <3,1618545600000,1786132828461,2026-08-08T12:07:45.053966+00:00
1580340,Aventura Pisicului Pierdut,2021-04-19,2021-04,steam_store_search,True,True,INTERSECTION,True,,v30985,r79357,Aventura Pisicului Pierdut,complete,True,Aventura Pisicului Pierdut,$2.99,False,https://store.steampowered.com/app/1580340/,https://vndb.org/v30985,304,FOUND,Aventura Pisicului Pierdut,1618804800000,1786132828461,2026-08-08T12:07:45.053966+00:00
578540,Perfect Gold - Yuri Visual Novel,2021-04-19,2021-04,steam_store_search,True,True,INTERSECTION,True,,v28545,r72133;r72475;r79624,Perfect Gold: The Alchemy of Happiness,complete;trial,True,Perfect Gold - Yuri Visual Novel,$7.99,False,https://store.steampowered.com/app/578540/,https://vndb.org/v28545,14933,FOUND,Perfect Gold - Yuri Visual Novel,1618804800000,1786132828461,2026-08-08T12:07:45.053966+00:00
1562470,Rurizakura,2021-04-19,2021-04,steam_store_search,True,True,INTERSECTION,True,,v30970,r79334,Rurizakura,complete,True,Rurizakura,$17.99,False,https://store.steampowered.com/app/1562470/,https://vndb.org/v30970,634,FOUND,Rurizakura,1618804800000,1786132828461,2026-08-08T12:07:45.053966+00:00
1524650,Sakura Forest Girls,2021-04-19,2021-04,steam_store_search,True,True,INTERSECTION,True,,v30450,r77910,Sakura Forest Girls,complete,True,Sakura Forest Girls,$9.99,False,https://store.steampowered.com/app/1524650/,https://vndb.org/v30450,3274,FOUND,Sakura Forest Girls,1618804800000,1786132828461,2026-08-08T12:07:45.053966+00:00
1594420,Loving You Fully,2021-04-20,2021-04,steam_store_search,True,True,INTERSECTION,True,,v30909,r79172,Loving You Fully,complete,True,Loving You Fully,Free,True,https://store.steampowered.com/app/1594420/,https://vndb.org/v30909,2999,FOUND,Loving You Fully,1618891200000,1786132828461,2026-08-08T12:07:45.053966+00:00
1272070,Silicon Dreams | cyberpunk interrogation,2021-04-20,2021-04,steam_store_search,True,True,INTERSECTION,True,,v31861,r82643,Silicon Dreams,complete,True,Silicon Dreams | cyberpunk interrogation,-75%,False,https://store.steampowered.com/app/1272070/,https://vndb.org/v31861,7071,FOUND,Silicon Dreams  |  cyberpunk interrogation,1618891200000,1786132828461,2026-08-08T12:07:45.053966+00:00
1592970,Colorado Cocoa Club,2021-04-23,2021-04,steam_store_search,True,True,INTERSECTION,True,,v30889,r79179,Colorado Cocoa Club,complete,True,Colorado Cocoa Club,$6.99,False,https://store.steampowered.com/app/1592970/,https://vndb.org/v30889,623,FOUND,Colorado Cocoa Club,1619150400000,1786132828461,2026-08-08T12:07:45.053966+00:00
1579720,Sol Dorado Heist,2021-04-23,2021-04,steam_store_search,True,True,INTERSECTION,True,,v30757,r78817,Sol Dorado Heist,complete,True,Sol Dorado Heist,$4.99,False,https://store.steampowered.com/app/1579720/,https://vndb.org/v30757,147,FOUND,Sol Dorado Heist,1619150400000,1786132828461,2026-08-08T12:07:45.053966+00:00
1558900,Pandemic Love,2021-04-27,2021-04,steam_store_search,True,True,INTERSECTION,True,,v30693,r78631,Pandemic Love,complete,True,Pandemic Love,Free,True,https://store.steampowered.com/app/1558900/,https://vndb.org/v30693,16704,FOUND,Pandemic Love,1619496000000,1786132828461,2026-08-08T12:07:45.053966+00:00
1294060,铁道少女:梦想轨迹 2.0 Railway To Dream,2021-04-27,2021-04,steam_store_search,True,True,INTERSECTION,True,,v31019,r112095;r79465,Tiedao Shaonü: Mengxiang Guiji,complete,True,铁道少女:梦想轨迹 2.0 Railway To Dream,$6.99,False,https://store.steampowered.com/app/1294060/,https://vndb.org/v31019,4148,FOUND,铁道少女:梦想轨迹 2.0 Railway To Dream,1619496000000,1786132828461,2026-08-08T12:07:45.053966+00:00
1349170,Furries & Scalies & Bears OH MY! 2: Return to Kale Bay,2021-04-29,2021-04,steam_store_search,True,True,INTERSECTION,True,,v30529,r78130,Furries & Scalies & Bears OH MY! 2: Return to Kale Bay,complete,True,Furries & Scalies & Bears OH MY! 2: Return to Kale Bay,$9.99,False,https://store.steampowered.com/app/1349170/,https://vndb.org/v30529,20,FOUND,Furries & Scalies & Bears OH MY! 2: Return to Kale Bay,1619668800000,1786132828461,2026-08-08T12:07:45.053966+00:00
1461090,喰人記,2021-04-29,2021-04,steam_store_search,True,True,INTERSECTION,True,,v31031,r79494,Shokujin Ki,complete,True,喰人記,$11.99,False,https://store.steampowered.com/app/1461090/,https://vndb.org/v31031,135,FOUND,喰人記,1619668800000,1786132828461,2026-08-08T12:07:45.053966+00:00
1591470,I Am The Prosecutor: No Evidence? No Problem!,2021-04-30,2021-04,steam_store_search,True,True,INTERSECTION,True,,v31036,r79513,I Am The Prosecutor: No Evidence? No Problem!,complete,True,I Am The Prosecutor: No Evidence? No Problem!,$0.99,False,https://store.steampowered.com/app/1591470/,https://vndb.org/v31036,1957,FOUND,I Am The Prosecutor: No Evidence? No Problem!,1619755200000,1786132828461,2026-08-08T12:07:45.053966+00:00
1288560,My Dear Prince,2021-04-30,2021-04,steam_store_search,True,True,INTERSECTION,True,,v29807,r76285,My Dear Prince,complete,True,My Dear Prince,$9.99,False,https://store.steampowered.com/app/1288560/,https://vndb.org/v29807,1467,FOUND,My Dear Prince,1619755200000,1786132828461,2026-08-08T12:07:45.053966+00:00
1540220,Sugar * Style,2021-04-30,2021-04,steam_store_search,True,True,INTERSECTION,True,,v24320,r78959,Sugar*Style,complete,True,Sugar * Style,$29.99,False,https://store.steampowered.com/app/1540220/,https://vndb.org/v24320,8557,FOUND,Sugar * Style,1619755200000,1786132828461,2026-08-08T12:07:45.053966+00:00
1261200,Ace Campus Club,2021-05-01,2021-05,steam_store_search,True,True,INTERSECTION,True,,v30349,r77690,Wangpai Shetuan,complete,True,Ace Campus Club,$14.99,False,https://store.steampowered.com/app/1261200/,https://vndb.org/v30349,1125,FOUND,Ace Campus Club,1619841600000,1786132828461,2026-08-08T12:07:45.053966+00:00
1598220,Moon Observatory Iris,2021-05-01,2021-05,steam_store_search,True,True,INTERSECTION,True,,v20077,r93608,Magical Otoge Iris,complete,True,Moon Observatory Iris,$19.99,False,https://store.steampowered.com/app/1598220/,https://vndb.org/v20077,666,FOUND,Moon Observatory Iris,1619841600000,1786132828461,2026-08-08T12:07:45.053966+00:00
1494140,7Days Origins,2021-05-02,2021-05,steam_store_search,True,True,INTERSECTION,True,,v31259,r80152;r91108,7Days,complete;trial,True,7Days Origins,$8.99,False,https://store.steampowered.com/app/1494140/,https://vndb.org/v31259,7097,FOUND,7Days Origins,1619928000000,1786132828461,2026-08-08T12:07:45.053966+00:00
1605720,Eternia: Pet Whisperer,2021-05-05,2021-05,steam_store_search,True,True,INTERSECTION,True,,v31062,r79591,Eternia: Pet Whisperer,complete,True,Eternia: Pet Whisperer,$2.99,False,https://store.steampowered.com/app/1605720/,https://vndb.org/v31062,272,FOUND,Eternia: Pet Whisperer,1620187200000,1786132828461,2026-08-08T12:07:45.053966+00:00
1432500,The Sekimeiya: Spun Glass,2021-05-06,2021-05,steam_store_search,True,True,INTERSECTION,True,,v29144,r74268;r78966,The Sekimeiya: Spun Glass,complete;partial,True,The Sekimeiya: Spun Glass,$14.99,False,https://store.steampowered.com/app/1432500/,https://vndb.org/v29144,4908,FOUND,The Sekimeiya: Spun Glass,1620273600000,1786132828461,2026-08-08T12:07:45.053966+00:00
1487590,Yoshiwara Higanbana,2021-05-06,2021-05,steam_store_search,True,True,INTERSECTION,True,,v13994,r78398,Yoshiwara Higanbana,complete,True,Yoshiwara Higanbana,$44.99,False,https://store.steampowered.com/app/1487590/,https://vndb.org/v13994,10116,FOUND,Yoshiwara Higanbana,1620273600000,1786132828461,2026-08-08T12:07:45.053966+00:00
1506900,The Epic of Inanna,2021-05-08,2021-05,steam_store_search,True,True,INTERSECTION,True,,v31075,r79630,The Epic of Inanna,complete,True,The Epic of Inanna,Free,True,https://store.steampowered.com/app/1506900/,https://vndb.org/v31075,2106,FOUND,The Epic of Inanna,1620446400000,1786132828461,2026-08-08T12:07:45.053966+00:00
1523390,Fantasy Tavern Sextet -Vol.3 Postlude Days-,2021-05-13,2021-05,steam_store_search,True,True,INTERSECTION,True,,v31091,r77938,Isekai Sakaba no Sextet ~Vol.3 Postlude Days~,complete,True,Fantasy Tavern Sextet -Vol.3 Postlude Days-,$12.99,False,https://store.steampowered.com/app/1523390/,https://vndb.org/v31091,7903,FOUND,Fantasy Tavern Sextet -Vol.3 Postlude Days-,1620878400000,1786132828461,2026-08-08T12:07:45.053966+00:00
1599470,Purrfect Apawcalypse: Patches' Infurno,2021-05-13,2021-05,steam_store_search,True,True,INTERSECTION,True,,v28651,r72620;r89607;r89608,Purrfect Apawcalypse: Patches' Infurno,complete,True,Purrfect Apawcalypse: Patches' Infurno,$6.99,False,https://store.steampowered.com/app/1599470/,https://vndb.org/v28651,7686,FOUND,Purrfect Apawcalypse: Patches' Infurno,1620878400000,1786132828461,2026-08-08T12:07:45.053966+00:00
1578950,Lady in Mystery,2021-05-15,2021-05,steam_store_search,True,True,INTERSECTION,True,,v15575,r79529,Tamjeongjeon,complete,True,Lady in Mystery,$24.99,False,https://store.steampowered.com/app/1578950/,https://vndb.org/v15575,4077,FOUND,Lady in Mystery,1621051200000,1786132828461,2026-08-08T12:07:45.053966+00:00
1602590,Kaiju Crush,2021-05-17,2021-05,steam_store_search,True,True,INTERSECTION,True,,v31033,r79497,Kaiju Crush,complete,True,Kaiju Crush,$9.99,False,https://store.steampowered.com/app/1602590/,https://vndb.org/v31033,30,FOUND,Kaiju Crush,1621224000000,1786132828461,2026-08-08T12:07:45.053966+00:00
1610330,Realm of Night: The Forbidden Knowledge,2021-05-20,2021-05,steam_store_search,True,True,INTERSECTION,True,,v31133,r79824;r82262,S ljubov'ju iz carstva nochi,complete,True,Realm of Night: The Forbidden Knowledge,$13.99,False,https://store.steampowered.com/app/1610330/,https://vndb.org/v31133,1368,FOUND,Realm of Night: The Forbidden Knowledge,1621483200000,1786132828461,2026-08-08T12:07:45.053966+00:00
1543460,The Sin,2021-05-20,2021-05,steam_store_search,True,True,INTERSECTION,True,,v28145,r79822,Greh,complete,True,The Sin,$4.99,False,https://store.steampowered.com/app/1543460/,https://vndb.org/v28145,8876,FOUND,The Sin,1621483200000,1786132828461,2026-08-08T12:07:45.053966+00:00
1374480,爱人 Lover,2021-05-20,2021-05,steam_store_search,True,True,INTERSECTION,True,,v30437,r77881,Airen,complete,True,爱人 Lover,$6.99,False,https://store.steampowered.com/app/1374480/,https://vndb.org/v30437,9127,FOUND,爱人 Lover,1621483200000,1786132828461,2026-08-08T12:07:45.053966+00:00
1594120,Dangerous! TOO SWEET!!,2021-05-21,2021-05,steam_store_search,True,True,INTERSECTION,True,,v31054,r79571,Dangerous! TOO SWEET!!,complete,True,Dangerous! TOO SWEET!!,$2.99,False,https://store.steampowered.com/app/1594120/,https://vndb.org/v31054,1408,FOUND,Dangerous! TOO SWEET!!,1621569600000,1786132828461,2026-08-08T12:07:45.053966+00:00
1610230,True Game,2021-05-24,2021-05,steam_store_search,True,True,INTERSECTION,True,,v31068,r79617,Zhenshi Youxi - True game,complete,True,True Game,$7.99,False,https://store.steampowered.com/app/1610230/,https://vndb.org/v31068,1771,FOUND,True Game,1621828800000,1786132828461,2026-08-08T12:07:45.053966+00:00
1434760,Heroine for Hire,2021-05-25,2021-05,steam_store_search,True,True,INTERSECTION,True,,v29285,r78922,Heroine for Hire,complete,True,Heroine for Hire,$7.99,False,https://store.steampowered.com/app/1434760/,https://vndb.org/v29285,544,FOUND,Heroine for Hire,1621915200000,1786132828461,2026-08-08T12:07:45.053966+00:00
1530760,Kaigrad,2021-05-26,2021-05,steam_store_search,True,True,INTERSECTION,True,,v31170,r79937,Kajgrad,complete,True,Kaigrad,Free,True,https://store.steampowered.com/app/1530760/,https://vndb.org/v31170,23544,FOUND,Kaigrad,1622001600000,1786132828461,2026-08-08T12:07:45.053966+00:00
1215740,Casina: The Forgotten Comedy,2021-05-27,2021-05,steam_store_search,True,True,INTERSECTION,True,,v30337,r77672,Casina: The Forgotten Comedy,complete,True,Casina: The Forgotten Comedy,$6.99,False,https://store.steampowered.com/app/1215740/,https://vndb.org/v30337,2423,FOUND,Casina: The Forgotten Comedy,1622088000000,1786132828461,2026-08-08T12:07:45.053966+00:00
1633470,爱与命的彼端,2021-05-27,2021-05,steam_store_search,True,True,INTERSECTION,True,,v31176,r79949,Ai Yu Ming de Bi Duan,complete,True,爱与命的彼端,$0.99,False,https://store.steampowered.com/app/1633470/,https://vndb.org/v31176,90,FOUND,爱与命的彼端,1622088000000,1786132828461,2026-08-08T12:07:45.053966+00:00
1546010,Fallen girl - Black rose and the fire of desire,2021-05-28,2021-05,steam_store_search,True,True,INTERSECTION,True,,v30388,r77771,Duoluo Qianjin — Hei Qiangwei Yu Yuwang Zhi Huo,complete,True,Fallen girl - Black rose and the fire of desire,$14.99,False,https://store.steampowered.com/app/1546010/,https://vndb.org/v30388,85087,FOUND,Fallen girl - Black rose and the fire of desire,1622174400000,1786132828461,2026-08-08T12:07:45.053966+00:00
1636270,Love of Dragons,2021-05-28,2021-05,steam_store_search,True,True,INTERSECTION,True,,v31185,r80003,Miłość Smoków,complete,True,Love of Dragons,$4.99,False,https://store.steampowered.com/app/1636270/,https://vndb.org/v31185,394,FOUND,Love of Dragons,1622174400000,1786132828461,2026-08-08T12:07:45.053966+00:00
1641500,The Blind Of The New World,2021-05-28,2021-05,steam_store_search,True,True,INTERSECTION,True,,v26394,r79844,Miraesegyeui Maeng-in,complete,True,The Blind Of The New World,$9.99,False,https://store.steampowered.com/app/1641500/,https://vndb.org/v26394,2745,FOUND,The Blind Of The New World,1622174400000,1786132828461,2026-08-08T12:07:45.053966+00:00
1167700,hallucination - 幻觉,2021-05-28,2021-05,steam_store_search,True,True,INTERSECTION,True,,v31186,r80004,Huanjue,complete,True,hallucination - 幻觉,$9.99,False,https://store.steampowered.com/app/1167700/,https://vndb.org/v31186,5836,FOUND,hallucination - 幻觉,1622174400000,1786132828461,2026-08-08T12:07:45.053966+00:00
1601680,The Advisor - Episode 1: Royal Pain,2021-05-31,2021-05,steam_store_search,True,True,INTERSECTION,True,,v31451,r80776,The Advisor - Episode 1: Royal Pain,complete,True,The Advisor - Episode 1: Royal Pain,$2.99,False,https://store.steampowered.com/app/1601680/,https://vndb.org/v31451,7537,FOUND,The Advisor - Episode 1: Royal Pain,1622433600000,1786132828461,2026-08-08T12:07:45.053966+00:00
1607430,Memories of East Coast,2021-06-01,2021-06,steam_store_search,True,True,INTERSECTION,True,,v31251,r80127,Memories of East Coast,complete,True,Memories of East Coast,$2.99,False,https://store.steampowered.com/app/1607430/,https://vndb.org/v31251,337,FOUND,Memories of East Coast,1622520000000,1786132828461,2026-08-08T12:07:45.053966+00:00
1546920,Overboard!,2021-06-02,2021-06,steam_store_search,True,True,INTERSECTION,True,,v35713,r90950;r90951,Overboard!,complete,True,Overboard!,$14.99,False,https://store.steampowered.com/app/1546920/,https://vndb.org/v35713,45757,FOUND,Overboard!,1622606400000,1786132828461,2026-08-08T12:07:45.053966+00:00
1639610,"Save Me, Sakuya-san!",2021-06-02,2021-06,steam_store_search,True,True,INTERSECTION,True,,v31124,r132034,"Save Me, Sakuya-san!",complete,True,"Save Me, Sakuya-san!",$2.99,False,https://store.steampowered.com/app/1639610/,https://vndb.org/v31124,8055,FOUND,"Save Me, Sakuya-san!",1622606400000,1786132828461,2026-08-08T12:07:45.053966+00:00
1639580,A Warmer Shade of Summer,2021-06-03,2021-06,steam_store_search,True,True,INTERSECTION,True,,v31268,r80172,A Warmer Shade of Summer,complete,True,A Warmer Shade of Summer,Free,True,https://store.steampowered.com/app/1639580/,https://vndb.org/v31268,12110,FOUND,A Warmer Shade of Summer,1622692800000,1786132828461,2026-08-08T12:07:45.053966+00:00
1639890,After School Murder Club!!,2021-06-03,2021-06,steam_store_search,True,True,INTERSECTION,True,,v31131,r79978,After School Murder Club!!,complete,True,After School Murder Club!!,Free,True,https://store.steampowered.com/app/1639890/,https://vndb.org/v31131,9041,FOUND,After School Murder Club!!,1622692800000,1786132828461,2026-08-08T12:07:45.053966+00:00
1078420,Critters for Sale,2021-06-03,2021-06,steam_store_search,True,True,INTERSECTION,True,,v55154,r132876,Critters for Sale,complete,True,Critters for Sale,$9.99,False,https://store.steampowered.com/app/1078420/,https://vndb.org/v55154,33227,FOUND,Critters for Sale,1622692800000,1786132828461,2026-08-08T12:07:45.053966+00:00
1636260,Detective Rosie Morgan: Murder on the River Thames,2021-06-04,2021-06,steam_store_search,True,True,INTERSECTION,True,,v31102,r79713,Detective Rosie Morgan: Murder on the River Thames,complete,True,Detective Rosie Morgan: Murder on the River Thames,$5.99,False,https://store.steampowered.com/app/1636260/,https://vndb.org/v31102,350,FOUND,Detective Rosie Morgan: Murder on the River Thames,1622779200000,1786132828461,2026-08-08T12:07:45.053966+00:00
1639690,Flowering Across 樱下花期,2021-06-04,2021-06,steam_store_search,True,True,INTERSECTION,True,,v56760,r151559,Flowering Across - Ying Xia Huaqi,complete,True,Flowering Across 樱下花期,$0.99,False,https://store.steampowered.com/app/1639690/,https://vndb.org/v56760,1891,FOUND,Flowering Across 樱下花期,1622779200000,1786132828461,2026-08-08T12:07:45.053966+00:00
1544580,Would you like to run an idol café?,2021-06-07,2021-06,steam_store_search,True,True,INTERSECTION,True,,v30721,r78706,Would you like to run an idol café?,complete,True,Would you like to run an idol café?,$9.99,False,https://store.steampowered.com/app/1544580/,https://vndb.org/v30721,1410,FOUND,Would you like to run an idol café?,1623038400000,1786132828461,2026-08-08T12:07:45.053966+00:00
1645620,Axiom Alternative II,2021-06-09,2021-06,steam_store_search,True,True,INTERSECTION,True,,v31056,r145935;r145936,Axiom Alternative II,complete;trial,True,Axiom Alternative II,$0.99,False,https://store.steampowered.com/app/1645620/,https://vndb.org/v31056,101,FOUND,Axiom Alternative II,1623211200000,1786132828461,2026-08-08T12:07:45.053966+00:00
1443200,Class of '09,2021-06-10,2021-06,steam_store_search,True,True,INTERSECTION,True,,v29345,r102270,Class of '09,complete,True,Class of '09,$9.99,False,https://store.steampowered.com/app/1443200/,https://vndb.org/v29345,487527,FOUND,Class of '09,1623297600000,1786132828461,2026-08-08T12:07:45.053966+00:00
1646140,Jaden & Jasmine: The Curse of Deception,2021-06-10,2021-06,steam_store_search,True,True,INTERSECTION,True,,v31335,r80328,Jaden & Jasmine: The Curse of Deception,complete,True,Jaden & Jasmine: The Curse of Deception,$13.99,False,https://store.steampowered.com/app/1646140/,https://vndb.org/v31335,1,FOUND,Jaden & Jasmine: The Curse of Deception,1623297600000,1786132828461,2026-08-08T12:07:45.053966+00:00
1523400,Livestream: Escape from Hotel Izanami,2021-06-10,2021-06,steam_store_search,True,True,INTERSECTION,True,,v31095,r123166,Haishin,complete,True,Livestream: Escape from Hotel Izanami,$19.99,False,https://store.steampowered.com/app/1523400/,https://vndb.org/v31095,31288,FOUND,Livestream: Escape from Hotel Izanami,1623297600000,1786132828461,2026-08-08T12:07:45.053966+00:00
1277940,Kinkoi: Golden Loveriche,2021-06-11,2021-06,steam_store_search,True,True,INTERSECTION,True,,v21852,r69887,Kin'iro Loveriche,complete,True,Kinkoi: Golden Loveriche,$34.99,False,https://store.steampowered.com/app/1277940/,https://vndb.org/v21852,29650,FOUND,Kinkoi: Golden Loveriche,1623384000000,1786132828461,2026-08-08T12:07:45.053966+00:00
1591910,The Hurt in Secret,2021-06-11,2021-06,steam_store_search,True,True,INTERSECTION,True,,v31374,r80462,Bu Yuan Kanjian de Shang,complete,True,The Hurt in Secret,$2.99,False,https://store.steampowered.com/app/1591910/,https://vndb.org/v31374,670,FOUND,The Hurt in Secret,1623384000000,1786132828461,2026-08-08T12:07:45.053966+00:00
1641270,枝江往事,2021-06-11,2021-06,steam_store_search,True,True,INTERSECTION,True,,v31346,r80371,Zhi Jiang Wangshi,complete,True,枝江往事,Free,True,https://store.steampowered.com/app/1641270/,https://vndb.org/v31346,329400,FOUND,枝江往事,1623384000000,1786132828461,2026-08-08T12:07:45.053966+00:00
1640830,The Terrible Persistence of Memory,2021-06-15,2021-06,steam_store_search,True,True,INTERSECTION,True,,v31371,r80451,The Terrible Persistence of Memory,complete,True,The Terrible Persistence of Memory,$0.99,False,https://store.steampowered.com/app/1640830/,https://vndb.org/v31371,15,FOUND,The Terrible Persistence of Memory,1623729600000,1786132828461,2026-08-08T12:07:45.053966+00:00
1451160,Bakumatsu Renka SHINSENGUMI,2021-06-16,2021-06,steam_store_search,True,True,INTERSECTION,True,,v7733,r77190,Bakumatsu Renka Shinsengumi,complete,True,Bakumatsu Renka SHINSENGUMI,$49.99,False,https://store.steampowered.com/app/1451160/,https://vndb.org/v7733,1564,FOUND,Bakumatsu Renka SHINSENGUMI,1623816000000,1786132828461,2026-08-08T12:07:45.053966+00:00
1562920,7 Years From Now,2021-06-17,2021-06,steam_store_search,True,True,INTERSECTION,True,,v24299,r82912,7-Nengo de Matteru,complete,True,7 Years From Now,$9.99,False,https://store.steampowered.com/app/1562920/,https://vndb.org/v24299,5439,FOUND,7 Years From Now,1623902400000,1786132828461,2026-08-08T12:07:45.053966+00:00
1519730,Wildfire - Ticket to Rock,2021-06-17,2021-06,steam_store_search,True,True,INTERSECTION,True,,v28670,r80555,Wildfire - Ticket to Rock,complete,True,Wildfire - Ticket to Rock,$4.99,False,https://store.steampowered.com/app/1519730/,https://vndb.org/v28670,1,FOUND,Wildfire - Ticket to Rock,1623902400000,1786132828461,2026-08-08T12:07:45.053966+00:00
1310990,Bishojo Mangekyo Kotowari to Meikyu no Shojo,2021-06-20,2021-06,steam_store_search,True,True,INTERSECTION,True,,v27057,r79290,Bishoujo Mangekyou -Kotowari to Meikyuu no Shoujo-,complete,True,Bishojo Mangekyo Kotowari to Meikyu no Shojo,$29.99,False,https://store.steampowered.com/app/1310990/,https://vndb.org/v27057,79493,FOUND,Bishojo Mangekyo Kotowari to Meikyu no Shojo,1624161600000,1786132828461,2026-08-08T12:07:45.053966+00:00
1649290,Deep Lake: Prologue,2021-06-22,2021-06,steam_store_search,True,True,INTERSECTION,True,,v31422,r80648,Glubokoe Ozero: Prolog,complete,True,Deep Lake: Prologue,Free,True,https://store.steampowered.com/app/1649290/,https://vndb.org/v31422,7063,FOUND,Deep Lake: Prologue,1624334400000,1786132828461,2026-08-08T12:07:45.053966+00:00
1620110,Slobbish Dragon Princess LOVE+PLUS,2021-06-22,2021-06,steam_store_search,True,True,INTERSECTION,True,,v30029,r80362,DraPri Guu-ta-life LOVE + PLUS,complete,True,Slobbish Dragon Princess LOVE+PLUS,$4.99,False,https://store.steampowered.com/app/1620110/,https://vndb.org/v30029,1876,FOUND,Slobbish Dragon Princess LOVE+PLUS,1624334400000,1786132828461,2026-08-08T12:07:45.053966+00:00
1639400,少女首領の推理領域 -黄金島の密約-,2021-06-22,2021-06,steam_store_search,True,True,INTERSECTION,True,,v31423,r80649,Shoujo Shuryou no Suiri Ryouiki -Kogane Shima no Mitsuyaku-,complete,True,少女首領の推理領域 -黄金島の密約-,$12.99,False,https://store.steampowered.com/app/1639400/,https://vndb.org/v31423,432,FOUND,少女首領の推理領域 -黄金島の密約-,1624334400000,1786132828461,2026-08-08T12:07:45.053966+00:00
1596820,Monstrous Lovers,2021-06-23,2021-06,steam_store_search,True,True,INTERSECTION,True,,v19218,r45686,Monstrous Lovers,complete,True,Monstrous Lovers,$14.99,False,https://store.steampowered.com/app/1596820/,https://vndb.org/v19218,136,FOUND,Monstrous Lovers,1624420800000,1786132828461,2026-08-08T12:07:45.053966+00:00
1549420,メンヘラフレシア フラワリングアビス,2021-06-24,2021-06,steam_store_search,True,True,INTERSECTION,True,,v30423,r75735,Menherafflesia: Flowering Abyss,complete,True,メンヘラフレシア フラワリングアビス,$19.99,False,https://store.steampowered.com/app/1549420/,https://vndb.org/v30423,993,FOUND,メンヘラフレシア　フラワリングアビス,1624507200000,1786132828461,2026-08-08T12:07:45.053966+00:00
1518430,Eiyu*Senki Gold – A New Conquest,2021-06-25,2021-06,steam_store_search,True,True,INTERSECTION,True,,v12033,r77554,Eiyuu * Senki GOLD,complete,True,Eiyu*Senki Gold – A New Conquest,$34.99,False,https://store.steampowered.com/app/1518430/,https://vndb.org/v12033,22192,FOUND,Eiyu*Senki Gold – A New Conquest,1624593600000,1786132828461,2026-08-08T12:07:45.053966+00:00
1637370,Letters From a Rainy Day -Oceans and Lace-,2021-06-29,2021-06,steam_store_search,True,True,INTERSECTION,True,,v31212,r80048,Tsuyuchiru Letter ~Umi to Shiori ni Amaoto o~,complete,True,Letters From a Rainy Day -Oceans and Lace-,$16.99,False,https://store.steampowered.com/app/1637370/,https://vndb.org/v31212,14252,FOUND,Letters From a Rainy Day -Oceans and Lace-,1624939200000,1786132828461,2026-08-08T12:07:45.053966+00:00
1388880,Doki Doki Literature Club Plus!,2021-06-30,2021-06,steam_store_search,True,True,INTERSECTION,True,,v21905,r80357,Doki Doki Literature Club!,complete,True,Doki Doki Literature Club Plus!,-25%,False,https://store.steampowered.com/app/1388880/,https://vndb.org/v21905,744913,FOUND,Doki Doki Literature Club Plus!,1625025600000,1786132828461,2026-08-08T12:07:45.053966+00:00
1644510,Reigning,2021-06-30,2021-06,steam_store_search,True,True,INTERSECTION,True,,v31473,r80861,Reigning,complete,True,Reigning,Free,True,https://store.steampowered.com/app/1644510/,https://vndb.org/v31473,1539,FOUND,Reigning,1625025600000,1786132828461,2026-08-08T12:07:45.053966+00:00
1666720,로스팅 리포트:대학생 수면제 사망사건,2021-06-30,2021-06,steam_store_search,True,True,INTERSECTION,True,,v31472,r92736,Roasting Report: Daehagsaeng Sumyeonje Samangsageon,complete,True,로스팅 리포트:대학생 수면제 사망사건,Free,True,https://store.steampowered.com/app/1666720/,https://vndb.org/v31472,7749,FOUND,로스팅 리포트:대학생 수면제 사망사건,1625025600000,1786132828461,2026-08-08T12:07:45.053966+00:00
1578860,Billionaire Lovers,2021-07-02,2021-07,steam_store_search,True,True,INTERSECTION,True,,v31486,r81664,Yi Wan Lianren,complete,True,Billionaire Lovers,$2.99,False,https://store.steampowered.com/app/1578860/,https://vndb.org/v31486,50542,FOUND,Billionaire Lovers,1625198400000,1786132828461,2026-08-08T12:07:45.053966+00:00
1559760,Island Diary,2021-07-02,2021-07,steam_store_search,True,True,INTERSECTION,True,,v21436,r52363,Island Diary,complete,True,Island Diary,$16.99,False,https://store.steampowered.com/app/1559760/,https://vndb.org/v21436,3123,FOUND,Island Diary,1625198400000,1786132828461,2026-08-08T12:07:45.053966+00:00
1627740,"SHAKESPEARE? More like THIRSTspeare, amirite?",2021-07-08,2021-07,steam_store_search,True,True,INTERSECTION,True,,v31568,r81124,"SHAKESPEARE? More like THIRSTspeare, amirite?",complete,True,"SHAKESPEARE? More like THIRSTspeare, amirite?",$4.99,False,https://store.steampowered.com/app/1627740/,https://vndb.org/v31568,23,FOUND,"SHAKESPEARE? More like THIRSTspeare, amirite?",1625716800000,1786132828461,2026-08-08T12:07:45.053966+00:00
1632770,Star Apprentice: Magical Murder Mystery,2021-07-08,2021-07,steam_store_search,True,True,INTERSECTION,True,,v32732,r104700;r84466,Star Apprentice: Magical Murder Mystery,complete,True,Star Apprentice: Magical Murder Mystery,Free,True,https://store.steampowered.com/app/1632770/,https://vndb.org/v32732,12415,FOUND,Star Apprentice: Magical Murder Mystery,1625716800000,1786132828461,2026-08-08T12:07:45.053966+00:00
1666850,More. The Eternal Utopia,2021-07-09,2021-07,steam_store_search,True,True,INTERSECTION,True,,v31583,r81173,More. The Eternal Utopia,complete,True,More. The Eternal Utopia,$0.99,False,https://store.steampowered.com/app/1666850/,https://vndb.org/v31583,51,FOUND,More. The Eternal Utopia,1625803200000,1786132828461,2026-08-08T12:07:45.053966+00:00
1524930,To Be With You,2021-07-09,2021-07,steam_store_search,True,True,INTERSECTION,True,,v31586,r81176,To Be with You,complete,True,To Be With You,$2.99,False,https://store.steampowered.com/app/1524930/,https://vndb.org/v31586,772,FOUND,To Be With You,1625803200000,1786132828461,2026-08-08T12:07:45.053966+00:00
1336600,Cabin Fever,2021-07-12,2021-07,steam_store_search,True,True,INTERSECTION,True,,v31524,r81014,Cabin Fever,complete,True,Cabin Fever,$9.99,False,https://store.steampowered.com/app/1336600/,https://vndb.org/v31524,13879,FOUND,Cabin Fever,1626062400000,1786132828461,2026-08-08T12:07:45.053966+00:00
1568650,*NEW* SCUFFED EPIC VISUAL NOVEL,2021-07-13,2021-07,steam_store_search,True,True,INTERSECTION,True,,v31611,r81273,*NEW* SCUFFED EPIC VISUAL NOVEL,complete,True,*NEW* SCUFFED EPIC VISUAL NOVEL,Free,True,https://store.steampowered.com/app/1568650/,https://vndb.org/v31611,5729,FOUND,*NEW* SCUFFED EPIC VISUAL NOVEL,1626148800000,1786132828461,2026-08-08T12:07:45.053966+00:00
1591490,Distant Memoraĵo,2021-07-15,2021-07,steam_store_search,True,True,INTERSECTION,True,,v23230,r87359,Itsuka no Memorajxo ~Kotonoha Amrilato~,complete,True,Distant Memoraĵo,$19.99,False,https://store.steampowered.com/app/1591490/,https://vndb.org/v23230,5104,FOUND,Distant Memoraĵo,1626321600000,1786132828461,2026-08-08T12:07:45.053966+00:00
1520390,Hotel Paris,2021-07-15,2021-07,steam_store_search,True,True,INTERSECTION,True,,v31629,r81320,Hotel Paris,complete,True,Hotel Paris,$12.99,False,https://store.steampowered.com/app/1520390/,https://vndb.org/v31629,113,FOUND,Hotel Paris,1626321600000,1786132828461,2026-08-08T12:07:45.053966+00:00
1593310,NEKOPARA - Catboys Paradise,2021-07-15,2021-07,steam_store_search,True,True,INTERSECTION,True,,v30812,r81295,Neko Para -Catboys Paradise-,complete,True,NEKOPARA - Catboys Paradise,Free,True,https://store.steampowered.com/app/1593310/,https://vndb.org/v30812,225848,FOUND,NEKOPARA - Catboys Paradise,1626321600000,1786132828461,2026-08-08T12:07:45.053966+00:00
1273080,Raptor Boyfriend: A High School Romance,2021-07-15,2021-07,steam_store_search,True,True,INTERSECTION,True,,v31630,r81321,Raptor Boyfriend: A High School Romance,complete,True,Raptor Boyfriend: A High School Romance,$10.99,False,https://store.steampowered.com/app/1273080/,https://vndb.org/v31630,4118,FOUND,Raptor Boyfriend: A High School Romance,1626321600000,1786132828461,2026-08-08T12:07:45.053966+00:00
1598930,见习侦探,2021-07-15,2021-07,steam_store_search,True,True,INTERSECTION,True,,v31628,r81319,Jianxi Zhentan,complete,True,见习侦探,,False,https://store.steampowered.com/app/1598930/,https://vndb.org/v31628,2262,FOUND,见习侦探,1626321600000,1786132828461,2026-08-08T12:07:45.053966+00:00
1568880,秘封フラグメント,2021-07-16,2021-07,steam_store_search,True,True,INTERSECTION,True,,v29640,r81213,Hifuu Fragment,complete,True,秘封フラグメント,$14.99,False,https://store.steampowered.com/app/1568880/,https://vndb.org/v29640,5191,FOUND,秘封フラグメント,1626408000000,1786132828461,2026-08-08T12:07:45.053966+00:00
1576230,An Un-epic story: The adventure of Enki and Tiny Freddie,2021-07-20,2021-07,steam_store_search,True,True,INTERSECTION,True,,v31209,r80045,An Un-epic story: The adventure of Enki and Tiny Freddie,complete,True,An Un-epic story: The adventure of Enki and Tiny Freddie,$4.99,False,https://store.steampowered.com/app/1576230/,https://vndb.org/v31209,874,FOUND,An Un-epic story: The adventure of Enki and Tiny Freddie,1626753600000,1786132828461,2026-08-08T12:07:45.053966+00:00
1579950,Mythos Ever After: A Cthulhu Dating Sim RX,2021-07-20,2021-07,steam_store_search,True,True,INTERSECTION,True,,v29462,r81477,Mythos Ever After: A Cthulhu Dating Sim,complete,True,Mythos Ever After: A Cthulhu Dating Sim RX,$0.99,False,https://store.steampowered.com/app/1579950/,https://vndb.org/v29462,1,FOUND,Mythos Ever After: A Cthulhu Dating Sim RX,1626753600000,1786132828461,2026-08-08T12:07:45.053966+00:00
1679340,Shanghai1920,2021-07-20,2021-07,steam_store_search,True,True,INTERSECTION,True,,v31691,r81476,Shanghai 1920,complete,True,Shanghai1920,Free,True,https://store.steampowered.com/app/1679340/,https://vndb.org/v31691,3497,FOUND,Shanghai1920,1626753600000,1786132828461,2026-08-08T12:07:45.053966+00:00
1492980,Shut your teeth,2021-07-20,2021-07,steam_store_search,True,True,INTERSECTION,True,,v30765,r80809,"Chok-chok, zuby na krjuchok",complete,True,Shut your teeth,Free,True,https://store.steampowered.com/app/1492980/,https://vndb.org/v30765,5301,FOUND,Shut your teeth,1626753600000,1786132828461,2026-08-08T12:07:45.053966+00:00
1093830,Asterism,2021-07-22,2021-07,steam_store_search,True,True,INTERSECTION,True,,v23770,r65417,Asterism,complete,True,Asterism,$9.99,False,https://store.steampowered.com/app/1093830/,https://vndb.org/v23770,90,FOUND,Asterism,1626926400000,1786132828461,2026-08-08T12:07:45.053966+00:00
1688400,B.Y.O.O.L. - Best Years Of Our Lives,2021-07-22,2021-07,steam_store_search,True,True,INTERSECTION,True,,v31729,r81571,B.Y.O.O.L. - Best Years of Our Lives,complete,True,B.Y.O.O.L. - Best Years Of Our Lives,Free,True,https://store.steampowered.com/app/1688400/,https://vndb.org/v31729,644,FOUND,B.Y.O.O.L. - Best Years Of Our Lives,1626926400000,1786132828461,2026-08-08T12:07:45.053966+00:00
1612480,Heal Hitler,2021-07-22,2021-07,steam_store_search,True,True,INTERSECTION,True,,v54124,r130578,Heal Hitler,complete,True,Heal Hitler,$4.99,False,https://store.steampowered.com/app/1612480/,https://vndb.org/v54124,8185,FOUND,Heal Hitler,1626926400000,1786132828461,2026-08-08T12:07:45.053966+00:00
1560590,Reality's Reverse Side,2021-07-22,2021-07,steam_store_search,True,True,INTERSECTION,True,,v29442,r78342,Iznanka real'nosti,complete,True,Reality's Reverse Side,Free,True,https://store.steampowered.com/app/1560590/,https://vndb.org/v29442,3443,FOUND,Reality's Reverse Side,1626926400000,1786132828461,2026-08-08T12:07:45.053966+00:00
1686810,idolYAKI: From Delinquents to Pop Stars,2021-07-22,2021-07,steam_store_search,True,True,INTERSECTION,True,,v31579,r81156,idolYAKI: From Delinquents to Pop Stars,complete,True,idolYAKI: From Delinquents to Pop Stars,Free,True,https://store.steampowered.com/app/1686810/,https://vndb.org/v31579,675,FOUND,idolYAKI: From Delinquents to Pop Stars,1626926400000,1786132828461,2026-08-08T12:07:45.053966+00:00
1676600,末日航路-The Termination,2021-07-22,2021-07,steam_store_search,True,True,INTERSECTION,True,,v31549,r81081,Mori Hanglu,complete,True,末日航路-The Termination,$10.99,False,https://store.steampowered.com/app/1676600/,https://vndb.org/v31549,115,FOUND,末日航路-The Termination,1626926400000,1786132828461,2026-08-08T12:07:45.053966+00:00
1627520,2236 A.D. Secretary Stories,2021-07-23,2021-07,steam_store_search,True,True,INTERSECTION,True,,v18885,r80940,Seireki 2236-nen no Masuko,complete,True,2236 A.D. Secretary Stories,Free,True,https://store.steampowered.com/app/1627520/,https://vndb.org/v18885,7934,FOUND,2236 A.D. Secretary Stories,1627012800000,1786132828461,2026-08-08T12:07:45.053966+00:00
1675150,「３」,2021-07-23,2021-07,steam_store_search,True,True,INTERSECTION,True,,v31746,r81606,"""3""",complete,True,「３」,$4.99,False,https://store.steampowered.com/app/1675150/,https://vndb.org/v31746,30,FOUND,「３」,1627012800000,1786132828461,2026-08-08T12:07:45.053966+00:00
1673570,Game of Love,2021-07-26,2021-07,steam_store_search,True,True,INTERSECTION,True,,v31784,r81688,Game of Love,complete,True,Game of Love,$4.99,False,https://store.steampowered.com/app/1673570/,https://vndb.org/v31784,381,FOUND,Game of Love,1627272000000,1786132828461,2026-08-08T12:07:45.053966+00:00
1688530,My Living Things,2021-07-26,2021-07,steam_store_search,True,True,INTERSECTION,True,,v31783,r81687,My Living Things,complete,True,My Living Things,$4.99,False,https://store.steampowered.com/app/1688530/,https://vndb.org/v31783,60,FOUND,My Living Things,1627272000000,1786132828461,2026-08-08T12:07:45.053966+00:00
1630490,Sakura Forest Girls 2,2021-07-26,2021-07,steam_store_search,True,True,INTERSECTION,True,,v31635,r81335,Sakura Forest Girls 2,complete,True,Sakura Forest Girls 2,$9.99,False,https://store.steampowered.com/app/1630490/,https://vndb.org/v31635,1751,FOUND,Sakura Forest Girls 2,1627272000000,1786132828461,2026-08-08T12:07:45.053966+00:00
1158850,The Great Ace Attorney Chronicles,2021-07-26,2021-07,steam_store_search,True,True,INTERSECTION,True,,v15125;v19987;v711;v715;v716,r79362;r79363;r79408;r79413,Dai Gyakuten Saiban -Naruhodou Ryuunosuke no Bouken-;Dai Gyakuten Saiban 2 -Naruhodou Ryuunosuke no Kakugo-;Gyakuten Saiban;Gyakuten Saiban 2;Gyakuten Saiban 3,complete,True,The Great Ace Attorney Chronicles,$39.99,False,https://store.steampowered.com/app/1158850/,https://vndb.org/v15125,286900,FOUND,The Great Ace Attorney Chronicles,1627272000000,1786132828461,2026-08-08T12:07:45.053966+00:00
1644150,OshiRabu: Waifus Over Husbandos ~Love･or･die~,2021-07-29,2021-07,steam_store_search,True,True,INTERSECTION,True,,v31138,r81482,Oshi no Love yori Koi no Love ~Love or Die~,complete,True,OshiRabu: Waifus Over Husbandos ~Love･or･die~,$12.99,False,https://store.steampowered.com/app/1644150/,https://vndb.org/v31138,20996,FOUND,OshiRabu: Waifus Over Husbandos ~Love･or･die~,1627531200000,1786132828461,2026-08-08T12:07:45.053966+00:00
1575540,Symbiotic Love - Yuri Visual Novel,2021-07-29,2021-07,steam_store_search,True,True,INTERSECTION,True,,v25521,r79099,Ji Shen,complete,True,Symbiotic Love - Yuri Visual Novel,$9.99,False,https://store.steampowered.com/app/1575540/,https://vndb.org/v25521,673,FOUND,Symbiotic Love - Yuri Visual Novel,1627531200000,1786132828461,2026-08-08T12:07:45.053966+00:00
1346740,Tiny Light,2021-07-29,2021-07,steam_store_search,True,True,INTERSECTION,True,,v30435,r77879,Ying Huo Wei Guang,complete,True,Tiny Light,$6.99,False,https://store.steampowered.com/app/1346740/,https://vndb.org/v30435,3011,FOUND,Tiny Light,1627531200000,1786132828461,2026-08-08T12:07:45.053966+00:00
1494470,BUSTAFELLOWS,2021-07-30,2021-07,steam_store_search,True,True,INTERSECTION,True,,v25197,r76551,BUSTAFELLOWS,complete,True,BUSTAFELLOWS,$39.99,False,https://store.steampowered.com/app/1494470/,https://vndb.org/v25197,84109,FOUND,BUSTAFELLOWS,1627617600000,1786132828461,2026-08-08T12:07:45.053966+00:00
1489020,Eternal Secret,2021-07-30,2021-07,steam_store_search,True,True,INTERSECTION,True,,v30454,r77918,Eternal Secret,complete,True,Eternal Secret,$2.99,False,https://store.steampowered.com/app/1489020/,https://vndb.org/v30454,35,FOUND,Eternal Secret,1627617600000,1786132828461,2026-08-08T12:07:45.053966+00:00
1673560,Murder on the Marine Express,2021-07-30,2021-07,steam_store_search,True,True,INTERSECTION,True,,v30302,r95367,The Mysteries of Ranko Togawa: Murder on the Marine Express,complete,True,Murder on the Marine Express,$4.99,False,https://store.steampowered.com/app/1673560/,https://vndb.org/v30302,2181,FOUND,Murder on the Marine Express,1627617600000,1786132828461,2026-08-08T12:07:45.053966+00:00
1687050,TeleNovela,2021-07-30,2021-07,steam_store_search,True,True,INTERSECTION,True,,v31743,r81596,TeleNovela,complete,True,TeleNovela,$4.99,False,https://store.steampowered.com/app/1687050/,https://vndb.org/v31743,24,FOUND,TeleNovela,1627617600000,1786132828461,2026-08-08T12:07:45.053966+00:00
1576130,IdolDays,2021-08-05,2021-08,steam_store_search,True,True,INTERSECTION,True,,v31363,r81322,IdolDays,complete,True,IdolDays,$12.99,False,https://store.steampowered.com/app/1576130/,https://vndb.org/v31363,4986,FOUND,IdolDays,1628136000000,1786132828461,2026-08-08T12:07:45.053966+00:00
1642460,Grey Lucidity - Horror Visual Novel,2021-08-06,2021-08,steam_store_search,True,True,INTERSECTION,True,,v31873,r81959,Grey Lucidity,complete,True,Grey Lucidity - Horror Visual Novel,$4.99,False,https://store.steampowered.com/app/1642460/,https://vndb.org/v31873,108,FOUND,Grey Lucidity - Horror Visual Novel,1628222400000,1786132828461,2026-08-08T12:07:45.053966+00:00
1697780,Life Can Be Amazing,2021-08-06,2021-08,steam_store_search,True,True,INTERSECTION,True,,v31755,r81950,Life Can Be Amazing,complete,True,Life Can Be Amazing,$7.99,False,https://store.steampowered.com/app/1697780/,https://vndb.org/v31755,237,FOUND,Life Can Be Amazing,1628222400000,1786132828461,2026-08-08T12:07:45.053966+00:00
1400870,When The Night Comes,2021-08-09,2021-08,steam_store_search,True,True,INTERSECTION,True,,v25422;v29945;v29946;v29947,r76368,"'Til Death;Possibly a Chimera, Probably a Big Fucking Cat;The Haunting of Lunaris;When the Night Comes",complete,True,When The Night Comes,$12.99,False,https://store.steampowered.com/app/1400870/,https://vndb.org/v25422,10421,FOUND,When The Night Comes,1628481600000,1786132828461,2026-08-08T12:07:45.053966+00:00
1553740,Cat’s Princess - visual novel / Otome,2021-08-11,2021-08,steam_store_search,True,True,INTERSECTION,True,,v30541,r78182,Princessa Koshek,complete,True,Cat’s Princess - visual novel / Otome,$4.99,False,https://store.steampowered.com/app/1553740/,https://vndb.org/v30541,338,FOUND,Cat’s Princess - visual novel / Otome,1628654400000,1786132828461,2026-08-08T12:07:45.053966+00:00
1555110,Chasing Tails ~A Promise in the Snow~,2021-08-13,2021-08,steam_store_search,True,True,INTERSECTION,True,,v30553,r78209,Chasing Tails -A Promise in the Snow-,complete,True,Chasing Tails ~A Promise in the Snow~,$7.99,False,https://store.steampowered.com/app/1555110/,https://vndb.org/v30553,432345,FOUND,Chasing Tails ~A Promise in the Snow~,1628827200000,1786132828461,2026-08-08T12:07:45.053966+00:00
1568920,Clean Slate,2021-08-13,2021-08,steam_store_search,True,True,INTERSECTION,True,,v31968,r82213,Clean Slate,complete,True,Clean Slate,$4.99,False,https://store.steampowered.com/app/1568920/,https://vndb.org/v31968,497,FOUND,Clean Slate,1628827200000,1786132828461,2026-08-08T12:07:45.053966+00:00
1703600,Our Personal Space,2021-08-13,2021-08,steam_store_search,True,True,INTERSECTION,True,,v17432,r40071,Our Personal Space,complete,True,Our Personal Space,Free,True,https://store.steampowered.com/app/1703600/,https://vndb.org/v17432,2581,FOUND,Our Personal Space,1628827200000,1786132828461,2026-08-08T12:07:45.053966+00:00
1706470,Space to Grow,2021-08-13,2021-08,steam_store_search,True,True,INTERSECTION,True,,v31865,r81924,Space to Grow,complete,True,Space to Grow,$6.99,False,https://store.steampowered.com/app/1706470/,https://vndb.org/v31865,321,FOUND,Space to Grow,1628827200000,1786132828461,2026-08-08T12:07:45.053966+00:00
1708870,第七号列车 - Train No. 7,2021-08-13,2021-08,steam_store_search,True,True,INTERSECTION,True,,v47238,r113572,Diqihao Lieche,complete,True,第七号列车 - Train No. 7,Free,True,https://store.steampowered.com/app/1708870/,https://vndb.org/v47238,263704,FOUND,第七号列车 - Train No. 7,1628827200000,1786132828461,2026-08-08T12:07:45.053966+00:00
1673780,New Meaning,2021-08-16,2021-08,steam_store_search,True,True,INTERSECTION,True,,v31997,r82269,New Meaning,complete,True,New Meaning,Free,True,https://store.steampowered.com/app/1673780/,https://vndb.org/v31997,8177,FOUND,New Meaning,1629086400000,1786132828461,2026-08-08T12:07:45.053966+00:00
1250760,Far Away,2021-08-17,2021-08,steam_store_search,True,True,INTERSECTION,True,,v29371,r134326;r75063;r97135,Haisha Fengyun,complete,True,Far Away,$12.99,False,https://store.steampowered.com/app/1250760/,https://vndb.org/v29371,233646,FOUND,Far Away,1629172800000,1786132828461,2026-08-08T12:07:45.053966+00:00
949200,Ambition: A Minuet in Power,2021-08-18,2021-08,steam_store_search,True,True,INTERSECTION,True,,v30890,r79127,Ambition: A Minuet in Power,complete,True,Ambition: A Minuet in Power,$20.99,False,https://store.steampowered.com/app/949200/,https://vndb.org/v30890,16437,FOUND,Ambition: A Minuet in Power,1629259200000,1786132828461,2026-08-08T12:07:45.053966+00:00
939870,BlackberryNOVA,2021-08-19,2021-08,steam_store_search,True,True,INTERSECTION,True,,v28105,r70159,BlackberryNOVA,complete,True,BlackberryNOVA,$6.99,False,https://store.steampowered.com/app/939870/,https://vndb.org/v28105,1082,FOUND,BlackberryNOVA,1629345600000,1786132828461,2026-08-08T12:07:45.053966+00:00
1630570,EXS1～EthnologySister：Cultural functionalism,2021-08-19,2021-08,steam_store_search,True,True,INTERSECTION,True,,v32018,r82324,EXS1 ~ EthnologySister: Cultural functionalism,complete,True,EXS1～EthnologySister：Cultural functionalism,Free,True,https://store.steampowered.com/app/1630570/,https://vndb.org/v32018,17438,FOUND,EXS1～EthnologySister：Cultural functionalism,1629345600000,1786132828461,2026-08-08T12:07:45.053966+00:00
1059850,Vain Riser,2021-08-19,2021-08,steam_store_search,True,True,INTERSECTION,True,,v30537,r78175,Kongmeng,complete,True,Vain Riser,$12.99,False,https://store.steampowered.com/app/1059850/,https://vndb.org/v30537,2737,FOUND,Vain Riser,1629345600000,1786132828461,2026-08-08T12:07:45.053966+00:00
1363160,A Field of Flowers and Stars,2021-08-20,2021-08,steam_store_search,True,True,INTERSECTION,True,,v27130,r73634,A Field of Flowers and Stars,complete,True,A Field of Flowers and Stars,Free,True,https://store.steampowered.com/app/1363160/,https://vndb.org/v27130,5400,FOUND,A Field of Flowers and Stars,1629432000000,1786132828461,2026-08-08T12:07:45.053966+00:00
1688850,All Dream Long A Flower Storm,2021-08-20,2021-08,steam_store_search,True,True,INTERSECTION,True,,v29699,r119305,Yume mo Sugara Hana Arashi,complete,True,All Dream Long A Flower Storm,Free,True,https://store.steampowered.com/app/1688850/,https://vndb.org/v29699,18205,FOUND,All Dream Long A Flower Storm,1629432000000,1786132828461,2026-08-08T12:07:45.053966+00:00
1424870,Cross Maid,2021-08-20,2021-08,steam_store_search,True,True,INTERSECTION,True,,v31754,r81626,Liulang Xiao Mao & Danshen Gou,complete,True,Cross Maid,$2.99,False,https://store.steampowered.com/app/1424870/,https://vndb.org/v31754,7296,FOUND,Cross Maid,1629432000000,1786132828461,2026-08-08T12:07:45.053966+00:00
1512470,Incel Syndrome,2021-08-20,2021-08,steam_store_search,True,True,INTERSECTION,True,,v31108,r79722,Incel Syndrome,complete,True,Incel Syndrome,Free,True,https://store.steampowered.com/app/1512470/,https://vndb.org/v31108,5247,FOUND,Incel Syndrome,1629432000000,1786132828461,2026-08-08T12:07:45.053966+00:00
1532650,fishy,2021-08-20,2021-08,steam_store_search,True,True,INTERSECTION,True,,v29448,r75315,fishy,complete,True,fishy,Free,True,https://store.steampowered.com/app/1532650/,https://vndb.org/v29448,5040,FOUND,fishy,1629432000000,1786132828461,2026-08-08T12:07:45.053966+00:00
1713610,Purrgatory,2021-08-22,2021-08,steam_store_search,True,True,INTERSECTION,True,,v33380,r156435,purrgatory,complete,True,Purrgatory,Free,True,https://store.steampowered.com/app/1713610/,https://vndb.org/v33380,159203,FOUND,Purrgatory,1629604800000,1786132828461,2026-08-08T12:07:45.053966+00:00
1692000,雨音スイッチ - Amane Switch -,2021-08-23,2021-08,steam_store_search,True,True,INTERSECTION,True,,v34135,r82387,Amane Switch,complete,True,雨音スイッチ - Amane Switch -,-50%,False,https://store.steampowered.com/app/1692000/,https://vndb.org/v34135,798,FOUND,雨音スイッチ - Amane Switch -,1629691200000,1786132828461,2026-08-08T12:07:45.053966+00:00
1639920,Embraced by Autumn,2021-08-24,2021-08,steam_store_search,True,True,INTERSECTION,True,,v31392,r80533,Embraced by Autumn,complete,True,Embraced by Autumn,$18.99,False,https://store.steampowered.com/app/1639920/,https://vndb.org/v31392,1129,FOUND,Embraced by Autumn,1629777600000,1786132828461,2026-08-08T12:07:45.053966+00:00
1398740,The Chrono Jotter,2021-08-25,2021-08,steam_store_search,True,True,INTERSECTION,True,,v30438,r120746,Huisu Yicun,complete,True,The Chrono Jotter,$11.99,False,https://store.steampowered.com/app/1398740/,https://vndb.org/v30438,31833,FOUND,The Chrono Jotter,1629864000000,1786132828461,2026-08-08T12:07:45.053966+00:00
1694500,The Craft of the Samurai,2021-08-25,2021-08,steam_store_search,True,True,INTERSECTION,True,,v32073,r82502,Remeslo samuraja,complete,True,The Craft of the Samurai,Free,True,https://store.steampowered.com/app/1694500/,https://vndb.org/v32073,2187,FOUND,The Craft of the Samurai,1629864000000,1786132828461,2026-08-08T12:07:45.053966+00:00
1647780,Stories of Mara,2021-08-26,2021-08,steam_store_search,True,True,INTERSECTION,True,,v31806,r81773,Stories of Mara,complete,True,Stories of Mara,Free,True,https://store.steampowered.com/app/1647780/,https://vndb.org/v31806,10494,FOUND,Stories of Mara,1629950400000,1786132828461,2026-08-08T12:07:45.053966+00:00
1705520,My Furry Neighbour 🐾,2021-08-27,2021-08,steam_store_search,True,True,INTERSECTION,True,,v32071,r135666,My Furry Neighbour 🐾,complete,True,My Furry Neighbour 🐾,$4.99,False,https://store.steampowered.com/app/1705520/,https://vndb.org/v32071,5204,FOUND,My Furry Neighbour 🐾,1630036800000,1786132828461,2026-08-08T12:07:45.053966+00:00
1662840,PARQUET,2021-08-27,2021-08,steam_store_search,True,True,INTERSECTION,True,,v31807,r81775,PARQUET,complete,True,PARQUET,$16.99,False,https://store.steampowered.com/app/1662840/,https://vndb.org/v31807,49024,FOUND,PARQUET,1630036800000,1786132828461,2026-08-08T12:07:45.053966+00:00
1566390,Seed of the Dead: Sweet Home,2021-08-27,2021-08,steam_store_search,True,True,INTERSECTION,True,,v32170,r82801,Seed of the Dead: Sweet Home,complete,True,Seed of the Dead: Sweet Home,-50%,False,https://store.steampowered.com/app/1566390/,https://vndb.org/v32170,125243,FOUND,Seed of the Dead: Sweet Home,1630036800000,1786132828461,2026-08-08T12:07:45.053966+00:00
1538680,Blake: The Visual Novel,2021-08-31,2021-08,steam_store_search,True,True,INTERSECTION,True,,v30617,r78405,Blake: The Visual Novel,complete,True,Blake: The Visual Novel,Free,True,https://store.steampowered.com/app/1538680/,https://vndb.org/v30617,3842,FOUND,Blake: The Visual Novel,1630382400000,1786132828461,2026-08-08T12:07:45.053966+00:00
1504500,OPUS: Echo of Starsong - Full Bloom Edition,2021-08-31,2021-08,steam_store_search,True,True,INTERSECTION,True,,v36728,r92997,OPUS: Longmai Changge,complete,True,OPUS: Echo of Starsong - Full Bloom Edition,-60%,False,https://store.steampowered.com/app/1504500/,https://vndb.org/v36728,143898,FOUND,OPUS: Echo of Starsong - Full Bloom Edition,1630382400000,1786132828461,2026-08-08T12:07:45.053966+00:00
1479500,Rail of Möbius,2021-08-31,2021-08,steam_store_search,True,True,INTERSECTION,True,,v30371,r88263,Zhanlan Laolong,complete,True,Rail of Möbius,$12.99,False,https://store.steampowered.com/app/1479500/,https://vndb.org/v30371,5935,FOUND,Rail of Möbius,1630382400000,1786132828461,2026-08-08T12:07:45.053966+00:00
1718040,Clarence Goes to the F&#%ING Store,2021-09-02,2021-09,steam_store_search,True,True,INTERSECTION,True,,v32131,r82669,Clarence Goes to the F&#%ing Store,complete,True,Clarence Goes to the F&#%ING Store,$2.99,False,https://store.steampowered.com/app/1718040/,https://vndb.org/v32131,307,FOUND,Clarence Goes to the F&#%ING Store,1630555200000,1786132828461,2026-08-08T12:07:45.053966+00:00
1585460,Furry Shakespeare: Oops! All Dragons!,2021-09-02,2021-09,steam_store_search,True,True,INTERSECTION,True,,v32124,r82636,Furry Shakespeare: Oops! All Dragons!,complete,True,Furry Shakespeare: Oops! All Dragons!,$8.99,False,https://store.steampowered.com/app/1585460/,https://vndb.org/v32124,24,FOUND,Furry Shakespeare: Oops! All Dragons!,1630555200000,1786132828461,2026-08-08T12:07:45.053966+00:00
1683800,Robot Daycare,2021-09-03,2021-09,steam_store_search,True,True,INTERSECTION,True,,v25594,r128544;r85452,Robot Daycare,complete,True,Robot Daycare,Free,True,https://store.steampowered.com/app/1683800/,https://vndb.org/v25594,14310,FOUND,Robot Daycare,1630641600000,1786132828461,2026-08-08T12:07:45.053966+00:00
1728740,Angel's Tale : An extraordinary love story,2021-09-05,2021-09,steam_store_search,True,True,INTERSECTION,True,,v19873,r82728,Angel's Tale: An Extraordinary Love Story,complete,True,Angel's Tale : An extraordinary love story,Free,True,https://store.steampowered.com/app/1728740/,https://vndb.org/v19873,2457,FOUND,Angel's Tale : An extraordinary love story,1630814400000,1786132828461,2026-08-08T12:07:45.053966+00:00
1507630,Hypoxia - One Last Breath,2021-09-07,2021-09,steam_store_search,True,True,INTERSECTION,True,,v32055,r82448,Hypoxia - One Last Breath,complete,True,Hypoxia - One Last Breath,Free,True,https://store.steampowered.com/app/1507630/,https://vndb.org/v32055,1748,FOUND,Hypoxia - One Last Breath,1630987200000,1786132828461,2026-08-08T12:07:45.053966+00:00
1676550,Dull Grey,2021-09-08,2021-09,steam_store_search,True,True,INTERSECTION,True,,v31587,r122517,Serost',complete,True,Dull Grey,$4.99,False,https://store.steampowered.com/app/1676550/,https://vndb.org/v31587,3247,FOUND,Dull Grey,1631073600000,1786132828461,2026-08-08T12:07:45.053966+00:00
1424300,Jester / King,2021-09-08,2021-09,steam_store_search,True,True,INTERSECTION,True,,v29244,r74586;r78525,Jester / King,complete;trial,True,Jester / King,-80%,False,https://store.steampowered.com/app/1424300/,https://vndb.org/v29244,2595,FOUND,Jester / King,1631073600000,1786132828461,2026-08-08T12:07:45.053966+00:00
1728560,致命游戏-Lethal Gamble 1 Werewolf Puzzle,2021-09-14,2021-09,steam_store_search,True,True,INTERSECTION,True,,v32056,r82450,Zhiming Youxi,complete,True,致命游戏-Lethal Gamble 1 Werewolf Puzzle,$6.99,False,https://store.steampowered.com/app/1728560/,https://vndb.org/v32056,213,FOUND,致命游戏-Lethal Gamble 1 Werewolf Puzzle,1631592000000,1786132828461,2026-08-08T12:07:45.053966+00:00
1714320,Find Love or Die Trying,2021-09-16,2021-09,steam_store_search,True,True,INTERSECTION,True,,v31994,r101090,Find Love or Die Trying,complete,True,Find Love or Die Trying,$4.99,False,https://store.steampowered.com/app/1714320/,https://vndb.org/v31994,77701,FOUND,Find Love or Die Trying,1631764800000,1786132828461,2026-08-08T12:07:45.053966+00:00
1739160,Meta Meet Cute!!!,2021-09-16,2021-09,steam_store_search,True,True,INTERSECTION,True,,v31573,r119266,Chigau!!!,complete,True,Meta Meet Cute!!!,$9.99,False,https://store.steampowered.com/app/1739160/,https://vndb.org/v31573,738,FOUND,Meta Meet Cute!!!,1631764800000,1786132828461,2026-08-08T12:07:45.053966+00:00
1682410,寂寞神明的心愿手记,2021-09-16,2021-09,steam_store_search,True,True,INTERSECTION,True,,v32240,r83056,Jimo Shenming de Xinyuan Shouji,complete,True,寂寞神明的心愿手记,$9.99,False,https://store.steampowered.com/app/1682410/,https://vndb.org/v32240,9151,FOUND,寂寞神明的心愿手记,1631764800000,1786132828461,2026-08-08T12:07:45.053966+00:00
1585700,Trap Genesis,2021-09-17,2021-09,steam_store_search,True,True,INTERSECTION,True,,v31673,r81417,Josou Souseiki,complete,True,Trap Genesis,-50%,False,https://store.steampowered.com/app/1585700/,https://vndb.org/v31673,10219,FOUND,Trap Genesis,1631851200000,1786132828461,2026-08-08T12:07:45.053966+00:00
1484250,All is Fair in Dust and Air,2021-09-21,2021-09,steam_store_search,True,True,INTERSECTION,True,,v21699,r77025,All is Fair in Dust and Air,complete,True,All is Fair in Dust and Air,$4.99,False,https://store.steampowered.com/app/1484250/,https://vndb.org/v21699,140,FOUND,All is Fair in Dust and Air,1632196800000,1786132828461,2026-08-08T12:07:45.053966+00:00
1719830,Sex Robot Road Trip: Highway to Harrisburg,2021-09-22,2021-09,steam_store_search,True,True,INTERSECTION,True,,v24039,r83208,SRRT! (Sex Robot Road Trip),complete,True,Sex Robot Road Trip: Highway to Harrisburg,$6.99,False,https://store.steampowered.com/app/1719830/,https://vndb.org/v24039,30,FOUND,Sex Robot Road Trip: Highway to Harrisburg,1632283200000,1786132828461,2026-08-08T12:07:45.053966+00:00
1875410,Warden of the Arcaen,2021-09-22,2021-09,vndb_steam_release,True,True,INTERSECTION,True,,v33491,r86450,Warden of the Arcaen,complete,True,Warden of the Arcaen,,False,https://store.steampowered.com/app/1875410/,https://vndb.org/v33491,,NOT_FOUND,,,,2026-08-08T12:07:45.053966+00:00
1721800,八尾,2021-09-22,2021-09,steam_store_search,True,True,INTERSECTION,True,,v32302,r83244,Bawei,complete,True,八尾,$6.99,False,https://store.steampowered.com/app/1721800/,https://vndb.org/v32302,96,FOUND,八尾,1632283200000,1786132828461,2026-08-08T12:07:45.053966+00:00
1734890,Visual Novel Sisters,2021-09-23,2021-09,steam_store_search,True,True,INTERSECTION,True,,v32303,r83246,Visual Novel Sisters,complete,True,Visual Novel Sisters,$16.99,False,https://store.steampowered.com/app/1734890/,https://vndb.org/v32303,7443,FOUND,Visual Novel Sisters,1632369600000,1786132828461,2026-08-08T12:07:45.053966+00:00
1746530,Confessions at Candlewood Lake,2021-09-24,2021-09,steam_store_search,True,True,INTERSECTION,True,,v32123,r82637,Confessions at Candlewood Lake,complete,True,Confessions at Candlewood Lake,$6.99,False,https://store.steampowered.com/app/1746530/,https://vndb.org/v32123,252,FOUND,Confessions at Candlewood Lake,1632456000000,1786132828461,2026-08-08T12:07:45.053966+00:00
1481400,Dagon: by H. P. Lovecraft,2021-09-24,2021-09,steam_store_search,True,True,INTERSECTION,True,,v31323,r80295,Dagon,complete,True,Dagon: by H. P. Lovecraft,Free,True,https://store.steampowered.com/app/1481400/,https://vndb.org/v31323,597868,FOUND,Dagon: by H. P. Lovecraft,1632456000000,1786132828461,2026-08-08T12:07:45.053966+00:00
1748640,Jaksaljabi,2021-09-24,2021-09,steam_store_search,True,True,INTERSECTION,True,,v32314,r83282,Jaksaljabi,complete,True,Jaksaljabi,Free,True,https://store.steampowered.com/app/1748640/,https://vndb.org/v32314,486,FOUND,Jaksaljabi,1632456000000,1786132828461,2026-08-08T12:07:45.053966+00:00
1618230,恋爱关系/Romance,2021-09-24,2021-09,steam_store_search,True,True,INTERSECTION,True,,v31381,r80484,Lian'ai Guanxi,complete,True,恋爱关系/Romance,$3.99,False,https://store.steampowered.com/app/1618230/,https://vndb.org/v31381,215940,FOUND,恋爱关系/Romance,1632456000000,1786132828461,2026-08-08T12:07:45.053966+00:00
1630500,Would you like to run an idol café? 2,2021-09-27,2021-09,steam_store_search,True,True,INTERSECTION,True,,v32143,r82698,Would you like to run an idol café? 2,complete,True,Would you like to run an idol café? 2,$9.99,False,https://store.steampowered.com/app/1630500/,https://vndb.org/v32143,656,FOUND,Would you like to run an idol café? 2,1632715200000,1786132828461,2026-08-08T12:07:45.053966+00:00
1688580,A YEAR OF SPRINGS,2021-09-28,2021-09,steam_store_search,True,True,INTERSECTION,True,,v22619;v25720;v27085;v44706,r107542;r88442,"A YEAR OF SPRINGS;last day of spring;one night, hot springs;spring leaves no flowers",complete,True,A YEAR OF SPRINGS,$4.99,False,https://store.steampowered.com/app/1688580/,https://vndb.org/v22619,12639,FOUND,A YEAR OF SPRINGS,1632801600000,1786132828461,2026-08-08T12:07:45.053966+00:00
1748240,Rectitude,2021-09-28,2021-09,steam_store_search,True,True,INTERSECTION,True,,v32388,r83432,Rectitude,complete,True,Rectitude,$9.99,False,https://store.steampowered.com/app/1748240/,https://vndb.org/v32388,30,FOUND,Rectitude,1632801600000,1786132828461,2026-08-08T12:07:45.053966+00:00
1742500,My Dear Frankenstein -English Edition-,2021-09-30,2021-09,steam_store_search,True,True,INTERSECTION,True,,v29698,r80360,Itoshi no Frankenstein,complete,True,My Dear Frankenstein -English Edition-,$4.99,False,https://store.steampowered.com/app/1742500/,https://vndb.org/v29698,214,FOUND,My Dear Frankenstein -English Edition-,1632974400000,1786132828461,2026-08-08T12:07:45.053966+00:00
1547580,Welcome To... Chichester 2 - Part II : No Extra Regrets For The Future,2021-09-30,2021-09,steam_store_search,True,True,INTERSECTION,True,,v30191,r77420,Welcome To... Chichester 2 - Part II : No Extra Regrets For The Future,complete,True,Welcome To... Chichester 2 - Part II : No Extra Regrets For The Future,$9.99,False,https://store.steampowered.com/app/1547580/,https://vndb.org/v30191,1,FOUND,Welcome To... Chichester 2 - Part II : No Extra Regrets For The Future,1632974400000,1786132828461,2026-08-08T12:07:45.053966+00:00
1735980,Love Flute,2021-10-01,2021-10,steam_store_search,True,True,INTERSECTION,True,,v32696,r84369,Love Flute,complete,True,Love Flute,$9.99,False,https://store.steampowered.com/app/1735980/,https://vndb.org/v32696,11628,FOUND,Love Flute,1633060800000,1786132828461,2026-08-08T12:07:45.053966+00:00
1639930,Last Days,2021-10-02,2021-10,steam_store_search,True,True,INTERSECTION,True,,v31888,r94520,Yu Shen Xiangban de Mori,complete,True,Last Days,$3.99,False,https://store.steampowered.com/app/1639930/,https://vndb.org/v31888,5741,FOUND,Last Days,1633147200000,1786132828461,2026-08-08T12:07:45.053966+00:00
1263230,Cooking Companions,2021-10-07,2021-10,steam_store_search,True,True,INTERSECTION,True,,v28079,r112726,Cooking Companions,complete,True,Cooking Companions,$14.99,False,https://store.steampowered.com/app/1263230/,https://vndb.org/v28079,27821,FOUND,Cooking Companions,1633579200000,1786132828461,2026-08-08T12:07:45.053966+00:00
1601380,The Marauder Chronicles: Curse Over Valdria,2021-10-07,2021-10,steam_store_search,True,True,INTERSECTION,True,,v32393,r83447,The Marauder Chronicles: Curse over Valdria,complete,True,The Marauder Chronicles: Curse Over Valdria,$4.99,False,https://store.steampowered.com/app/1601380/,https://vndb.org/v32393,132,FOUND,The Marauder Chronicles: Curse Over Valdria,1633579200000,1786132828461,2026-08-08T12:07:45.053966+00:00
1719460,My Furry Dictator 🐾,2021-10-08,2021-10,steam_store_search,True,True,INTERSECTION,True,,v32075,r135667,My Furry Dictator 🐾,complete,True,My Furry Dictator 🐾,$4.99,False,https://store.steampowered.com/app/1719460/,https://vndb.org/v32075,8647,FOUND,My Furry Dictator 🐾,1633665600000,1786132828461,2026-08-08T12:07:45.053966+00:00
1719770,Not It: Spookiest Edition,2021-10-12,2021-10,steam_store_search,True,True,INTERSECTION,True,,v30705,r83859,Not It,complete,True,Not It: Spookiest Edition,$6.99,False,https://store.steampowered.com/app/1719770/,https://vndb.org/v30705,1072,FOUND,Not It: Spookiest Edition,1634011200000,1786132828461,2026-08-08T12:07:45.053966+00:00
1745750,Occult Crime Police,2021-10-12,2021-10,steam_store_search,True,True,INTERSECTION,True,,v24884,r119240,Occult Crime Police,complete,True,Occult Crime Police,Free,True,https://store.steampowered.com/app/1745750/,https://vndb.org/v24884,11952,FOUND,Occult Crime Police,1634011200000,1786132828461,2026-08-08T12:07:45.053966+00:00
1449510,Henchman Story,2021-10-14,2021-10,steam_store_search,True,True,INTERSECTION,True,,v29173,r77699,Henchman Story,complete,True,Henchman Story,$14.99,False,https://store.steampowered.com/app/1449510/,https://vndb.org/v29173,5324,FOUND,Henchman Story,1634184000000,1786132828461,2026-08-08T12:07:45.053966+00:00
1777750,Ninki Seiyuu: How to Make a Pop Voice Actress,2021-10-14,2021-10,steam_store_search,True,True,INTERSECTION,True,,v20148,r83779,Ninki Seiyuu no Tsukurikata,complete,True,Ninki Seiyuu: How to Make a Pop Voice Actress,$39.99,False,https://store.steampowered.com/app/1777750/,https://vndb.org/v20148,9544,FOUND,Ninki Seiyuu: How to Make a Pop Voice Actress,1634184000000,1786132828461,2026-08-08T12:07:45.053966+00:00
1741620,Spirit and Katana,2021-10-14,2021-10,steam_store_search,True,True,INTERSECTION,True,,v32526,r83862,Spirit and Katana,complete,True,Spirit and Katana,$14.99,False,https://store.steampowered.com/app/1741620/,https://vndb.org/v32526,15,FOUND,Spirit and Katana,1634184000000,1786132828461,2026-08-08T12:07:45.053966+00:00
1729810,ボク姫PROJECT,2021-10-14,2021-10,steam_store_search,True,True,INTERSECTION,True,,v27452,r77586,Bokuhime Project,complete,True,ボク姫PROJECT,$69.99,False,https://store.steampowered.com/app/1729810/,https://vndb.org/v27452,75,FOUND,ボク姫PROJECT,1634184000000,1786132828461,2026-08-08T12:07:45.053966+00:00
1512240,记得我,2021-10-14,2021-10,steam_store_search,True,True,INTERSECTION,True,,v30341,r77678,Jide Wo,complete,True,记得我,$2.99,False,https://store.steampowered.com/app/1512240/,https://vndb.org/v30341,5373,FOUND,记得我,1634184000000,1786132828461,2026-08-08T12:07:45.053966+00:00
1709210,Love Duction! The Guide for Galactic Lovers,2021-10-15,2021-10,steam_store_search,True,True,INTERSECTION,True,,v15134,r53885,Love Duction! ~Ginga no Ren'ai Guide Book~,complete,True,Love Duction! The Guide for Galactic Lovers,$12.99,False,https://store.steampowered.com/app/1709210/,https://vndb.org/v15134,359,FOUND,Love Duction! The Guide for Galactic Lovers,1634270400000,1786132828461,2026-08-08T12:07:45.053966+00:00
964910,Sunshine & Overcast,2021-10-15,2021-10,steam_store_search,True,True,INTERSECTION,True,,v32534,r83888,Sunshine & Overcast,complete,True,Sunshine & Overcast,Free,True,https://store.steampowered.com/app/964910/,https://vndb.org/v32534,1154,FOUND,Sunshine & Overcast,1634270400000,1786132828461,2026-08-08T12:07:45.053966+00:00
1779840,Stardander Revenant,2021-10-18,2021-10,steam_store_search,True,True,INTERSECTION,True,,v32419,r83507,Stardander Revenant,complete,True,Stardander Revenant,Free,True,https://store.steampowered.com/app/1779840/,https://vndb.org/v32419,3983,FOUND,Stardander Revenant,1634529600000,1786132828461,2026-08-08T12:07:45.053966+00:00
617980,Summer In Trigue,2021-10-18,2021-10,steam_store_search,True,True,INTERSECTION,True,,v16680,r38273,Summer In Trigue,complete,True,Summer In Trigue,-70%,False,https://store.steampowered.com/app/617980/,https://vndb.org/v16680,1208,FOUND,Summer In Trigue,1634529600000,1786132828461,2026-08-08T12:07:45.053966+00:00
1273260,Corpse Party (2021),2021-10-20,2021-10,steam_store_search,True,True,INTERSECTION,True,,v2632,r83706,Corpse Party: Blood Covered,complete,True,Corpse Party (2021),$19.99,False,https://store.steampowered.com/app/1273260/,https://vndb.org/v2632,74117,FOUND,Corpse Party (2021),1634702400000,1786132828461,2026-08-08T12:07:45.053966+00:00
1607980,School For The Friendless,2021-10-20,2021-10,steam_store_search,True,True,INTERSECTION,True,,v28595,r72349,School for the Friendless,complete,True,School For The Friendless,Free,True,https://store.steampowered.com/app/1607980/,https://vndb.org/v28595,14972,FOUND,School For The Friendless,1634702400000,1786132828461,2026-08-08T12:07:45.053966+00:00
1690880,Up All Night,2021-10-20,2021-10,steam_store_search,True,True,INTERSECTION,True,,v29476,r82273,Up All Night,complete,True,Up All Night,$6.99,False,https://store.steampowered.com/app/1690880/,https://vndb.org/v29476,998,FOUND,Up All Night,1634702400000,1786132828461,2026-08-08T12:07:45.053966+00:00
1600930,Foul Play - Yuri Visual Novel,2021-10-21,2021-10,steam_store_search,True,True,INTERSECTION,True,,v29072,r80787,Foul Play,complete,True,Foul Play - Yuri Visual Novel,$13.99,False,https://store.steampowered.com/app/1600930/,https://vndb.org/v29072,745,FOUND,Foul Play - Yuri Visual Novel,1634788800000,1786132828461,2026-08-08T12:07:45.053966+00:00
1506980,Lay a Beauty to Rest: The Darkness Peach Blossom Spring,2021-10-21,2021-10,steam_store_search,True,True,INTERSECTION,True,,v32598,r89135,Zang Hua - Anhei Taohuayuan,complete,True,Lay a Beauty to Rest: The Darkness Peach Blossom Spring,$13.99,False,https://store.steampowered.com/app/1506980/,https://vndb.org/v32598,132798,FOUND,Lay a Beauty to Rest: The Darkness Peach Blossom Spring,1634788800000,1786132828461,2026-08-08T12:07:45.053966+00:00
1763110,PROJECT: Halloween,2021-10-21,2021-10,steam_store_search,True,True,INTERSECTION,True,,v32452,r83672,PROJECT: Halloween,complete,True,PROJECT: Halloween,Free,True,https://store.steampowered.com/app/1763110/,https://vndb.org/v32452,4889,FOUND,PROJECT: Halloween,1634788800000,1786132828461,2026-08-08T12:07:45.053966+00:00
1581210,Sword Princess Amaltea - The Visual Novel,2021-10-21,2021-10,steam_store_search,True,True,INTERSECTION,True,,v30598,r78337,Sword Princess Amaltea,complete,True,Sword Princess Amaltea - The Visual Novel,$9.99,False,https://store.steampowered.com/app/1581210/,https://vndb.org/v30598,118,FOUND,Sword Princess Amaltea - The Visual Novel,1634788800000,1786132828461,2026-08-08T12:07:45.053966+00:00
1662850,Renai Karichaimashita: Koikari - Love For Hire,2021-10-22,2021-10,steam_store_search,True,True,INTERSECTION,True,,v25366,r82956,"Ren'ai, Karichaimashita",complete,True,Renai Karichaimashita: Koikari - Love For Hire,$29.99,False,https://store.steampowered.com/app/1662850/,https://vndb.org/v25366,7031,FOUND,Renai Karichaimashita: Koikari - Love For Hire,1634875200000,1786132828461,2026-08-08T12:07:45.053966+00:00
1465050,HaremKingdom,2021-10-25,2021-10,steam_store_search,True,True,INTERSECTION,True,,v26765,r83783,HaremKingdom,complete,True,HaremKingdom,$29.99,False,https://store.steampowered.com/app/1465050/,https://vndb.org/v26765,3480,FOUND,HaremKingdom,1635134400000,1786132828461,2026-08-08T12:07:45.053966+00:00
1395120,At Eve’s Wake Definitive Edition,2021-10-26,2021-10,steam_store_search,True,True,INTERSECTION,True,,v30564,r78234;r78235,At Eve's Wake,complete;trial,True,At Eve’s Wake Definitive Edition,$9.99,False,https://store.steampowered.com/app/1395120/,https://vndb.org/v30564,1520,FOUND,At Eve’s Wake Definitive Edition,1635220800000,1786132828461,2026-08-08T12:07:45.053966+00:00
1764390,BAD END THEATER,2021-10-26,2021-10,steam_store_search,True,True,INTERSECTION,True,,v32514,r116783;r137620;r94788;r96201,BAD END THEATER,complete,True,BAD END THEATER,$9.99,False,https://store.steampowered.com/app/1764390/,https://vndb.org/v32514,182771,FOUND,BAD END THEATER,1635220800000,1786132828461,2026-08-08T12:07:45.053966+00:00
1225820,Hermitage: Strange Case Files,2021-10-26,2021-10,steam_store_search,True,True,INTERSECTION,True,,v24679,r69598,Jiju Yu Guaiqi Shijian Bu,complete,True,Hermitage: Strange Case Files,$19.99,False,https://store.steampowered.com/app/1225820/,https://vndb.org/v24679,1428,FOUND,Hermitage: Strange Case Files,1635220800000,1786132828461,2026-08-08T12:07:45.053966+00:00
898750,Super Robot Wars 30,2021-10-27,2021-10,steam_store_search,True,True,INTERSECTION,True,,v62706,r149726,Super Robot Wars 30,complete,True,Super Robot Wars 30,$59.99,False,https://store.steampowered.com/app/898750/,https://vndb.org/v62706,221003,FOUND,Super Robot Wars 30,1635307200000,1786132828461,2026-08-08T12:07:45.053966+00:00
1766830,Louder Than Words ~The Story of a Field Trip~,2021-10-29,2021-10,steam_store_search,True,True,INTERSECTION,True,,v32478,r83679,Louder Than Words ~The Story of a Field Trip~,complete,True,Louder Than Words ~The Story of a Field Trip~,Free,True,https://store.steampowered.com/app/1766830/,https://vndb.org/v32478,2061,FOUND,Louder Than Words ~The Story of a Field Trip~,1635480000000,1786132828461,2026-08-08T12:07:45.053966+00:00
603660,Women of Xal,2021-10-30,2021-10,steam_store_search,True,True,INTERSECTION,True,,v20704,r50203,Women of Xal,complete,True,Women of Xal,$19.99,False,https://store.steampowered.com/app/603660/,https://vndb.org/v20704,485,FOUND,Women of Xal,1635566400000,1786132828461,2026-08-08T12:07:45.053966+00:00
1647740,1f y0u're a gh0st ca11 me here! 幽铃热线,2021-11-01,2021-11,steam_store_search,True,True,INTERSECTION,True,,v46786,r112196,1f y0u're a gh0st ca11 me here!,complete,True,1f y0u're a gh0st ca11 me here! 幽铃热线,$6.99,False,https://store.steampowered.com/app/1647740/,https://vndb.org/v46786,2378,FOUND,1f y0u're a gh0st ca11 me here! 幽铃热线,1635739200000,1786132828461,2026-08-08T12:07:45.053966+00:00
1715660,Angelic Waves,2021-11-01,2021-11,steam_store_search,True,True,INTERSECTION,True,,v30498,r84344,Angelic Waves,complete,True,Angelic Waves,$10.99,False,https://store.steampowered.com/app/1715660/,https://vndb.org/v30498,1,FOUND,Angelic Waves,1635739200000,1786132828461,2026-08-08T12:07:45.053966+00:00
1642480,The phenomenon of Edgar Allan Poe 1/2,2021-11-01,2021-11,steam_store_search,True,True,INTERSECTION,True,,v32687,r84347,The Phenomenon of Edgar Allan Poe 1/2,complete,True,The phenomenon of Edgar Allan Poe 1/2,$1.50,False,https://store.steampowered.com/app/1642480/,https://vndb.org/v32687,1,FOUND,The phenomenon of Edgar Allan Poe 1/2,1635739200000,1786132828461,2026-08-08T12:07:45.053966+00:00
1772750,知更鸟-The Robin,2021-11-01,2021-11,steam_store_search,True,True,INTERSECTION,True,,v32547,r83936,Robin,complete,True,知更鸟-The Robin,$6.99,False,https://store.steampowered.com/app/1772750/,https://vndb.org/v32547,400,FOUND,知更鸟-The Robin,1635739200000,1786132828461,2026-08-08T12:07:45.053966+00:00
1788100,Saimin Gakushū: Secret Desire,2021-11-04,2021-11,steam_store_search,True,True,INTERSECTION,True,,v29779,r84157,Saimin Gakushuu -Secret Desire-,complete,True,Saimin Gakushū: Secret Desire,$19.99,False,https://store.steampowered.com/app/1788100/,https://vndb.org/v29779,42617,FOUND,Saimin Gakushū: Secret Desire,1635998400000,1786132828461,2026-08-08T12:07:45.053966+00:00
1737150,Scarlet and Blank,2021-11-04,2021-11,steam_store_search,True,True,INTERSECTION,True,,v32361,r83385,Hakuhi to Ifuna no Keisei,complete,True,Scarlet and Blank,Free,True,https://store.steampowered.com/app/1737150/,https://vndb.org/v32361,1631,FOUND,Scarlet and Blank,1635998400000,1786132828461,2026-08-08T12:07:45.053966+00:00
1765510,The Railway,2021-11-04,2021-11,steam_store_search,True,True,INTERSECTION,True,,v32703,r84390,ZhD,complete,True,The Railway,$1.99,False,https://store.steampowered.com/app/1765510/,https://vndb.org/v32703,75,FOUND,The Railway,1635998400000,1786132828461,2026-08-08T12:07:45.053966+00:00
1631790,Dawnbreaker - Aeon's Reach,2021-11-05,2021-11,steam_store_search,True,True,INTERSECTION,True,,v31622,r81305,Dawnbreaker - Aeon's Reach,complete,True,Dawnbreaker - Aeon's Reach,$9.99,False,https://store.steampowered.com/app/1631790/,https://vndb.org/v31622,4252,FOUND,Dawnbreaker - Aeon's Reach,1636084800000,1786132828461,2026-08-08T12:07:45.053966+00:00
1745620,The Oath of The Dark Magic Queen,2021-11-05,2021-11,steam_store_search,True,True,INTERSECTION,True,,v32711,r84406,The Oath of The Dark Magic Queen,complete,True,The Oath of The Dark Magic Queen,$4.99,False,https://store.steampowered.com/app/1745620/,https://vndb.org/v32711,1047,FOUND,The Oath of The Dark Magic Queen,1636084800000,1786132828461,2026-08-08T12:07:45.053966+00:00
1761040,Gear of Glass: Eolarn's war,2021-11-07,2021-11,steam_store_search,True,True,INTERSECTION,True,,v28568,r87543,Stekljannaja shesterjonka,complete,True,Gear of Glass: Eolarn's war,$14.99,False,https://store.steampowered.com/app/1761040/,https://vndb.org/v28568,842,FOUND,Gear of Glass: Eolarn's war,1636257600000,1786132828461,2026-08-08T12:07:45.053966+00:00
1423370,NOeSIS02_羽化,2021-11-08,2021-11,steam_store_search,True,True,INTERSECTION,True,,v11858,r74535,NOeSIS02 -Uka-,complete,True,NOeSIS02_羽化,Free,True,https://store.steampowered.com/app/1423370/,https://vndb.org/v11858,27622,FOUND,NOeSIS02_羽化,1635739200000,1786132828461,2026-08-08T12:07:45.053966+00:00
1811290,Paradise Beach Girls,2021-11-08,2021-11,steam_store_search,True,True,INTERSECTION,True,,v32733,r84467,Paradise Beach Girls,complete,True,Paradise Beach Girls,-60%,False,https://store.steampowered.com/app/1811290/,https://vndb.org/v32733,86,FOUND,Paradise Beach Girls,1636347600000,1786132828461,2026-08-08T12:07:45.053966+00:00
1787840,琴覆天下,2021-11-08,2021-11,steam_store_search,True,True,INTERSECTION,True,,v32728,r84456,Qin Fu Tianxia,complete,True,琴覆天下,$9.99,False,https://store.steampowered.com/app/1787840/,https://vndb.org/v32728,196,FOUND,琴覆天下,1636347600000,1786132828461,2026-08-08T12:07:45.053966+00:00
1444190,Death Becomes You - Mystery Visual Novel,2021-11-09,2021-11,steam_store_search,True,True,INTERSECTION,True,,v32069,r83987,Death Becomes You,complete,True,Death Becomes You - Mystery Visual Novel,$8.99,False,https://store.steampowered.com/app/1444190/,https://vndb.org/v32069,559,FOUND,Death Becomes You - Mystery Visual Novel,1636434000000,1786132828461,2026-08-08T12:07:45.053966+00:00
1613190,The Sin Collector: Repentless,2021-11-09,2021-11,steam_store_search,True,True,INTERSECTION,True,,v32735,r84469,Komornik: Nieskruszony,complete,True,The Sin Collector: Repentless,$14.99,False,https://store.steampowered.com/app/1613190/,https://vndb.org/v32735,2522,FOUND,The Sin Collector: Repentless,1636434000000,1786132828461,2026-08-08T12:07:45.053966+00:00
1783510,Bobok,2021-11-11,2021-11,steam_store_search,True,True,INTERSECTION,True,,v32744,r84531,Bobok,complete,True,Bobok,$4.99,False,https://store.steampowered.com/app/1783510/,https://vndb.org/v32744,3303,FOUND,Bobok,1636606800000,1786132828461,2026-08-08T12:07:45.053966+00:00
1111460,小白兔电商~Bunny e-Shop,2021-11-11,2021-11,steam_store_search,True,True,INTERSECTION,True,,v32747,r113496,Xiao Baitu Dianshang,complete,True,小白兔电商~Bunny e-Shop,$10.99,False,https://store.steampowered.com/app/1111460/,https://vndb.org/v32747,315162,FOUND,小白兔电商~Bunny e-Shop,1636606800000,1786132828461,2026-08-08T12:07:45.053966+00:00
1076610,Guardian of the future,2021-11-15,2021-11,steam_store_search,True,True,INTERSECTION,True,,v30343,r77680,Hranitel' Buduschego,complete,True,Guardian of the future,$9.99,False,https://store.steampowered.com/app/1076610/,https://vndb.org/v30343,1398,FOUND,Guardian of the future,1636952400000,1786132828461,2026-08-08T12:07:45.053966+00:00
1802700,I Told You So!,2021-11-15,2021-11,steam_store_search,True,True,INTERSECTION,True,,v24609,r84345,TARANORMAL,complete,True,I Told You So!,Free,True,https://store.steampowered.com/app/1802700/,https://vndb.org/v24609,3038,FOUND,I Told You So!,1636952400000,1786132828461,2026-08-08T12:07:45.053966+00:00
939400,LoveChoice,2021-11-15,2021-11,steam_store_search,True,True,INTERSECTION,True,,v24426,r59944,Jian Ai,complete,True,LoveChoice,$1.99,False,https://store.steampowered.com/app/939400/,https://vndb.org/v24426,2574840,FOUND,LoveChoice,1636952400000,1786132828461,2026-08-08T12:07:45.053966+00:00
1665210,Sakura Forest Girls 3,2021-11-15,2021-11,steam_store_search,True,True,INTERSECTION,True,,v32796,r84622,Sakura Forest Girls 3,complete,True,Sakura Forest Girls 3,$9.99,False,https://store.steampowered.com/app/1665210/,https://vndb.org/v32796,1464,FOUND,Sakura Forest Girls 3,1636952400000,1786132828461,2026-08-08T12:07:45.053966+00:00
1780520,The Vellescian Gambit,2021-11-15,2021-11,steam_store_search,True,True,INTERSECTION,True,,v32815,r84704,The Vellescian Gambit,complete,True,The Vellescian Gambit,$1.99,False,https://store.steampowered.com/app/1780520/,https://vndb.org/v32815,400,FOUND,The Vellescian Gambit,1636952400000,1786132828461,2026-08-08T12:07:45.053966+00:00
1655190,AIKAGI,2021-11-17,2021-11,steam_store_search,True,True,INTERSECTION,True,,v20232,r83937,Aikagi,complete,True,AIKAGI,$19.99,False,https://store.steampowered.com/app/1655190/,https://vndb.org/v20232,576,FOUND,AIKAGI,1637125200000,1786132828461,2026-08-08T12:07:45.053966+00:00
1174640,Arcadia Fallen,2021-11-17,2021-11,steam_store_search,True,True,INTERSECTION,True,,v26811,r98582,Arcadia Fallen,complete,True,Arcadia Fallen,$24.99,False,https://store.steampowered.com/app/1174640/,https://vndb.org/v26811,23632,FOUND,Arcadia Fallen,1637125200000,1786132828461,2026-08-08T12:07:45.053966+00:00
1805930,Pumpkin Eater,2021-11-17,2021-11,steam_store_search,True,True,INTERSECTION,True,,v32437,r83565;r85555;r87356,Pumpkin Eater,complete,True,Pumpkin Eater,$1.99,False,https://store.steampowered.com/app/1805930/,https://vndb.org/v32437,7995,FOUND,Pumpkin Eater,1637125200000,1786132828461,2026-08-08T12:07:45.053966+00:00
1644280,The Jewel of Monostructure,2021-11-17,2021-11,steam_store_search,True,True,INTERSECTION,True,,v32304,r83248,Sanator: Sokrovische Monostruktury,complete,True,The Jewel of Monostructure,$5.99,False,https://store.steampowered.com/app/1644280/,https://vndb.org/v32304,3869,FOUND,The Jewel of Monostructure,1637125200000,1786132828461,2026-08-08T12:07:45.053966+00:00
1501420,Novena Diabolos,2021-11-18,2021-11,steam_store_search,True,True,INTERSECTION,True,,v28384,r77512,Novena Diabolos,complete,True,Novena Diabolos,$15.99,False,https://store.steampowered.com/app/1501420/,https://vndb.org/v28384,1445,FOUND,Novena Diabolos,1637211600000,1786132828461,2026-08-08T12:07:45.053966+00:00
657060,Himegimi Detective,2021-11-24,2021-11,steam_store_search,True,True,INTERSECTION,True,,v21456,r54930,Himegimi wa Yuuga ni Suiri Suru,complete,True,Himegimi Detective,$9.99,False,https://store.steampowered.com/app/657060/,https://vndb.org/v21456,158,FOUND,Himegimi Detective,1637730000000,1786132828461,2026-08-08T12:07:45.053966+00:00
1787790,Kirakira Monstars,2021-11-24,2021-11,steam_store_search,True,True,INTERSECTION,True,,v24802,r84711,Kirakira Monstars,complete,True,Kirakira Monstars,$18.99,False,https://store.steampowered.com/app/1787790/,https://vndb.org/v24802,8956,FOUND,Kirakira Monstars,1637730000000,1786132828461,2026-08-08T12:07:45.053966+00:00
1807600,Fatal Paws,2021-11-26,2021-11,steam_store_search,True,True,INTERSECTION,True,,v46864,r112461,Fatal Paws,complete,True,Fatal Paws,Free,True,https://store.steampowered.com/app/1807600/,https://vndb.org/v46864,609,FOUND,Fatal Paws,1637902800000,1786132828461,2026-08-08T12:07:45.053966+00:00
1742880,ファントムゾーン クリプトファシア,2021-11-26,2021-11,steam_store_search,True,True,INTERSECTION,True,,v32872,r84901,Phantom Zone: Cryptophasia,complete,True,ファントムゾーン クリプトファシア,$12.99,False,https://store.steampowered.com/app/1742880/,https://vndb.org/v32872,30,FOUND,ファントムゾーン　クリプトファシア,1637902800000,1786132828461,2026-08-08T12:07:45.053966+00:00
1716480,Tied by your Red,2021-11-28,2021-11,steam_store_search,True,True,INTERSECTION,True,,v32885,r137636,Ji yu Ni de Hong Sidai,complete,True,Tied by your Red,$3.99,False,https://store.steampowered.com/app/1716480/,https://vndb.org/v32885,1870,FOUND,Tied by your Red,1638075600000,1786132828461,2026-08-08T12:07:45.053966+00:00
1025960,BURIED STARS,2021-11-29,2021-11,steam_store_search,True,True,INTERSECTION,True,,v28755,r84618,Buried Stars,complete,True,BURIED STARS,$39.99,False,https://store.steampowered.com/app/1025960/,https://vndb.org/v28755,125844,FOUND,BURIED STARS,1638162000000,1786132828461,2026-08-08T12:07:45.053966+00:00
1805810,Winter Dream,2021-12-01,2021-12,steam_store_search,True,True,INTERSECTION,True,,v31320,r80280,Winter Dream,complete,True,Winter Dream,$2.99,False,https://store.steampowered.com/app/1805810/,https://vndb.org/v31320,65,FOUND,Winter Dream,1638334800000,1786132828461,2026-08-08T12:07:45.053966+00:00
1806070,畢業生模擬器,2021-12-02,2021-12,steam_store_search,True,True,INTERSECTION,True,,v32931,r85037,Biye Sheng Moni Qi,complete,True,畢業生模擬器,$7.99,False,https://store.steampowered.com/app/1806070/,https://vndb.org/v32931,179,FOUND,畢業生模擬器,1638421200000,1786132828461,2026-08-08T12:07:45.053966+00:00
1803160,CARROT,2021-12-03,2021-12,steam_store_search,True,True,INTERSECTION,True,,v54458,r131280,CARROT,complete,True,CARROT,$4.99,False,https://store.steampowered.com/app/1803160/,https://vndb.org/v54458,1026,FOUND,CARROT,1638507600000,1786132828461,2026-08-08T12:07:45.053966+00:00
1822190,Momotype,2021-12-03,2021-12,steam_store_search,True,True,INTERSECTION,True,,v32933,r85042,Momotype,complete,True,Momotype,Free,True,https://store.steampowered.com/app/1822190/,https://vndb.org/v32933,29445,FOUND,Momotype,1638507600000,1786132828461,2026-08-08T12:07:45.053966+00:00
1779990,My Furry Detective 🐾,2021-12-03,2021-12,steam_store_search,True,True,INTERSECTION,True,,v32943,r135670,My Furry Detective 🐾,complete,True,My Furry Detective 🐾,$4.99,False,https://store.steampowered.com/app/1779990/,https://vndb.org/v32943,4622,FOUND,My Furry Detective 🐾,1638507600000,1786132828461,2026-08-08T12:07:45.053966+00:00
1820720,The Divine Deception,2021-12-03,2021-12,steam_store_search,True,True,INTERSECTION,True,,v32934,r85041,The Divine Deception,complete,True,The Divine Deception,$14.99,False,https://store.steampowered.com/app/1820720/,https://vndb.org/v32934,1362,FOUND,The Divine Deception,1638507600000,1786132828461,2026-08-08T12:07:45.053966+00:00
1743940,誰是犯案者 Who is the Criminal,2021-12-03,2021-12,steam_store_search,True,True,INTERSECTION,True,,v32932,r85039,Shui Shi Fan'an Zhe,complete,True,誰是犯案者 Who is the Criminal,$7.99,False,https://store.steampowered.com/app/1743940/,https://vndb.org/v32932,1406,FOUND,誰是犯案者 Who is the Criminal,1638507600000,1786132828461,2026-08-08T12:07:45.053966+00:00
1816270,Alone With You,2021-12-04,2021-12,steam_store_search,True,True,INTERSECTION,True,,v32944,r85097,Alone With You,complete,True,Alone With You,$2.99,False,https://store.steampowered.com/app/1816270/,https://vndb.org/v32944,532,FOUND,Alone With You,1638594000000,1786132828461,2026-08-08T12:07:45.053966+00:00
1377450,Knell of St. Godhrkar,2021-12-04,2021-12,steam_store_search,True,True,INTERSECTION,True,,v24484,r74982,Sheng Ge De Jia de Wan Zhong,complete,True,Knell of St. Godhrkar,Free,True,https://store.steampowered.com/app/1377450/,https://vndb.org/v24484,78164,FOUND,Knell of St. Godhrkar,1638594000000,1786132828461,2026-08-08T12:07:45.053966+00:00
1807410,Scriptur,2021-12-05,2021-12,steam_store_search,True,True,INTERSECTION,True,,v32960,r85122,Skrizhali,complete,True,Scriptur,Free,True,https://store.steampowered.com/app/1807410/,https://vndb.org/v32960,644,FOUND,Scriptur,1638680400000,1786132828461,2026-08-08T12:07:45.053966+00:00
1602190,Alma,2021-12-06,2021-12,steam_store_search,True,True,INTERSECTION,True,,v32970,r85154,Alma,complete,True,Alma,$1.99,False,https://store.steampowered.com/app/1602190/,https://vndb.org/v32970,60,FOUND,Alma,1638766800000,1786132828461,2026-08-08T12:07:45.053966+00:00
1611350,Sunny Cafe,2021-12-08,2021-12,steam_store_search,True,True,INTERSECTION,True,,v48113,r122918,Qingtian Kafeiguan,complete,True,Sunny Cafe,$12.99,False,https://store.steampowered.com/app/1611350/,https://vndb.org/v48113,1200,FOUND,Sunny Cafe,1638939600000,1786132828461,2026-08-08T12:07:45.053966+00:00
1819120,死亡编码-Death Code,2021-12-08,2021-12,steam_store_search,True,True,INTERSECTION,True,,v32834,r84813,Siwang Bianma,complete,True,死亡编码-Death Code,$2.99,False,https://store.steampowered.com/app/1819120/,https://vndb.org/v32834,348,FOUND,死亡编码-Death Code,1638939600000,1786132828461,2026-08-08T12:07:45.053966+00:00
1330100,The Wishing Stone,2021-12-09,2021-12,steam_store_search,True,True,INTERSECTION,True,,v30372,r77728;r77729,Xuyuan Shi,complete;trial,True,The Wishing Stone,$8.99,False,https://store.steampowered.com/app/1330100/,https://vndb.org/v30372,181,FOUND,The Wishing Stone,1639026000000,1786132828461,2026-08-08T12:07:45.053966+00:00
1624180,VOICE,2021-12-09,2021-12,steam_store_search,True,True,INTERSECTION,True,,v29001,r100934;r85293,Voice,complete,True,VOICE,$4.99,False,https://store.steampowered.com/app/1624180/,https://vndb.org/v29001,454,FOUND,VOICE,1639026000000,1786132828461,2026-08-08T12:07:45.053966+00:00
1832560,Late photographer,2021-12-10,2021-12,steam_store_search,True,True,INTERSECTION,True,,v32994,r85239,Chidao Sheying Shi,complete,True,Late photographer,Free,True,https://store.steampowered.com/app/1832560/,https://vndb.org/v32994,20394,FOUND,Late photographer,1639112400000,1786132828461,2026-08-08T12:07:45.053966+00:00
1578270,Love Notes,2021-12-13,2021-12,steam_store_search,True,True,INTERSECTION,True,,v33224,r85816,Love Notes,complete,True,Love Notes,-75%,False,https://store.steampowered.com/app/1578270/,https://vndb.org/v33224,250,FOUND,Love Notes,1639371600000,1786132828461,2026-08-08T12:07:45.053966+00:00
1776400,Shikkoku no Sharnoth,2021-12-14,2021-12,steam_store_search,True,True,INTERSECTION,True,,v1027,r85315,Shikkoku no Sharnoth ~What a beautiful tomorrow~,complete,True,Shikkoku no Sharnoth,$16.99,False,https://store.steampowered.com/app/1776400/,https://vndb.org/v1027,2002,FOUND,Shikkoku no Sharnoth,1639458000000,1786132828461,2026-08-08T12:07:45.053966+00:00
1712020,Too Many Santas!,2021-12-14,2021-12,steam_store_search,True,True,INTERSECTION,True,,v33022,r85314,Too Many Santas!,complete,True,Too Many Santas!,$6.99,False,https://store.steampowered.com/app/1712020/,https://vndb.org/v33022,288,FOUND,Too Many Santas!,1639458000000,1786132828461,2026-08-08T12:07:45.053966+00:00
1835810,Amelie,2021-12-15,2021-12,steam_store_search,True,True,INTERSECTION,True,,v32887,r87226,Amelie,complete,True,Amelie,$3.99,False,https://store.steampowered.com/app/1835810/,https://vndb.org/v32887,6639,FOUND,Amelie,1639544400000,1786132828461,2026-08-08T12:07:45.053966+00:00
1820740,Sucker for Love: Prelude,2021-12-15,2021-12,steam_store_search,True,True,INTERSECTION,True,,v30662,r85353,Sucker for Love,complete,True,Sucker for Love: Prelude,Free,True,https://store.steampowered.com/app/1820740/,https://vndb.org/v30662,37291,FOUND,Sucker for Love: Prelude,1639544400000,1786132828461,2026-08-08T12:07:45.053966+00:00
1833360,Triclinium,2021-12-15,2021-12,steam_store_search,True,True,INTERSECTION,True,,v32663,r84279,Triclinium,complete,True,Triclinium,$0.99,False,https://store.steampowered.com/app/1833360/,https://vndb.org/v32663,1714,FOUND,Triclinium,1639544400000,1786132828461,2026-08-08T12:07:45.053966+00:00
1610060,Echoes,2021-12-16,2021-12,steam_store_search,True,True,INTERSECTION,True,,v33035,r85372,Eho,complete,True,Echoes,$4.99,False,https://store.steampowered.com/app/1610060/,https://vndb.org/v33035,3388,FOUND,Echoes,1639630800000,1786132828461,2026-08-08T12:07:45.053966+00:00
1604000,Milk outside a bag of milk outside a bag of milk,2021-12-16,2021-12,steam_store_search,True,True,INTERSECTION,True,,v31160,r93630,Milk outside a bag of milk outside a bag of milk,complete,True,Milk outside a bag of milk outside a bag of milk,$8.99,False,https://store.steampowered.com/app/1604000/,https://vndb.org/v31160,523576,FOUND,Milk outside a bag of milk outside a bag of milk,1639630800000,1786132828461,2026-08-08T12:07:45.053966+00:00
1618180,ScreamCap,2021-12-16,2021-12,steam_store_search,True,True,INTERSECTION,True,,v34147,r87806,ScreamCap,complete,True,ScreamCap,$9.99,False,https://store.steampowered.com/app/1618180/,https://vndb.org/v34147,132,FOUND,ScreamCap,1639630800000,1786132828461,2026-08-08T12:07:45.053966+00:00
1814260,Cold Verdict,2021-12-17,2021-12,steam_store_search,True,True,INTERSECTION,True,,v33047,r85397,Cold Verdict,complete,True,Cold Verdict,$3.99,False,https://store.steampowered.com/app/1814260/,https://vndb.org/v33047,812,FOUND,Cold Verdict,1639717200000,1786132828461,2026-08-08T12:07:45.053966+00:00
1680000,Rewrite+,2021-12-17,2021-12,steam_store_search,True,True,INTERSECTION,True,,v751,r46419,Rewrite,complete,True,Rewrite+,$49.99,False,https://store.steampowered.com/app/1680000/,https://vndb.org/v751,27449,FOUND,Rewrite+,1639717200000,1786132828461,2026-08-08T12:07:45.053966+00:00
1752150,Slobbish Dragon Princess 2,2021-12-17,2021-12,steam_store_search,True,True,INTERSECTION,True,,v30649,r82238,DraPri Guu-ta-life 2,complete,True,Slobbish Dragon Princess 2,$14.99,False,https://store.steampowered.com/app/1752150/,https://vndb.org/v30649,2680,FOUND,Slobbish Dragon Princess 2,1639717200000,1786132828461,2026-08-08T12:07:45.053966+00:00
1668720,The Cloud Dream of the Nine,2021-12-20,2021-12,steam_store_search,True,True,INTERSECTION,True,,v14736,r84638,Guunmong - Eoneu Sonyeoui Sarang-iyagi,complete,True,The Cloud Dream of the Nine,$19.99,False,https://store.steampowered.com/app/1668720/,https://vndb.org/v14736,2392,FOUND,The Cloud Dream of the Nine,1639976400000,1786132828461,2026-08-08T12:07:45.053966+00:00
1835060,Christmas Celebration With Sakuya Izayoi,2021-12-21,2021-12,steam_store_search,True,True,INTERSECTION,True,,v32895,r123833,Christmas Celebration With Sakuya Izayoi,complete,True,Christmas Celebration With Sakuya Izayoi,$3.99,False,https://store.steampowered.com/app/1835060/,https://vndb.org/v32895,3666,FOUND,Christmas Celebration With Sakuya Izayoi,1640062800000,1786132828461,2026-08-08T12:07:45.053966+00:00
1830490,陌生人,2021-12-21,2021-12,steam_store_search,True,True,INTERSECTION,True,,v33123,r85558,Mosheng Ren,complete,True,陌生人,$1.99,False,https://store.steampowered.com/app/1830490/,https://vndb.org/v33123,202,FOUND,陌生人,1640062800000,1786132828461,2026-08-08T12:07:45.053966+00:00
1840430,로스팅 리포트: 대학 교수 살인사건,2021-12-22,2021-12,steam_store_search,True,True,INTERSECTION,True,,v33124,r85561,Roasting Report: Daehag Gyosu Sal-insageon,complete,True,로스팅 리포트: 대학 교수 살인사건,$2.99,False,https://store.steampowered.com/app/1840430/,https://vndb.org/v33124,336,FOUND,로스팅 리포트: 대학 교수 살인사건,1640149200000,1786132828461,2026-08-08T12:07:45.053966+00:00
1841220,The Devils - A Visual Novel Of WWII,2021-12-23,2021-12,steam_store_search,True,True,INTERSECTION,True,,v32751,r84550,The Devils - A Visual Novel Of WWII,complete,True,The Devils - A Visual Novel Of WWII,$1.99,False,https://store.steampowered.com/app/1841220/,https://vndb.org/v32751,30,FOUND,The Devils - A Visual Novel Of WWII,1640235600000,1786132828461,2026-08-08T12:07:45.053966+00:00
1806200,Scientifically Accurate Dinosaur Mating Simulator 2021,2021-12-24,2021-12,steam_store_search,True,True,INTERSECTION,True,,v33156,r85634,Scientifically Accurate Dinosaur Mating Simulator 2021,complete,True,Scientifically Accurate Dinosaur Mating Simulator 2021,$4.99,False,https://store.steampowered.com/app/1806200/,https://vndb.org/v33156,115,FOUND,Scientifically Accurate Dinosaur Mating Simulator 2021,1640322000000,1786132828461,2026-08-08T12:07:45.053966+00:00
1840120,Devil's Eyes,2021-12-28,2021-12,steam_store_search,True,True,INTERSECTION,True,,v33185,r85717,Devil's Eyes,complete,True,Devil's Eyes,$4.99,False,https://store.steampowered.com/app/1840120/,https://vndb.org/v33185,24,FOUND,Devil's Eyes,1640667600000,1786132828461,2026-08-08T12:07:45.053966+00:00
1801230,Cemetery Mary,2021-12-29,2021-12,steam_store_search,True,True,INTERSECTION,True,,v30758,r78820,Cemetery Mary,complete,True,Cemetery Mary,Free,True,https://store.steampowered.com/app/1801230/,https://vndb.org/v30758,14938,FOUND,Cemetery Mary,1640754000000,1786132828461,2026-08-08T12:07:45.053966+00:00
1804970,Crimson Waves on the Emerald Sea,2021-12-30,2021-12,steam_store_search,True,True,INTERSECTION,True,,v33208,r85768,Crimson Waves on the Emerald Sea,complete,True,Crimson Waves on the Emerald Sea,Free,True,https://store.steampowered.com/app/1804970/,https://vndb.org/v33208,4752,FOUND,Crimson Waves on the Emerald Sea,1640840400000,1786132828461,2026-08-08T12:07:45.053966+00:00
1844860,Into the Waves,2021-12-30,2021-12,steam_store_search,True,True,INTERSECTION,True,,v31970,r85223,Navstrechu volnam,complete,True,Into the Waves,Free,True,https://store.steampowered.com/app/1844860/,https://vndb.org/v31970,6552,FOUND,Into the Waves,1640840400000,1786132828461,2026-08-08T12:07:45.053966+00:00
1737070,风起长安：驭骨人,2021-12-30,2021-12,steam_store_search,True,True,INTERSECTION,True,,v31665,r83097,Feng Qi Chang'an: Yu Gu Ren,complete,True,风起长安：驭骨人,$13.99,False,https://store.steampowered.com/app/1737070/,https://vndb.org/v31665,7941,FOUND,风起长安：驭骨人,1640840400000,1786132828461,2026-08-08T12:07:45.053966+00:00
1796180,Peculiar Tales of Mid-Lake Pavilion,2021-12-31,2021-12,steam_store_search,True,True,INTERSECTION,True,,v33218,r85798,Hu Xin Ting Qitan Ji,complete,True,Peculiar Tales of Mid-Lake Pavilion,-20%,False,https://store.steampowered.com/app/1796180/,https://vndb.org/v33218,6080,FOUND,Peculiar Tales of Mid-Lake Pavilion,1640926800000,1786132828461,2026-08-08T12:07:45.053966+00:00
1839960,Dead End Aegis: Gaiden,2022-01-02,2022-01,steam_store_search,True,True,INTERSECTION,True,,v30647,r85841,Tsuki Kidou Kaisen ~Saisho no Tokushu Sengihei-tachi~,complete,True,Dead End Aegis: Gaiden,Free,True,https://store.steampowered.com/app/1839960/,https://vndb.org/v30647,3690,FOUND,Dead End Aegis: Gaiden,1641099600000,1786132828461,2026-08-08T12:07:45.053966+00:00
1725620,"Love, Death & Veggies",2022-01-06,2022-01,steam_store_search,True,True,INTERSECTION,True,,v33273;v58626;v58729;v58730;v58731;v58733,r85919,"Deadlock;Ljubov', smert' i ovoschi;NOKTJURN;Ovoschi;Pereulok mirov;Sogrevaja dyhaniem ejo ozjabshie ladoshki",complete,True,"Love, Death & Veggies",$5.99,False,https://store.steampowered.com/app/1725620/,https://vndb.org/v33273,2043,FOUND,"Love, Death & Veggies",1641445200000,1786132828461,2026-08-08T12:07:45.053966+00:00
1788780,VenusBlood HOLLOW International,2022-01-06,2022-01,steam_store_search,True,True,INTERSECTION,True,,v15641,r85930,VenusBlood -HYPNO-,complete,True,VenusBlood HOLLOW International,$44.99,False,https://store.steampowered.com/app/1788780/,https://vndb.org/v15641,8748,FOUND,VenusBlood HOLLOW International,1641445200000,1786132828461,2026-08-08T12:07:45.053966+00:00
1773460,Assassin at Crimson Keep,2022-01-07,2022-01,steam_store_search,True,True,INTERSECTION,True,,v33378,r86200,Assassin at Crimson Keep,complete,True,Assassin at Crimson Keep,$4.99,False,https://store.steampowered.com/app/1773460/,https://vndb.org/v33378,160,FOUND,Assassin at Crimson Keep,1641531600000,1786132828461,2026-08-08T12:07:45.053966+00:00
1840780,Love Accident,2022-01-07,2022-01,steam_store_search,True,True,INTERSECTION,True,,v33285,r85951,Miłosny Przypadek,complete,True,Love Accident,$4.99,False,https://store.steampowered.com/app/1840780/,https://vndb.org/v33285,177,FOUND,Love Accident,1641531600000,1786132828461,2026-08-08T12:07:45.053966+00:00
1835440,VOCÊ É UM DEFUNTO MECÂNICO,2022-01-09,2022-01,steam_store_search,True,True,INTERSECTION,True,,v33313,r86017,VOCÊ É UM DEFUNTO MECÂNICO,complete,True,VOCÊ É UM DEFUNTO MECÂNICO,Free,True,https://store.steampowered.com/app/1835440/,https://vndb.org/v33313,27878,FOUND,VOCÊ É UM DEFUNTO MECÂNICO,1641704400000,1786132828461,2026-08-08T12:07:45.053966+00:00
1592640,Sakura Alien,2022-01-10,2022-01,steam_store_search,True,True,INTERSECTION,True,,v33314,r86018,Sakura Alien,complete,True,Sakura Alien,$9.99,False,https://store.steampowered.com/app/1592640/,https://vndb.org/v33314,2930,FOUND,Sakura Alien,1641790800000,1786132828461,2026-08-08T12:07:45.053966+00:00
1841520,月影待蚀 / The Incomplete Lunar,2022-01-10,2022-01,steam_store_search,True,True,INTERSECTION,True,,v33338,r96949,Yueying Dai Shi,complete,True,月影待蚀 / The Incomplete Lunar,$13.99,False,https://store.steampowered.com/app/1841520/,https://vndb.org/v33338,700,FOUND,月影待蚀 / The Incomplete Lunar,1641013200000,1786132828461,2026-08-08T12:07:45.053966+00:00
1846800,Fruit Salad Theory,2022-01-11,2022-01,steam_store_search,True,True,INTERSECTION,True,,v33311,r86008,Fruit Salad Theory,complete,True,Fruit Salad Theory,$0.99,False,https://store.steampowered.com/app/1846800/,https://vndb.org/v33311,1,FOUND,Fruit Salad Theory,1641877200000,1786132828461,2026-08-08T12:07:45.053966+00:00
1828740,My Nemesis and Hero - Slice of Life Boys Love (BL) Visual Novel,2022-01-11,2022-01,steam_store_search,True,True,INTERSECTION,True,,v33339,r86054,My Nemesis and Hero,complete,True,My Nemesis and Hero - Slice of Life Boys Love (BL) Visual Novel,$4.99,False,https://store.steampowered.com/app/1828740/,https://vndb.org/v33339,1501,FOUND,My Nemesis and Hero - Slice of Life Boys Love (BL) Visual Novel,1641877200000,1786132828461,2026-08-08T12:07:45.053966+00:00
1563150,Cataplexy,2022-01-12,2022-01,steam_store_search,True,True,INTERSECTION,True,,v33356,r86099,Katapleksija Probuzhdenija,complete,True,Cataplexy,$1.99,False,https://store.steampowered.com/app/1563150/,https://vndb.org/v33356,2092,FOUND,Cataplexy,1641963600000,1786132828461,2026-08-08T12:07:45.053966+00:00
1151530,Synthetic Lover,2022-01-13,2022-01,steam_store_search,True,True,INTERSECTION,True,,v25819,r86175,Synthetic Lover,complete,True,Synthetic Lover,-90%,False,https://store.steampowered.com/app/1151530/,https://vndb.org/v25819,4719,FOUND,Synthetic Lover,1642050000000,1786132828461,2026-08-08T12:07:45.053966+00:00
1367960,百詰怪軼與金魚,2022-01-13,2022-01,steam_store_search,True,True,INTERSECTION,True,,v28873,r73467,Bai Jie Guai Yi Yu Jinyu,complete,True,百詰怪軼與金魚,$13.99,False,https://store.steampowered.com/app/1367960/,https://vndb.org/v28873,1065,FOUND,百詰怪軼與金魚,1642050000000,1786132828461,2026-08-08T12:07:45.053966+00:00
1805390,Follow the Black Kitten,2022-01-17,2022-01,steam_store_search,True,True,INTERSECTION,True,,v33427,r86306,Sleduj za chjornym kotikom,complete,True,Follow the Black Kitten,Free,True,https://store.steampowered.com/app/1805390/,https://vndb.org/v33427,5392,FOUND,Follow the Black Kitten,1642395600000,1786132828461,2026-08-08T12:07:45.053966+00:00
1826030,Dark Reflections - Shiori no Kotoha,2022-01-18,2022-01,steam_store_search,True,True,INTERSECTION,True,,v33278,r85940,Shiori no Kotoha - Dark Reflections -,complete,True,Dark Reflections - Shiori no Kotoha,-50%,False,https://store.steampowered.com/app/1826030/,https://vndb.org/v33278,195,FOUND,Dark Reflections - Shiori no Kotoha,1642482000000,1786132828461,2026-08-08T12:07:45.053966+00:00
1574270,Sucker for Love: First Date,2022-01-20,2022-01,steam_store_search,True,True,INTERSECTION,True,,v30662,r93676,Sucker for Love,complete,True,Sucker for Love: First Date,$9.99,False,https://store.steampowered.com/app/1574270/,https://vndb.org/v30662,73097,FOUND,Sucker for Love: First Date,1642654800000,1786132828461,2026-08-08T12:07:45.053966+00:00
984600,Trinoline Genesis,2022-01-20,2022-01,steam_store_search,True,True,INTERSECTION,True,,v21295,r86453,Trinoline: Genesis,complete,True,Trinoline Genesis,$29.99,False,https://store.steampowered.com/app/984600/,https://vndb.org/v21295,684,FOUND,Trinoline Genesis,1642654800000,1786132828461,2026-08-08T12:07:45.053966+00:00
1770830,Virtual Maid Streamer Ramie,2022-01-20,2022-01,steam_store_search,True,True,INTERSECTION,True,,v33005,r85280,Vtuber Maid Ramie,complete,True,Virtual Maid Streamer Ramie,$12.99,False,https://store.steampowered.com/app/1770830/,https://vndb.org/v33005,1607,FOUND,Virtual Maid Streamer Ramie,1642654800000,1786132828461,2026-08-08T12:07:45.053966+00:00
1751630,Hello Lady! - Complete Edition,2022-01-21,2022-01,steam_store_search,True,True,INTERSECTION,True,,v13631;v15892,r59177,Hello Lady!;Hello Lady! -New Division-,complete,True,Hello Lady! - Complete Edition,$29.99,False,https://store.steampowered.com/app/1751630/,https://vndb.org/v13631,7125,FOUND,Hello Lady! - Complete Edition,1642741200000,1786132828461,2026-08-08T12:07:45.053966+00:00
1814930,Kurokami-sama's Feast,2022-01-21,2022-01,steam_store_search,True,True,INTERSECTION,True,,v33177,r85695,Kurokami-sama no Bansan,complete,True,Kurokami-sama's Feast,$12.99,False,https://store.steampowered.com/app/1814930/,https://vndb.org/v33177,1082,FOUND,Kurokami-sama's Feast,1642741200000,1786132828461,2026-08-08T12:07:45.053966+00:00
1788840,Porcelana,2022-01-21,2022-01,steam_store_search,True,True,INTERSECTION,True,,v32965,r85199,Porcelana,complete,True,Porcelana,Free,True,https://store.steampowered.com/app/1788840/,https://vndb.org/v32965,2219,FOUND,Porcelana,1642741200000,1786132828461,2026-08-08T12:07:45.053966+00:00
1847900,Synchronizacja - Visual Novel,2022-01-21,2022-01,steam_store_search,True,True,INTERSECTION,True,,v33286,r85953,Synchronizacja,complete,True,Synchronizacja - Visual Novel,Free,True,https://store.steampowered.com/app/1847900/,https://vndb.org/v33286,1640,FOUND,Synchronizacja - Visual Novel,1642741200000,1786132828461,2026-08-08T12:07:45.053966+00:00
1768400,Archetype Arcadia,2022-01-23,2022-01,steam_store_search,True,True,INTERSECTION,True,,v31580,r113718;r85489,Archetype Arcadia,complete,True,Archetype Arcadia,$29.99,False,https://store.steampowered.com/app/1768400/,https://vndb.org/v31580,214,FOUND,Archetype Arcadia,1642914000000,1786132828461,2026-08-08T12:07:45.053966+00:00
1806130,我就是要红,2022-01-23,2022-01,steam_store_search,True,True,INTERSECTION,True,,v33254,r85875,Wo Jiushi Yao Hong,complete,True,我就是要红,$5.99,False,https://store.steampowered.com/app/1806130/,https://vndb.org/v33254,90,FOUND,我就是要红,1642914000000,1786132828461,2026-08-08T12:07:45.053966+00:00
1413980,The Demon Lord is New in Town!,2022-01-24,2022-01,steam_store_search,True,True,INTERSECTION,True,,v31566,r86611,Maou no Harem wa Boukenshamachi nite,complete,True,The Demon Lord is New in Town!,$24.99,False,https://store.steampowered.com/app/1413980/,https://vndb.org/v31566,7554,FOUND,The Demon Lord is New in Town!,1643000400000,1786132828461,2026-08-08T12:07:45.053966+00:00
1863520,Gekko Episode of Minato,2022-01-25,2022-01,steam_store_search,True,True,INTERSECTION,True,,v33606,r86650,Gekko no Sword Breaker - Minato Hen,complete,True,Gekko Episode of Minato,Free,True,https://store.steampowered.com/app/1863520/,https://vndb.org/v33606,662,FOUND,Gekko Episode of Minato,1643086800000,1786132828461,2026-08-08T12:07:45.053966+00:00
1846330,Nope Nope Nurses,2022-01-25,2022-01,steam_store_search,True,True,INTERSECTION,True,,v30235,r85916,Sakusei Byoutou ~Seikaku Saiaku no Nurse Shika Inai Byouin de Shasei Kanri Seikatsu~,complete,True,Nope Nope Nurses,$19.99,False,https://store.steampowered.com/app/1846330/,https://vndb.org/v30235,38185,FOUND,Nope Nope Nurses,1643086800000,1786132828461,2026-08-08T12:07:45.053966+00:00
1720470,The VII Enigma,2022-01-25,2022-01,steam_store_search,True,True,INTERSECTION,True,,v32062,r82461,The VII Enigma,complete,True,The VII Enigma,-70%,False,https://store.steampowered.com/app/1720470/,https://vndb.org/v32062,277,FOUND,The VII Enigma,1643086800000,1786132828461,2026-08-08T12:07:45.053966+00:00
942370,Offside,2022-01-26,2022-01,steam_store_search,True,True,INTERSECTION,True,,v24266,r59539,Offside,complete,True,Offside,$3.99,False,https://store.steampowered.com/app/942370/,https://vndb.org/v24266,267,FOUND,Offside,1643173200000,1786132828461,2026-08-08T12:07:45.053966+00:00
1799190,120 Yen Stories,2022-01-27,2022-01,steam_store_search,True,True,INTERSECTION,True,,v2585,r85157,120 En no Haru,complete,True,120 Yen Stories,$19.99,False,https://store.steampowered.com/app/1799190/,https://vndb.org/v2585,1546,FOUND,120 Yen Stories,1643259600000,1786132828461,2026-08-08T12:07:45.053966+00:00
1827680,枝江畔之梦,2022-01-27,2022-01,steam_store_search,True,True,INTERSECTION,True,,v33237,r85853,Zhi Jiang Pan zhi Meng,complete,True,枝江畔之梦,Free,True,https://store.steampowered.com/app/1827680/,https://vndb.org/v33237,101588,FOUND,枝江畔之梦,1643259600000,1786132828461,2026-08-08T12:07:45.053966+00:00
1864090,Difficulty,2022-01-28,2022-01,steam_store_search,True,True,INTERSECTION,True,,v33765,r86887,Difficulty,complete,True,Difficulty,$0.99,False,https://store.steampowered.com/app/1864090/,https://vndb.org/v33765,15,FOUND,Difficulty,1643346000000,1786132828461,2026-08-08T12:07:45.053966+00:00
1870580,Winter With You,2022-01-30,2022-01,steam_store_search,True,True,INTERSECTION,True,,v33803,r86956,Winter With You,complete,True,Winter With You,$3.99,False,https://store.steampowered.com/app/1870580/,https://vndb.org/v33803,439,FOUND,Winter With You,1643518800000,1786132828461,2026-08-08T12:07:45.053966+00:00
1865680,瓔珞事件簿之誰殺了愛情,2022-01-30,2022-01,steam_store_search,True,True,INTERSECTION,True,,v33804,r86957,Yingluo Shijian Bu zhi Shui Shale Aiqing,complete,True,瓔珞事件簿之誰殺了愛情,$4.99,False,https://store.steampowered.com/app/1865680/,https://vndb.org/v33804,1977,FOUND,瓔珞事件簿之誰殺了愛情,1643518800000,1786132828461,2026-08-08T12:07:45.053966+00:00
1811920,Planetkillerz: death of a world in five acts.,2022-01-31,2022-01,steam_store_search,True,True,INTERSECTION,True,,v33805,r86958,Planetkillerz: death of a world in five acts.,complete,True,Planetkillerz: death of a world in five acts.,$9.99,False,https://store.steampowered.com/app/1811920/,https://vndb.org/v33805,1,FOUND,Planetkillerz: death of a world in five acts.,1643605200000,1786132828461,2026-08-08T12:07:45.053966+00:00
1813550,ARTISAN,2022-02-03,2022-02,steam_store_search,True,True,INTERSECTION,True,,v33492,r86452,ARTISAN,complete,True,ARTISAN,$9.99,False,https://store.steampowered.com/app/1813550/,https://vndb.org/v33492,221,FOUND,ARTISAN,1643864400000,1786132828461,2026-08-08T12:07:45.053966+00:00
1371880,Solar Echoes: The Star Legation,2022-02-03,2022-02,steam_store_search,True,True,INTERSECTION,True,,v33220,r85804,Solar Echoes: The Star Legation,complete,True,Solar Echoes: The Star Legation,$14.99,False,https://store.steampowered.com/app/1371880/,https://vndb.org/v33220,191,FOUND,Solar Echoes: The Star Legation,1643864400000,1786132828461,2026-08-08T12:07:45.053966+00:00
1875980,A Tale About Flowers,2022-02-04,2022-02,steam_store_search,True,True,INTERSECTION,True,,v33490,r86448,A Tale About Flowers,complete,True,A Tale About Flowers,Free,True,https://store.steampowered.com/app/1875980/,https://vndb.org/v33490,1071,FOUND,A Tale About Flowers,1643950800000,1786132828461,2026-08-08T12:07:45.053966+00:00
1871790,Bad Faith,2022-02-04,2022-02,steam_store_search,True,True,INTERSECTION,True,,v32133,r85744,Bad Faith,complete,True,Bad Faith,$9.99,False,https://store.steampowered.com/app/1871790/,https://vndb.org/v32133,1712,FOUND,Bad Faith,1643950800000,1786132828461,2026-08-08T12:07:45.053966+00:00
1854980,Madohi Shiroki no Kamikakushi,2022-02-04,2022-02,steam_store_search,True,True,INTERSECTION,True,,v29921,r79970,Madohi Shiroki no Kamikakushi,complete,True,Madohi Shiroki no Kamikakushi,$29.99,False,https://store.steampowered.com/app/1854980/,https://vndb.org/v29921,6928,FOUND,Madohi Shiroki no Kamikakushi,1643950800000,1786132828461,2026-08-08T12:07:45.053966+00:00
1874810,秋恋物语 Autumn Romance,2022-02-04,2022-02,steam_store_search,True,True,INTERSECTION,True,,v33860,r87077,Qiu Lian Wuyu - Autumn Romance,complete,True,秋恋物语 Autumn Romance,Free,True,https://store.steampowered.com/app/1874810/,https://vndb.org/v33860,4851,FOUND,秋恋物语 Autumn Romance,1643950800000,1786132828461,2026-08-08T12:07:45.053966+00:00
1877580,Panicked and Surrounded by Hot Vampires,2022-02-08,2022-02,steam_store_search,True,True,INTERSECTION,True,,v33414,r86274,Panicked and Surrounded by Hot Vampires,complete,True,Panicked and Surrounded by Hot Vampires,Free,True,https://store.steampowered.com/app/1877580/,https://vndb.org/v33414,1139,FOUND,Panicked and Surrounded by Hot Vampires,1644296400000,1786132828461,2026-08-08T12:07:45.053966+00:00
1689730,20b,2022-02-09,2022-02,steam_store_search,True,True,INTERSECTION,True,,v33915,r87206,20b,complete,True,20b,Free,True,https://store.steampowered.com/app/1689730/,https://vndb.org/v33915,13448,FOUND,20b,1644382800000,1786132828461,2026-08-08T12:07:45.053966+00:00
1607200,Cyanotype Daydream -The Girl Who Dreamed the World-,2022-02-09,2022-02,steam_store_search,True,True,INTERSECTION,True,,v26987,r78772,Hakuchuumu no Aojashin,complete,True,Cyanotype Daydream -The Girl Who Dreamed the World-,$39.99,False,https://store.steampowered.com/app/1607200/,https://vndb.org/v26987,21504,FOUND,Cyanotype Daydream -The Girl Who Dreamed the World-,1644382800000,1786132828461,2026-08-08T12:07:45.053966+00:00
1600470,The Evolving World: Catalyst Wake,2022-02-10,2022-02,steam_store_search,True,True,INTERSECTION,True,,v33325,r86037,The Evolving World: Catalyst Wake,complete,True,The Evolving World: Catalyst Wake,$6.99,False,https://store.steampowered.com/app/1600470/,https://vndb.org/v33325,378,FOUND,The Evolving World: Catalyst Wake,1644469200000,1786132828461,2026-08-08T12:07:45.053966+00:00
1141600,Every Day's Different,2022-02-11,2022-02,steam_store_search,True,True,INTERSECTION,True,,v25546,r71943,Every Day's Different,complete,True,Every Day's Different,$9.99,False,https://store.steampowered.com/app/1141600/,https://vndb.org/v25546,525,FOUND,Every Day's Different,1644555600000,1786132828461,2026-08-08T12:07:45.053966+00:00
1881950,Reimei no Gakuen - Otome/Visual Novel,2022-02-11,2022-02,steam_store_search,True,True,INTERSECTION,True,,v23854,r86839,Reimei no Gakuen,complete,True,Reimei no Gakuen - Otome/Visual Novel,$24.99,False,https://store.steampowered.com/app/1881950/,https://vndb.org/v23854,591,FOUND,Reimei no Gakuen - Otome/Visual Novel,1644555600000,1786132828461,2026-08-08T12:07:45.053966+00:00
1829650,Sekai to Sekai no Mannaka de,2022-02-11,2022-02,steam_store_search,True,True,INTERSECTION,True,,v13224,r65411,Sekai to Sekai no Mannaka de,complete,True,Sekai to Sekai no Mannaka de,$29.99,False,https://store.steampowered.com/app/1829650/,https://vndb.org/v13224,4490,FOUND,Sekai to Sekai no Mannaka de,1644555600000,1786132828461,2026-08-08T12:07:45.053966+00:00
1889000,To Make a Game,2022-02-12,2022-02,steam_store_search,True,True,INTERSECTION,True,,v33946,r87318,To Make a Game,complete,True,To Make a Game,$0.99,False,https://store.steampowered.com/app/1889000/,https://vndb.org/v33946,2515,FOUND,To Make a Game,1644642000000,1786132828461,2026-08-08T12:07:45.053966+00:00
1578330,Doki Doki Ragnarok,2022-02-13,2022-02,steam_store_search,True,True,INTERSECTION,True,,v30418,r78757,Doki Doki Ragnarok,complete,True,Doki Doki Ragnarok,$9.99,False,https://store.steampowered.com/app/1578330/,https://vndb.org/v30418,523,FOUND,Doki Doki Ragnarok,1644728400000,1786132828461,2026-08-08T12:07:45.053966+00:00
1834820,First Bite,2022-02-13,2022-02,steam_store_search,True,True,INTERSECTION,True,,v32804,r84668,First Bite,complete,True,First Bite,$9.99,False,https://store.steampowered.com/app/1834820/,https://vndb.org/v32804,10430,FOUND,First Bite,1644728400000,1786132828461,2026-08-08T12:07:45.053966+00:00
1801640,精神病大王花 Flowering Abyss,2022-02-13,2022-02,steam_store_search,True,True,INTERSECTION,True,,v30423,r85905,Menherafflesia: Flowering Abyss,complete,True,精神病大王花 Flowering Abyss,$7.99,False,https://store.steampowered.com/app/1801640/,https://vndb.org/v30423,5168,FOUND,精神病大王花 Flowering Abyss,1644728400000,1786132828461,2026-08-08T12:07:45.053966+00:00
1035990,Dialtown: Phone Dating Sim,2022-02-14,2022-02,steam_store_search,True,True,INTERSECTION,True,,v30546,r78194,Dialtown: Phone Dating Sim,complete,True,Dialtown: Phone Dating Sim,$7.99,False,https://store.steampowered.com/app/1035990/,https://vndb.org/v30546,26035,FOUND,Dialtown: Phone Dating Sim,1644814800000,1786132828461,2026-08-08T12:07:45.053966+00:00
1399240,Yotsume God -Reunion-,2022-02-15,2022-02,steam_store_search,True,True,INTERSECTION,True,,v26812,r86938,Yotsumegami,complete,True,Yotsume God -Reunion-,$29.99,False,https://store.steampowered.com/app/1399240/,https://vndb.org/v26812,7622,FOUND,Yotsume God -Reunion-,1644901200000,1786132828461,2026-08-08T12:07:45.053966+00:00
1807460,Crown Delights Deli,2022-02-16,2022-02,steam_store_search,True,True,INTERSECTION,True,,v34174,r87898,Crown Delights Deli,complete,True,Crown Delights Deli,Free,True,https://store.steampowered.com/app/1807460/,https://vndb.org/v34174,8118,FOUND,Crown Delights Deli,1644987600000,1786132828461,2026-08-08T12:07:45.053966+00:00
1562870,Mind Rite,2022-02-19,2022-02,steam_store_search,True,True,INTERSECTION,True,,v30730,r78737,Mind Rite,complete,True,Mind Rite,$6.99,False,https://store.steampowered.com/app/1562870/,https://vndb.org/v30730,1421,FOUND,Mind Rite,1645246800000,1786132828461,2026-08-08T12:07:45.053966+00:00
1851060,Mysteria of the World: The forest of Death,2022-02-19,2022-02,steam_store_search,True,True,INTERSECTION,True,,v34015,r87544,Tajny mira: Mertvyj Les,complete,True,Mysteria of the World: The forest of Death,$5.99,False,https://store.steampowered.com/app/1851060/,https://vndb.org/v34015,358,FOUND,Mysteria of the World: The forest of Death,1645246800000,1786132828461,2026-08-08T12:07:45.053966+00:00
1876690,One day after the snow and wind,2022-02-20,2022-02,steam_store_search,True,True,INTERSECTION,True,,v35697,r157285,Zhishi Mouyi Fengxue Guohou de Richang,complete,True,One day after the snow and wind,$0.99,False,https://store.steampowered.com/app/1876690/,https://vndb.org/v35697,162,FOUND,One day after the snow and wind,1645333200000,1786132828461,2026-08-08T12:07:45.053966+00:00
1152200,Furry Shakespeare: Love's Lizards Lost,2022-02-21,2022-02,steam_store_search,True,True,INTERSECTION,True,,v34048,r87631,Furry Shakespeare: Love's Lizards Lost,complete,True,Furry Shakespeare: Love's Lizards Lost,$4.99,False,https://store.steampowered.com/app/1152200/,https://vndb.org/v34048,1,FOUND,Furry Shakespeare: Love's Lizards Lost,1645419600000,1786132828461,2026-08-08T12:07:45.053966+00:00
1780370,Mr. Rainer's Solve-It Service,2022-02-21,2022-02,steam_store_search,True,True,INTERSECTION,True,,v47074,r113051,Mr. Rainer's Solve-It Service,complete,True,Mr. Rainer's Solve-It Service,$5.99,False,https://store.steampowered.com/app/1780370/,https://vndb.org/v47074,6730,FOUND,Mr. Rainer's Solve-It Service,1645419600000,1786132828461,2026-08-08T12:07:45.053966+00:00
1811490,Rouge Patrol,2022-02-21,2022-02,vndb_steam_release,True,True,INTERSECTION,True,,v34277,r88259;r88260,Rouge Patrol,complete;trial,True,Rouge Patrol,,False,https://store.steampowered.com/app/1811490/,https://vndb.org/v34277,,NOT_FOUND,,,,2026-08-08T12:07:45.053966+00:00
1899010,The Sych story: Human Being,2022-02-23,2022-02,steam_store_search,True,True,INTERSECTION,True,,v34075,r87685,The Sych story: Human Being,complete,True,The Sych story: Human Being,Free,True,https://store.steampowered.com/app/1899010/,https://vndb.org/v34075,2700,FOUND,The Sych story: Human Being,1645592400000,1786132828461,2026-08-08T12:07:45.053966+00:00
1869980,Grisaia Phantom Trigger Vol.8,2022-02-24,2022-02,steam_store_search,True,True,INTERSECTION,True,,v32919,r90045,Grisaia: Phantom Trigger Vol. 8,complete,True,Grisaia Phantom Trigger Vol.8,$29.99,False,https://store.steampowered.com/app/1869980/,https://vndb.org/v32919,2691,FOUND,Grisaia Phantom Trigger Vol.8,1645678800000,1786132828461,2026-08-08T12:07:45.053966+00:00
1344120,Bistro Days,2022-02-25,2022-02,steam_store_search,True,True,INTERSECTION,True,,v29152,r82713,Bistro Days,complete,True,Bistro Days,$11.99,False,https://store.steampowered.com/app/1344120/,https://vndb.org/v29152,459,FOUND,Bistro Days,1645765200000,1786132828461,2026-08-08T12:07:45.053966+00:00
1883990,The Hepatica Spring,2022-02-27,2022-02,steam_store_search,True,True,INTERSECTION,True,,v33546,r86570,The Hepatica Spring,complete,True,The Hepatica Spring,Free,True,https://store.steampowered.com/app/1883990/,https://vndb.org/v33546,1224,FOUND,The Hepatica Spring,1645938000000,1786132828461,2026-08-08T12:07:45.053966+00:00
1812340,Enigmarella,2022-02-28,2022-02,steam_store_search,True,True,INTERSECTION,True,,v32986,r85221,Enigmarella,complete,True,Enigmarella,$24.99,False,https://store.steampowered.com/app/1812340/,https://vndb.org/v32986,456,FOUND,Enigmarella,1646024400000,1786132828461,2026-08-08T12:07:45.053966+00:00
1724160,Heart & Soul,2022-02-28,2022-02,steam_store_search,True,True,INTERSECTION,True,,v33171,r85684,Heart & Soul,complete,True,Heart & Soul,$7.99,False,https://store.steampowered.com/app/1724160/,https://vndb.org/v33171,497,FOUND,Heart & Soul,1646024400000,1786132828461,2026-08-08T12:07:45.053966+00:00
1740850,角斗士学院（Gladiator School）,2022-02-28,2022-02,steam_store_search,True,True,INTERSECTION,True,,v34159,r87869,Jue Doushi Xueyuan,complete,True,角斗士学院（Gladiator School）,$5.99,False,https://store.steampowered.com/app/1740850/,https://vndb.org/v34159,6893,FOUND,角斗士学院（Gladiator School）,1646024400000,1786132828461,2026-08-08T12:07:45.053966+00:00
1743080,Night Cascades,2022-03-01,2022-03,steam_store_search,True,True,INTERSECTION,True,,v31149,r79873,Night Cascades,complete,True,Night Cascades,$9.99,False,https://store.steampowered.com/app/1743080/,https://vndb.org/v31149,2254,FOUND,Night Cascades,1646110800000,1786132828461,2026-08-08T12:07:45.053966+00:00
1899620,Outdoor Adventures With Marisa Kirisame,2022-03-01,2022-03,steam_store_search,True,True,INTERSECTION,True,,v33922,r123834,Outdoor Adventures With Marisa Kirisame,complete,True,Outdoor Adventures With Marisa Kirisame,$4.99,False,https://store.steampowered.com/app/1899620/,https://vndb.org/v33922,2149,FOUND,Outdoor Adventures With Marisa Kirisame,1646110800000,1786132828461,2026-08-08T12:07:45.053966+00:00
1903370,daydream 白日夢,2022-03-01,2022-03,steam_store_search,True,True,INTERSECTION,True,,v34176,r87902,daydream - Bairimeng,complete,True,daydream 白日夢,Free,True,https://store.steampowered.com/app/1903370/,https://vndb.org/v34176,66500,FOUND,daydream 白日夢,1646110800000,1786132828461,2026-08-08T12:07:45.053966+00:00
1674240,Deliver Us From Evil (DUFE),2022-03-02,2022-03,steam_store_search,True,True,INTERSECTION,True,,v31467,r80847,Deliver Us From Evil,complete,True,Deliver Us From Evil (DUFE),Free,True,https://store.steampowered.com/app/1674240/,https://vndb.org/v31467,5888,FOUND,Deliver Us From Evil (DUFE),1646197200000,1786132828461,2026-08-08T12:07:45.053966+00:00
1796640,Homunculus Hotel,2022-03-03,2022-03,steam_store_search,True,True,INTERSECTION,True,,v32712,r84408,Homunculus Hotel,complete,True,Homunculus Hotel,$4.99,False,https://store.steampowered.com/app/1796640/,https://vndb.org/v32712,200,FOUND,Homunculus Hotel,1646283600000,1786132828461,2026-08-08T12:07:45.053966+00:00
1827940,Last Lovers 绿洲之爱,2022-03-03,2022-03,steam_store_search,True,True,INTERSECTION,True,,v34194,r87949,Lvzhou Zhi Ai,complete,True,Last Lovers 绿洲之爱,$8.99,False,https://store.steampowered.com/app/1827940/,https://vndb.org/v34194,3281,FOUND,Last Lovers 绿洲之爱,1646283600000,1786132828461,2026-08-08T12:07:45.053966+00:00
1895240,Love on Beach,2022-03-03,2022-03,steam_store_search,True,True,INTERSECTION,True,,v33874,r87115,Miłosna Plaża,complete,True,Love on Beach,$4.99,False,https://store.steampowered.com/app/1895240/,https://vndb.org/v33874,250,FOUND,Love on Beach,1646283600000,1786132828461,2026-08-08T12:07:45.053966+00:00
1815000,Dungeon Alone,2022-03-04,2022-03,steam_store_search,True,True,INTERSECTION,True,,v35700,r90932,Along Yu Dixiacheng,complete,True,Dungeon Alone,$2.99,False,https://store.steampowered.com/app/1815000/,https://vndb.org/v35700,832,FOUND,Dungeon Alone,1646370000000,1786132828461,2026-08-08T12:07:45.053966+00:00
1815750,How to Take Off Your Mask Remastered,2022-03-04,2022-03,steam_store_search,True,True,INTERSECTION,True,,v16788,r122761,Anata no Kamen no Hazushikata,complete,True,How to Take Off Your Mask Remastered,$14.99,False,https://store.steampowered.com/app/1815750/,https://vndb.org/v16788,306,FOUND,How to Take Off Your Mask Remastered,1646370000000,1786132828461,2026-08-08T12:07:45.053966+00:00
1772810,Tails and Pines,2022-03-04,2022-03,steam_store_search,True,True,INTERSECTION,True,,v34214,r88006,Tails and Pines,complete,True,Tails and Pines,$0.99,False,https://store.steampowered.com/app/1772810/,https://vndb.org/v34214,2030,FOUND,Tails and Pines,1646370000000,1786132828461,2026-08-08T12:07:45.053966+00:00
1916660,WTC : Recruitment Day,2022-03-07,2022-03,steam_store_search,True,True,INTERSECTION,True,,v33923,r87232,WTC : Recruitment Day,complete,True,WTC : Recruitment Day,$0.99,False,https://store.steampowered.com/app/1916660/,https://vndb.org/v33923,120,FOUND,WTC : Recruitment Day,1646629200000,1786132828461,2026-08-08T12:07:45.053966+00:00
1898670,All the Words She Wrote,2022-03-08,2022-03,steam_store_search,True,True,INTERSECTION,True,,v33896,r87165,All the Words She Wrote,complete,True,All the Words She Wrote,$12.99,False,https://store.steampowered.com/app/1898670/,https://vndb.org/v33896,1473,FOUND,All the Words She Wrote,1646715600000,1786132828461,2026-08-08T12:07:45.053966+00:00
1817250,Ghostwire: Tokyo - Prelude,2022-03-08,2022-03,steam_store_search,True,True,INTERSECTION,True,,v34160,r87908,Ghostwire: Tokyo – Prelude,complete,True,Ghostwire: Tokyo - Prelude,Free,True,https://store.steampowered.com/app/1817250/,https://vndb.org/v34160,94078,FOUND,Ghostwire: Tokyo - Prelude,1646715600000,1786132828461,2026-08-08T12:07:45.053966+00:00
987480,花落冬陽 Snowdreams -lost in winter-,2022-03-09,2022-03,steam_store_search,True,True,INTERSECTION,True,,v20625,r79561,Hua Luo Dong Yang Snowdreams -lost in winter-,complete,True,花落冬陽 Snowdreams -lost in winter-,$17.99,False,https://store.steampowered.com/app/987480/,https://vndb.org/v20625,3484,FOUND,花落冬陽 Snowdreams -lost in winter-,1646802000000,1786132828461,2026-08-08T12:07:45.053966+00:00
1907170,Adventure in My Head,2022-03-10,2022-03,steam_store_search,True,True,INTERSECTION,True,,v34289,r88179,Adventure in My Head,complete,True,Adventure in My Head,Free,True,https://store.steampowered.com/app/1907170/,https://vndb.org/v34289,30071,FOUND,Adventure in My Head,1646888400000,1786132828461,2026-08-08T12:07:45.053966+00:00
1224840,Frozen Memories,2022-03-11,2022-03,steam_store_search,True,True,INTERSECTION,True,,v34310,r88213,Xu Yi Dingge,complete,True,Frozen Memories,$2.99,False,https://store.steampowered.com/app/1224840/,https://vndb.org/v34310,2242,FOUND,Frozen Memories,1646974800000,1786132828461,2026-08-08T12:07:45.053966+00:00
1879190,Meet Cute: Cafe 🐾,2022-03-12,2022-03,steam_store_search,True,True,INTERSECTION,True,,v33503,r86478,Meet Cute: Cafe 🐾,complete,True,Meet Cute: Cafe 🐾,$0.99,False,https://store.steampowered.com/app/1879190/,https://vndb.org/v33503,3434,FOUND,Meet Cute: Cafe 🐾,1647061200000,1786132828461,2026-08-08T12:07:45.053966+00:00
1904220,我死后的那些天-After Death,2022-03-13,2022-03,steam_store_search,True,True,INTERSECTION,True,,v34039,r87611,Wo S Hou di Naxie Tian,complete,True,我死后的那些天-After Death,$12.99,False,https://store.steampowered.com/app/1904220/,https://vndb.org/v34039,101,FOUND,我死后的那些天-After Death,1647147600000,1786132828461,2026-08-08T12:07:45.053966+00:00
1921200,A List Of People Who Went Missing In The Scheleirland National Forest,2022-03-14,2022-03,steam_store_search,True,True,INTERSECTION,True,,v34373,r88322,A List Of People Who Went Missing In The Scheleirland National Forest,complete,True,A List Of People Who Went Missing In The Scheleirland National Forest,$5.99,False,https://store.steampowered.com/app/1921200/,https://vndb.org/v34373,175,FOUND,A List Of People Who Went Missing In The Scheleirland National Forest,1647230400000,1786132828461,2026-08-08T12:07:45.053966+00:00
1465640,Dead Man's Rest,2022-03-14,2022-03,steam_store_search,True,True,INTERSECTION,True,,v28471,r71856,Dead Man's Rest,complete,True,Dead Man's Rest,$11.99,False,https://store.steampowered.com/app/1465640/,https://vndb.org/v28471,1320,FOUND,Dead Man's Rest,1647230400000,1786132828461,2026-08-08T12:07:45.053966+00:00
1887250,Sand Castle,2022-03-14,2022-03,steam_store_search,True,True,INTERSECTION,True,,v34372,r88321,Zamok iz Peska,complete,True,Sand Castle,$1.99,False,https://store.steampowered.com/app/1887250/,https://vndb.org/v34372,2781,FOUND,Sand Castle,1647230400000,1786132828461,2026-08-08T12:07:45.053966+00:00
1602010,Persona 4 Arena Ultimax,2022-03-16,2022-03,steam_store_search,True,True,INTERSECTION,True,,v19951;v20164,r85214,Persona 4: The Ultimate in Mayonaka Arena;Persona 4: The Ultimax Ultra Suplex Hold,complete;partial,True,Persona 4 Arena Ultimax,$29.99,False,https://store.steampowered.com/app/1602010/,https://vndb.org/v19951,411865,FOUND,Persona 4 Arena Ultimax,1647403200000,1786132828461,2026-08-08T12:07:45.053966+00:00
1890120,9-nine-:NewEpisode,2022-03-18,2022-03,steam_store_search,True,True,INTERSECTION,True,,v29724,r87961,9-nine- Shinshou,complete,True,9-nine-:NewEpisode,$9.99,False,https://store.steampowered.com/app/1890120/,https://vndb.org/v29724,21006,FOUND,9-nine-:NewEpisode,1647576000000,1786132828461,2026-08-08T12:07:45.053966+00:00
1815970,A Clockwork Ley-Line: Daybreak of Remnants Shadow,2022-03-18,2022-03,steam_store_search,True,True,INTERSECTION,True,,v11093,r50473,Tokeijikake no Ley Line -Zan'ei no Yoru ga Akeru Toki-,complete,True,A Clockwork Ley-Line: Daybreak of Remnants Shadow,$24.99,False,https://store.steampowered.com/app/1815970/,https://vndb.org/v11093,606,FOUND,A Clockwork Ley-Line: Daybreak of Remnants Shadow,1647576000000,1786132828461,2026-08-08T12:07:45.053966+00:00
1861490,My Furry Teacher 🐾,2022-03-19,2022-03,steam_store_search,True,True,INTERSECTION,True,,v34433,r135671,My Furry Teacher 🐾,complete,True,My Furry Teacher 🐾,$4.99,False,https://store.steampowered.com/app/1861490/,https://vndb.org/v34433,3019,FOUND,My Furry Teacher 🐾,1647662400000,1786132828461,2026-08-08T12:07:45.053966+00:00
1865280,Novalie,2022-03-19,2022-03,steam_store_search,True,True,INTERSECTION,True,,v34016,r87545,Novalie,complete,True,Novalie,$3.99,False,https://store.steampowered.com/app/1865280/,https://vndb.org/v34016,342,FOUND,Novalie,1647662400000,1786132828461,2026-08-08T12:07:45.053966+00:00
1616280,Chronicles of Taldun: The Remainder,2022-03-23,2022-03,steam_store_search,True,True,INTERSECTION,True,,v30194,r129242;r79511,Chronicles of Tal'Dun: The Remainder,complete,True,Chronicles of Taldun: The Remainder,$27.99,False,https://store.steampowered.com/app/1616280/,https://vndb.org/v30194,3181,FOUND,Chronicles of Taldun: The Remainder,1648008000000,1786132828461,2026-08-08T12:07:45.053966+00:00
1732310,Her Jentle Hi-ness,2022-03-24,2022-03,steam_store_search,True,True,INTERSECTION,True,,v34528,r88624,Her Jentle Hi-ness,complete,True,Her Jentle Hi-ness,$14.99,False,https://store.steampowered.com/app/1732310/,https://vndb.org/v34528,307,FOUND,Her Jentle Hi-ness,1648094400000,1786132828461,2026-08-08T12:07:45.053966+00:00
1840770,Last Threshold,2022-03-24,2022-03,steam_store_search,True,True,INTERSECTION,True,,v34529,r98637,Last Threshold,complete,True,Last Threshold,$4.99,False,https://store.steampowered.com/app/1840770/,https://vndb.org/v34529,794,FOUND,Last Threshold,1648094400000,1786132828461,2026-08-08T12:07:45.053966+00:00
1829980,Café Stella and the Reaper's Butterflies,2022-03-25,2022-03,steam_store_search,True,True,INTERSECTION,True,,v26414,r87729,Café Stella to Shinigami no Chou,complete,True,Café Stella and the Reaper's Butterflies,$34.99,False,https://store.steampowered.com/app/1829980/,https://vndb.org/v26414,216836,FOUND,Café Stella and the Reaper's Butterflies,1648180800000,1786132828461,2026-08-08T12:07:45.053966+00:00
1920660,YiYi,2022-03-25,2022-03,steam_store_search,True,True,INTERSECTION,True,,v34261,r88131,YiYi,complete,True,YiYi,$0.99,False,https://store.steampowered.com/app/1920660/,https://vndb.org/v34261,5606,FOUND,YiYi,1648180800000,1786132828461,2026-08-08T12:07:45.053966+00:00
1932100,Love and Guillotines,2022-03-27,2022-03,steam_store_search,True,True,INTERSECTION,True,,v34566,r88708,Love and Guillotines,complete,True,Love and Guillotines,Free,True,https://store.steampowered.com/app/1932100/,https://vndb.org/v34566,2565,FOUND,Love and Guillotines,1648353600000,1786132828461,2026-08-08T12:07:45.053966+00:00
1933640,原灵·深海遗梦 Medusa the Origin ~ Lost Dream of the Deep,2022-03-27,2022-03,steam_store_search,True,True,INTERSECTION,True,,v34563,r88706,Yuan Ling - Shenhai Yi Meng,complete,True,原灵·深海遗梦 Medusa the Origin ~ Lost Dream of the Deep,Free,True,https://store.steampowered.com/app/1933640/,https://vndb.org/v34563,7438,FOUND,原灵·深海遗梦 Medusa the Origin ~ Lost Dream of the Deep,1648353600000,1786132828461,2026-08-08T12:07:45.053966+00:00
1849570,Love Stories: When Pastel Meets Grotesque,2022-03-29,2022-03,steam_store_search,True,True,INTERSECTION,True,,v34609,r88790,Lian ~Yixie Xiao Qingxin de Lieqi Gushi~,complete,True,Love Stories: When Pastel Meets Grotesque,$1.99,False,https://store.steampowered.com/app/1849570/,https://vndb.org/v34609,8179,FOUND,Love Stories: When Pastel Meets Grotesque,1648526400000,1786132828461,2026-08-08T12:07:45.053966+00:00
1798980,Pulse Cage (The full game) contains 4 games in one,2022-03-29,2022-03,steam_store_search,True,True,INTERSECTION,True,,v20046,r79238,Pulse Cage,complete,True,Pulse Cage (The full game) contains 4 games in one,$15.99,False,https://store.steampowered.com/app/1798980/,https://vndb.org/v20046,1,FOUND,Pulse Cage (The full game) contains 4 games in one,1648526400000,1786132828461,2026-08-08T12:07:45.053966+00:00
1770820,COSPLAY LOVE! : Enchanted princess,2022-03-30,2022-03,steam_store_search,True,True,INTERSECTION,True,,v34407,r88384,COSPLAY LOVE! Enchanted princess,complete,True,COSPLAY LOVE! : Enchanted princess,$11.99,False,https://store.steampowered.com/app/1770820/,https://vndb.org/v34407,1378,FOUND,COSPLAY LOVE! : Enchanted princess,1648612800000,1786132828461,2026-08-08T12:07:45.053966+00:00
1925310,Locked Up,2022-03-31,2022-03,steam_store_search,True,True,INTERSECTION,True,,v34596,r88864,Vzaperti,complete,True,Locked Up,$2.99,False,https://store.steampowered.com/app/1925310/,https://vndb.org/v34596,3760,FOUND,Locked Up,1648699200000,1786132828461,2026-08-08T12:07:45.053966+00:00
1909810,Seventh Lair,2022-03-31,2022-03,steam_store_search,True,True,INTERSECTION,True,,v14878,r81976,Seventh Coat,complete,True,Seventh Lair,-25%,False,https://store.steampowered.com/app/1909810/,https://vndb.org/v14878,4733,FOUND,Seventh Lair,1648699200000,1786132828461,2026-08-08T12:07:45.053966+00:00
1927140,start;again,2022-03-31,2022-03,steam_store_search,True,True,INTERSECTION,True,,v34254,r88102,start;again,complete,True,start;again,$5.99,False,https://store.steampowered.com/app/1927140/,https://vndb.org/v34254,2092,FOUND,start;again,1648699200000,1786132828461,2026-08-08T12:07:45.053966+00:00
1810000,Kuroi Tsubasa,2022-04-04,2022-04,steam_store_search,True,True,INTERSECTION,True,,v34456,r88501,Kuroi Tsubasa,complete,True,Kuroi Tsubasa,Free,True,https://store.steampowered.com/app/1810000/,https://vndb.org/v34456,2399,FOUND,Kuroi Tsubasa,1649044800000,1786132828461,2026-08-08T12:07:45.053966+00:00
1795430,Sakura Succubus 5,2022-04-04,2022-04,steam_store_search,True,True,INTERSECTION,True,,v33725,r86840,Sakura Succubus 5,complete,True,Sakura Succubus 5,$9.99,False,https://store.steampowered.com/app/1795430/,https://vndb.org/v33725,3640,FOUND,Sakura Succubus 5,1649044800000,1786132828461,2026-08-08T12:07:45.053966+00:00
1829640,Sigh of the Abyss: Shadow Bonds,2022-04-05,2022-04,steam_store_search,True,True,INTERSECTION,True,,v34642,r88850,Sigh of the Abyss: Shadow Bonds,complete,True,Sigh of the Abyss: Shadow Bonds,Free,True,https://store.steampowered.com/app/1829640/,https://vndb.org/v34642,7254,FOUND,Sigh of the Abyss: Shadow Bonds,1649131200000,1786132828461,2026-08-08T12:07:45.053966+00:00
1824590,"Furry Shakespeare: Two Incredibly Ripped, Absolutely Shredded Noble Kinsmen",2022-04-07,2022-04,steam_store_search,True,True,INTERSECTION,True,,v34836,r89168,"Furry Shakespeare: Two Incredibly Ripped, Absolutely Shredded Noble Kinsmen",complete,True,"Furry Shakespeare: Two Incredibly Ripped, Absolutely Shredded Noble Kinsmen",$9.99,False,https://store.steampowered.com/app/1824590/,https://vndb.org/v34836,1,FOUND,"Furry Shakespeare: Two Incredibly Ripped, Absolutely Shredded Noble Kinsmen",1649304000000,1786132828461,2026-08-08T12:07:45.053966+00:00
1815800,How to Fool a Liar King Remastered,2022-04-07,2022-04,steam_store_search,True,True,INTERSECTION,True,,v21075,r122764,Usotsuki na Ou-sama no Damashikata,complete,True,How to Fool a Liar King Remastered,$14.99,False,https://store.steampowered.com/app/1815800/,https://vndb.org/v21075,129,FOUND,How to Fool a Liar King Remastered,1649304000000,1786132828461,2026-08-08T12:07:45.053966+00:00
1789650,NEKO-MIMI SWEET HOUSEMATES Vol. 1,2022-04-08,2022-04,steam_store_search,True,True,INTERSECTION,True,,v34004,r87516,Uchi no Pet Jijou Vol. 1,complete,True,NEKO-MIMI SWEET HOUSEMATES Vol. 1,$15.99,False,https://store.steampowered.com/app/1789650/,https://vndb.org/v34004,5160,FOUND,NEKO-MIMI SWEET HOUSEMATES Vol. 1,1649390400000,1786132828461,2026-08-08T12:07:45.053966+00:00
1945000,The Ducksuckers,2022-04-09,2022-04,steam_store_search,True,True,INTERSECTION,True,,v34531,r88627,The Ducksuckers,complete,True,The Ducksuckers,Free,True,https://store.steampowered.com/app/1945000/,https://vndb.org/v34531,1418,FOUND,The Ducksuckers,1649476800000,1786132828461,2026-08-08T12:07:45.053966+00:00
1929350,Ubel,2022-04-11,2022-04,vndb_steam_release,True,True,INTERSECTION,True,,v35071,r89597;r89598,Ubel,complete;trial,True,Ubel,,False,https://store.steampowered.com/app/1929350/,https://vndb.org/v35071,,NOT_FOUND,,,,2026-08-08T12:07:45.053966+00:00
1769320,Athanasy,2022-04-13,2022-04,steam_store_search,True,True,INTERSECTION,True,,v33498,r86468,Athanasy,complete,True,Athanasy,-40%,False,https://store.steampowered.com/app/1769320/,https://vndb.org/v33498,6706,FOUND,Athanasy,1649822400000,1786132828461,2026-08-08T12:07:45.053966+00:00
1679700,Suhoshin,2022-04-13,2022-04,steam_store_search,True,True,INTERSECTION,True,,v31479,r80881,Suhoshin,complete,True,Suhoshin,$14.99,False,https://store.steampowered.com/app/1679700/,https://vndb.org/v31479,2763,FOUND,Suhoshin,1649822400000,1786132828461,2026-08-08T12:07:45.053966+00:00
1689910,Dōkyūsei: Bangin' Summer,2022-04-14,2022-04,steam_store_search,True,True,INTERSECTION,True,,v34136,r87479,Doukyuusei,complete,True,Dōkyūsei: Bangin' Summer,$19.99,False,https://store.steampowered.com/app/1689910/,https://vndb.org/v34136,69630,FOUND,Dōkyūsei: Bangin' Summer,1649908800000,1786132828461,2026-08-08T12:07:45.053966+00:00
1915740,Siren's Call: Free Beta Edition,2022-04-15,2022-04,steam_store_search,True,True,INTERSECTION,True,,v34778,r89071,Siren's Call,complete,True,Siren's Call: Free Beta Edition,Free,True,https://store.steampowered.com/app/1915740/,https://vndb.org/v34778,13507,FOUND,Siren's Call: Free Beta Edition,1649995200000,1786132828461,2026-08-08T12:07:45.053966+00:00
1899150,灵异爱情.冷,2022-04-16,2022-04,steam_store_search,True,True,INTERSECTION,True,,v35077,r89613,Lingyi Aiqing. Leng,complete,True,灵异爱情.冷,$1.99,False,https://store.steampowered.com/app/1899150/,https://vndb.org/v35077,15,FOUND,灵异爱情.冷,1650081600000,1786132828461,2026-08-08T12:07:45.053966+00:00
1944250,Hana no No ni Saku Utakata no,2022-04-22,2022-04,steam_store_search,True,True,INTERSECTION,True,,v16193,r87121,Hana no No ni Saku Utakata no,complete,True,Hana no No ni Saku Utakata no,$29.99,False,https://store.steampowered.com/app/1944250/,https://vndb.org/v16193,10686,FOUND,Hana no No ni Saku Utakata no,1650600000000,1786132828461,2026-08-08T12:07:45.053966+00:00
1839180,Curtain Call,2022-04-26,2022-04,steam_store_search,True,True,INTERSECTION,True,,v35382,r90172,Curtain Call,complete,True,Curtain Call,Free,True,https://store.steampowered.com/app/1839180/,https://vndb.org/v35382,4115,FOUND,Curtain Call,1650945600000,1786132828461,2026-08-08T12:07:45.053966+00:00
1846630,花都之恋,2022-04-26,2022-04,steam_store_search,True,True,INTERSECTION,True,,v35383,r125138;r90173,Hua Du Zhi Lian,complete,True,花都之恋,$3.99,False,https://store.steampowered.com/app/1846630/,https://vndb.org/v35383,11111,FOUND,花都之恋,1650945600000,1786132828461,2026-08-08T12:07:45.053966+00:00
1728700,Terranova,2022-04-27,2022-04,steam_store_search,True,True,INTERSECTION,True,,v38102,r95457,Terranova,complete,True,Terranova,$20.04,False,https://store.steampowered.com/app/1728700/,https://vndb.org/v38102,874,FOUND,Terranova,1651032000000,1786132828461,2026-08-08T12:07:45.053966+00:00
1920540,Dreamin' Her - 僕は、彼女の夢を見る。-,2022-04-28,2022-04,steam_store_search,True,True,INTERSECTION,True,,v28915,r73609,"Dreamin' Her -Boku wa, Kanojo no Yume o Miru.-",complete,True,Dreamin' Her - 僕は、彼女の夢を見る。-,$24.99,False,https://store.steampowered.com/app/1920540/,https://vndb.org/v28915,2860,FOUND,Dreamin' Her - 僕は、彼女の夢を見る。-,1651118400000,1786132828461,2026-08-08T12:07:45.053966+00:00
1951300,My Girlfriend is a Musician,2022-04-28,2022-04,steam_store_search,True,True,INTERSECTION,True,,v34648,r88868,My Girlfriend is a Musician,complete,True,My Girlfriend is a Musician,$7.99,False,https://store.steampowered.com/app/1951300/,https://vndb.org/v34648,168,FOUND,My Girlfriend is a Musician,1651118400000,1786132828461,2026-08-08T12:07:45.053966+00:00
1908250,雪之本境S Conspiracy Field: Snow Trap,2022-04-29,2022-04,steam_store_search,True,True,INTERSECTION,True,,v11244;v11245,r89172,Xue zhi Benjing;Xue zhi Benjing ~Jie Jing Pian~,complete,True,雪之本境S Conspiracy Field: Snow Trap,$6.99,False,https://store.steampowered.com/app/1908250/,https://vndb.org/v11244,9155,FOUND,雪之本境S Conspiracy Field: Snow Trap,1651204800000,1786132828461,2026-08-08T12:07:45.053966+00:00
1895920,白晓,2022-05-02,2022-05,steam_store_search,True,True,INTERSECTION,True,,v35540,r90509,Bai Xiao,complete,True,白晓,Free,True,https://store.steampowered.com/app/1895920/,https://vndb.org/v35540,6237,FOUND,白晓,1651464000000,1786132828461,2026-08-08T12:07:45.053966+00:00
1849300,La Jetée,2022-05-04,2022-05,steam_store_search,True,True,INTERSECTION,True,,v35595,r90634,La Jetée,complete,True,La Jetée,$0.99,False,https://store.steampowered.com/app/1849300/,https://vndb.org/v35595,148,FOUND,La Jetée,1651636800000,1786132828461,2026-08-08T12:07:45.053966+00:00
1914740,A HERO AND A GARDEN,2022-05-05,2022-05,steam_store_search,True,True,INTERSECTION,True,,v25557,r140901;r88770,A HERO AND A GARDEN,complete,True,A HERO AND A GARDEN,$4.99,False,https://store.steampowered.com/app/1914740/,https://vndb.org/v25557,1996,FOUND,A HERO AND A GARDEN,1651723200000,1786132828461,2026-08-08T12:07:45.053966+00:00
1815820,How to Sing to Open Your Heart Remastered,2022-05-05,2022-05,steam_store_search,True,True,INTERSECTION,True,,v23021,r122769,Kokoro o Hiraku Utaikata,complete,True,How to Sing to Open Your Heart Remastered,$14.99,False,https://store.steampowered.com/app/1815820/,https://vndb.org/v23021,129,FOUND,How to Sing to Open Your Heart Remastered,1651723200000,1786132828461,2026-08-08T12:07:45.053966+00:00
1936230,별에게 소원을 (When you wish upon a star),2022-05-06,2022-05,steam_store_search,True,True,INTERSECTION,True,,v35635,r90790,Byeorege Sowoneul,complete,True,별에게 소원을 (When you wish upon a star),$9.99,False,https://store.steampowered.com/app/1936230/,https://vndb.org/v35635,1800,FOUND,별에게 소원을 (When you wish upon a star),1651809600000,1786132828461,2026-08-08T12:07:45.053966+00:00
1744570,U-ena -Far fireworks-,2022-05-08,2022-05,steam_store_search,True,True,INTERSECTION,True,,v30922,r79208;r91050,U-ena -Toohanabi no Shoujo-,complete,True,U-ena -Far fireworks-,Free,True,https://store.steampowered.com/app/1744570/,https://vndb.org/v30922,30740,FOUND,U-ena -Far fireworks-,1651982400000,1786132828461,2026-08-08T12:07:45.053966+00:00
1920790,生人症候群,2022-05-08,2022-05,steam_store_search,True,True,INTERSECTION,True,,v35727,r90976,Sheng Ren Zhenghouqun,complete,True,生人症候群,$0.99,False,https://store.steampowered.com/app/1920790/,https://vndb.org/v35727,2462,FOUND,生人症候群,1651982400000,1786132828461,2026-08-08T12:07:45.053966+00:00
1850790,Would you like to run an idol café? 3,2022-05-09,2022-05,steam_store_search,True,True,INTERSECTION,True,,v33577,r86609,Would you like to run an idol café? 3,complete,True,Would you like to run an idol café? 3,$9.99,False,https://store.steampowered.com/app/1850790/,https://vndb.org/v33577,634,FOUND,Would you like to run an idol café? 3,1652068800000,1786132828461,2026-08-08T12:07:45.053966+00:00
1916450,Summer With You,2022-05-11,2022-05,steam_store_search,True,True,INTERSECTION,True,,v34177,r87906,Summer With You,complete,True,Summer With You,$3.99,False,https://store.steampowered.com/app/1916450/,https://vndb.org/v34177,1114,FOUND,Summer With You,1652241600000,1786132828461,2026-08-08T12:07:45.053966+00:00
1579300,Birb Café,2022-05-12,2022-05,steam_store_search,True,True,INTERSECTION,True,,v31128,r80366,Birb Café,complete,True,Birb Café,$9.99,False,https://store.steampowered.com/app/1579300/,https://vndb.org/v31128,544,FOUND,Birb Café,1652328000000,1786132828461,2026-08-08T12:07:45.053966+00:00
1707120,Cepheus Protocol Anthology Season 1,2022-05-12,2022-05,steam_store_search,True,True,INTERSECTION,True,,v35890,r91267,Cepheus Protocol Anthology Season 1,complete,True,Cepheus Protocol Anthology Season 1,$4.99,False,https://store.steampowered.com/app/1707120/,https://vndb.org/v35890,504,FOUND,Cepheus Protocol Anthology Season 1,1652328000000,1786132828461,2026-08-08T12:07:45.053966+00:00
1875950,Gilded Shadows,2022-05-12,2022-05,steam_store_search,True,True,INTERSECTION,True,,v26578,r84321,Gilded Shadows,complete,True,Gilded Shadows,-50%,False,https://store.steampowered.com/app/1875950/,https://vndb.org/v26578,3100,FOUND,Gilded Shadows,1652328000000,1786132828461,2026-08-08T12:07:45.053966+00:00
1714660,Camellia Train,2022-05-13,2022-05,steam_store_search,True,True,INTERSECTION,True,,v35462,r90322,Shancha Lieche,complete,True,Camellia Train,$3.99,False,https://store.steampowered.com/app/1714660/,https://vndb.org/v35462,803,FOUND,Camellia Train,1652414400000,1786132828461,2026-08-08T12:07:45.053966+00:00
1080700,Swordbreaker: Origins,2022-05-13,2022-05,steam_store_search,True,True,INTERSECTION,True,,v35479,r90357,Swordbreaker: Origins,complete,True,Swordbreaker: Origins,$9.99,False,https://store.steampowered.com/app/1080700/,https://vndb.org/v35479,1186,FOUND,Swordbreaker: Origins,1652414400000,1786132828461,2026-08-08T12:07:45.053966+00:00
1976800,不可能犯罪事件簿-Impossible Crime Book,2022-05-16,2022-05,steam_store_search,True,True,INTERSECTION,True,,v35514,r90453,Bu Keneng Fanzui Shijian Bu,complete,True,不可能犯罪事件簿-Impossible Crime Book,$9.99,False,https://store.steampowered.com/app/1976800/,https://vndb.org/v35514,155,FOUND,不可能犯罪事件簿-Impossible Crime Book,1652673600000,1786132828461,2026-08-08T12:07:45.053966+00:00
1980400,Aletta - Visual Novel,2022-05-20,2022-05,steam_store_search,True,True,INTERSECTION,True,,v38305,r95902,Aletta,complete,True,Aletta - Visual Novel,$2.99,False,https://store.steampowered.com/app/1980400/,https://vndb.org/v38305,1,FOUND,Aletta - Visual Novel,1653019200000,1786132828461,2026-08-08T12:07:45.053966+00:00
1957080,Our Fate Forsaken - Boys Love (BL) Visual Novel,2022-05-20,2022-05,steam_store_search,True,True,INTERSECTION,True,,v34805,r89114,Our Fate Forsaken,complete,True,Our Fate Forsaken - Boys Love (BL) Visual Novel,$4.99,False,https://store.steampowered.com/app/1957080/,https://vndb.org/v34805,190,FOUND,Our Fate Forsaken - Boys Love (BL) Visual Novel,1653019200000,1786132828461,2026-08-08T12:07:45.053966+00:00
1985500,집착의 망자 - 집으로부터의 탈출,2022-05-20,2022-05,steam_store_search,True,True,INTERSECTION,True,,v40198,r99363,Jibchag-ui Mangja - Jib-eulobuteoui Talchul,complete,True,집착의 망자 - 집으로부터의 탈출,Free,True,https://store.steampowered.com/app/1985500/,https://vndb.org/v40198,7956,FOUND,집착의 망자 - 집으로부터의 탈출,1653019200000,1786132828461,2026-08-08T12:07:45.053966+00:00
1854910,The Soul Box,2022-05-23,2022-05,steam_store_search,True,True,INTERSECTION,True,,v36055,r91621,The Soul Box,complete,True,The Soul Box,$5.99,False,https://store.steampowered.com/app/1854910/,https://vndb.org/v36055,24,FOUND,The Soul Box,1653278400000,1786132828461,2026-08-08T12:07:45.053966+00:00
1961860,- Doki Doki Family - 特異体質者のドキドキ家族生活,2022-05-25,2022-05,steam_store_search,True,True,INTERSECTION,True,,v22176,r91055,Ane Imo Mama no Shasei Kanri ~Tsuide ni Kodomo ga Dekichatte mo Ii yo ne~,complete,True,- Doki Doki Family - 特異体質者のドキドキ家族生活,-50%,False,https://store.steampowered.com/app/1961860/,https://vndb.org/v22176,95,FOUND,- Doki Doki Family - 特異体質者のドキドキ家族生活,1653451200000,1786132828461,2026-08-08T12:07:45.053966+00:00
1961870,- Mischief Dungeon Life - 異世界転生した俺のイタズラダンジョンライフ,2022-05-25,2022-05,steam_store_search,True,True,INTERSECTION,True,,v28543,r91061,Isekai Hentai Seikatsu! ~Tensei Shita Ore wa Shokushu ya Mamono ya Onna no Ko no Pantsu ni... Naru!?~,complete,True,- Mischief Dungeon Life - 異世界転生した俺のイタズラダンジョンライフ,-50%,False,https://store.steampowered.com/app/1961870/,https://vndb.org/v28543,75,FOUND,- Mischief Dungeon Life - 異世界転生した俺のイタズラダンジョンライフ,1653451200000,1786132828461,2026-08-08T12:07:45.053966+00:00
1484620,Arcade Spirits: The New Challengers,2022-05-26,2022-05,steam_store_search,True,True,INTERSECTION,True,,v30803,r78919,Arcade Spirits: The New Challengers,complete,True,Arcade Spirits: The New Challengers,-75%,False,https://store.steampowered.com/app/1484620/,https://vndb.org/v30803,5688,FOUND,Arcade Spirits: The New Challengers,1653537600000,1786132828461,2026-08-08T12:07:45.053966+00:00
1917450,fault - StP - LIGHTKRAVTE,2022-05-27,2022-05,steam_store_search,True,True,INTERSECTION,True,,v36650,r92800,fault - StP - LIGHTKRAVTE,complete,True,fault - StP - LIGHTKRAVTE,$17.99,False,https://store.steampowered.com/app/1917450/,https://vndb.org/v36650,7285,FOUND,fault - StP - LIGHTKRAVTE,1653624000000,1786132828461,2026-08-08T12:07:45.053966+00:00
1817940,Love Delivery,2022-05-30,2022-05,steam_store_search,True,True,INTERSECTION,True,,v32945,r123151,Love Delivery,complete,True,Love Delivery,$14.99,False,https://store.steampowered.com/app/1817940/,https://vndb.org/v32945,44947,FOUND,Love Delivery,1653883200000,1786132828461,2026-08-08T12:07:45.053966+00:00
1975290,Tomorrow for Mar,2022-05-30,2022-05,steam_store_search,True,True,INTERSECTION,True,,v34468,r144678,Tomorrow for Mar,complete,True,Tomorrow for Mar,$2.99,False,https://store.steampowered.com/app/1975290/,https://vndb.org/v34468,357,FOUND,Tomorrow for Mar,1653883200000,1786132828461,2026-08-08T12:07:45.053966+00:00
1414250,CORPSE FACTORY,2022-05-31,2022-05,steam_store_search,True,True,INTERSECTION,True,,v30999,r79383,CORPSE FACTORY,complete,True,CORPSE FACTORY,$19.99,False,https://store.steampowered.com/app/1414250/,https://vndb.org/v30999,18747,FOUND,CORPSE FACTORY,1653969600000,1786132828461,2026-08-08T12:07:45.053966+00:00
1428570,Godland : The Fire Quest,2022-05-31,2022-05,steam_store_search,True,True,INTERSECTION,True,,v36211,r91952,Godland : The Fire Quest,complete,True,Godland : The Fire Quest,$2.99,False,https://store.steampowered.com/app/1428570/,https://vndb.org/v36211,36,FOUND,Godland : The Fire Quest,1653969600000,1786132828461,2026-08-08T12:07:45.053966+00:00
1840060,Shinogi Chess Club,2022-05-31,2022-05,steam_store_search,True,True,INTERSECTION,True,,v45726,r110000,Shinogi Chess Club,complete,True,Shinogi Chess Club,$14.99,False,https://store.steampowered.com/app/1840060/,https://vndb.org/v45726,276,FOUND,Shinogi Chess Club,1653969600000,1786132828461,2026-08-08T12:07:45.053966+00:00
1999700,Something Strange,2022-05-31,2022-05,steam_store_search,True,True,INTERSECTION,True,,v36210,r146370,Something Strange,complete,True,Something Strange,Free,True,https://store.steampowered.com/app/1999700/,https://vndb.org/v36210,2203,FOUND,Something Strange,1653969600000,1786132828461,2026-08-08T12:07:45.053966+00:00
1879640,甜點王子2 典藏版,2022-05-31,2022-05,steam_store_search,True,True,INTERSECTION,True,,v54146,r130621,Sweety Prince 2,complete,True,甜點王子2 典藏版,$9.99,False,https://store.steampowered.com/app/1879640/,https://vndb.org/v54146,6002,FOUND,甜點王子2 典藏版,1653969600000,1786132828461,2026-08-08T12:07:45.053966+00:00
1979210,Dissent,2022-06-02,2022-06,steam_store_search,True,True,INTERSECTION,True,,v36241,r92010,Dissent,complete,True,Dissent,Free,True,https://store.steampowered.com/app/1979210/,https://vndb.org/v36241,1553,FOUND,Dissent,1654142400000,1786132828461,2026-08-08T12:07:45.053966+00:00
1941110,Higurashi When They Cry Hou - Rei,2022-06-02,2022-06,steam_store_search,True,True,INTERSECTION,True,,v69,r86483,Higurashi no Naku Koro ni Rei,complete,True,Higurashi When They Cry Hou - Rei,$5.99,False,https://store.steampowered.com/app/1941110/,https://vndb.org/v69,15359,FOUND,Higurashi When They Cry Hou - Rei,1654142400000,1786132828461,2026-08-08T12:07:45.053966+00:00
1985250,Memoir,2022-06-03,2022-06,steam_store_search,True,True,INTERSECTION,True,,v36253,r93640,Hoegorok,complete,True,Memoir,Free,True,https://store.steampowered.com/app/1985250/,https://vndb.org/v36253,19053,FOUND,Memoir,1654228800000,1786132828461,2026-08-08T12:07:45.053966+00:00
2002450,停留此刻 Stay in the moment,2022-06-03,2022-06,steam_store_search,True,True,INTERSECTION,True,,v36076,r91666,Tingliu Cike - Stay in the moment,complete,True,停留此刻 Stay in the moment,$0.99,False,https://store.steampowered.com/app/2002450/,https://vndb.org/v36076,2449,FOUND,停留此刻 Stay in the moment,1654228800000,1786132828461,2026-08-08T12:07:45.053966+00:00
1882820,My Little Dictator,2022-06-06,2022-06,steam_store_search,True,True,INTERSECTION,True,,v17243,r39745,My Little Dictator,complete,True,My Little Dictator,$8.99,False,https://store.steampowered.com/app/1882820/,https://vndb.org/v17243,903,FOUND,My Little Dictator,1654488000000,1786132828461,2026-08-08T12:07:45.053966+00:00
1819160,Meteor World Actor: Badge & Dagger,2022-06-09,2022-06,steam_store_search,True,True,INTERSECTION,True,,v30726,r85515,Ryuusei World Actor: Badge & Dagger,complete,True,Meteor World Actor: Badge & Dagger,$17.99,False,https://store.steampowered.com/app/1819160/,https://vndb.org/v30726,12142,FOUND,Meteor World Actor: Badge & Dagger,1654747200000,1786132828461,2026-08-08T12:07:45.053966+00:00
1897960,Meet Cute: Delivery 🐾,2022-06-11,2022-06,steam_store_search,True,True,INTERSECTION,True,,v33861,r87080,Meet Cute: Delivery 🐾,complete,True,Meet Cute: Delivery 🐾,$0.99,False,https://store.steampowered.com/app/1897960/,https://vndb.org/v33861,872,FOUND,Meet Cute: Delivery 🐾,1654920000000,1786132828461,2026-08-08T12:07:45.053966+00:00
1992930,It's Time,2022-06-14,2022-06,steam_store_search,True,True,INTERSECTION,True,,v35947,r91367,It's Time,complete,True,It's Time,$0.99,False,https://store.steampowered.com/app/1992930/,https://vndb.org/v35947,74,FOUND,It's Time,1655179200000,1786132828461,2026-08-08T12:07:45.053966+00:00
1736850,Camp Palut,2022-06-15,2022-06,steam_store_search,True,True,INTERSECTION,True,,v29467,r84320,Camp Palut,complete,True,Camp Palut,$4.99,False,https://store.steampowered.com/app/1736850/,https://vndb.org/v29467,469,FOUND,Camp Palut,1655265600000,1786132828461,2026-08-08T12:07:45.053966+00:00
1137100,Twice Reborn: a vampire visual novel,2022-06-16,2022-06,steam_store_search,True,True,INTERSECTION,True,,v25042,r61455,Twice Reborn,complete,True,Twice Reborn: a vampire visual novel,$14.99,False,https://store.steampowered.com/app/1137100/,https://vndb.org/v25042,566,FOUND,Twice Reborn: a vampire visual novel,1655352000000,1786132828461,2026-08-08T12:07:45.053966+00:00
1961740,Charmareians,2022-06-17,2022-06,steam_store_search,True,True,INTERSECTION,True,,v36572,r92584,Charmareians,complete,True,Charmareians,Free,True,https://store.steampowered.com/app/1961740/,https://vndb.org/v36572,945,FOUND,Charmareians,1655438400000,1786132828461,2026-08-08T12:07:45.053966+00:00
1776970,月に寄りそう乙女の作法,2022-06-17,2022-06,steam_store_search,True,True,INTERSECTION,True,,v10680,r77230,Tsuki ni Yorisou Otome no Sahou,complete,True,月に寄りそう乙女の作法,-55%,False,https://store.steampowered.com/app/1776970/,https://vndb.org/v10680,77243,FOUND,月に寄りそう乙女の作法,1655438400000,1786132828461,2026-08-08T12:07:45.053966+00:00
1921560,Flowers -Le volume sur hiver-,2022-06-18,2022-06,steam_store_search,True,True,INTERSECTION,True,,v19545,r82704,FLOWERS -Le volume sur hiver-,complete,True,Flowers -Le volume sur hiver-,$19.99,False,https://store.steampowered.com/app/1921560/,https://vndb.org/v19545,13928,FOUND,Flowers -Le volume sur hiver-,1655524800000,1786132828461,2026-08-08T12:07:45.053966+00:00
1971750,New Year's Eve Miracle,2022-06-20,2022-06,steam_store_search,True,True,INTERSECTION,True,,v36531,r92508,New Year's Eve Miracle,complete,True,New Year's Eve Miracle,$1.99,False,https://store.steampowered.com/app/1971750/,https://vndb.org/v36531,110,FOUND,New Year's Eve Miracle,1655697600000,1786132828461,2026-08-08T12:07:45.053966+00:00
2011640,死亡旅店Ⅱ亡者归来-Death Inn Ⅱ The Immortal Is Coming,2022-06-20,2022-06,steam_store_search,True,True,INTERSECTION,True,,v36278,r92084,Siwang Lüdian II: Wangzhe Guilai,complete,True,死亡旅店Ⅱ亡者归来-Death Inn Ⅱ The Immortal Is Coming,$10.99,False,https://store.steampowered.com/app/2011640/,https://vndb.org/v36278,158,FOUND,死亡旅店Ⅱ亡者归来-Death Inn Ⅱ The Immortal Is Coming,1655697600000,1786132828461,2026-08-08T12:07:45.053966+00:00
1891440,No other cure,2022-06-22,2022-06,steam_store_search,True,True,INTERSECTION,True,,v36649,r92798,Wu Er Jie Yao,complete,True,No other cure,Free,True,https://store.steampowered.com/app/1891440/,https://vndb.org/v36649,5670,FOUND,No other cure,1655870400000,1786132828461,2026-08-08T12:07:45.053966+00:00
1534630,The Sound of Fireworks: The Haiku,2022-06-23,2022-06,steam_store_search,True,True,INTERSECTION,True,,v30540,r78180;r78181,The Sound of Fireworks: The Haiku,complete;trial,True,The Sound of Fireworks: The Haiku,Free,True,https://store.steampowered.com/app/1534630/,https://vndb.org/v30540,1106,FOUND,The Sound of Fireworks: The Haiku,1655956800000,1786132828461,2026-08-08T12:07:45.053966+00:00
1832030,Yonder World: Interview with the Void,2022-06-23,2022-06,steam_store_search,True,True,INTERSECTION,True,,v33810,r88004,Yonder World: Interview with the Void,complete,True,Yonder World: Interview with the Void,$12.99,False,https://store.steampowered.com/app/1832030/,https://vndb.org/v33810,200,FOUND,Yonder World: Interview with the Void,1655956800000,1786132828461,2026-08-08T12:07:45.053966+00:00
1449200,AI: THE SOMNIUM FILES - nirvanA Initiative,2022-06-24,2022-06,steam_store_search,True,True,INTERSECTION,True,,v31469,r80852,AI: Somnium Files - nirvanA Initiative,complete,True,AI: THE SOMNIUM FILES - nirvanA Initiative,$39.99,False,https://store.steampowered.com/app/1449200/,https://vndb.org/v31469,217757,FOUND,AI: THE SOMNIUM FILES - nirvanA Initiative,1656043200000,1786132828461,2026-08-08T12:07:45.053966+00:00
2053750,你与选择 You and Choice,2022-06-25,2022-06,steam_store_search,True,True,INTERSECTION,True,,v36386,r92279,Ni Yu Xuanze,complete,True,你与选择 You and Choice,$0.99,False,https://store.steampowered.com/app/2053750/,https://vndb.org/v36386,132,FOUND,你与选择 You and Choice,1656129600000,1786132828461,2026-08-08T12:07:45.053966+00:00
1684750,I deserve a happy ending,2022-06-29,2022-06,steam_store_search,True,True,INTERSECTION,True,,v32251,r97519,Merezco un final feliz,complete,True,I deserve a happy ending,$3.99,False,https://store.steampowered.com/app/1684750/,https://vndb.org/v32251,720,FOUND,I deserve a happy ending,1656475200000,1786132828461,2026-08-08T12:07:45.053966+00:00
664130,僕と彼の危険な同居生活,2022-06-29,2022-06,steam_store_search,True,True,INTERSECTION,True,,v16919,r91485,Boku to Kare no Kiken na Doukyo Seikatsu,complete,True,僕と彼の危険な同居生活,$18.99,False,https://store.steampowered.com/app/664130/,https://vndb.org/v16919,980,FOUND,僕と彼の危険な同居生活,1656475200000,1786132828461,2026-08-08T12:07:45.053966+00:00
1954250,Dragon's Dilemma,2022-06-30,2022-06,steam_store_search,True,True,INTERSECTION,True,,v36811,r93112,Dragon's Dilemma,complete,True,Dragon's Dilemma,$9.99,False,https://store.steampowered.com/app/1954250/,https://vndb.org/v36811,170,FOUND,Dragon's Dilemma,1656561600000,1786132828461,2026-08-08T12:07:45.053966+00:00
1766400,qingping Bookstore,2022-06-30,2022-06,steam_store_search,True,True,INTERSECTION,True,,v50675,r122620,Qingping Shushe,complete,True,qingping Bookstore,$0.99,False,https://store.steampowered.com/app/1766400/,https://vndb.org/v50675,816,FOUND,qingping Bookstore,1656561600000,1786132828461,2026-08-08T12:07:45.053966+00:00
1970300,Whisper Books,2022-07-01,2022-07,steam_store_search,True,True,INTERSECTION,True,,v36812;v36813,r93115,Emeng Zhi Lun;Mifeng Xiaoying,complete,True,Whisper Books,Free,True,https://store.steampowered.com/app/1970300/,https://vndb.org/v36812,8055,FOUND,Whisper Books,1656648000000,1786132828461,2026-08-08T12:07:45.053966+00:00
2061260,发现姐姐是妹控的我今后该如何是好,2022-07-01,2022-07,steam_store_search,True,True,INTERSECTION,True,,v36814,r93116,Faxian Jiejie Shi Mei Kong de Wo Jīnhou Gai Ruhe Shi Hao,complete,True,发现姐姐是妹控的我今后该如何是好,$0.99,False,https://store.steampowered.com/app/2061260/,https://vndb.org/v36814,4906,FOUND,发现姐姐是妹控的我今后该如何是好,1656648000000,1786132828461,2026-08-08T12:07:45.053966+00:00
446530,One Last Crane,2022-07-04,2022-07,steam_store_search,True,True,INTERSECTION,True,,v22855,r56480,One Last Crane,complete,True,One Last Crane,$14.99,False,https://store.steampowered.com/app/446530/,https://vndb.org/v22855,168,FOUND,One Last Crane,1656907200000,1786132828461,2026-08-08T12:07:45.053966+00:00
1745690,Deluge: Threnody of Crashing Waves,2022-07-07,2022-07,steam_store_search,True,True,INTERSECTION,True,,v33283,r155269,Deluge: Threnody of Crashing Waves,complete,True,Deluge: Threnody of Crashing Waves,Free,True,https://store.steampowered.com/app/1745690/,https://vndb.org/v33283,12701,FOUND,Deluge: Threnody of Crashing Waves,1657166400000,1786132828461,2026-08-08T12:07:45.053966+00:00
1953490,Seven Deadly Dates,2022-07-07,2022-07,steam_store_search,True,True,INTERSECTION,True,,v36907,r93323,Seven Deadly Dates,complete,True,Seven Deadly Dates,$6.99,False,https://store.steampowered.com/app/1953490/,https://vndb.org/v36907,1287,FOUND,Seven Deadly Dates,1657166400000,1786132828461,2026-08-08T12:07:45.053966+00:00
2011310,Entropic Float: This World Will Decay And Disappear,2022-07-08,2022-07,steam_store_search,True,True,INTERSECTION,True,,v32782,r84692,Entropic Float: This World Will Decay and Disappear,complete,True,Entropic Float: This World Will Decay And Disappear,Free,True,https://store.steampowered.com/app/2011310/,https://vndb.org/v32782,2009,FOUND,Entropic Float: This World Will Decay And Disappear,1657252800000,1786132828461,2026-08-08T12:07:45.053966+00:00
1733840,Yurukill: The Calumniation Games,2022-07-08,2022-07,steam_store_search,True,True,INTERSECTION,True,,v36067,r91683,Enzai Shikkou Yuugi Yurukill,complete,True,Yurukill: The Calumniation Games,$19.99,False,https://store.steampowered.com/app/1733840/,https://vndb.org/v36067,2872,FOUND,Yurukill: The Calumniation Games,1657252800000,1786132828461,2026-08-08T12:07:45.053966+00:00
1653050,长明火计划 Project: Eternal Flame,2022-07-08,2022-07,steam_store_search,True,True,INTERSECTION,True,,v36660,r92819,Changminghuo Jihua,complete,True,长明火计划 Project: Eternal Flame,$19.99,False,https://store.steampowered.com/app/1653050/,https://vndb.org/v36660,2016,FOUND,长明火计划 Project: Eternal Flame,1657252800000,1786132828461,2026-08-08T12:07:45.053966+00:00
1961390,Sakura Succubus 6,2022-07-11,2022-07,steam_store_search,True,True,INTERSECTION,True,,v35291,r90026,Sakura Succubus 6,complete,True,Sakura Succubus 6,$9.99,False,https://store.steampowered.com/app/1961390/,https://vndb.org/v35291,2060,FOUND,Sakura Succubus 6,1657512000000,1786132828461,2026-08-08T12:07:45.053966+00:00
1920800,Project Angels - Visual Novel,2022-07-13,2022-07,steam_store_search,True,True,INTERSECTION,True,,v37012,r93520,Project Angels,complete,True,Project Angels - Visual Novel,$9.99,False,https://store.steampowered.com/app/1920800/,https://vndb.org/v37012,300,FOUND,Project Angels - Visual Novel,1657684800000,1786132828461,2026-08-08T12:07:45.053966+00:00
2050820,SENGOKU Princess ～天下統一は姫武将と共に～,2022-07-13,2022-07,steam_store_search,True,True,INTERSECTION,True,,v28353,r92995,Ore wa Hime Bushou o Haramasetai!,complete,True,SENGOKU Princess ～天下統一は姫武将と共に～,-50%,False,https://store.steampowered.com/app/2050820/,https://vndb.org/v28353,75,FOUND,SENGOKU Princess ～天下統一は姫武将と共に～,1657684800000,1786132828461,2026-08-08T12:07:45.053966+00:00
1755030,Mothmen 1966,2022-07-14,2022-07,steam_store_search,True,True,INTERSECTION,True,,v32827,r84742,Mothmen 1966,complete,True,Mothmen 1966,$8.99,False,https://store.steampowered.com/app/1755030/,https://vndb.org/v32827,5822,FOUND,Mothmen 1966,1657771200000,1786132828461,2026-08-08T12:07:45.053966+00:00
1788850,你已经猜到结局了吗,2022-07-14,2022-07,steam_store_search,True,True,INTERSECTION,True,,v37528,r94409,Ni Yijing Cai Dao Jieju Lema,complete,True,你已经猜到结局了吗,$7.99,False,https://store.steampowered.com/app/1788850/,https://vndb.org/v37528,14860,FOUND,你已经猜到结局了吗,1657771200000,1786132828461,2026-08-08T12:07:45.053966+00:00
1967870,Ballads at Midnight,2022-07-15,2022-07,steam_store_search,True,True,INTERSECTION,True,,v34660,r88883,Ballads at Midnight,complete,True,Ballads at Midnight,Free,True,https://store.steampowered.com/app/1967870/,https://vndb.org/v34660,28154,FOUND,Ballads at Midnight,1657857600000,1786132828461,2026-08-08T12:07:45.053966+00:00
2061290,Hauling Away,2022-07-15,2022-07,steam_store_search,True,True,INTERSECTION,True,,v37033,r139786,Hauling Away,complete,True,Hauling Away,Free,True,https://store.steampowered.com/app/2061290/,https://vndb.org/v37033,3418,FOUND,Hauling Away,1657857600000,1786132828461,2026-08-08T12:07:45.053966+00:00
1985260,Kinkoi: Golden Time,2022-07-15,2022-07,steam_store_search,True,True,INTERSECTION,True,,v24717,r78787,Kin'iro Loveriche -Golden Time-,complete,True,Kinkoi: Golden Time,$29.99,False,https://store.steampowered.com/app/1985260/,https://vndb.org/v24717,16005,FOUND,Kinkoi: Golden Time,1657857600000,1786132828461,2026-08-08T12:07:45.053966+00:00
2012630,A Pact With Me - Boys Love (BL) Visual Novel,2022-07-16,2022-07,steam_store_search,True,True,INTERSECTION,True,,v36139,r91814,A Pact With Me,complete,True,A Pact With Me - Boys Love (BL) Visual Novel,$4.99,False,https://store.steampowered.com/app/2012630/,https://vndb.org/v36139,576,FOUND,A Pact With Me - Boys Love (BL) Visual Novel,1657944000000,1786132828461,2026-08-08T12:07:45.053966+00:00
2074780,焰色方糖 flamed sugar,2022-07-19,2022-07,steam_store_search,True,True,INTERSECTION,True,,v37080,r93656,Yan Se Fang Tang,complete,True,焰色方糖 flamed sugar,Free,True,https://store.steampowered.com/app/2074780/,https://vndb.org/v37080,1856,FOUND,焰色方糖 flamed sugar,1658203200000,1786132828461,2026-08-08T12:07:45.053966+00:00
2050840,- Am I kind-hearted? - ワタシのココロは綺麗ですか？,2022-07-20,2022-07,steam_store_search,True,True,INTERSECTION,True,,v22413,r92996,Netorare Joshi ~Kare ni wa Ienai Watashi no Himitsu~,complete,True,- Am I kind-hearted? - ワタシのココロは綺麗ですか？,-50%,False,https://store.steampowered.com/app/2050840/,https://vndb.org/v22413,23,FOUND,- Am I kind-hearted? - ワタシのココロは綺麗ですか？,1658289600000,1786132828461,2026-08-08T12:07:45.053966+00:00
787510,Muv-Luv Alternative Total Eclipse Remastered,2022-07-20,2022-07,steam_store_search,True,True,INTERSECTION,True,,v7052,r80707,Muv-Luv Alternative - Total Eclipse,complete,True,Muv-Luv Alternative Total Eclipse Remastered,$39.99,False,https://store.steampowered.com/app/787510/,https://vndb.org/v7052,13590,FOUND,Muv-Luv Alternative Total Eclipse Remastered,1658289600000,1786132828461,2026-08-08T12:07:45.053966+00:00
1878110,Victorian Debutante,2022-07-20,2022-07,steam_store_search,True,True,INTERSECTION,True,,v37096,r93680,Victorian Debutante,complete,True,Victorian Debutante,$4.99,False,https://store.steampowered.com/app/1878110/,https://vndb.org/v37096,50,FOUND,Victorian Debutante,1658289600000,1786132828461,2026-08-08T12:07:45.053966+00:00
1833040,晴末置雨,2022-07-20,2022-07,steam_store_search,True,True,INTERSECTION,True,,v37109,r93725,Qing Mo Zhi Yu,complete,True,晴末置雨,$1.99,False,https://store.steampowered.com/app/1833040/,https://vndb.org/v37109,8168,FOUND,晴末置雨,1658289600000,1786132828461,2026-08-08T12:07:45.053966+00:00
1932690,Liar Moon Shangri-La,2022-07-21,2022-07,steam_store_search,True,True,INTERSECTION,True,,v20634,r93324,Usotsuki Shangri-La,complete,True,Liar Moon Shangri-La,$44.99,False,https://store.steampowered.com/app/1932690/,https://vndb.org/v20634,959,FOUND,Liar Moon Shangri-La,1658376000000,1786132828461,2026-08-08T12:07:45.053966+00:00
2055730,미연시 시뮬레이터 : 미소녀 게임의 주인공을 조종하는 게임,2022-07-21,2022-07,steam_store_search,True,True,INTERSECTION,True,,v36540,r92519,Miyeonsi Simulator: Misonyeo Game-ui Juingong-eul Jojonghaneun Game,complete,True,미연시 시뮬레이터 : 미소녀 게임의 주인공을 조종하는 게임,$1.99,False,https://store.steampowered.com/app/2055730/,https://vndb.org/v36540,870,FOUND,미연시 시뮬레이터 : 미소녀 게임의 주인공을 조종하는 게임,1658376000000,1786132828461,2026-08-08T12:07:45.053966+00:00
1980890,Sky in your eyes,2022-07-22,2022-07,steam_store_search,True,True,INTERSECTION,True,,v36193,r91913,Sky in your eyes,complete,True,Sky in your eyes,$5.99,False,https://store.steampowered.com/app/1980890/,https://vndb.org/v36193,2304,FOUND,Sky in your eyes,1658462400000,1786132828461,2026-08-08T12:07:45.053966+00:00
1883320,剑与桃花 the sword and peachblossom,2022-07-22,2022-07,steam_store_search,True,True,INTERSECTION,True,,v37133,r93754,Jian Yu Taohua - the sword and peachblossom,complete,True,剑与桃花 the sword and peachblossom,$3.99,False,https://store.steampowered.com/app/1883320/,https://vndb.org/v37133,1231,FOUND,剑与桃花 the sword and peachblossom,1658462400000,1786132828461,2026-08-08T12:07:45.053966+00:00
1763150,Everglow,2022-07-24,2022-07,steam_store_search,True,True,INTERSECTION,True,,v37166,r93802,Everglow,complete,True,Everglow,Free,True,https://store.steampowered.com/app/1763150/,https://vndb.org/v37166,7254,FOUND,Everglow,1658635200000,1786132828461,2026-08-08T12:07:45.053966+00:00
1051350,Dead Forest,2022-07-26,2022-07,steam_store_search,True,True,INTERSECTION,True,,v35301,r93855,Mjortvyj les,complete,True,Dead Forest,$11.99,False,https://store.steampowered.com/app/1051350/,https://vndb.org/v35301,1323,FOUND,Dead Forest,1658808000000,1786132828461,2026-08-08T12:07:45.053966+00:00
2066550,ERROR143,2022-07-26,2022-07,steam_store_search,True,True,INTERSECTION,True,,v36837,r110444,ERROR143,complete,True,ERROR143,Free,True,https://store.steampowered.com/app/2066550/,https://vndb.org/v36837,394086,FOUND,ERROR143,1658808000000,1786132828461,2026-08-08T12:07:45.053966+00:00
1956840,P R I S M - A Visual Novel,2022-07-26,2022-07,steam_store_search,True,True,INTERSECTION,True,,v36727,r92948,P R I S M,complete,True,P R I S M - A Visual Novel,$9.99,False,https://store.steampowered.com/app/1956840/,https://vndb.org/v36727,1,FOUND,P R I S M - A Visual Novel,1658808000000,1786132828461,2026-08-08T12:07:45.053966+00:00
1861230,TAISHO x ALICE: HEADS & TAILS,2022-07-26,2022-07,steam_store_search,True,True,INTERSECTION,True,,v20277,r90775,Taishou x Alice: HEADS&TAILS,complete,True,TAISHO x ALICE: HEADS & TAILS,$34.99,False,https://store.steampowered.com/app/1861230/,https://vndb.org/v20277,6658,FOUND,TAISHO x ALICE: HEADS & TAILS,1658808000000,1786132828461,2026-08-08T12:07:45.053966+00:00
2079800,你与月光同罪-As Guilty As the Moon,2022-07-26,2022-07,steam_store_search,True,True,INTERSECTION,True,,v36993,r93474,Ni Yu Yueguang Tongzui,complete,True,你与月光同罪-As Guilty As the Moon,$9.99,False,https://store.steampowered.com/app/2079800/,https://vndb.org/v36993,77,FOUND,你与月光同罪-As Guilty As the Moon,1658808000000,1786132828461,2026-08-08T12:07:45.053966+00:00
2083920,Myth of Mirka,2022-07-27,2022-07,steam_store_search,True,True,INTERSECTION,True,,v37235,r93920,Myth of Mirka,complete,True,Myth of Mirka,$4.99,False,https://store.steampowered.com/app/2083920/,https://vndb.org/v37235,42,FOUND,Myth of Mirka,1658894400000,1786132828461,2026-08-08T12:07:45.053966+00:00
871980,Digimon Survive,2022-07-28,2022-07,steam_store_search,True,True,INTERSECTION,True,,v35280,r90008,Digimon Survive,complete,True,Digimon Survive,$59.99,False,https://store.steampowered.com/app/871980/,https://vndb.org/v35280,149192,FOUND,Digimon Survive,1658980800000,1786132828461,2026-08-08T12:07:45.053966+00:00
1937360,Findme ～３０才の夢追い人～,2022-07-28,2022-07,steam_store_search,True,True,INTERSECTION,True,,v37241,r93932,Findme ~30-sai no Yumeoibito~,complete,True,Findme ～３０才の夢追い人～,$4.99,False,https://store.steampowered.com/app/1937360/,https://vndb.org/v37241,15,FOUND,Findme ～３０才の夢追い人～,1658980800000,1786132828461,2026-08-08T12:07:45.053966+00:00
2027440,피랍 일지 - 그 남자로부터의 탈출,2022-07-28,2022-07,steam_store_search,True,True,INTERSECTION,True,,v36316,r92146,Pilab Ilji - Geu Namjalobuteoui Talchul,complete,True,피랍 일지 - 그 남자로부터의 탈출,$1.99,False,https://store.steampowered.com/app/2027440/,https://vndb.org/v36316,230,FOUND,피랍 일지 - 그 남자로부터의 탈출,1658980800000,1786132828461,2026-08-08T12:07:45.053966+00:00
1777000,Cut to the Core,2022-07-31,2022-07,steam_store_search,True,True,INTERSECTION,True,,v36200,r146037;r161384,Cut to the Core,complete,True,Cut to the Core,$2.99,False,https://store.steampowered.com/app/1777000/,https://vndb.org/v36200,4957,FOUND,Cut to the Core,1659240000000,1786132828461,2026-08-08T12:07:45.053966+00:00
1947940,beat refle,2022-07-31,2022-07,steam_store_search,True,True,INTERSECTION,True,,v37412,r94188,beat refle,complete,True,beat refle,$27.99,False,https://store.steampowered.com/app/1947940/,https://vndb.org/v37412,9987,FOUND,beat refle,1659240000000,1786132828461,2026-08-08T12:07:45.053966+00:00
1787500,山：临界幸存者,2022-07-31,2022-07,steam_store_search,True,True,INTERSECTION,True,,v32697,r84371,Shan: Linjie Xingcun Zhe,complete,True,山：临界幸存者,$4.99,False,https://store.steampowered.com/app/1787500/,https://vndb.org/v32697,7273,FOUND,山：临界幸存者,1659240000000,1786132828461,2026-08-08T12:07:45.053966+00:00
1912490,Koncolos,2022-08-02,2022-08,steam_store_search,True,True,INTERSECTION,True,,v34195,r87969,Koncolos,complete,True,Koncolos,$4.99,False,https://store.steampowered.com/app/1912490/,https://vndb.org/v34195,1047,FOUND,Koncolos,1659412800000,1786132828461,2026-08-08T12:07:45.053966+00:00
2078600,Afterslave,2022-08-03,2022-08,steam_store_search,True,True,INTERSECTION,True,,v37454,r94248,Afterslave,complete,True,Afterslave,$0.99,False,https://store.steampowered.com/app/2078600/,https://vndb.org/v37454,30,FOUND,Afterslave,1659499200000,1786132828461,2026-08-08T12:07:45.053966+00:00
1673020,All Ashes and Illusions,2022-08-03,2022-08,steam_store_search,True,True,INTERSECTION,True,,v32194,r82884,All Ashes and Illusions,complete,True,All Ashes and Illusions,$12.99,False,https://store.steampowered.com/app/1673020/,https://vndb.org/v32194,1212,FOUND,All Ashes and Illusions,1659499200000,1786132828461,2026-08-08T12:07:45.053966+00:00
1866180,Hooked on You: A Dead by Daylight Dating Sim™,2022-08-03,2022-08,steam_store_search,True,True,INTERSECTION,True,,v36630,r92757,Hooked on You: A Dead by Daylight Dating Sim™,complete,True,Hooked on You: A Dead by Daylight Dating Sim™,-60%,False,https://store.steampowered.com/app/1866180/,https://vndb.org/v36630,237857,FOUND,Hooked on You: A Dead by Daylight Dating Sim™,1659499200000,1786132828461,2026-08-08T12:07:45.053966+00:00
2060000,Great Deceiver,2022-08-04,2022-08,steam_store_search,True,True,INTERSECTION,True,,v25784,r93911,GREAT DECEIVER,complete,True,Great Deceiver,$19.99,False,https://store.steampowered.com/app/2060000/,https://vndb.org/v25784,4060,FOUND,Great Deceiver,1659585600000,1786132828461,2026-08-08T12:07:45.053966+00:00
615530,"Love, Money, Rock'n'Roll",2022-08-04,2022-08,steam_store_search,True,True,INTERSECTION,True,,v18809,r138771,"Ljubov', Den'gi, Rok-n-Roll",complete,True,"Love, Money, Rock'n'Roll",-30%,False,https://store.steampowered.com/app/615530/,https://vndb.org/v18809,80030,FOUND,"Love, Money, Rock'n'Roll",1659585600000,1786132828461,2026-08-08T12:07:45.053966+00:00
1949440,Burrow of the Fallen Bear: A Gay Furry Visual Novel,2022-08-05,2022-08,steam_store_search,True,True,INTERSECTION,True,,v35243,r89913,Burrow of the Fallen Bear,complete,True,Burrow of the Fallen Bear: A Gay Furry Visual Novel,$19.99,False,https://store.steampowered.com/app/1949440/,https://vndb.org/v35243,735,FOUND,Burrow of the Fallen Bear: A Gay Furry Visual Novel,1659672000000,1786132828461,2026-08-08T12:07:45.053966+00:00
1931440,Miko no Kanata: Curious Tales from Oguni Shrine -Cycles-,2022-08-05,2022-08,steam_store_search,True,True,INTERSECTION,True,,v17272,r52378,Miko no Kanata: Okuni Jinja Ibunroku ~Rin no Shou~,complete,True,Miko no Kanata: Curious Tales from Oguni Shrine -Cycles-,$12.99,False,https://store.steampowered.com/app/1931440/,https://vndb.org/v17272,175,FOUND,Miko no Kanata: Curious Tales from Oguni Shrine -Cycles-,1659672000000,1786132828461,2026-08-08T12:07:45.053966+00:00
2088680,天香与小百合 - Tinheung & Sayuri,2022-08-05,2022-08,steam_store_search,True,True,INTERSECTION,True,,v54200,r137797,Tianxiang yu Xiaobaihe,complete,True,天香与小百合 - Tinheung & Sayuri,$0.99,False,https://store.steampowered.com/app/2088680/,https://vndb.org/v54200,2825,FOUND,天香与小百合 - Tinheung & Sayuri,1659672000000,1786132828461,2026-08-08T12:07:45.053966+00:00
2002430,♡beAt! -After the Summer-,2022-08-08,2022-08,steam_store_search,True,True,INTERSECTION,True,,v34650,r102634;r91448,♡beAt! -After the Summer-,complete,True,♡beAt! -After the Summer-,$4.99,False,https://store.steampowered.com/app/2002430/,https://vndb.org/v34650,110,FOUND,♡beAt! -After the Summer-,1659931200000,1786132828461,2026-08-08T12:07:45.053966+00:00
1874080,ファントムゾーン・タロン・フィクションズ phantom Zone Talon Fictions,2022-08-10,2022-08,steam_store_search,True,True,INTERSECTION,True,,v34902,r89309,Phantom Zone: Talon Fictions,complete,True,ファントムゾーン・タロン・フィクションズ phantom Zone Talon Fictions,$12.99,False,https://store.steampowered.com/app/1874080/,https://vndb.org/v34902,1,FOUND,ファントムゾーン・タロン・フィクションズ　phantom Zone Talon Fictions,1660104000000,1786132828461,2026-08-08T12:07:45.053966+00:00
2077040,明日、初めて彼女と❤,2022-08-10,2022-08,steam_store_search,True,True,INTERSECTION,True,,v37560,r94488,"Ashita, Hajimete Kanojo to ❤",complete,True,明日、初めて彼女と❤,Free,True,https://store.steampowered.com/app/2077040/,https://vndb.org/v37560,2295,FOUND,明日、初めて彼女と❤,1660104000000,1786132828461,2026-08-08T12:07:45.053966+00:00
1983740,Cryptid Coffeehouse,2022-08-11,2022-08,steam_store_search,True,True,INTERSECTION,True,,v36276,r118352;r94550,Cryptid Coffeehouse,complete,True,Cryptid Coffeehouse,Free,True,https://store.steampowered.com/app/1983740/,https://vndb.org/v36276,2400,FOUND,Cryptid Coffeehouse,1660190400000,1786132828461,2026-08-08T12:07:45.053966+00:00
1729340,Midnight School Walk 真夜中学園さんぽ,2022-08-11,2022-08,steam_store_search,True,True,INTERSECTION,True,,v37582,r94532,Mayonaka Gakuen Sanpo,complete,True,Midnight School Walk 真夜中学園さんぽ,$9.99,False,https://store.steampowered.com/app/1729340/,https://vndb.org/v37582,45,FOUND,Midnight School Walk 真夜中学園さんぽ,1660190400000,1786132828461,2026-08-08T12:07:45.053966+00:00
2004980,Revenge of the Orcs: Flag of Conquest,2022-08-11,2022-08,steam_store_search,True,True,INTERSECTION,True,,v24333,r93072,Orc to Bijo Dorei ~Otosareta Uruwashiki Senshi-tachi~,complete,True,Revenge of the Orcs: Flag of Conquest,$14.99,False,https://store.steampowered.com/app/2004980/,https://vndb.org/v24333,1845,FOUND,Revenge of the Orcs: Flag of Conquest,1660190400000,1786132828461,2026-08-08T12:07:45.053966+00:00
1972190,Animal Trail ☆ Girlish Square,2022-08-12,2022-08,steam_store_search,True,True,INTERSECTION,True,,v31669,r84283,Kemonomichi ☆ Girlish Square,complete,True,Animal Trail ☆ Girlish Square,$14.99,False,https://store.steampowered.com/app/1972190/,https://vndb.org/v31669,1757,FOUND,Animal Trail ☆ Girlish Square,1660276800000,1786132828461,2026-08-08T12:07:45.053966+00:00
2057400,Ferrule Instincts,2022-08-12,2022-08,steam_store_search,True,True,INTERSECTION,True,,v37593,r94552,Ferrule Instincts,complete,True,Ferrule Instincts,$2.99,False,https://store.steampowered.com/app/2057400/,https://vndb.org/v37593,35,FOUND,Ferrule Instincts,1660276800000,1786132828461,2026-08-08T12:07:45.053966+00:00
1846270,Re;quartz零度,2022-08-12,2022-08,steam_store_search,True,True,INTERSECTION,True,,v25005,r115154;r66790,Re;quartz Reido,complete,True,Re;quartz零度,$34.99,False,https://store.steampowered.com/app/1846270/,https://vndb.org/v25005,1466,FOUND,Re;quartz零度,1660276800000,1786132828461,2026-08-08T12:07:45.053966+00:00
2098470,What if George Washington was a Girl?,2022-08-12,2022-08,steam_store_search,True,True,INTERSECTION,True,,v37594,r94553,What if George Washington was a Girl?,complete,True,What if George Washington was a Girl?,Free,True,https://store.steampowered.com/app/2098470/,https://vndb.org/v37594,6526,FOUND,What if George Washington was a Girl?,1660276800000,1786132828461,2026-08-08T12:07:45.053966+00:00
2066360,Yumahorome ~Toki o Tometa Yakata de Asu o Sagasu Maigo-tachi~,2022-08-12,2022-08,steam_store_search,True,True,INTERSECTION,True,,v33996,r92847,Yumahorome ~Toki o Tometa Yakata de Asu o Sagasu Maigo-tachi~,complete,True,Yumahorome ~Toki o Tometa Yakata de Asu o Sagasu Maigo-tachi~,$29.99,False,https://store.steampowered.com/app/2066360/,https://vndb.org/v33996,5862,FOUND,Yumahorome ~Toki o Tometa Yakata de Asu o Sagasu Maigo-tachi~,1660276800000,1786132828461,2026-08-08T12:07:45.053966+00:00
2018640,My Cat Girl Lover,2022-08-15,2022-08,steam_store_search,True,True,INTERSECTION,True,,v36885,r122132,Wo de Maoniang Lianren,complete,True,My Cat Girl Lover,$2.99,False,https://store.steampowered.com/app/2018640/,https://vndb.org/v36885,5281,FOUND,My Cat Girl Lover,1660536000000,1786132828461,2026-08-08T12:07:45.053966+00:00
1930440,Who Is The Red Queen?,2022-08-15,2022-08,steam_store_search,True,True,INTERSECTION,True,,v32168,r91363,Who is the Red Queen?,complete,True,Who Is The Red Queen?,Free,True,https://store.steampowered.com/app/1930440/,https://vndb.org/v32168,7777,FOUND,Who Is The Red Queen?,1660536000000,1786132828461,2026-08-08T12:07:45.053966+00:00
2014180,大分・別府ミステリー案内 歪んだ竹灯篭,2022-08-15,2022-08,steam_store_search,True,True,INTERSECTION,True,,v37410,r94183,Ooita Beppu Mystery Annai Yuganda Take Tourou,complete,True,大分・別府ミステリー案内 歪んだ竹灯篭,$19.99,False,https://store.steampowered.com/app/2014180/,https://vndb.org/v37410,622,FOUND,大分・別府ミステリー案内  歪んだ竹灯篭,1660536000000,1786132828461,2026-08-08T12:07:45.053966+00:00
1652040,魔女低语时,2022-08-15,2022-08,steam_store_search,True,True,INTERSECTION,True,,v37411,r94184,Monu Diyu Shi,complete,True,魔女低语时,$1.99,False,https://store.steampowered.com/app/1652040/,https://vndb.org/v37411,133,FOUND,魔女低语时,1660536000000,1786132828461,2026-08-08T12:07:45.053966+00:00
1412890,Frail Hearts: Versicorae Domlion,2022-08-16,2022-08,steam_store_search,True,True,INTERSECTION,True,,v35981,r95294,Frail Hearts: Versicorae Domlion,complete,True,Frail Hearts: Versicorae Domlion,-85%,False,https://store.steampowered.com/app/1412890/,https://vndb.org/v35981,2302,FOUND,Frail Hearts: Versicorae Domlion,1660622400000,1786132828461,2026-08-08T12:07:45.053966+00:00
1684660,natsuno-kanata - beyond the summer,2022-08-17,2022-08,steam_store_search,True,True,INTERSECTION,True,,v31854,r81900,Natsuno Kanata,complete,True,natsuno-kanata - beyond the summer,Free,True,https://store.steampowered.com/app/1684660/,https://vndb.org/v31854,46817,FOUND,natsuno-kanata - beyond the summer,1660708800000,1786132828461,2026-08-08T12:07:45.053966+00:00
1947690,B.I.N.D.,2022-08-18,2022-08,steam_store_search,True,True,INTERSECTION,True,,v37348,r94093,B.I.N.D.,complete,True,B.I.N.D.,$14.99,False,https://store.steampowered.com/app/1947690/,https://vndb.org/v37348,101,FOUND,B.I.N.D.,1660795200000,1786132828461,2026-08-08T12:07:45.053966+00:00
1646350,夏恋幻梦,2022-08-18,2022-08,steam_store_search,True,True,INTERSECTION,True,,v37731,r94790,Xia Lian Huanmeng,complete,True,夏恋幻梦,$4.99,False,https://store.steampowered.com/app/1646350/,https://vndb.org/v37731,4508,FOUND,夏恋幻梦,1660795200000,1786132828461,2026-08-08T12:07:45.053966+00:00
1677890,Soul Light,2022-08-19,2022-08,steam_store_search,True,True,INTERSECTION,True,,v37733,r94792,Soul Light,complete,True,Soul Light,$6.99,False,https://store.steampowered.com/app/1677890/,https://vndb.org/v37733,366,FOUND,Soul Light,1660881600000,1786132828461,2026-08-08T12:07:45.053966+00:00
1950570,Tales from Toyotoki: Arrival of the Witch (The witch of the Ihanashi),2022-08-19,2022-08,steam_store_search,True,True,INTERSECTION,True,,v32758,r111509;r121318,Ihanashi no Majo,complete,True,Tales from Toyotoki: Arrival of the Witch (The witch of the Ihanashi),$24.98,False,https://store.steampowered.com/app/1950570/,https://vndb.org/v32758,15367,FOUND,Tales from Toyotoki: Arrival of the Witch (The witch of the Ihanashi),1660881600000,1786132828461,2026-08-08T12:07:45.053966+00:00
2002410,The Robot Girl Meets The Human!,2022-08-19,2022-08,steam_store_search,True,True,INTERSECTION,True,,v38101,r95455,Robotgirl Meets Human!,complete,True,The Robot Girl Meets The Human!,Free,True,https://store.steampowered.com/app/2002410/,https://vndb.org/v38101,4536,FOUND,The Robot Girl Meets The Human!,1660881600000,1786132828461,2026-08-08T12:07:45.053966+00:00
2010830,Your Love Story 被你忘记的那个夏天,2022-08-19,2022-08,steam_store_search,True,True,INTERSECTION,True,,v37732,r104521,Bei Ni Wangji Di Nage Xiatian,complete,True,Your Love Story 被你忘记的那个夏天,$1.99,False,https://store.steampowered.com/app/2010830/,https://vndb.org/v37732,4076,FOUND,Your Love Story 被你忘记的那个夏天,1660881600000,1786132828461,2026-08-08T12:07:45.053966+00:00
2095070,外道催眠術師と囚われのマリオネット - The Savage Hypnotist's Puppets -,2022-08-24,2022-08,steam_store_search,True,True,INTERSECTION,True,,v22322,r94456,O-SHI-KA-KE Saiminjutsushi ~Toraware no In'yoku Marionette~,complete,True,外道催眠術師と囚われのマリオネット - The Savage Hypnotist's Puppets -,-50%,False,https://store.steampowered.com/app/2095070/,https://vndb.org/v22322,60,FOUND,外道催眠術師と囚われのマリオネット - The Savage Hypnotist's Puppets -,1661313600000,1786132828461,2026-08-08T12:07:45.053966+00:00
1148760,I Was a Teenage Exocolonist,2022-08-25,2022-08,steam_store_search,True,True,INTERSECTION,True,,v37868,r94990,I Was a Teenage Exocolonist,complete,True,I Was a Teenage Exocolonist,$24.99,False,https://store.steampowered.com/app/1148760/,https://vndb.org/v37868,179550,FOUND,I Was a Teenage Exocolonist,1661400000000,1786132828461,2026-08-08T12:07:45.053966+00:00
2096400,TAMAKAGURA: Tales of Turmoil,2022-08-25,2022-08,steam_store_search,True,True,INTERSECTION,True,,v28839,r95002,Tama Kagura ~Funtouki~,complete,True,TAMAKAGURA: Tales of Turmoil,$19.99,False,https://store.steampowered.com/app/2096400/,https://vndb.org/v28839,251,FOUND,TAMAKAGURA: Tales of Turmoil,1661400000000,1786132828461,2026-08-08T12:07:45.053966+00:00
1983270,The Days Without Gods,2022-08-25,2022-08,steam_store_search,True,True,INTERSECTION,True,,v37845,r94948,Zengyu Shen Jia Yu Huangyan,complete,True,The Days Without Gods,$2.99,False,https://store.steampowered.com/app/1983270/,https://vndb.org/v37845,2414,FOUND,The Days Without Gods,1661400000000,1786132828461,2026-08-08T12:07:45.053966+00:00
2098540,슬픈 가족사 - 산장으로부터의 탈출,2022-08-25,2022-08,steam_store_search,True,True,INTERSECTION,True,,v37242,r93937,Seulpeun Gajogsa - Sanjang-eulobuteoui Talchul,complete,True,슬픈 가족사 - 산장으로부터의 탈출,-66%,False,https://store.steampowered.com/app/2098540/,https://vndb.org/v37242,171,FOUND,슬픈 가족사 - 산장으로부터의 탈출,1661400000000,1786132828461,2026-08-08T12:07:45.053966+00:00
1198850,How to Build a Magnificent Kingdom,2022-08-26,2022-08,steam_store_search,True,True,INTERSECTION,True,,v37921,r95103,Subarashiki Kokka no Kizukikata,complete,True,How to Build a Magnificent Kingdom,$24.99,False,https://store.steampowered.com/app/1198850/,https://vndb.org/v37921,16049,FOUND,How to Build a Magnificent Kingdom,1661486400000,1786132828461,2026-08-08T12:07:45.053966+00:00
2115510,Interquel幕間折,2022-08-26,2022-08,steam_store_search,True,True,INTERSECTION,True,,v37896,r95046,Mu Jian Zhe,complete,True,Interquel幕間折,Free,True,https://store.steampowered.com/app/2115510/,https://vndb.org/v37896,599,FOUND,Interquel幕間折,1661486400000,1786132828461,2026-08-08T12:07:45.053966+00:00
2093420,Making Lovers After Stories,2022-08-26,2022-08,steam_store_search,True,True,INTERSECTION,True,,v22594,r61619,Making * Lovers: Geki Icha After Story,complete,True,Making Lovers After Stories,$17.99,False,https://store.steampowered.com/app/2093420/,https://vndb.org/v22594,1402,FOUND,Making Lovers After Stories,1661486400000,1786132828461,2026-08-08T12:07:45.053966+00:00
1499690,夢游仙境ロマネスク: Chronicles of Refugia,2022-08-26,2022-08,steam_store_search,True,True,INTERSECTION,True,,v32810,r84696,Muyuu Senkyou Romanesque: Chronicles of Refugia,complete,True,夢游仙境ロマネスク: Chronicles of Refugia,$11.99,False,https://store.steampowered.com/app/1499690/,https://vndb.org/v32810,765,FOUND,夢游仙境ロマネスク: Chronicles of Refugia,1661486400000,1786132828461,2026-08-08T12:07:45.053966+00:00
2116600,럭키 스태미나,2022-08-27,2022-08,steam_store_search,True,True,INTERSECTION,True,,v37608,r94581,Lucky Stamina,complete,True,럭키 스태미나,Free,True,https://store.steampowered.com/app/2116600/,https://vndb.org/v37608,4331,FOUND,럭키 스태미나,1661572800000,1786132828461,2026-08-08T12:07:45.053966+00:00
1938040,Royal Duality,2022-08-29,2022-08,steam_store_search,True,True,INTERSECTION,True,,v37936,r95178,Royal Duality,complete,True,Royal Duality,Free,True,https://store.steampowered.com/app/1938040/,https://vndb.org/v37936,945,FOUND,Royal Duality,1661745600000,1786132828461,2026-08-08T12:07:45.053966+00:00
2096710,"I Can't Hear Your Words, So I Want To Listen To Your Heart",2022-08-30,2022-08,steam_store_search,True,True,INTERSECTION,True,,v37916,r95092,"Ting Budao Ni de Huayu de Wo, Xiangyao Jing Jing Lingting Ni de Xin",complete,True,"I Can't Hear Your Words, So I Want To Listen To Your Heart",$4.99,False,https://store.steampowered.com/app/2096710/,https://vndb.org/v37916,810,FOUND,"I Can't Hear Your Words, So I Want To Listen To Your Heart",1661832000000,1786132828461,2026-08-08T12:07:45.053966+00:00
1965580,The Last Secret,2022-08-30,2022-08,steam_store_search,True,True,INTERSECTION,True,,v37962,r95205,The Last Secret,complete,True,The Last Secret,Free,True,https://store.steampowered.com/app/1965580/,https://vndb.org/v37962,6273,FOUND,The Last Secret,1661832000000,1786132828461,2026-08-08T12:07:45.053966+00:00
1934800,a pet shop after dark,2022-08-30,2022-08,steam_store_search,True,True,INTERSECTION,True,,v29582,r112457;r92388,a pet shop after dark,complete,True,a pet shop after dark,$9.99,False,https://store.steampowered.com/app/1934800/,https://vndb.org/v29582,8028,FOUND,a pet shop after dark,1661832000000,1786132828461,2026-08-08T12:07:45.053966+00:00
1997680,REFLEXIA Prototype ver.,2022-08-31,2022-08,steam_store_search,True,True,INTERSECTION,True,,v38013,r122562,REFLEXIA Prototype ver.,complete,True,REFLEXIA Prototype ver.,Free,True,https://store.steampowered.com/app/1997680/,https://vndb.org/v38013,295498,FOUND,REFLEXIA Prototype ver.,1661918400000,1786132828461,2026-08-08T12:07:45.053966+00:00
2003550,Alice's Warped Wonderland:REcollection,2022-09-01,2022-09,steam_store_search,True,True,INTERSECTION,True,,v38033,r95310,Yugami no Kuni no Alice,complete,True,Alice's Warped Wonderland:REcollection,$24.99,False,https://store.steampowered.com/app/2003550/,https://vndb.org/v38033,269,FOUND,Alice's Warped Wonderland:REcollection,1662004800000,1786132828461,2026-08-08T12:07:45.053966+00:00
1934180,Hot“Sento Girls”and love,2022-09-01,2022-09,steam_store_search,True,True,INTERSECTION,True,,v37219,r93933,Sentou Kanojo -Koi mo Ofuro mo Atsuatsu de-,complete,True,Hot“Sento Girls”and love,$15.99,False,https://store.steampowered.com/app/1934180/,https://vndb.org/v37219,759,FOUND,Hot“Sento Girls”and love,1662004800000,1786132828461,2026-08-08T12:07:45.053966+00:00
1950310,Until The End,2022-09-01,2022-09,steam_store_search,True,True,INTERSECTION,True,,v36081,r91854,Until The End,complete,True,Until The End,$4.99,False,https://store.steampowered.com/app/1950310/,https://vndb.org/v36081,167,FOUND,Until The End,1662004800000,1786132828461,2026-08-08T12:07:45.053966+00:00
2133930,Stillwater,2022-09-06,2022-09,steam_store_search,True,True,INTERSECTION,True,,v32456,r115952,Stillwater,complete,True,Stillwater,Free,True,https://store.steampowered.com/app/2133930/,https://vndb.org/v32456,15334,FOUND,Stillwater,1662436800000,1786132828461,2026-08-08T12:07:45.053966+00:00
2126870,HimeYoku: A Sacrifice of Lust and Grace,2022-09-08,2022-09,steam_store_search,True,True,INTERSECTION,True,,v25838,r95300,Hime to Aiyoku no Sacrifice,complete,True,HimeYoku: A Sacrifice of Lust and Grace,$19.99,False,https://store.steampowered.com/app/2126870/,https://vndb.org/v25838,4613,FOUND,HimeYoku: A Sacrifice of Lust and Grace,1662609600000,1786132828461,2026-08-08T12:07:45.053966+00:00
2099400,Odd Guy Meets Odd Farmers - Comedy Boys Love (BL) Visual Novel,2022-09-08,2022-09,steam_store_search,True,True,INTERSECTION,True,,v37213,r93883,Odd Guy Meets Odd Farmers,complete,True,Odd Guy Meets Odd Farmers - Comedy Boys Love (BL) Visual Novel,$4.99,False,https://store.steampowered.com/app/2099400/,https://vndb.org/v37213,352,FOUND,Odd Guy Meets Odd Farmers - Comedy Boys Love (BL) Visual Novel,1662609600000,1786132828461,2026-08-08T12:07:45.053966+00:00
2123840,回忆画册~MemoriesAlbum~,2022-09-09,2022-09,steam_store_search,True,True,INTERSECTION,True,,v38173,r95585,Huiyi Huace ~MemoriesAlbum~,complete,True,回忆画册~MemoriesAlbum~,$4.99,False,https://store.steampowered.com/app/2123840/,https://vndb.org/v38173,1153,FOUND,回忆画册~MemoriesAlbum~,1662696000000,1786132828461,2026-08-08T12:07:45.053966+00:00
2129910,Chris Isn't Alone,2022-09-12,2022-09,steam_store_search,True,True,INTERSECTION,True,,v38251,r95747,Chris Isn't Alone,complete,True,Chris Isn't Alone,Free,True,https://store.steampowered.com/app/2129910/,https://vndb.org/v38251,2205,FOUND,Chris Isn't Alone,1662955200000,1786132828461,2026-08-08T12:07:45.053966+00:00
1959530,Extra Case: My Girlfriend's Secrets,2022-09-12,2022-09,steam_store_search,True,True,INTERSECTION,True,,v40461,r99723,Anjian EX: Nüyou de Mimi,complete,True,Extra Case: My Girlfriend's Secrets,-20%,False,https://store.steampowered.com/app/1959530/,https://vndb.org/v40461,3276,FOUND,Extra Case: My Girlfriend's Secrets,1662955200000,1786132828461,2026-08-08T12:07:45.053966+00:00
1155970,Roadwarden,2022-09-12,2022-09,steam_store_search,True,True,INTERSECTION,True,,v36551,r92556,Roadwarden,complete,True,Roadwarden,-75%,False,https://store.steampowered.com/app/1155970/,https://vndb.org/v36551,286435,FOUND,Roadwarden,1662955200000,1786132828461,2026-08-08T12:07:45.053966+00:00
2116800,モノマギア・カンタービレ,2022-09-12,2022-09,steam_store_search,True,True,INTERSECTION,True,,v37852,r109270;r94959,Monomagia Cantabile,complete,True,モノマギア・カンタービレ,$29.99,False,https://store.steampowered.com/app/2116800/,https://vndb.org/v37852,199,FOUND,モノマギア・カンタービレ,1662955200000,1786132828461,2026-08-08T12:07:45.053966+00:00
1937720,Kamifuda,2022-09-13,2022-09,steam_store_search,True,True,INTERSECTION,True,,v38302,r95892,Kamifuda,complete,True,Kamifuda,$10.99,False,https://store.steampowered.com/app/1937720/,https://vndb.org/v38302,2317,FOUND,Kamifuda,1663041600000,1786132828461,2026-08-08T12:07:45.053966+00:00
2095040,猟奇リスナー ～ 狙われた姫配信者 ～ Lunatic Viewer - Streamer Girl at Risk -,2022-09-13,2022-09,steam_store_search,True,True,INTERSECTION,True,,v23300,r95335,Mesu Iki Namahousou ~Ano Ko ga Erokute Totsurimashita~,complete,True,猟奇リスナー ～ 狙われた姫配信者 ～ Lunatic Viewer - Streamer Girl at Risk -,-50%,False,https://store.steampowered.com/app/2095040/,https://vndb.org/v23300,30,FOUND,猟奇リスナー ～ 狙われた姫配信者 ～ Lunatic Viewer - Streamer Girl at Risk -,1663041600000,1786132828461,2026-08-08T12:07:45.053966+00:00
2101350,BLACK SHEEP TOWN,2022-09-15,2022-09,steam_store_search,True,True,INTERSECTION,True,,v21069,r51140,BLACK SHEEP TOWN,complete,True,BLACK SHEEP TOWN,$24.99,False,https://store.steampowered.com/app/2101350/,https://vndb.org/v21069,5095,FOUND,BLACK SHEEP TOWN,1663214400000,1786132828461,2026-08-08T12:07:45.053966+00:00
1792890,Dreamy Planet,2022-09-15,2022-09,steam_store_search,True,True,INTERSECTION,True,,v32853,r148622,Dreamy Planet,complete,True,Dreamy Planet,$6.99,False,https://store.steampowered.com/app/1792890/,https://vndb.org/v32853,1835,FOUND,Dreamy Planet,1663214400000,1786132828461,2026-08-08T12:07:45.053966+00:00
1790330,The Spanish Privateer,2022-09-16,2022-09,steam_store_search,True,True,INTERSECTION,True,,v29427,r95959,The Spanish Privateer,complete,True,The Spanish Privateer,$14.99,False,https://store.steampowered.com/app/1790330/,https://vndb.org/v29427,512,FOUND,The Spanish Privateer,1663300800000,1786132828461,2026-08-08T12:07:45.053966+00:00
2140000,Cage of Etha,2022-09-19,2022-09,steam_store_search,True,True,INTERSECTION,True,,v38366,r96040,Cage of Etha,complete,True,Cage of Etha,Free,True,https://store.steampowered.com/app/2140000/,https://vndb.org/v38366,1139,FOUND,Cage of Etha,1663560000000,1786132828461,2026-08-08T12:07:45.053966+00:00
2021690,Sakura Alien 2,2022-09-19,2022-09,steam_store_search,True,True,INTERSECTION,True,,v38108,r95464,Sakura Alien 2,complete,True,Sakura Alien 2,$9.99,False,https://store.steampowered.com/app/2021690/,https://vndb.org/v38108,1361,FOUND,Sakura Alien 2,1663560000000,1786132828461,2026-08-08T12:07:45.053966+00:00
2140770,千灵大陆-Qianling Mainland,2022-09-22,2022-09,steam_store_search,True,True,INTERSECTION,True,,v38151,r95546,Qianling Dalu,complete,True,千灵大陆-Qianling Mainland,$8.99,False,https://store.steampowered.com/app/2140770/,https://vndb.org/v38151,1,FOUND,千灵大陆-Qianling Mainland,1663819200000,1786132828461,2026-08-08T12:07:45.053966+00:00
2109640,Cross Concerto,2022-09-23,2022-09,steam_store_search,True,True,INTERSECTION,True,,v21647,r87326,Cross Concerto,complete,True,Cross Concerto,$29.99,False,https://store.steampowered.com/app/2109640/,https://vndb.org/v21647,3909,FOUND,Cross Concerto,1663905600000,1786132828461,2026-08-08T12:07:45.053966+00:00
2027490,Paramnesia,2022-09-23,2022-09,steam_store_search,True,True,INTERSECTION,True,,v38425,r96159,Paramnesia,complete,True,Paramnesia,$4.99,False,https://store.steampowered.com/app/2027490/,https://vndb.org/v38425,962,FOUND,Paramnesia,1663905600000,1786132828461,2026-08-08T12:07:45.053966+00:00
2062210,Watamari Part1 - A Match Made in Heaven,2022-09-23,2022-09,steam_store_search,True,True,INTERSECTION,True,,v35499,r90408,Watashi-tachi Marriage 1,complete,True,Watamari Part1 - A Match Made in Heaven,$18.99,False,https://store.steampowered.com/app/2062210/,https://vndb.org/v35499,3551,FOUND,Watamari Part1 - A Match Made in Heaven,1663905600000,1786132828461,2026-08-08T12:07:45.053966+00:00
1876730,蔚蓝月下的回忆~SAPPHIRE MOON-FOREVER MEMORIES,2022-09-24,2022-09,steam_store_search,True,True,INTERSECTION,True,,v33528,r86547,Weilan Yue Xia de Huiyi ~SAPPHIRE MOON-FOREVER MEMORIES~,complete,True,蔚蓝月下的回忆~SAPPHIRE MOON-FOREVER MEMORIES,$1.99,False,https://store.steampowered.com/app/1876730/,https://vndb.org/v33528,7189,FOUND,蔚蓝月下的回忆~SAPPHIRE MOON-FOREVER MEMORIES,1663992000000,1786132828461,2026-08-08T12:07:45.053966+00:00
2053760,Haunted Girls,2022-09-25,2022-09,steam_store_search,True,True,INTERSECTION,True,,v36338,r92179,Haunted Girls,complete,True,Haunted Girls,$4.99,False,https://store.steampowered.com/app/2053760/,https://vndb.org/v36338,400,FOUND,Haunted Girls,1664078400000,1786132828461,2026-08-08T12:07:45.053966+00:00
1319850,ValiDate: Struggling Singles in your Area,2022-09-28,2022-09,steam_store_search,True,True,INTERSECTION,True,,v30561,r78227;r90700,ValiDate: Struggling Singles in Your Area,complete;trial,True,ValiDate: Struggling Singles in your Area,$14.99,False,https://store.steampowered.com/app/1319850/,https://vndb.org/v30561,5578,FOUND,ValiDate: Struggling Singles in your Area,1664337600000,1786132828461,2026-08-08T12:07:45.053966+00:00
1385500,WTC : Relentless Protagonist [SxS],2022-09-28,2022-09,steam_store_search,True,True,INTERSECTION,True,,v29896,r76549;r87373,WTC : Relentless Protagonist,complete;trial,True,WTC : Relentless Protagonist [SxS],$6.99,False,https://store.steampowered.com/app/1385500/,https://vndb.org/v29896,1,FOUND,WTC : Relentless Protagonist [SxS],1664337600000,1786132828461,2026-08-08T12:07:45.053966+00:00
2112520,her tears were my light,2022-09-28,2022-09,steam_store_search,True,True,INTERSECTION,True,,v19234,r111723;r159746,her tears were my light,complete,True,her tears were my light,$2.99,False,https://store.steampowered.com/app/2112520/,https://vndb.org/v19234,9917,FOUND,her tears were my light,1664337600000,1786132828461,2026-08-08T12:07:45.053966+00:00
2085230,Dawn of Kagura: Maika's Story - The Dragon's Wrath,2022-09-29,2022-09,steam_store_search,True,True,INTERSECTION,True,,v27118,r93069,Kagura Reimeiki ~Maika no Shou~ Ni,complete,True,Dawn of Kagura: Maika's Story - The Dragon's Wrath,$19.99,False,https://store.steampowered.com/app/2085230/,https://vndb.org/v27118,299,FOUND,Dawn of Kagura: Maika's Story - The Dragon's Wrath,1664424000000,1786132828461,2026-08-08T12:07:45.053966+00:00
2026520,东方异乡录 ~the Apocryphal Gensoukyou,2022-09-29,2022-09,steam_store_search,True,True,INTERSECTION,True,,v36589,r92624,Dongfang Yixiang Lu ~the Apocryphal Gensoukyou,complete,True,东方异乡录 ~the Apocryphal Gensoukyou,$2.99,False,https://store.steampowered.com/app/2026520/,https://vndb.org/v36589,4725,FOUND,东方异乡录 ~the Apocryphal Gensoukyou,1664424000000,1786132828461,2026-08-08T12:07:45.053966+00:00
1979220,Coalescence,2022-09-30,2022-09,steam_store_search,True,True,INTERSECTION,True,,v38327,r95971,Coalescence,complete,True,Coalescence,Free,True,https://store.steampowered.com/app/1979220/,https://vndb.org/v38327,540,FOUND,Coalescence,1664510400000,1786132828461,2026-08-08T12:07:45.053966+00:00
2055540,Graveyard Girls,2022-09-30,2022-09,steam_store_search,True,True,INTERSECTION,True,,v32431,r95584,Graveyard Girls,complete,True,Graveyard Girls,Free,True,https://store.steampowered.com/app/2055540/,https://vndb.org/v32431,10832,FOUND,Graveyard Girls,1664510400000,1786132828461,2026-08-08T12:07:45.053966+00:00
1604380,Hamidashi Creative,2022-09-30,2022-09,steam_store_search,True,True,INTERSECTION,True,,v27449,r93140;r94751,Hamidashi Creative,complete,True,Hamidashi Creative,,False,https://store.steampowered.com/app/1604380/,https://vndb.org/v27449,52760,FOUND,Hamidashi Creative,1664510400000,1786132828461,2026-08-08T12:07:45.053966+00:00
2128560,Mycorrhiza,2022-09-30,2022-09,steam_store_search,True,True,INTERSECTION,True,,v30960,r79309,Mycorrhiza,complete,True,Mycorrhiza,$11.99,False,https://store.steampowered.com/app/2128560/,https://vndb.org/v30960,341,FOUND,Mycorrhiza,1664510400000,1786132828461,2026-08-08T12:07:45.053966+00:00
2122430,Renai X Royale - Love's a Battle,2022-09-30,2022-09,steam_store_search,True,True,INTERSECTION,True,,v28633,r91529,Ren'ai x Royale,complete,True,Renai X Royale - Love's a Battle,$29.99,False,https://store.steampowered.com/app/2122430/,https://vndb.org/v28633,4612,FOUND,Renai X Royale - Love's a Battle,1664510400000,1786132828461,2026-08-08T12:07:45.053966+00:00
1653180,What Is Love? Anime Visual Novel Vol. 1,2022-09-30,2022-09,steam_store_search,True,True,INTERSECTION,True,,v38541,r96402,What Is Love?,complete,True,What Is Love? Anime Visual Novel Vol. 1,$18.99,False,https://store.steampowered.com/app/1653180/,https://vndb.org/v38541,921,FOUND,What Is Love? Anime Visual Novel Vol. 1,1664510400000,1786132828461,2026-08-08T12:07:45.053966+00:00
1427340,Witchy Life Story,2022-09-30,2022-09,steam_store_search,True,True,INTERSECTION,True,,v36574,r92588,Witchy Life Story,complete,True,Witchy Life Story,$19.99,False,https://store.steampowered.com/app/1427340/,https://vndb.org/v36574,68651,FOUND,Witchy Life Story,1664510400000,1786132828461,2026-08-08T12:07:45.053966+00:00
1956600,Yusetsu,2022-09-30,2022-09,steam_store_search,True,True,INTERSECTION,True,,v38520,r96370,Rongxue,complete,True,Yusetsu,$16.99,False,https://store.steampowered.com/app/1956600/,https://vndb.org/v38520,56765,FOUND,Yusetsu,1664510400000,1786132828461,2026-08-08T12:07:45.053966+00:00
2025610,Once Again,2022-10-03,2022-10,steam_store_search,True,True,INTERSECTION,True,,v55889,r134640,Zai Jian,complete,True,Once Again,$3.99,False,https://store.steampowered.com/app/2025610/,https://vndb.org/v55889,20010,FOUND,Once Again,1664769600000,1786132828461,2026-08-08T12:07:45.053966+00:00
2021080,Godland : The Fire Quest 2,2022-10-04,2022-10,steam_store_search,True,True,INTERSECTION,True,,v38388,r96074,Godland : The Fire Quest 2,complete,True,Godland : The Fire Quest 2,$19.99,False,https://store.steampowered.com/app/2021080/,https://vndb.org/v38388,1,FOUND,Godland : The Fire Quest 2,1664856000000,1786132828461,2026-08-08T12:07:45.053966+00:00
1297340,Ryclaw: Hope,2022-10-05,2022-10,steam_store_search,True,True,INTERSECTION,True,,v38653,r96597,Ryclaw: Hope,complete,True,Ryclaw: Hope,$0.99,False,https://store.steampowered.com/app/1297340/,https://vndb.org/v38653,203,FOUND,Ryclaw: Hope,1664942400000,1786132828461,2026-08-08T12:07:45.053966+00:00
2119940,Her World,2022-10-06,2022-10,steam_store_search,True,True,INTERSECTION,True,,v39613,r98290,Geunyeoui Segye,complete,True,Her World,$14.99,False,https://store.steampowered.com/app/2119940/,https://vndb.org/v39613,8684,FOUND,Her World,1665028800000,1786132828461,2026-08-08T12:07:45.053966+00:00
2142860,Neuro Horror,2022-10-06,2022-10,steam_store_search,True,True,INTERSECTION,True,,v38676,r96645,Neuro Horror,complete,True,Neuro Horror,$0.99,False,https://store.steampowered.com/app/2142860/,https://vndb.org/v38676,872,FOUND,Neuro Horror,1665028800000,1786132828461,2026-08-08T12:07:45.053966+00:00
1961950,CHAOS;HEAD NOAH,2022-10-07,2022-10,steam_store_search,True,True,INTERSECTION,True,,v22505,r93152,CHAOS;HEAD NOAH,complete,True,CHAOS;HEAD NOAH,-80%,False,https://store.steampowered.com/app/1961950/,https://vndb.org/v22505,97309,FOUND,CHAOS;HEAD NOAH,1665115200000,1786132828461,2026-08-08T12:07:45.053966+00:00
2160000,Trapped with Jester,2022-10-10,2022-10,steam_store_search,True,True,INTERSECTION,True,,v37308,r104889;r132144,Trapped with Jester,complete,True,Trapped with Jester,Free,True,https://store.steampowered.com/app/2160000/,https://vndb.org/v37308,113930,FOUND,Trapped with Jester,1665374400000,1786132828461,2026-08-08T12:07:45.053966+00:00
2168610,Absent in the Rain,2022-10-13,2022-10,steam_store_search,True,True,INTERSECTION,True,,v32855,r106308;r110475;r113701;r120925;r143502;r84870,Ame ni Shite Hito o Hazure,complete,True,Absent in the Rain,Free,True,https://store.steampowered.com/app/2168610/,https://vndb.org/v32855,39017,FOUND,Absent in the Rain,1665633600000,1786132828461,2026-08-08T12:07:45.053966+00:00
2125100,Be My Loyal Subject - Historical Boys Love (BL) Visual Novel,2022-10-13,2022-10,steam_store_search,True,True,INTERSECTION,True,,v37711,r94745,Be My Loyal Subject,complete,True,Be My Loyal Subject - Historical Boys Love (BL) Visual Novel,$4.99,False,https://store.steampowered.com/app/2125100/,https://vndb.org/v37711,182,FOUND,Be My Loyal Subject - Historical Boys Love (BL) Visual Novel,1665633600000,1786132828461,2026-08-08T12:07:45.053966+00:00
2150510,Fantasia Medieval,2022-10-13,2022-10,steam_store_search,True,True,INTERSECTION,True,,v38888,r97003,Fantasia Medieval,complete,True,Fantasia Medieval,Free,True,https://store.steampowered.com/app/2150510/,https://vndb.org/v38888,6237,FOUND,Fantasia Medieval,1665633600000,1786132828461,2026-08-08T12:07:45.053966+00:00
2077080,Pitstop in Purgatory,2022-10-13,2022-10,steam_store_search,True,True,INTERSECTION,True,,v36791,r94117,Pitstop in Purgatory,complete,True,Pitstop in Purgatory,-20%,False,https://store.steampowered.com/app/2077080/,https://vndb.org/v36791,1149,FOUND,Pitstop in Purgatory,1665633600000,1786132828461,2026-08-08T12:07:45.053966+00:00
1978970,Heart is Muscle,2022-10-14,2022-10,steam_store_search,True,True,INTERSECTION,True,,v34907,r89316,Heart is Muscle,complete,True,Heart is Muscle,$1.99,False,https://store.steampowered.com/app/1978970/,https://vndb.org/v34907,90,FOUND,Heart is Muscle,1665720000000,1786132828461,2026-08-08T12:07:45.053966+00:00
2149580,Crush Penguin,2022-10-15,2022-10,steam_store_search,True,True,INTERSECTION,True,,v38907,r97039,Crush Penguin,complete,True,Crush Penguin,$2.99,False,https://store.steampowered.com/app/2149580/,https://vndb.org/v38907,275,FOUND,Crush Penguin,1665806400000,1786132828461,2026-08-08T12:07:45.053966+00:00
2162960,For Mother Matron,2022-10-17,2022-10,steam_store_search,True,True,INTERSECTION,True,,v38493,r96285,For Mother Matron,complete,True,For Mother Matron,Free,True,https://store.steampowered.com/app/2162960/,https://vndb.org/v38493,7349,FOUND,For Mother Matron,1665979200000,1786132828461,2026-08-08T12:07:45.053966+00:00
1965920,Cthulhu Mythos ADV Lunatic Whispers,2022-10-18,2022-10,steam_store_search,True,True,INTERSECTION,True,,v61059,r160131,Cthulhu Mythos ADV: Yami ni Sasayaku Kyouki,complete,True,Cthulhu Mythos ADV Lunatic Whispers,$9.99,False,https://store.steampowered.com/app/1965920/,https://vndb.org/v61059,6767,FOUND,Cthulhu Mythos ADV Lunatic Whispers,1666065600000,1786132828461,2026-08-08T12:07:45.053966+00:00
1985510,Ukraine War Stories,2022-10-18,2022-10,steam_store_search,True,True,INTERSECTION,True,,v38091,r95424,Ukraine War Stories,complete,True,Ukraine War Stories,Free,True,https://store.steampowered.com/app/1985510/,https://vndb.org/v38091,44917,FOUND,Ukraine War Stories,1666065600000,1786132828461,2026-08-08T12:07:45.053966+00:00
2172420,Wolfskin's Curse,2022-10-18,2022-10,steam_store_search,True,True,INTERSECTION,True,,v32476,r89298,Wolfskin's Curse,complete,True,Wolfskin's Curse,Free,True,https://store.steampowered.com/app/2172420/,https://vndb.org/v32476,6844,FOUND,Wolfskin's Curse,1666065600000,1786132828461,2026-08-08T12:07:45.053966+00:00
2170580,Glass Hearts,2022-10-19,2022-10,steam_store_search,True,True,INTERSECTION,True,,v34304,r96517,Glass Hearts,complete,True,Glass Hearts,$19.99,False,https://store.steampowered.com/app/2170580/,https://vndb.org/v34304,96,FOUND,Glass Hearts,1666152000000,1786132828461,2026-08-08T12:07:45.053966+00:00
2131780,Pure-hearted Gyaru and the Shape of Happiness,2022-10-19,2022-10,steam_store_search,True,True,INTERSECTION,True,,v22595,r96582,Imadoki Joshi ~Kokoro wa Junjou - Afureru Inbikou~,complete,True,Pure-hearted Gyaru and the Shape of Happiness,-50%,False,https://store.steampowered.com/app/2131780/,https://vndb.org/v22595,20,FOUND,Pure-hearted Gyaru and the Shape of Happiness,1666152000000,1786132828461,2026-08-08T12:07:45.053966+00:00
2132900,/Conspiracy/ Girls >The Madness of Madison Delaroux,2022-10-20,2022-10,steam_store_search,True,True,INTERSECTION,True,,v38150,r95544,/Conspiracy/ Girls >The Madness of Madison Delaroux,complete,True,/Conspiracy/ Girls >The Madness of Madison Delaroux,$17.76,False,https://store.steampowered.com/app/2132900/,https://vndb.org/v38150,83,FOUND,/Conspiracy/ Girls >The Madness of Madison Delaroux,1666238400000,1786132828461,2026-08-08T12:07:45.053966+00:00
1903720,With Good Intentions,2022-10-20,2022-10,steam_store_search,True,True,INTERSECTION,True,,v36586,r92617,Blagimi namerenijami,complete,True,With Good Intentions,$4.99,False,https://store.steampowered.com/app/1903720/,https://vndb.org/v36586,932,FOUND,With Good Intentions,1666238400000,1786132828461,2026-08-08T12:07:45.053966+00:00
2177800,"Forgive My Sins & Desires, Father - Boys Love (BL) Visual Novel",2022-10-21,2022-10,steam_store_search,True,True,INTERSECTION,True,,v38723,r96717,"Forgive My Sins & Desires, Father",complete,True,"Forgive My Sins & Desires, Father - Boys Love (BL) Visual Novel",Free,True,https://store.steampowered.com/app/2177800/,https://vndb.org/v38723,6720,FOUND,"Forgive My Sins & Desires, Father - Boys Love (BL) Visual Novel",1666324800000,1786132828461,2026-08-08T12:07:45.053966+00:00
1911590,Set Sail,2022-10-21,2022-10,steam_store_search,True,True,INTERSECTION,True,,v34049,r87633,Set Sail,complete,True,Set Sail,Free,True,https://store.steampowered.com/app/1911590/,https://vndb.org/v34049,1411,FOUND,Set Sail,1666324800000,1786132828461,2026-08-08T12:07:45.053966+00:00
2017580,Pathmaster,2022-10-23,2022-10,steam_store_search,True,True,INTERSECTION,True,,v39017,r97837,Pathmaster,complete,True,Pathmaster,Free,True,https://store.steampowered.com/app/2017580/,https://vndb.org/v39017,2974,FOUND,Pathmaster,1666497600000,1786132828461,2026-08-08T12:07:45.053966+00:00
2149660,Personal Chef to the Stars,2022-10-24,2022-10,steam_store_search,True,True,INTERSECTION,True,,v38286,r95802,Personal Chef to the Stars,complete,True,Personal Chef to the Stars,$8.99,False,https://store.steampowered.com/app/2149660/,https://vndb.org/v38286,150,FOUND,Personal Chef to the Stars,1666584000000,1786132828461,2026-08-08T12:07:45.053966+00:00
2171420,Platonically Mauled by a Magic Cougar,2022-10-24,2022-10,steam_store_search,True,True,INTERSECTION,True,,v28596,r96887,Bimajo no Yuuwaku ~Kanreki Bijin Mama no Wakasa no Himitsu~,complete,True,Platonically Mauled by a Magic Cougar,$14.99,False,https://store.steampowered.com/app/2171420/,https://vndb.org/v28596,760,FOUND,Platonically Mauled by a Magic Cougar,1666584000000,1786132828461,2026-08-08T12:07:45.053966+00:00
2174930,Slippery Richard! ~ He's Taller Than My Husband ~,2022-10-24,2022-10,steam_store_search,True,True,INTERSECTION,True,,v28719,r96888,Otto yori Takumashii Mono de Tsukaretara… ~Musume ga Tsurete Kita Gaikoku Kareshi wa Haha no Watashi mo Onna ni Saseta~,complete,True,Slippery Richard! ~ He's Taller Than My Husband ~,$14.99,False,https://store.steampowered.com/app/2174930/,https://vndb.org/v28719,1389,FOUND,Slippery Richard! ~ He's Taller Than My Husband ~,1666584000000,1786132828461,2026-08-08T12:07:45.053966+00:00
2180010,Wheel of Innocence,2022-10-24,2022-10,steam_store_search,True,True,INTERSECTION,True,,v38057,r95375,Wheel of Innocence,complete,True,Wheel of Innocence,Free,True,https://store.steampowered.com/app/2180010/,https://vndb.org/v38057,5177,FOUND,Wheel of Innocence,1666584000000,1786132828461,2026-08-08T12:07:45.053966+00:00
2051100,ALPHA-NIGHTHAWK,2022-10-27,2022-10,steam_store_search,True,True,INTERSECTION,True,,v24470,r96957,ALPHA-NIGHTHAWK,complete,True,ALPHA-NIGHTHAWK,$19.99,False,https://store.steampowered.com/app/2051100/,https://vndb.org/v24470,976,FOUND,ALPHA-NIGHTHAWK,1666843200000,1786132828461,2026-08-08T12:07:45.053966+00:00
2151430,NSG,2022-10-27,2022-10,steam_store_search,True,True,INTERSECTION,True,,v30290,r96315,NVDA,complete,True,NSG,$6.99,False,https://store.steampowered.com/app/2151430/,https://vndb.org/v30290,734,FOUND,NSG,1666843200000,1786132828461,2026-08-08T12:07:45.053966+00:00
1787120,Sparkling Memories,2022-10-28,2022-10,steam_store_search,True,True,INTERSECTION,True,,v36842,r93214,Xia Ri Huahuo,complete,True,Sparkling Memories,$7.99,False,https://store.steampowered.com/app/1787120/,https://vndb.org/v36842,3358,FOUND,Sparkling Memories,1666929600000,1786132828461,2026-08-08T12:07:45.053966+00:00
1777430,恋爱绮谭 不存在的真相,2022-10-28,2022-10,steam_store_search,True,True,INTERSECTION,True,,v36674,r92845,Lian'ai Qitan ~Bu Cunzai de Zhenxiang~,complete,True,恋爱绮谭 不存在的真相,$13.99,False,https://store.steampowered.com/app/1777430/,https://vndb.org/v36674,27894,FOUND,恋爱绮谭 不存在的真相,1666929600000,1786132828461,2026-08-08T12:07:45.053966+00:00
2143340,Dark Nights,2022-10-31,2022-10,steam_store_search,True,True,INTERSECTION,True,,v23714,r65563,Dark Nights,complete,True,Dark Nights,Free,True,https://store.steampowered.com/app/2143340/,https://vndb.org/v23714,24976,FOUND,Dark Nights,1667188800000,1786132828461,2026-08-08T12:07:45.053966+00:00
1963990,Deliver Us From Evil (DUFE) - Masquerade,2022-10-31,2022-10,steam_store_search,True,True,INTERSECTION,True,,v32434,r92385,Deliver Us From Evil: Masquerade,complete,True,Deliver Us From Evil (DUFE) - Masquerade,$4.99,False,https://store.steampowered.com/app/1963990/,https://vndb.org/v32434,250,FOUND,Deliver Us From Evil (DUFE) - Masquerade,1667188800000,1786132828461,2026-08-08T12:07:45.053966+00:00
2105660,I live under your house.,2022-10-31,2022-10,steam_store_search,True,True,INTERSECTION,True,,v60056,r143508,I live under your house.,complete,True,I live under your house.,$1.99,False,https://store.steampowered.com/app/2105660/,https://vndb.org/v60056,6088,FOUND,I live under your house.,1667188800000,1786132828461,2026-08-08T12:07:45.053966+00:00
1834000,KaRu,2022-10-31,2022-10,steam_store_search,True,True,INTERSECTION,True,,v43182,r104637,KaRu,complete,True,KaRu,Free,True,https://store.steampowered.com/app/1834000/,https://vndb.org/v43182,3690,FOUND,KaRu,1667188800000,1786132828461,2026-08-08T12:07:45.053966+00:00
2121480,The Silent Huntress,2022-10-31,2022-10,steam_store_search,True,True,INTERSECTION,True,,v39308,r97773,Nima mislivicja,complete,True,The Silent Huntress,$4.99,False,https://store.steampowered.com/app/2121480/,https://vndb.org/v39308,876,FOUND,The Silent Huntress,1667188800000,1786132828461,2026-08-08T12:07:45.053966+00:00
2159720,キミもvtuberにならないか？,2022-10-31,2022-10,steam_store_search,True,True,INTERSECTION,True,,v39307,r97766,Kimi mo vtuber ni Naranai ka?,complete,True,キミもvtuberにならないか？,Free,True,https://store.steampowered.com/app/2159720/,https://vndb.org/v39307,614,FOUND,キミもvtuberにならないか？,1667188800000,1786132828461,2026-08-08T12:07:45.053966+00:00
2142810,Nameless - The Departed Cycle,2022-11-01,2022-11,steam_store_search,True,True,INTERSECTION,True,,v38724,r96719,Nameless - The Departed Cycle,complete,True,Nameless - The Departed Cycle,Free,True,https://store.steampowered.com/app/2142810/,https://vndb.org/v38724,1200,FOUND,Nameless - The Departed Cycle,1667275200000,1786132828461,2026-08-08T12:07:45.053966+00:00
1704250,Pirated Code: Admin Edition,2022-11-03,2022-11,steam_store_search,True,True,INTERSECTION,True,,v30828,r89115,Pirated Code,complete,True,Pirated Code: Admin Edition,$9.99,False,https://store.steampowered.com/app/1704250/,https://vndb.org/v30828,359,FOUND,Pirated Code: Admin Edition,1667448000000,1786132828461,2026-08-08T12:07:45.053966+00:00
2099030,No men in this house,2022-11-04,2022-11,steam_store_search,True,True,INTERSECTION,True,,v38572,r96447,V etom dome net muzhchin,complete,True,No men in this house,Free,True,https://store.steampowered.com/app/2099030/,https://vndb.org/v38572,4275,FOUND,No men in this house,1667534400000,1786132828461,2026-08-08T12:07:45.053966+00:00
2001970,Raspberry Cube,2022-11-04,2022-11,steam_store_search,True,True,INTERSECTION,True,,v22847,r93139;r97485,Raspberry Cube,complete,True,Raspberry Cube,$29.99,False,https://store.steampowered.com/app/2001970/,https://vndb.org/v22847,3356,FOUND,Raspberry Cube,1667534400000,1786132828461,2026-08-08T12:07:45.053966+00:00
2135500,Sora no Ao to Shiro to,2022-11-04,2022-11,steam_store_search,True,True,INTERSECTION,True,,v34291,r97565,Sora no Ao to Shiro to / Mabataki no Natsu,complete,True,Sora no Ao to Shiro to,$15.99,False,https://store.steampowered.com/app/2135500/,https://vndb.org/v34291,4410,FOUND,Sora no Ao to Shiro to,1667534400000,1786132828461,2026-08-08T12:07:45.053966+00:00
2175490,Lost Between the Lines,2022-11-07,2022-11,steam_store_search,True,True,INTERSECTION,True,,v39068,r146550;r97368,"Tsutawatteru no ni, Tsutawaranai",complete,True,Lost Between the Lines,$14.99,False,https://store.steampowered.com/app/2175490/,https://vndb.org/v39068,378,FOUND,Lost Between the Lines,1667797200000,1786132828461,2026-08-08T12:07:45.053966+00:00
2100460,Rainbow Heights Academy: Year 1,2022-11-10,2022-11,steam_store_search,True,True,INTERSECTION,True,,v39637,r98338,Rainbow Heights Academy: Year 1,complete,True,Rainbow Heights Academy: Year 1,Free,True,https://store.steampowered.com/app/2100460/,https://vndb.org/v39637,518,FOUND,Rainbow Heights Academy: Year 1,1668056400000,1786132828461,2026-08-08T12:07:45.053966+00:00
2169800,Lam Lam,2022-11-11,2022-11,steam_store_search,True,True,INTERSECTION,True,,v39659,r129148,Lam Lam,complete,True,Lam Lam,Free,True,https://store.steampowered.com/app/2169800/,https://vndb.org/v39659,10505,FOUND,Lam Lam,1668142800000,1786132828461,2026-08-08T12:07:45.053966+00:00
2078780,Lovelorn sanatoriumⅠ,2022-11-11,2022-11,steam_store_search,True,True,INTERSECTION,True,,v41641,r101791,Kuzhu Jiuzhu Zhongxin I,complete,True,Lovelorn sanatoriumⅠ,$7.99,False,https://store.steampowered.com/app/2078780/,https://vndb.org/v41641,91939,FOUND,Lovelorn sanatoriumⅠ,1668142800000,1786132828461,2026-08-08T12:07:45.053966+00:00
1641250,Silver Blue,2022-11-11,2022-11,steam_store_search,True,True,INTERSECTION,True,,v28831,r98356,Silver Blue,complete,True,Silver Blue,$19.99,False,https://store.steampowered.com/app/1641250/,https://vndb.org/v28831,390,FOUND,Silver Blue,1668142800000,1786132828461,2026-08-08T12:07:45.053966+00:00
2169730,The Archipelago,2022-11-11,2022-11,steam_store_search,True,True,INTERSECTION,True,,v39661,r98375,The Archipelago,complete,True,The Archipelago,Free,True,https://store.steampowered.com/app/2169730/,https://vndb.org/v39661,7529,FOUND,The Archipelago,1668142800000,1786132828461,2026-08-08T12:07:45.053966+00:00
2052140,AN IOU,2022-11-13,2022-11,steam_store_search,True,True,INTERSECTION,True,,v39688,r98424,AN IOU,complete,True,AN IOU,$9.99,False,https://store.steampowered.com/app/2052140/,https://vndb.org/v39688,396,FOUND,AN IOU,1668315600000,1786132828461,2026-08-08T12:07:45.053966+00:00
2172470,姬恋~缚羽的欠片 纯净中文版,2022-11-13,2022-11,steam_store_search,True,True,INTERSECTION,True,,v30160,r77155,Ji Lian ~Fu Yu de Qianpian,complete,True,姬恋~缚羽的欠片 纯净中文版,$6.99,False,https://store.steampowered.com/app/2172470/,https://vndb.org/v30160,784,FOUND,姬恋~缚羽的欠片 纯净中文版,1668315600000,1786132828461,2026-08-08T12:07:45.053966+00:00
1711620,Demonheart: The Ice Demon,2022-11-14,2022-11,steam_store_search,True,True,INTERSECTION,True,,v33002,r85274,Demonheart: The Ice Demon,complete,True,Demonheart: The Ice Demon,$19.99,False,https://store.steampowered.com/app/1711620/,https://vndb.org/v33002,3561,FOUND,Demonheart: The Ice Demon,1668402000000,1786132828461,2026-08-08T12:07:45.053966+00:00
1667320,PRODUCER 2021,2022-11-14,2022-11,steam_store_search,True,True,INTERSECTION,True,,v31453,r80778,PRODUCER 2021,complete,True,PRODUCER 2021,$9.99,False,https://store.steampowered.com/app/1667320/,https://vndb.org/v31453,2118,FOUND,PRODUCER 2021,1668402000000,1786132828461,2026-08-08T12:07:45.053966+00:00
1876240,Watashi Suzume,2022-11-14,2022-11,steam_store_search,True,True,INTERSECTION,True,,v28837,r95494,Watashi Suzume,complete,True,Watashi Suzume,$9.99,False,https://store.steampowered.com/app/1876240/,https://vndb.org/v28837,83,FOUND,Watashi Suzume,1668402000000,1786132828461,2026-08-08T12:07:45.053966+00:00
2201840,그녀가 다시 노래할 때까지.,2022-11-14,2022-11,steam_store_search,True,True,INTERSECTION,True,,v39751,r98516,Geunyeoga Dasi Nolaehal Ttaekkaji.,complete,True,그녀가 다시 노래할 때까지.,$4.99,False,https://store.steampowered.com/app/2201840/,https://vndb.org/v39751,230,FOUND,그녀가 다시 노래할 때까지.,1668402000000,1786132828461,2026-08-08T12:07:45.053966+00:00
2170240,I'll save the world of harem - Isekai Harem Saver -,2022-11-16,2022-11,steam_store_search,True,True,INTERSECTION,True,,v24911,r97851,Ore no Are ga Shinsei Sugite Chouhou Sarerun Daga!?,complete,True,I'll save the world of harem - Isekai Harem Saver -,-50%,False,https://store.steampowered.com/app/2170240/,https://vndb.org/v24911,41,FOUND,I'll save the world of harem - Isekai Harem Saver -,1668574800000,1786132828461,2026-08-08T12:07:45.053966+00:00
2142930,꿈을 빼앗긴 남자 - Dream invader,2022-11-16,2022-11,steam_store_search,True,True,INTERSECTION,True,,v38304,r95898,Kkum-eul Ppaeasgin Namja - Dream invader,complete,True,꿈을 빼앗긴 남자 - Dream invader,-75%,False,https://store.steampowered.com/app/2142930/,https://vndb.org/v38304,105,FOUND,꿈을 빼앗긴 남자 - Dream invader,1668574800000,1786132828461,2026-08-08T12:07:45.053966+00:00
2144530,No Random Novels,2022-11-17,2022-11,steam_store_search,True,True,INTERSECTION,True,,v39817,r98677,Hambulo Soseol Sseuji Mabsida,complete,True,No Random Novels,$29.99,False,https://store.steampowered.com/app/2144530/,https://vndb.org/v39817,898,FOUND,No Random Novels,1668661200000,1786132828461,2026-08-08T12:07:45.053966+00:00
1943230,Asmodeus's Hell: Devil in the Sunshine State,2022-11-18,2022-11,steam_store_search,True,True,INTERSECTION,True,,v32648,r84226,Asmodeus's Hell: Devil in the Sunshine State,complete,True,Asmodeus's Hell: Devil in the Sunshine State,Free,True,https://store.steampowered.com/app/1943230/,https://vndb.org/v32648,1728,FOUND,Asmodeus's Hell: Devil in the Sunshine State,1668747600000,1786132828461,2026-08-08T12:07:45.053966+00:00
1708990,Bingus: My Beloved,2022-11-18,2022-11,steam_store_search,True,True,INTERSECTION,True,,v38428,r96165,Bingus: My Beloved,complete,True,Bingus: My Beloved,$4.99,False,https://store.steampowered.com/app/1708990/,https://vndb.org/v38428,2303,FOUND,Bingus: My Beloved,1668747600000,1786132828461,2026-08-08T12:07:45.053966+00:00
2138000,Hoshizora no Memoria -Eternal Heart- HD,2022-11-18,2022-11,steam_store_search,True,True,INTERSECTION,True,,v2959,r52201,Hoshizora no Memoria -Eternal Heart-,complete,True,Hoshizora no Memoria -Eternal Heart- HD,$19.99,False,https://store.steampowered.com/app/2138000/,https://vndb.org/v2959,1351,FOUND,Hoshizora no Memoria -Eternal Heart- HD,1668747600000,1786132828461,2026-08-08T12:07:45.053966+00:00
1977050,My Furry Maid 🐾,2022-11-19,2022-11,steam_store_search,True,True,INTERSECTION,True,,v35414,r135672,My Furry Maid 🐾,complete,True,My Furry Maid 🐾,$4.99,False,https://store.steampowered.com/app/1977050/,https://vndb.org/v35414,1284,FOUND,My Furry Maid 🐾,1668834000000,1786132828461,2026-08-08T12:07:45.053966+00:00
844670,Please Be Happy,2022-11-21,2022-11,steam_store_search,True,True,INTERSECTION,True,,v28716,r160106;r72924,Please Be Happy,complete,True,Please Be Happy,$19.99,False,https://store.steampowered.com/app/844670/,https://vndb.org/v28716,7749,FOUND,Please Be Happy,1669006800000,1786132828461,2026-08-08T12:07:45.053966+00:00
2185290,VTuber Connect,2022-11-21,2022-11,steam_store_search,True,True,INTERSECTION,True,,v39675,r98527,VTuber Connect,complete,True,VTuber Connect,Free,True,https://store.steampowered.com/app/2185290/,https://vndb.org/v39675,4458,FOUND,VTuber Connect,1669006800000,1786132828461,2026-08-08T12:07:45.053966+00:00
2192290,さらば劇薬 -encore-,2022-11-21,2022-11,steam_store_search,True,True,INTERSECTION,True,,v30024,r98798,Saraba Gekiyaku,complete,True,さらば劇薬 -encore-,Free,True,https://store.steampowered.com/app/2192290/,https://vndb.org/v30024,1224,FOUND,さらば劇薬 -encore-,1669006800000,1786132828461,2026-08-08T12:07:45.053966+00:00
2176760,Maid for Loving You,2022-11-25,2022-11,steam_store_search,True,True,INTERSECTION,True,,v24620,r89074,Maid-san no Iru Kurashi,complete,True,Maid for Loving You,$19.99,False,https://store.steampowered.com/app/2176760/,https://vndb.org/v24620,1888,FOUND,Maid for Loving You,1669352400000,1786132828461,2026-08-08T12:07:45.053966+00:00
2130540,目盲/Blind,2022-11-26,2022-11,steam_store_search,True,True,INTERSECTION,True,,v40048,r99126,Mu Mang,complete,True,目盲/Blind,$2.99,False,https://store.steampowered.com/app/2130540/,https://vndb.org/v40048,22582,FOUND,目盲/Blind,1669438800000,1786132828461,2026-08-08T12:07:45.053966+00:00
1165230,Elevenses: The Flask,2022-11-28,2022-11,steam_store_search,True,True,INTERSECTION,True,,v26625,r66566,Elevenses: The Flask,complete,True,Elevenses: The Flask,$2.99,False,https://store.steampowered.com/app/1165230/,https://vndb.org/v26625,999,FOUND,Elevenses: The Flask,1669611600000,1786132828461,2026-08-08T12:07:45.053966+00:00
2211970,Mindworks: The Great Division,2022-11-30,2022-11,steam_store_search,True,True,INTERSECTION,True,,v40194,r99358,Mindworks: The Great Division,complete,True,Mindworks: The Great Division,Free,True,https://store.steampowered.com/app/2211970/,https://vndb.org/v40194,877,FOUND,Mindworks: The Great Division,1669784400000,1786132828461,2026-08-08T12:07:45.053966+00:00
2154960,俺が私に変わった日…～Becoming a She～,2022-11-30,2022-11,steam_store_search,True,True,INTERSECTION,True,,v20629,r98981,"Sei Hanten Shou no ""Ore"" ga ""Watashi"" ni Naru Made",complete,True,俺が私に変わった日…～Becoming a She～,-50%,False,https://store.steampowered.com/app/2154960/,https://vndb.org/v20629,70,FOUND,俺が私に変わった日…～Becoming a She～,1669784400000,1786132828461,2026-08-08T12:07:45.053966+00:00
1895950,Doki Doki House,2022-12-01,2022-12,steam_store_search,True,True,INTERSECTION,True,,v37440,r94228,Xintiao Dujia Wu,complete,True,Doki Doki House,$12.99,False,https://store.steampowered.com/app/1895950/,https://vndb.org/v37440,1479,FOUND,Doki Doki House,1669870800000,1786132828461,2026-08-08T12:07:45.053966+00:00
2220450,Embracing Darkness,2022-12-01,2022-12,steam_store_search,True,True,INTERSECTION,True,,v36289,r99391,Embracing Darkness,complete,True,Embracing Darkness,Free,True,https://store.steampowered.com/app/2220450/,https://vndb.org/v36289,428,FOUND,Embracing Darkness,1669870800000,1786132828461,2026-08-08T12:07:45.053966+00:00
2098600,Kiss the Demiurge,2022-12-01,2022-12,steam_store_search,True,True,INTERSECTION,True,,v38436,r96287,Kiss the Demiurge,complete,True,Kiss the Demiurge,$5.99,False,https://store.steampowered.com/app/2098600/,https://vndb.org/v38436,497,FOUND,Kiss the Demiurge,1669870800000,1786132828461,2026-08-08T12:07:45.053966+00:00
2181450,幻境恋人-Fairy tale plan,2022-12-01,2022-12,steam_store_search,True,True,INTERSECTION,True,,v23794,r97625,Qi ge Xiao Airen 3,complete,True,幻境恋人-Fairy tale plan,$11.99,False,https://store.steampowered.com/app/2181450/,https://vndb.org/v23794,50,FOUND,幻境恋人-Fairy tale plan,1669870800000,1786132828461,2026-08-08T12:07:45.053966+00:00
2185770,Aonatsu Line,2022-12-02,2022-12,steam_store_search,True,True,INTERSECTION,True,,v24702,r93733,Aonatsu Line,complete,True,Aonatsu Line,$34.99,False,https://store.steampowered.com/app/2185770/,https://vndb.org/v24702,15203,FOUND,Aonatsu Line,1669957200000,1786132828461,2026-08-08T12:07:45.053966+00:00
1798750,十三月のふたり姫／The 13th month,2022-12-02,2022-12,steam_store_search,True,True,INTERSECTION,True,,v24621,r60446,Juusangatsu no Futari Hime,complete,True,十三月のふたり姫／The 13th month,$19.99,False,https://store.steampowered.com/app/1798750/,https://vndb.org/v24621,441,FOUND,十三月のふたり姫／The 13th month,1669957200000,1786132828461,2026-08-08T12:07:45.053966+00:00
2063370,Once in Yaissor 3,2022-12-03,2022-12,steam_store_search,True,True,INTERSECTION,True,,v37135,r93756,Once in Yaissor 3,complete,True,Once in Yaissor 3,$1.99,False,https://store.steampowered.com/app/2063370/,https://vndb.org/v37135,1532,FOUND,Once in Yaissor 3,1670043600000,1786132828461,2026-08-08T12:07:45.053966+00:00
2183080,Princess Dating Sim,2022-12-05,2022-12,steam_store_search,True,True,INTERSECTION,True,,v38889,r97006,Princess Dating Sim,complete,True,Princess Dating Sim,$2.99,False,https://store.steampowered.com/app/2183080/,https://vndb.org/v38889,131,FOUND,Princess Dating Sim,1670216400000,1786132828461,2026-08-08T12:07:45.053966+00:00
2018930,Sakura Gym Girls: Prologue,2022-12-05,2022-12,steam_store_search,True,True,INTERSECTION,True,,v40788,r99741,Sakura Gym Girls: Prologue,complete,True,Sakura Gym Girls: Prologue,Free,True,https://store.steampowered.com/app/2018930/,https://vndb.org/v40788,4680,FOUND,Sakura Gym Girls: Prologue,1670216400000,1786132828461,2026-08-08T12:07:45.053966+00:00
2129970,My Loving Wife,2022-12-06,2022-12,steam_store_search,True,True,INTERSECTION,True,,v30913,r79190,My Loving Wife,complete,True,My Loving Wife,Free,True,https://store.steampowered.com/app/2129970/,https://vndb.org/v30913,13145,FOUND,My Loving Wife,1670302800000,1786132828461,2026-08-08T12:07:45.053966+00:00
2209190,The Princess of the Tower Wants a Hero,2022-12-06,2022-12,steam_store_search,True,True,INTERSECTION,True,,v33826,r107162;r129529,The Princess of the Tower Wants a Hero,complete,True,The Princess of the Tower Wants a Hero,Free,True,https://store.steampowered.com/app/2209190/,https://vndb.org/v33826,9592,FOUND,The Princess of the Tower Wants a Hero,1670302800000,1786132828461,2026-08-08T12:07:45.053966+00:00
1797380,7 Days Of Rose,2022-12-09,2022-12,steam_store_search,True,True,INTERSECTION,True,,v39161,r99943,7 Days of Rose,complete,True,7 Days Of Rose,$4.99,False,https://store.steampowered.com/app/1797380/,https://vndb.org/v39161,45,FOUND,7 Days Of Rose,1670562000000,1786132828461,2026-08-08T12:07:45.053966+00:00
2232200,First Snow,2022-12-09,2022-12,steam_store_search,True,True,INTERSECTION,True,,v40051,r99128,Cheonnun,complete,True,First Snow,$9.99,False,https://store.steampowered.com/app/2232200/,https://vndb.org/v40051,2096,FOUND,First Snow,1670562000000,1786132828461,2026-08-08T12:07:45.053966+00:00
1599700,Magic Exposure – Yuri Visual Novel,2022-12-09,2022-12,steam_store_search,True,True,INTERSECTION,True,,v40573,r99941,Magic Exposure,complete,True,Magic Exposure – Yuri Visual Novel,$2.99,False,https://store.steampowered.com/app/1599700/,https://vndb.org/v40573,769,FOUND,Magic Exposure – Yuri Visual Novel,1670562000000,1786132828461,2026-08-08T12:07:45.053966+00:00
2190290,To Be or Not to Be,2022-12-09,2022-12,steam_store_search,True,True,INTERSECTION,True,,v49494,r119450,Bu Shuangxiu Jiu Qushi,complete,True,To Be or Not to Be,$12.99,False,https://store.steampowered.com/app/2190290/,https://vndb.org/v49494,943287,FOUND,To Be or Not to Be,1670562000000,1786132828461,2026-08-08T12:07:45.053966+00:00
2209670,University Love Affair,2022-12-09,2022-12,steam_store_search,True,True,INTERSECTION,True,,v40574,r99942,University Love Affair,complete,True,University Love Affair,$4.99,False,https://store.steampowered.com/app/2209670/,https://vndb.org/v40574,20,FOUND,University Love Affair,1670562000000,1786132828461,2026-08-08T12:07:45.053966+00:00
2182130,Wrapped With a Kiss,2022-12-12,2022-12,steam_store_search,True,True,INTERSECTION,True,,v33110,r85538,Wrapped with a Kiss,complete,True,Wrapped With a Kiss,$4.99,False,https://store.steampowered.com/app/2182130/,https://vndb.org/v33110,140,FOUND,Wrapped With a Kiss,1670821200000,1786132828461,2026-08-08T12:07:45.053966+00:00
1603500,The Elevator Game with Catgirls,2022-12-13,2022-12,steam_store_search,True,True,INTERSECTION,True,,v29942,r151448,The Elevator Game with Catgirls,complete,True,The Elevator Game with Catgirls,$14.99,False,https://store.steampowered.com/app/1603500/,https://vndb.org/v29942,2433,FOUND,The Elevator Game with Catgirls,1670907600000,1786132828461,2026-08-08T12:07:45.053966+00:00
1968400,Where The Stars Brought Us,2022-12-14,2022-12,steam_store_search,True,True,INTERSECTION,True,,v29511,r100309,Where The Stars Brought Us,complete,True,Where The Stars Brought Us,$9.99,False,https://store.steampowered.com/app/1968400/,https://vndb.org/v29511,1,FOUND,Where The Stars Brought Us,1670994000000,1786132828461,2026-08-08T12:07:45.053966+00:00
2106520,私のリアルは充実しすぎている フルボイス版,2022-12-15,2022-12,steam_store_search,True,True,INTERSECTION,True,,v13321,r95118,Watashi no Real wa Juujitsu Shisugiteiru,complete,True,私のリアルは充実しすぎている フルボイス版,$9.99,False,https://store.steampowered.com/app/2106520/,https://vndb.org/v13321,147689,FOUND,私のリアルは充実しすぎている フルボイス版,1671080400000,1786132828461,2026-08-08T12:07:45.053966+00:00
2206980,與魔共舞,2022-12-15,2022-12,steam_store_search,True,True,INTERSECTION,True,,v18432,r98431,Dance with Devils,complete,True,與魔共舞,$44.99,False,https://store.steampowered.com/app/2206980/,https://vndb.org/v18432,1603,FOUND,與魔共舞,1671080400000,1786132828461,2026-08-08T12:07:45.053966+00:00
2206340,Aokana - Four Rhythms Across the Blue - EXTRA2,2022-12-16,2022-12,steam_store_search,True,True,INTERSECTION,True,,v21438,r94766,Ao no Kanata no Four Rhythm - EXTRA2,complete,True,Aokana - Four Rhythms Across the Blue - EXTRA2,$24.99,False,https://store.steampowered.com/app/2206340/,https://vndb.org/v21438,44620,FOUND,Aokana - Four Rhythms Across the Blue - EXTRA2,1671166800000,1786132828461,2026-08-08T12:07:45.053966+00:00
1018640,Pixel Happy Game Girls,2022-12-16,2022-12,steam_store_search,True,True,INTERSECTION,True,,v23691,r100337,Pixel Happy Game Girls,complete,True,Pixel Happy Game Girls,Free,True,https://store.steampowered.com/app/1018640/,https://vndb.org/v23691,2093,FOUND,Pixel Happy Game Girls,1671166800000,1786132828461,2026-08-08T12:07:45.053966+00:00
1261220,The Neverland of the Mountain and Sea,2022-12-18,2022-12,steam_store_search,True,True,INTERSECTION,True,,v35575,r118406,"Shan de Taoyuanxiang, Hai de Wutuobang",complete,True,The Neverland of the Mountain and Sea,$9.99,False,https://store.steampowered.com/app/1261220/,https://vndb.org/v35575,5046,FOUND,The Neverland of the Mountain and Sea,1671339600000,1786132828461,2026-08-08T12:07:45.053966+00:00
2103630,77 Oleander Avenue,2022-12-19,2022-12,steam_store_search,True,True,INTERSECTION,True,,v33828,r93747,77 Oleander Avenue Ghost House Investigation,complete,True,77 Oleander Avenue,$4.99,False,https://store.steampowered.com/app/2103630/,https://vndb.org/v33828,110,FOUND,77 Oleander Avenue,1671426000000,1786132828461,2026-08-08T12:07:45.053966+00:00
2235390,Detective Rosie Morgan: Death at a Dinner Party,2022-12-19,2022-12,steam_store_search,True,True,INTERSECTION,True,,v40297,r99514,Detective Rosie Morgan: Death at a Dinner Party,complete,True,Detective Rosie Morgan: Death at a Dinner Party,$6.99,False,https://store.steampowered.com/app/2235390/,https://vndb.org/v40297,105,FOUND,Detective Rosie Morgan: Death at a Dinner Party,1671426000000,1786132828461,2026-08-08T12:07:45.053966+00:00
2017640,Sakura Gym Girls,2022-12-19,2022-12,steam_store_search,True,True,INTERSECTION,True,,v40197,r99361,Sakura Gym Girls,complete,True,Sakura Gym Girls,$9.99,False,https://store.steampowered.com/app/2017640/,https://vndb.org/v40197,1372,FOUND,Sakura Gym Girls,1671426000000,1786132828461,2026-08-08T12:07:45.053966+00:00
2230080,Ballads and Romances,2022-12-21,2022-12,steam_store_search,True,True,INTERSECTION,True,,v40514,r99823,Ballads and Romances,complete,True,Ballads and Romances,Free,True,https://store.steampowered.com/app/2230080/,https://vndb.org/v40514,5009,FOUND,Ballads and Romances,1671598800000,1786132828461,2026-08-08T12:07:45.053966+00:00
2218290,I'll be your ideal lover! - My Dream Lover -,2022-12-21,2022-12,steam_store_search,True,True,INTERSECTION,True,,v25360,r100596,Custom Cute ~Ore to Kanojo no Ikusei Battle!~,complete,True,I'll be your ideal lover! - My Dream Lover -,-50%,False,https://store.steampowered.com/app/2218290/,https://vndb.org/v25360,15,FOUND,I'll be your ideal lover! - My Dream Lover -,1671598800000,1786132828461,2026-08-08T12:07:45.053966+00:00
2238810,《乱步馆》-断崖 -Precipice,2022-12-21,2022-12,steam_store_search,True,True,INTERSECTION,True,,v40848,r100595,"""Luan Bu Guan"" - Duanya",complete,True,《乱步馆》-断崖 -Precipice,$0.99,False,https://store.steampowered.com/app/2238810/,https://vndb.org/v40848,15,FOUND,《乱步馆》-断崖 -Precipice,1671598800000,1786132828461,2026-08-08T12:07:45.053966+00:00
2210980,Cloudy Days,2022-12-22,2022-12,steam_store_search,True,True,INTERSECTION,True,,v37890,r99883,Cloudy Days,complete,True,Cloudy Days,$6.99,False,https://store.steampowered.com/app/2210980/,https://vndb.org/v37890,240,FOUND,Cloudy Days,1671685200000,1786132828461,2026-08-08T12:07:45.053966+00:00
1877410,Fairy Deer,2022-12-29,2022-12,steam_store_search,True,True,INTERSECTION,True,,v33481,r87481,Lesnoj Olen',complete,True,Fairy Deer,$1.99,False,https://store.steampowered.com/app/1877410/,https://vndb.org/v33481,1396,FOUND,Fairy Deer,1672290000000,1786132828461,2026-08-08T12:07:45.053966+00:00
2247880,游戏策划面试模拟器,2022-12-29,2022-12,steam_store_search,True,True,INTERSECTION,True,,v41411,r101438,Youxi Cehua Mianshi Moni Qi,complete,True,游戏策划面试模拟器,$0.99,False,https://store.steampowered.com/app/2247880/,https://vndb.org/v41411,76,FOUND,游戏策划面试模拟器,1672290000000,1786132828461,2026-08-08T12:07:45.053966+00:00
2069800,The Apple Tree,2022-12-30,2022-12,steam_store_search,True,True,INTERSECTION,True,,v36884,r101439,Jablonja,complete,True,The Apple Tree,$9.99,False,https://store.steampowered.com/app/2069800/,https://vndb.org/v36884,535,FOUND,The Apple Tree,1672376400000,1786132828461,2026-08-08T12:07:45.053966+00:00
3837750,Gingerbread Holiday,2022-12-31,2022-12,vndb_steam_release,True,True,INTERSECTION,True,,v41443,r101490,Gingerbread Holiday,complete,True,Gingerbread Holiday,,False,https://store.steampowered.com/app/3837750/,https://vndb.org/v41443,,NOT_FOUND,,,,2026-08-08T12:07:45.053966+00:00
1975080,여동생 ♡ 만들기 : 당신이 바라는 소녀의 모습 - Teen version,2022-12-31,2022-12,steam_store_search,True,True,INTERSECTION,True,,v35180,r94923,Yeodongsaeng ♡ Mandeulgi: Dangsin-i Balaneun Sonyeoui Moseub,complete,True,여동생 ♡ 만들기 : 당신이 바라는 소녀의 모습 - Teen version,$3.99,False,https://store.steampowered.com/app/1975080/,https://vndb.org/v35180,351,FOUND,여동생 ♡ 만들기 : 당신이 바라는 소녀의 모습 - Teen version,1672462800000,1786132828461,2026-08-08T12:07:45.053966+00:00
2222480,Clash: Robot Detective - Complete Edition,2023-01-02,2023-01,steam_store_search,True,True,INTERSECTION,True,,v39803,r98639,Clash: Robot Detective,complete,True,Clash: Robot Detective - Complete Edition,$4.99,False,https://store.steampowered.com/app/2222480/,https://vndb.org/v39803,165,FOUND,Clash: Robot Detective - Complete Edition,1672635600000,1786132828461,2026-08-08T12:07:45.053966+00:00
2241220,Beneath Her Starry Sky,2023-01-04,2023-01,steam_store_search,True,True,INTERSECTION,True,,v41727,r101925,Beneath Her Starry Sky,complete,True,Beneath Her Starry Sky,$14.99,False,https://store.steampowered.com/app/2241220/,https://vndb.org/v41727,80,FOUND,Beneath Her Starry Sky,1672808400000,1786132828461,2026-08-08T12:07:45.053966+00:00
2257360,Sacred Earth - Alternative,2023-01-05,2023-01,steam_store_search,True,True,INTERSECTION,True,,v60655,r145213,Sacred Earth - Alternative,complete,True,Sacred Earth - Alternative,Free,True,https://store.steampowered.com/app/2257360/,https://vndb.org/v60655,932,FOUND,Sacred Earth - Alternative,1672894800000,1786132828461,2026-08-08T12:07:45.053966+00:00
1825930,孤岛海妖 The Sea-demon,2023-01-05,2023-01,steam_store_search,True,True,INTERSECTION,True,,v41343,r101356,Gudao Haiyao,complete,True,孤岛海妖 The Sea-demon,$8.99,False,https://store.steampowered.com/app/1825930/,https://vndb.org/v41343,3431,FOUND,孤岛海妖 The Sea-demon,1672894800000,1786132828461,2026-08-08T12:07:45.053966+00:00
2233740,Caladria Chronicles Volume 2,2023-01-06,2023-01,steam_store_search,True,True,INTERSECTION,True,,v39947,r98948,Caladria Chronicles Volume 2,complete,True,Caladria Chronicles Volume 2,$5.99,False,https://store.steampowered.com/app/2233740/,https://vndb.org/v39947,1,FOUND,Caladria Chronicles Volume 2,1672981200000,1786132828461,2026-08-08T12:07:45.053966+00:00
2234000,Dawn of Griseo,2023-01-06,2023-01,steam_store_search,True,True,INTERSECTION,True,,v41678,r107724,Haiiro no Yoru ga Aketa Toki,complete,True,Dawn of Griseo,Free,True,https://store.steampowered.com/app/2234000/,https://vndb.org/v41678,662,FOUND,Dawn of Griseo,1672981200000,1786132828461,2026-08-08T12:07:45.053966+00:00
2205290,流光易逝的夏末 - Fleeting Summer's End,2023-01-06,2023-01,steam_store_search,True,True,INTERSECTION,True,,v54201,r130710;r137935;r138129,Liuguang Yishi de Xiamo,complete,True,流光易逝的夏末 - Fleeting Summer's End,$2.99,False,https://store.steampowered.com/app/2205290/,https://vndb.org/v54201,6214,FOUND,流光易逝的夏末 - Fleeting Summer's End,1672981200000,1786132828461,2026-08-08T12:07:45.053966+00:00
2121360,东北之夏,2023-01-09,2023-01,steam_store_search,True,True,INTERSECTION,True,,v39926,r98919,Dongbei Zhi Xia,complete,True,东北之夏,Free,True,https://store.steampowered.com/app/2121360/,https://vndb.org/v39926,310866,FOUND,东北之夏,1673240400000,1786132828461,2026-08-08T12:07:45.053966+00:00
1765350,候鸟,2023-01-11,2023-01,steam_store_search,True,True,INTERSECTION,True,,v29908,r105963;r76600,Houniao,complete;trial,True,候鸟,$10.99,False,https://store.steampowered.com/app/1765350/,https://vndb.org/v29908,57738,FOUND,候鸟,1673413200000,1786132828461,2026-08-08T12:07:45.053966+00:00
2075410,初夏倾语 - Summer Whisper,2023-01-12,2023-01,steam_store_search,True,True,INTERSECTION,True,,v41959,r102324,Chuxia Qingyu,complete,True,初夏倾语 - Summer Whisper,$1.99,False,https://store.steampowered.com/app/2075410/,https://vndb.org/v41959,1643,FOUND,初夏倾语 - Summer Whisper,1673499600000,1786132828461,2026-08-08T12:07:45.053966+00:00
2210210,A Matter of Principle,2023-01-19,2023-01,steam_store_search,True,True,INTERSECTION,True,,v42023,r102453,Delo Principa,complete,True,A Matter of Principle,-81%,False,https://store.steampowered.com/app/2210210/,https://vndb.org/v42023,410,FOUND,A Matter of Principle,1674104400000,1786132828461,2026-08-08T12:07:45.053966+00:00
1928280,Harakiri! Geisha Girls,2023-01-19,2023-01,steam_store_search,True,True,INTERSECTION,True,,v34409,r88391,Harakiri Geisha Girls!,complete,True,Harakiri! Geisha Girls,$14.99,False,https://store.steampowered.com/app/1928280/,https://vndb.org/v34409,99,FOUND,Harakiri! Geisha Girls,1674104400000,1786132828461,2026-08-08T12:07:45.053966+00:00
2261240,Nope Nope Nope Nurses,2023-01-19,2023-01,steam_store_search,True,True,INTERSECTION,True,,v32706,r101803,Sakusei Byoutou ~Jaaku naru Otsubone Nurse ga Hisomu Byouin de Choukyou Seikatsu~,complete,True,Nope Nope Nope Nurses,$11.99,False,https://store.steampowered.com/app/2261240/,https://vndb.org/v32706,12450,FOUND,Nope Nope Nope Nurses,1674104400000,1786132828461,2026-08-08T12:07:45.053966+00:00
2202500,Rapscallions On Deck - Friendship Otome,2023-01-19,2023-01,steam_store_search,True,True,INTERSECTION,True,,v42086,r102643,Rapscallions On Deck!,complete,True,Rapscallions On Deck - Friendship Otome,$4.99,False,https://store.steampowered.com/app/2202500/,https://vndb.org/v42086,182,FOUND,Rapscallions On Deck - Friendship Otome,1674104400000,1786132828461,2026-08-08T12:07:45.053966+00:00
1247740,Your Story,2023-01-19,2023-01,steam_store_search,True,True,INTERSECTION,True,,v30389,r77772,Your Story,complete,True,Your Story,$14.99,False,https://store.steampowered.com/app/1247740/,https://vndb.org/v30389,1336,FOUND,Your Story,1674104400000,1786132828461,2026-08-08T12:07:45.053966+00:00
2220980,错误之事,2023-01-19,2023-01,steam_store_search,True,True,INTERSECTION,True,,v42088,r102651,Cuowu Zhi Shi,complete,True,错误之事,$3.99,False,https://store.steampowered.com/app/2220980/,https://vndb.org/v42088,693,FOUND,错误之事,1674104400000,1786132828461,2026-08-08T12:07:45.053966+00:00
2224400,BBirthday - Visual Novel,2023-01-20,2023-01,steam_store_search,True,True,INTERSECTION,True,,v50744,r122830,BBirthday,complete,True,BBirthday - Visual Novel,$8.99,False,https://store.steampowered.com/app/2224400/,https://vndb.org/v50744,778,FOUND,BBirthday - Visual Novel,1674190800000,1786132828461,2026-08-08T12:07:45.053966+00:00
2091630,EXS2～EthnologySister2：Structuralism of kinship system,2023-01-20,2023-01,steam_store_search,True,True,INTERSECTION,True,,v37098,r93684,EXS2 ~ EthnologySister2: Structuralism of kinship system,complete,True,EXS2～EthnologySister2：Structuralism of kinship system,Free,True,https://store.steampowered.com/app/2091630/,https://vndb.org/v37098,4082,FOUND,EXS2～EthnologySister2：Structuralism of kinship system,1674190800000,1786132828461,2026-08-08T12:07:45.053966+00:00
2098070,Star Ring,2023-01-20,2023-01,steam_store_search,True,True,INTERSECTION,True,,v46505,r111537,Xing Huan Zhi Shi,complete,True,Star Ring,$9.99,False,https://store.steampowered.com/app/2098070/,https://vndb.org/v46505,1501,FOUND,Star Ring,1674190800000,1786132828461,2026-08-08T12:07:45.053966+00:00
2268040,Tracadie Bird Shit,2023-01-20,2023-01,steam_store_search,True,True,INTERSECTION,True,,v42098,r102682,Tracadie Bird Shit,complete,True,Tracadie Bird Shit,$0.99,False,https://store.steampowered.com/app/2268040/,https://vndb.org/v42098,1161,FOUND,Tracadie Bird Shit,1674190800000,1786132828461,2026-08-08T12:07:45.053966+00:00
2244160,Tristia:legacy,2023-01-20,2023-01,steam_store_search,True,True,INTERSECTION,True,,v799,r102618;r161254,Aoi Umi no Tristia,complete,True,Tristia:legacy,-30%,False,https://store.steampowered.com/app/2244160/,https://vndb.org/v799,2104,FOUND,Tristia:legacy,1674190800000,1786132828461,2026-08-08T12:07:45.053966+00:00
2267810,Locke(d),2023-01-23,2023-01,steam_store_search,True,True,INTERSECTION,True,,v30198,r121951,Locke(d),complete,True,Locke(d),Free,True,https://store.steampowered.com/app/2267810/,https://vndb.org/v30198,35906,FOUND,Locke(d),1674450000000,1786132828461,2026-08-08T12:07:45.053966+00:00
2218300,Menhera Girls Ensemble - Needy Girlfriends -,2023-01-24,2023-01,steam_store_search,True,True,INTERSECTION,True,,v21303,r102192,Sokubaku Kanojo no Sanjuusou ~Hen'ai: Juuai: Saai no Hate ni~,complete,True,Menhera Girls Ensemble - Needy Girlfriends -,-50%,False,https://store.steampowered.com/app/2218300/,https://vndb.org/v21303,30,FOUND,Menhera Girls Ensemble - Needy Girlfriends -,1674536400000,1786132828461,2026-08-08T12:07:45.053966+00:00
2162950,A Maiden Astrologer Divines the Future,2023-01-25,2023-01,steam_store_search,True,True,INTERSECTION,True,,v40195,r99359,Hoshi to Otome ga Uranau Mirai,complete,True,A Maiden Astrologer Divines the Future,$11.99,False,https://store.steampowered.com/app/2162950/,https://vndb.org/v40195,397,FOUND,A Maiden Astrologer Divines the Future,1674622800000,1786132828461,2026-08-08T12:07:45.053966+00:00
1975100,Playback Trauma®: In Sickness,2023-01-25,2023-01,steam_store_search,True,True,INTERSECTION,True,,v42266,r102962,Playback Trauma: In Sickness,complete,True,Playback Trauma®: In Sickness,-40%,False,https://store.steampowered.com/app/1975100/,https://vndb.org/v42266,99,FOUND,Playback Trauma®: In Sickness,1674622800000,1786132828461,2026-08-08T12:07:45.053966+00:00
2164490,Emberfate: Tempest of Elements,2023-01-26,2023-01,steam_store_search,True,True,INTERSECTION,True,,v35512,r90448,Emberfate: Tempest of Elements,complete,True,Emberfate: Tempest of Elements,Free,True,https://store.steampowered.com/app/2164490/,https://vndb.org/v35512,5735,FOUND,Emberfate: Tempest of Elements,1674709200000,1786132828461,2026-08-08T12:07:45.053966+00:00
2278380,Haunting of the Evil Spirit - Horror Choose your own adventure Novel,2023-01-26,2023-01,steam_store_search,True,True,INTERSECTION,True,,v42267,r102964,Haunting of the Evil Spirit,complete,True,Haunting of the Evil Spirit - Horror Choose your own adventure Novel,-50%,False,https://store.steampowered.com/app/2278380/,https://vndb.org/v42267,20,FOUND,Haunting of the Evil Spirit - Horror Choose your own adventure Novel,1674709200000,1786132828461,2026-08-08T12:07:45.053966+00:00
2265010,草食系男子の言いなり入院生活- A passive boy at the Huntress clinic -,2023-01-26,2023-01,steam_store_search,True,True,INTERSECTION,True,,v22723,r102325,Nyuuin Byoutou ~Do S Nurse de Mugen Zecchou~,complete,True,草食系男子の言いなり入院生活- A passive boy at the Huntress clinic -,-50%,False,https://store.steampowered.com/app/2265010/,https://vndb.org/v22723,15,FOUND,草食系男子の言いなり入院生活- A passive boy at the Huntress clinic -,1674709200000,1786132828461,2026-08-08T12:07:45.053966+00:00
2280260,Kori's Fable Visual Novel,2023-01-31,2023-01,steam_store_search,True,True,INTERSECTION,True,,v42347,r103132,Kori's Fable,complete,True,Kori's Fable Visual Novel,$9.99,False,https://store.steampowered.com/app/2280260/,https://vndb.org/v42347,15,FOUND,Kori's Fable Visual Novel,1675141200000,1786132828461,2026-08-08T12:07:45.053966+00:00
2266580,Package,2023-02-01,2023-02,steam_store_search,True,True,INTERSECTION,True,,v42380,r103189,Posylka,complete,True,Package,Free,True,https://store.steampowered.com/app/2266580/,https://vndb.org/v42380,4271,FOUND,Package,1675227600000,1786132828461,2026-08-08T12:07:45.053966+00:00
2243920,The 2nd page of the medical examination diary: Another story of exciting days of me and my senpai,2023-02-01,2023-02,steam_store_search,True,True,INTERSECTION,True,,v22445,r102668,Boku to Nurse no Kenshuu Nisshi,complete,True,The 2nd page of the medical examination diary: Another story of exciting days of me and my senpai,$11.99,False,https://store.steampowered.com/app/2243920/,https://vndb.org/v22445,3315,FOUND,The 2nd page of the medical examination diary: Another story of exciting days of me and my senpai,1675227600000,1786132828461,2026-08-08T12:07:45.053966+00:00
1814240,The Thing from Nowhere,2023-02-01,2023-02,steam_store_search,True,True,INTERSECTION,True,,v42381,r103190,The Thing from Nowhere,complete,True,The Thing from Nowhere,$1.99,False,https://store.steampowered.com/app/1814240/,https://vndb.org/v42381,172,FOUND,The Thing from Nowhere,1675227600000,1786132828461,2026-08-08T12:07:45.053966+00:00
2282690,Pattaya,2023-02-02,2023-02,steam_store_search,True,True,INTERSECTION,True,,v42415,r116947,Pattaya,complete,True,Pattaya,$2.99,False,https://store.steampowered.com/app/2282690/,https://vndb.org/v42415,225,FOUND,Pattaya,1675314000000,1786132828461,2026-08-08T12:07:45.053966+00:00
2265650,Slippery Flippers: Episode One - Amulet of the Gods,2023-02-02,2023-02,steam_store_search,True,True,INTERSECTION,True,,v41235,r101209,Slippery Flippers: Episode One - Amulet of the Gods,complete,True,Slippery Flippers: Episode One - Amulet of the Gods,$3.99,False,https://store.steampowered.com/app/2265650/,https://vndb.org/v41235,45,FOUND,Slippery Flippers: Episode One - Amulet of the Gods,1675314000000,1786132828461,2026-08-08T12:07:45.053966+00:00
1883090,The Symbiant,2023-02-02,2023-02,steam_store_search,True,True,INTERSECTION,True,,v34248,r88103,The Symbiant,complete,True,The Symbiant,-30%,False,https://store.steampowered.com/app/1883090/,https://vndb.org/v34248,24397,FOUND,The Symbiant,1675314000000,1786132828461,2026-08-08T12:07:45.053966+00:00
2219470,memories,2023-02-02,2023-02,steam_store_search,True,True,INTERSECTION,True,,v42414,r103252,memories,complete,True,memories,Free,True,https://store.steampowered.com/app/2219470/,https://vndb.org/v42414,66631,FOUND,memories,1675314000000,1786132828461,2026-08-08T12:07:45.053966+00:00
2007930,Fallen Bride Mege,2023-02-03,2023-02,steam_store_search,True,True,INTERSECTION,True,,v36909,r114934,Niizuma Megu ga Ochiru Toki,complete,True,Fallen Bride Mege,$14.99,False,https://store.steampowered.com/app/2007930/,https://vndb.org/v36909,5338,FOUND,Fallen Bride Mege,1675400400000,1786132828461,2026-08-08T12:07:45.053966+00:00
2223020,Glass Heart,2023-02-03,2023-02,steam_store_search,True,True,INTERSECTION,True,,v42416,r103255,Glass Heart,complete,True,Glass Heart,$19.99,False,https://store.steampowered.com/app/2223020/,https://vndb.org/v42416,765,FOUND,Glass Heart,1675400400000,1786132828461,2026-08-08T12:07:45.053966+00:00
1938120,QUALIA ~The Path of Promise~,2023-02-03,2023-02,steam_store_search,True,True,INTERSECTION,True,,v28093,r80943,QUALIA ~Yakusoku no Kiseki~,complete,True,QUALIA ~The Path of Promise~,$19.99,False,https://store.steampowered.com/app/1938120/,https://vndb.org/v28093,1385,FOUND,QUALIA ~The Path of Promise~,1675400400000,1786132828461,2026-08-08T12:07:45.053966+00:00
2168660,さくらいろプリズム,2023-02-03,2023-02,steam_store_search,True,True,INTERSECTION,True,,v41791,r102029,Sakurairo Prism,complete,True,さくらいろプリズム,$24.99,False,https://store.steampowered.com/app/2168660/,https://vndb.org/v41791,1,FOUND,さくらいろプリズム,1675400400000,1786132828461,2026-08-08T12:07:45.053966+00:00
2271530,PROTOTYPE原型,2023-02-04,2023-02,steam_store_search,True,True,INTERSECTION,True,,v41417,r103270,PROTOTYPE,complete,True,PROTOTYPE原型,Free,True,https://store.steampowered.com/app/2271530/,https://vndb.org/v41417,11243,FOUND,PROTOTYPE原型,1675486800000,1786132828461,2026-08-08T12:07:45.053966+00:00
2240600,シンセティック・デイズ,2023-02-05,2023-02,steam_store_search,True,True,INTERSECTION,True,,v42206,r103337,Synthetic Days,complete,True,シンセティック・デイズ,$1.99,False,https://store.steampowered.com/app/2240600/,https://vndb.org/v42206,75,FOUND,シンセティック・デイズ,1675573200000,1786132828461,2026-08-08T12:07:45.053966+00:00
1994760,The Fairy's Secret,2023-02-06,2023-02,steam_store_search,True,True,INTERSECTION,True,,v37768,r119894,The Fairy's Secret,complete,True,The Fairy's Secret,$11.99,False,https://store.steampowered.com/app/1994760/,https://vndb.org/v37768,1147,FOUND,The Fairy's Secret,1675659600000,1786132828461,2026-08-08T12:07:45.053966+00:00
2121490,Otome Legends,2023-02-08,2023-02,steam_store_search,True,True,INTERSECTION,True,,v35303,r99973,Otome Legends,complete,True,Otome Legends,$7.99,False,https://store.steampowered.com/app/2121490/,https://vndb.org/v35303,2131,FOUND,Otome Legends,1675832400000,1786132828461,2026-08-08T12:07:45.053966+00:00
2051110,BETA-SIXDOUZE,2023-02-09,2023-02,steam_store_search,True,True,INTERSECTION,True,,v28326,r102976,BETA-SIXDOUZE,complete,True,BETA-SIXDOUZE,$19.99,False,https://store.steampowered.com/app/2051110/,https://vndb.org/v28326,495,FOUND,BETA-SIXDOUZE,1675918800000,1786132828461,2026-08-08T12:07:45.053966+00:00
1822530,The Missing Parts of Maria Gwozdek,2023-02-10,2023-02,steam_store_search,True,True,INTERSECTION,True,,v20412,r103594,The Missing Parts of Maria Gwozdek,complete,True,The Missing Parts of Maria Gwozdek,Free,True,https://store.steampowered.com/app/1822530/,https://vndb.org/v20412,8222,FOUND,The Missing Parts of Maria Gwozdek,1676005200000,1786132828461,2026-08-08T12:07:45.053966+00:00
2262040,姉恋ごっこ - Siblings Role-play -,2023-02-12,2023-02,steam_store_search,True,True,INTERSECTION,True,,v24891,r103058,Ane Asobi! ~Sapo Gokko de Skinship~,complete,True,姉恋ごっこ - Siblings Role-play -,-50%,False,https://store.steampowered.com/app/2262040/,https://vndb.org/v24891,1,FOUND,姉恋ごっこ - Siblings Role-play -,1676178000000,1786132828461,2026-08-08T12:07:45.053966+00:00
2258530,没落陰陽絵巻 - Tale of the fallen Onmyoji -,2023-02-12,2023-02,steam_store_search,True,True,INTERSECTION,True,,v31359,r103059,Bukkake Onmyouji Emaki ~H na Oharai Itashimasu~,complete,True,没落陰陽絵巻 - Tale of the fallen Onmyoji -,-50%,False,https://store.steampowered.com/app/2258530/,https://vndb.org/v31359,1,FOUND,没落陰陽絵巻 - Tale of the fallen Onmyoji -,1676178000000,1786132828461,2026-08-08T12:07:45.053966+00:00
2154380,A Traveler to unknown Thule,2023-02-13,2023-02,steam_store_search,True,True,INTERSECTION,True,,v42413,r103247,Harukanaru Thule e no Tabibito,complete,True,A Traveler to unknown Thule,Free,True,https://store.steampowered.com/app/2154380/,https://vndb.org/v42413,5049,FOUND,A Traveler to unknown Thule,1676264400000,1786132828461,2026-08-08T12:07:45.053966+00:00
1082690,Army of Tentacles: (Not) A Cthulhu Dating Sim 2,2023-02-14,2023-02,steam_store_search,True,True,INTERSECTION,True,,v30558,r78223,Army of Tentacles: (Not) A Cthulhu Dating Sim 2,complete,True,Army of Tentacles: (Not) A Cthulhu Dating Sim 2,$8.99,False,https://store.steampowered.com/app/1082690/,https://vndb.org/v30558,1,FOUND,Army of Tentacles: (Not) A Cthulhu Dating Sim 2,1676350800000,1786132828461,2026-08-08T12:07:45.053966+00:00
2234600,See You Later,2023-02-14,2023-02,steam_store_search,True,True,INTERSECTION,True,,v42281,r116953,Zaijian,complete,True,See You Later,$1.99,False,https://store.steampowered.com/app/2234600/,https://vndb.org/v42281,2053,FOUND,See You Later,1676350800000,1786132828461,2026-08-08T12:07:45.053966+00:00
2274430,Under Maintenance,2023-02-14,2023-02,steam_store_search,True,True,INTERSECTION,True,,v36646,r92796,Under Maintenance,complete,True,Under Maintenance,Free,True,https://store.steampowered.com/app/2274430/,https://vndb.org/v36646,10776,FOUND,Under Maintenance,1676350800000,1786132828461,2026-08-08T12:07:45.053966+00:00
2283710,アパシー学校であった怖い話 極,2023-02-14,2023-02,steam_store_search,True,True,INTERSECTION,True,,v34143,r87795,Apathy - Gakkou de Atta Kowai Hanashi - Kiwame,complete,True,アパシー学校であった怖い話 極,$44.99,False,https://store.steampowered.com/app/2283710/,https://vndb.org/v34143,847,FOUND,アパシー学校であった怖い話 極,1676350800000,1786132828461,2026-08-08T12:07:45.053966+00:00
1935470,The Tales of Bayun,2023-02-15,2023-02,steam_store_search,True,True,INTERSECTION,True,,v42733,r103839;r116629,The Tales of Bayun,complete;trial,True,The Tales of Bayun,$6.99,False,https://store.steampowered.com/app/1935470/,https://vndb.org/v42733,4094,FOUND,The Tales of Bayun,1676437200000,1786132828461,2026-08-08T12:07:45.053966+00:00
1928650,Niflhel's Fables: The Book of Gypsies,2023-02-16,2023-02,steam_store_search,True,True,INTERSECTION,True,,v34903,r89310,Basni Nifl'helja: Kniga Cygan,complete,True,Niflhel's Fables: The Book of Gypsies,$8.99,False,https://store.steampowered.com/app/1928650/,https://vndb.org/v34903,905,FOUND,Niflhel's Fables: The Book of Gypsies,1676523600000,1786132828461,2026-08-08T12:07:45.053966+00:00
2265680,The King of Cats,2023-02-16,2023-02,steam_store_search,True,True,INTERSECTION,True,,v38505,r103799,The King of Cats,complete,True,The King of Cats,Free,True,https://store.steampowered.com/app/2265680/,https://vndb.org/v38505,3240,FOUND,The King of Cats,1676523600000,1786132828461,2026-08-08T12:07:45.053966+00:00
2156620,The Future Radio and the Artificial Pigeons,2023-02-17,2023-02,steam_store_search,True,True,INTERSECTION,True,,v22603,r60367,Mirai Radio to Jinkou-bato,complete,True,The Future Radio and the Artificial Pigeons,$29.99,False,https://store.steampowered.com/app/2156620/,https://vndb.org/v22603,8928,FOUND,The Future Radio and the Artificial Pigeons,1676610000000,1786132828461,2026-08-08T12:07:45.053966+00:00
2231890,The Test: Secrets of the Soul,2023-02-20,2023-02,steam_store_search,True,True,INTERSECTION,True,,v40516,r99825,The Test: Secrets of the Soul,complete,True,The Test: Secrets of the Soul,Free,True,https://store.steampowered.com/app/2231890/,https://vndb.org/v40516,35478,FOUND,The Test: Secrets of the Soul,1676869200000,1786132828461,2026-08-08T12:07:45.053966+00:00
2216270,Traveler - The AI Story,2023-02-20,2023-02,steam_store_search,True,True,INTERSECTION,True,,v42711,r103800,Traveler - The AI Story,complete,True,Traveler - The AI Story,$8.99,False,https://store.steampowered.com/app/2216270/,https://vndb.org/v42711,15,FOUND,Traveler - The AI Story,1676869200000,1786132828461,2026-08-08T12:07:45.053966+00:00
1785300,Saint Maker - Horror Visual Novel,2023-02-22,2023-02,steam_store_search,True,True,INTERSECTION,True,,v32678,r84331,Saint Maker,complete,True,Saint Maker - Horror Visual Novel,$13.99,False,https://store.steampowered.com/app/1785300/,https://vndb.org/v32678,5639,FOUND,Saint Maker - Horror Visual Novel,1677042000000,1786132828461,2026-08-08T12:07:45.053966+00:00
1999920,Red List Girls. -Andean Flamingo-,2023-02-23,2023-02,steam_store_search,True,True,INTERSECTION,True,,v42188,r102817,Red List Girls. -Andean Flamingo-,complete,True,Red List Girls. -Andean Flamingo-,$12.99,False,https://store.steampowered.com/app/1999920/,https://vndb.org/v42188,195,FOUND,Red List Girls. -Andean Flamingo-,1677128400000,1786132828461,2026-08-08T12:07:45.053966+00:00
2297180,Remembering/Not remembering Sin,2023-02-23,2023-02,steam_store_search,True,True,INTERSECTION,True,,v42888,r104080,Omoideshite/Omoidasenakute Tsumi,complete,True,Remembering/Not remembering Sin,$3.99,False,https://store.steampowered.com/app/2297180/,https://vndb.org/v42888,460,FOUND,Remembering/Not remembering Sin,1677128400000,1786132828461,2026-08-08T12:07:45.053966+00:00
2264050,海伦的神迹,2023-02-23,2023-02,steam_store_search,True,True,INTERSECTION,True,,v23802,r103528,Hailun de Shen Ji,complete,True,海伦的神迹,$9.99,False,https://store.steampowered.com/app/2264050/,https://vndb.org/v23802,83,FOUND,海伦的神迹,1677128400000,1786132828461,2026-08-08T12:07:45.053966+00:00
2302870,Class Reunion Chat Room,2023-02-24,2023-02,steam_store_search,True,True,INTERSECTION,True,,v48614,r116853,Class Reunion Chat Room,complete,True,Class Reunion Chat Room,Free,True,https://store.steampowered.com/app/2302870/,https://vndb.org/v48614,8729,FOUND,Class Reunion Chat Room,1677214800000,1786132828461,2026-08-08T12:07:45.053966+00:00
2167430,Puss in Combat Boots,2023-02-24,2023-02,steam_store_search,True,True,INTERSECTION,True,,v22122,r98559,Gunka o Haita Neko,complete,True,Puss in Combat Boots,$34.99,False,https://store.steampowered.com/app/2167430/,https://vndb.org/v22122,833,FOUND,Puss in Combat Boots,1677214800000,1786132828461,2026-08-08T12:07:45.053966+00:00
1625230,NOeSIS Ⅱ-人间无常「重置版」,2023-02-25,2023-02,steam_store_search,True,True,INTERSECTION,True,,v31281,r154394;r80197,NOeSIS II - Renjian Wuchang,complete,True,NOeSIS Ⅱ-人间无常「重置版」,$2.99,False,https://store.steampowered.com/app/1625230/,https://vndb.org/v31281,3295,FOUND,NOeSIS Ⅱ-人间无常「重置版」,1677301200000,1786132828461,2026-08-08T12:07:45.053966+00:00
2302140,q.u.q.,2023-02-26,2023-02,steam_store_search,True,True,INTERSECTION,True,,v42944,r110001,q.u.q.,complete,True,q.u.q.,$1.99,False,https://store.steampowered.com/app/2302140/,https://vndb.org/v42944,33148,FOUND,q.u.q.,1677387600000,1786132828461,2026-08-08T12:07:45.053966+00:00
2231900,Fateweaver: The Alchemist's Quandary,2023-02-27,2023-02,steam_store_search,True,True,INTERSECTION,True,,v40515,r99824,Fateweaver: The Alchemist's Quandary,complete,True,Fateweaver: The Alchemist's Quandary,$2.99,False,https://store.steampowered.com/app/2231900/,https://vndb.org/v40515,2362,FOUND,Fateweaver: The Alchemist's Quandary,1677474000000,1786132828461,2026-08-08T12:07:45.053966+00:00
2262010,催眠スクールデイズ - Hypnotic School Days -,2023-02-27,2023-02,steam_store_search,True,True,INTERSECTION,True,,v22724,r103746,Hatsujou Saimin Appli ~Shikyuu ni Todoku Chakushin'on~,complete,True,催眠スクールデイズ - Hypnotic School Days -,-50%,False,https://store.steampowered.com/app/2262010/,https://vndb.org/v22724,91,FOUND,催眠スクールデイズ - Hypnotic School Days -,1677474000000,1786132828461,2026-08-08T12:07:45.053966+00:00
2305320,平凡的我與幽靈的同居生活,2023-02-27,2023-02,steam_store_search,True,True,INTERSECTION,True,,v49047,r118061,Pingfan de Wo yu Youling de Tongju Shenghuo,complete,True,平凡的我與幽靈的同居生活,$2.99,False,https://store.steampowered.com/app/2305320/,https://vndb.org/v49047,35,FOUND,平凡的我與幽靈的同居生活,1677474000000,1786132828461,2026-08-08T12:07:45.053966+00:00
1148730,Errant Kingdom,2023-02-28,2023-02,steam_store_search,True,True,INTERSECTION,True,,v26425,r100633;r66640,Errant Kingdom,complete;partial,True,Errant Kingdom,$13.99,False,https://store.steampowered.com/app/1148730/,https://vndb.org/v26425,4716,FOUND,Errant Kingdom,1677560400000,1786132828461,2026-08-08T12:07:45.053966+00:00
1896010,It's Hasegawa-san!?,2023-02-28,2023-02,steam_store_search,True,True,INTERSECTION,True,,v43002,r104287,Jingran Shi Zhang Guchuan Tongxue,complete,True,It's Hasegawa-san!?,$1.99,False,https://store.steampowered.com/app/1896010/,https://vndb.org/v43002,3472,FOUND,It's Hasegawa-san!?,1677560400000,1786132828461,2026-08-08T12:07:45.053966+00:00
1764700,ふりかけ☆スペイシー,2023-02-28,2023-02,steam_store_search,True,True,INTERSECTION,True,,v37548,r94444,Furikake☆Spacy,complete,True,ふりかけ☆スペイシー,$14.99,False,https://store.steampowered.com/app/1764700/,https://vndb.org/v37548,5518,FOUND,ふりかけ☆スペイシー,1677560400000,1786132828461,2026-08-08T12:07:45.053966+00:00
2309270,UC Love,2023-03-01,2023-03,steam_store_search,True,True,INTERSECTION,True,,v36168,r91869,UC Love,complete,True,UC Love,Free,True,https://store.steampowered.com/app/2309270/,https://vndb.org/v36168,3696,FOUND,UC Love,1677646800000,1786132828461,2026-08-08T12:07:45.053966+00:00
1918170,Arclight of City,2023-03-02,2023-03,steam_store_search,True,True,INTERSECTION,True,,v43052,r104379,Chengshi Huguang,complete,True,Arclight of City,$3.99,False,https://store.steampowered.com/app/1918170/,https://vndb.org/v43052,546,FOUND,Arclight of City,1677733200000,1786132828461,2026-08-08T12:07:45.053966+00:00
2322850,GOOD LUCK BABY!,2023-03-06,2023-03,steam_store_search,True,True,INTERSECTION,True,,v37929,r95136,GOOD LUCK BABY!,complete,True,GOOD LUCK BABY!,$14.99,False,https://store.steampowered.com/app/2322850/,https://vndb.org/v37929,257,FOUND,GOOD LUCK BABY!,1678078800000,1786132828461,2026-08-08T12:07:45.053966+00:00
2021710,Sakura Succubus 7,2023-03-06,2023-03,steam_store_search,True,True,INTERSECTION,True,,v43053,r104381,Sakura Succubus 7,complete,True,Sakura Succubus 7,$9.99,False,https://store.steampowered.com/app/2021710/,https://vndb.org/v43053,5904,FOUND,Sakura Succubus 7,1678078800000,1786132828461,2026-08-08T12:07:45.053966+00:00
2106840,PARANORMASIGHT: The Seven Mysteries of Honjo,2023-03-08,2023-03,steam_store_search,True,True,INTERSECTION,True,,v42561,r103501;r120347,PARANORMASIGHT FILE23: Honjo Nanafushigi,complete,True,PARANORMASIGHT: The Seven Mysteries of Honjo,-50%,False,https://store.steampowered.com/app/2106840/,https://vndb.org/v42561,175520,FOUND,PARANORMASIGHT: The Seven Mysteries of Honjo,1678251600000,1786132828461,2026-08-08T12:07:45.053966+00:00
2326460,The Magical Land of Canada,2023-03-08,2023-03,steam_store_search,True,True,INTERSECTION,True,,v43121,r104497,The Magical Land of Canada,complete,True,The Magical Land of Canada,Free,True,https://store.steampowered.com/app/2326460/,https://vndb.org/v43121,1465,FOUND,The Magical Land of Canada,1678251600000,1786132828461,2026-08-08T12:07:45.053966+00:00
2184880,The Widow's Boutique,2023-03-08,2023-03,steam_store_search,True,True,INTERSECTION,True,,v39630,r104496,Fru Sems valg,complete,True,The Widow's Boutique,$7.99,False,https://store.steampowered.com/app/2184880/,https://vndb.org/v39630,162,FOUND,The Widow's Boutique,1678251600000,1786132828461,2026-08-08T12:07:45.053966+00:00
1742930,Looking Up I See Only A Ceiling,2023-03-09,2023-03,steam_store_search,True,True,INTERSECTION,True,,v44312,r106814;r120202;r120203;r120204;r120205;r130294;r130295;r130296;r130298;r130299;r130301;r130303;r130304;r130305;r130306,Looking Up I See Only A Ceiling,complete,True,Looking Up I See Only A Ceiling,-30%,False,https://store.steampowered.com/app/1742930/,https://vndb.org/v44312,89002,FOUND,Looking Up I See Only A Ceiling,1678338000000,1786132828461,2026-08-08T12:07:45.053966+00:00
2268470,HOPE LEFT ME,2023-03-10,2023-03,steam_store_search,True,True,INTERSECTION,True,,v39827,r105379,HOPE LEFT ME,complete,True,HOPE LEFT ME,$1.99,False,https://store.steampowered.com/app/2268470/,https://vndb.org/v39827,11670,FOUND,HOPE LEFT ME,1678424400000,1786132828461,2026-08-08T12:07:45.053966+00:00
1885570,"Happy Live,Show Up!",2023-03-10,2023-03,steam_store_search,True,True,INTERSECTION,True,,v29884,r93951,"Happy Live, Show Up!",complete,True,"Happy Live,Show Up!",$34.99,False,https://store.steampowered.com/app/1885570/,https://vndb.org/v29884,1854,FOUND,"Happy Live,Show Up!",1678424400000,1786132828461,2026-08-08T12:07:45.053966+00:00
2321180,SHUFFLE! Episode 2 ~Kami ni mo Akuma ni mo Nerawareteiru Otoko~,2023-03-10,2023-03,steam_store_search,True,True,INTERSECTION,True,,v25725,r77063,SHUFFLE! Episode 2 ~Kami ni mo Akuma ni mo Nerawareteiru Otoko~,complete,True,SHUFFLE! Episode 2 ~Kami ni mo Akuma ni mo Nerawareteiru Otoko~,-58%,False,https://store.steampowered.com/app/2321180/,https://vndb.org/v25725,4503,FOUND,SHUFFLE! Episode 2 ~Kami ni mo Akuma ni mo Nerawareteiru Otoko~,1678424400000,1786132828461,2026-08-08T12:07:45.053966+00:00
2307120,Lovelorn sanatorium Ⅲ,2023-03-11,2023-03,steam_store_search,True,True,INTERSECTION,True,,v44495,r107135,Kuzhu Jiuzhu Zhongxin III,complete,True,Lovelorn sanatorium Ⅲ,$7.99,False,https://store.steampowered.com/app/2307120/,https://vndb.org/v44495,45679,FOUND,Lovelorn sanatorium Ⅲ,1678510800000,1786132828461,2026-08-08T12:07:45.053966+00:00
2308580,Disaster Detective Saiga: An Indescribable Mystery,2023-03-12,2023-03,steam_store_search,True,True,INTERSECTION,True,,v42945,r104208,Sainan Tantei Saiga - Meijou Dekinai Kaijiken,complete,True,Disaster Detective Saiga: An Indescribable Mystery,$24.99,False,https://store.steampowered.com/app/2308580/,https://vndb.org/v42945,172,FOUND,Disaster Detective Saiga: An Indescribable Mystery,1678597200000,1786132828461,2026-08-08T12:07:45.053966+00:00
1961760,My Girlfriend’s Special Place,2023-03-13,2023-03,steam_store_search,True,True,INTERSECTION,True,,v16150,r64792,Kanojo no Seiiki,complete,True,My Girlfriend’s Special Place,-50%,False,https://store.steampowered.com/app/1961760/,https://vndb.org/v16150,5119,FOUND,My Girlfriend’s Special Place,1678680000000,1786132828461,2026-08-08T12:07:45.053966+00:00
2023990,Triopticon三昧,2023-03-13,2023-03,steam_store_search,True,True,INTERSECTION,True,,v37898,r121686,Triopticon Sanmei,complete,True,Triopticon三昧,$10.99,False,https://store.steampowered.com/app/2023990/,https://vndb.org/v37898,34,FOUND,Triopticon三昧,1678680000000,1786132828461,2026-08-08T12:07:45.053966+00:00
2146500,Unluckily in Love,2023-03-13,2023-03,steam_store_search,True,True,INTERSECTION,True,,v38891,r121602,Unluckily in Love,complete,True,Unluckily in Love,$10.99,False,https://store.steampowered.com/app/2146500/,https://vndb.org/v38891,563,FOUND,Unluckily in Love,1678680000000,1786132828461,2026-08-08T12:07:45.053966+00:00
2225250,Slobbish Dragon Princess 3,2023-03-14,2023-03,steam_store_search,True,True,INTERSECTION,True,,v37055,r104374,DraPri Guu-ta-life 3,complete,True,Slobbish Dragon Princess 3,$14.99,False,https://store.steampowered.com/app/2225250/,https://vndb.org/v37055,3378,FOUND,Slobbish Dragon Princess 3,1678766400000,1786132828461,2026-08-08T12:07:45.053966+00:00
1687960,The Wreck,2023-03-14,2023-03,steam_store_search,True,True,INTERSECTION,True,,v40588,r99978,The Wreck,complete,True,The Wreck,$19.99,False,https://store.steampowered.com/app/1687960/,https://vndb.org/v40588,4267,FOUND,The Wreck,1678766400000,1786132828461,2026-08-08T12:07:45.053966+00:00
2301870,星空骑士,2023-03-14,2023-03,steam_store_search,True,True,INTERSECTION,True,,v42431,r103276,Xingkong Qishi,complete,True,星空骑士,Free,True,https://store.steampowered.com/app/2301870/,https://vndb.org/v42431,294,FOUND,星空骑士,1678766400000,1786132828461,2026-08-08T12:07:45.053966+00:00
1998450,Black & White,2023-03-16,2023-03,steam_store_search,True,True,INTERSECTION,True,,v36064,r91642,Er Fen Zhi Yi,complete,True,Black & White,$14.99,False,https://store.steampowered.com/app/1998450/,https://vndb.org/v36064,17228,FOUND,Black & White,1678939200000,1786132828461,2026-08-08T12:07:45.053966+00:00
2124070,No:Worse,2023-03-16,2023-03,steam_store_search,True,True,INTERSECTION,True,,v37963,r95206,Ne:Huzhe,complete,True,No:Worse,$6.99,False,https://store.steampowered.com/app/2124070/,https://vndb.org/v37963,669,FOUND,No:Worse,1678939200000,1786132828461,2026-08-08T12:07:45.053966+00:00
2309520,雷雨漫漫Endless Thunder,2023-03-21,2023-03,steam_store_search,True,True,INTERSECTION,True,,v43291,r104866,Leiyu Manman,complete,True,雷雨漫漫Endless Thunder,Free,True,https://store.steampowered.com/app/2309520/,https://vndb.org/v43291,1195,FOUND,雷雨漫漫Endless Thunder,1679371200000,1786132828461,2026-08-08T12:07:45.053966+00:00
2322690,Bloodshell: Conviction,2023-03-23,2023-03,steam_store_search,True,True,INTERSECTION,True,,v43309,r104942,Bloodshell: Conviction,complete,True,Bloodshell: Conviction,$4.99,False,https://store.steampowered.com/app/2322690/,https://vndb.org/v43309,36,FOUND,Bloodshell: Conviction,1679544000000,1786132828461,2026-08-08T12:07:45.053966+00:00
2332130,Life After Magic,2023-03-23,2023-03,steam_store_search,True,True,INTERSECTION,True,,v38053,r104926,Life After Magic,complete,True,Life After Magic,Free,True,https://store.steampowered.com/app/2332130/,https://vndb.org/v38053,9588,FOUND,Life After Magic,1679544000000,1786132828461,2026-08-08T12:07:45.053966+00:00
1708110,Misericorde: Volume One,2023-03-23,2023-03,steam_store_search,True,True,INTERSECTION,True,,v31805,r81767,Misericorde: Volume One,complete,True,Misericorde: Volume One,$8.99,False,https://store.steampowered.com/app/1708110/,https://vndb.org/v31805,8566,FOUND,Misericorde: Volume One,1679544000000,1786132828461,2026-08-08T12:07:45.053966+00:00
2307160,Yukiiro Sign,2023-03-23,2023-03,steam_store_search,True,True,INTERSECTION,True,,v29662,r104075,Yukiiro Sign,complete,True,Yukiiro Sign,$19.99,False,https://store.steampowered.com/app/2307160/,https://vndb.org/v29662,1416,FOUND,Yukiiro Sign,1679544000000,1786132828461,2026-08-08T12:07:45.053966+00:00
2144280,龙栖,2023-03-23,2023-03,steam_store_search,True,True,INTERSECTION,True,,v43310,r104943,Long Qi,complete,True,龙栖,$6.99,False,https://store.steampowered.com/app/2144280/,https://vndb.org/v43310,441,FOUND,龙栖,1679544000000,1786132828461,2026-08-08T12:07:45.053966+00:00
2319470,A TAVERN FOR TEA,2023-03-24,2023-03,steam_store_search,True,True,INTERSECTION,True,,v26438,r104243,A TAVERN FOR TEA,complete,True,A TAVERN FOR TEA,$2.99,False,https://store.steampowered.com/app/2319470/,https://vndb.org/v26438,2456,FOUND,A TAVERN FOR TEA,1679630400000,1786132828461,2026-08-08T12:07:45.053966+00:00
2303800,My Life as a Cult Leader,2023-03-24,2023-03,steam_store_search,True,True,INTERSECTION,True,,v21690,r105000,Shikijou Kyoudan,complete,True,My Life as a Cult Leader,$14.99,False,https://store.steampowered.com/app/2303800/,https://vndb.org/v21690,29368,FOUND,My Life as a Cult Leader,1679630400000,1786132828461,2026-08-08T12:07:45.053966+00:00
2287790,Tide Girl: Phenomena,2023-03-24,2023-03,steam_store_search,True,True,INTERSECTION,True,,v43802,r122564,Chaoxi Shaonü: Xianxiang,complete,True,Tide Girl: Phenomena,$2.99,False,https://store.steampowered.com/app/2287790/,https://vndb.org/v43802,1242,FOUND,Tide Girl: Phenomena,1679630400000,1786132828461,2026-08-08T12:07:45.053966+00:00
1927270,Administrators,2023-03-25,2023-03,steam_store_search,True,True,INTERSECTION,True,,v35290,r90025,Administratory,complete,True,Administrators,$9.99,False,https://store.steampowered.com/app/1927270/,https://vndb.org/v35290,1378,FOUND,Administrators,1679716800000,1786132828461,2026-08-08T12:07:45.053966+00:00
2145530,Moonflower,2023-03-25,2023-03,steam_store_search,True,True,INTERSECTION,True,,v42783,r103902,Moonflower,complete,True,Moonflower,$12.99,False,https://store.steampowered.com/app/2145530/,https://vndb.org/v42783,1006,FOUND,Moonflower,1679716800000,1786132828461,2026-08-08T12:07:45.053966+00:00
1818370,My Furry Dragon 🐾,2023-03-25,2023-03,steam_store_search,True,True,INTERSECTION,True,,v34435,r135673,My Furry Dragon 🐾,complete,True,My Furry Dragon 🐾,$4.99,False,https://store.steampowered.com/app/1818370/,https://vndb.org/v34435,6357,FOUND,My Furry Dragon 🐾,1679716800000,1786132828461,2026-08-08T12:07:45.053966+00:00
2285610,Scar of the Doll: A Psycho-Horror Story about the Mystery of an Older Sister,2023-03-25,2023-03,steam_store_search,True,True,INTERSECTION,True,,v8306,r94266,Ningyou no Kizuato,complete,True,Scar of the Doll: A Psycho-Horror Story about the Mystery of an Older Sister,$9.99,False,https://store.steampowered.com/app/2285610/,https://vndb.org/v8306,804,FOUND,Scar of the Doll: A Psycho-Horror Story about the Mystery of an Older Sister,1679716800000,1786132828461,2026-08-08T12:07:45.053966+00:00
2325440,Bitter-Sweet Cohabitation,2023-03-27,2023-03,steam_store_search,True,True,INTERSECTION,True,,v21954,r105156,Iede Shoujo to Tome Otoko ~Shoujo no Negai to Otoko no Yokubou~,complete,True,Bitter-Sweet Cohabitation,-50%,False,https://store.steampowered.com/app/2325440/,https://vndb.org/v21954,18,FOUND,Bitter-Sweet Cohabitation,1679889600000,1786132828461,2026-08-08T12:07:45.053966+00:00
2344040,Lovers in Playa Rosa,2023-03-28,2023-03,steam_store_search,True,True,INTERSECTION,True,,v43084,r104442,Lovers in Playa Rosa,complete,True,Lovers in Playa Rosa,$7.99,False,https://store.steampowered.com/app/2344040/,https://vndb.org/v43084,161,FOUND,Lovers in Playa Rosa,1679976000000,1786132828461,2026-08-08T12:07:45.053966+00:00
2291980,Pencil Plus: The Wrath of The Spankster,2023-03-28,2023-03,steam_store_search,True,True,INTERSECTION,True,,v43176,r104615,Pencil Plus: The Wrath of The Spankster,complete,True,Pencil Plus: The Wrath of The Spankster,Free,True,https://store.steampowered.com/app/2291980/,https://vndb.org/v43176,435,FOUND,Pencil Plus: The Wrath of The Spankster,1679976000000,1786132828461,2026-08-08T12:07:45.053966+00:00
2244200,Random Chat,2023-03-28,2023-03,steam_store_search,True,True,INTERSECTION,True,,v44141,r106458,Random Chatting-ui Geunyeo,complete,True,Random Chat,$39.99,False,https://store.steampowered.com/app/2244200/,https://vndb.org/v44141,3929,FOUND,Random Chat,1679976000000,1786132828461,2026-08-08T12:07:45.053966+00:00
2120060,Socrates Jones: Pro Philosopher,2023-03-28,2023-03,steam_store_search,True,True,INTERSECTION,True,,v13357,r105157,Socrates Jones: Pro Philosopher,complete,True,Socrates Jones: Pro Philosopher,Free,True,https://store.steampowered.com/app/2120060/,https://vndb.org/v13357,10702,FOUND,Socrates Jones: Pro Philosopher,1679976000000,1786132828461,2026-08-08T12:07:45.053966+00:00
1139490,Summer Daze: Tilly's Tale,2023-03-28,2023-03,steam_store_search,True,True,INTERSECTION,True,,v30445,r77895,Summer Daze: Tilly's Tale,complete,True,Summer Daze: Tilly's Tale,$19.99,False,https://store.steampowered.com/app/1139490/,https://vndb.org/v30445,470,FOUND,Summer Daze: Tilly's Tale,1679976000000,1786132828461,2026-08-08T12:07:45.053966+00:00
2013120,1997,2023-03-30,2023-03,steam_store_search,True,True,INTERSECTION,True,,v43458,r105206,1997,complete,True,1997,$9.99,False,https://store.steampowered.com/app/2013120/,https://vndb.org/v43458,3668,FOUND,1997,1680148800000,1786132828461,2026-08-08T12:07:45.053966+00:00
2341790,Some Spring Days,2023-03-30,2023-03,steam_store_search,True,True,INTERSECTION,True,,v43457,r105205,Aru Haru no Hi,complete,True,Some Spring Days,-50%,False,https://store.steampowered.com/app/2341790/,https://vndb.org/v43457,42,FOUND,Some Spring Days,1680148800000,1786132828461,2026-08-08T12:07:45.053966+00:00
2070280,Ghosts over the Water: Changing the Tides of Japan's Future,2023-03-31,2023-03,steam_store_search,True,True,INTERSECTION,True,,v37571,r94510,Ghosts Over The Water,complete,True,Ghosts over the Water: Changing the Tides of Japan's Future,Free,True,https://store.steampowered.com/app/2070280/,https://vndb.org/v37571,431,FOUND,Ghosts over the Water: Changing the Tides of Japan's Future,1680235200000,1786132828461,2026-08-08T12:07:45.053966+00:00
1506930,Hana's Campus Life!,2023-03-31,2023-03,steam_store_search,True,True,INTERSECTION,True,,v30084,r104960,'Hana'nimui Campus Life!,complete,True,Hana's Campus Life!,$14.99,False,https://store.steampowered.com/app/1506930/,https://vndb.org/v30084,157,FOUND,Hana's Campus Life!,1680235200000,1786132828461,2026-08-08T12:07:45.053966+00:00
2328240,The Alchemist of Ars Magna,2023-03-31,2023-03,steam_store_search,True,True,INTERSECTION,True,,v26098,r104613,Soushin no Ars Magna,complete,True,The Alchemist of Ars Magna,$39.99,False,https://store.steampowered.com/app/2328240/,https://vndb.org/v26098,1336,FOUND,The Alchemist of Ars Magna,1680235200000,1786132828461,2026-08-08T12:07:45.053966+00:00
2324650,The Murder of Sonic the Hedgehog,2023-03-31,2023-03,steam_store_search,True,True,INTERSECTION,True,,v43470,r105232,The Murder of Sonic the Hedgehog,complete,True,The Murder of Sonic the Hedgehog,Free,True,https://store.steampowered.com/app/2324650/,https://vndb.org/v43470,889492,FOUND,The Murder of Sonic the Hedgehog,1680235200000,1786132828461,2026-08-08T12:07:45.053966+00:00
2361930,Gekko Episode of Amelia,2023-04-01,2023-04,steam_store_search,True,True,INTERSECTION,True,,v43540,r105354,Gekko no Sword Breaker - Amelia Hen,complete,True,Gekko Episode of Amelia,Free,True,https://store.steampowered.com/app/2361930/,https://vndb.org/v43540,274,FOUND,Gekko Episode of Amelia,1680321600000,1786132828461,2026-08-08T12:07:45.053966+00:00
2175190,Forgotten Souls,2023-04-02,2023-04,steam_store_search,True,True,INTERSECTION,True,,v38521,r96371,Forgotten Souls,complete,True,Forgotten Souls,Free,True,https://store.steampowered.com/app/2175190/,https://vndb.org/v38521,524,FOUND,Forgotten Souls,1680408000000,1786132828461,2026-08-08T12:07:45.053966+00:00
717870,An Adventurer's Gallantry,2023-04-04,2023-04,steam_store_search,True,True,INTERSECTION,True,,v42429,r103273,An Adventurer's Gallantry,complete,True,An Adventurer's Gallantry,Free,True,https://store.steampowered.com/app/717870/,https://vndb.org/v42429,2755,FOUND,An Adventurer's Gallantry,1680580800000,1786132828461,2026-08-08T12:07:45.053966+00:00
1525580,Kabaret,2023-04-04,2023-04,steam_store_search,True,True,INTERSECTION,True,,v29172,r78294,Kabaret,complete,True,Kabaret,$19.99,False,https://store.steampowered.com/app/1525580/,https://vndb.org/v29172,459,FOUND,Kabaret,1680580800000,1786132828461,2026-08-08T12:07:45.053966+00:00
2058090,The Game of Fourtune,2023-04-04,2023-04,steam_store_search,True,True,INTERSECTION,True,,v36336,r105597,The Game of Fourtune,complete,True,The Game of Fourtune,$24.99,False,https://store.steampowered.com/app/2058090/,https://vndb.org/v36336,517,FOUND,The Game of Fourtune,1680580800000,1786132828461,2026-08-08T12:07:45.053966+00:00
2184220,The Wolf of Derevnya,2023-04-04,2023-04,steam_store_search,True,True,INTERSECTION,True,,v43740,r105624,The Wolf of Derevnya,complete,True,The Wolf of Derevnya,$5.99,False,https://store.steampowered.com/app/2184220/,https://vndb.org/v43740,523,FOUND,The Wolf of Derevnya,1680580800000,1786132828461,2026-08-08T12:07:45.053966+00:00
2359570,Hard to make a romantic cartoon!,2023-04-05,2023-04,steam_store_search,True,True,INTERSECTION,True,,v43766,r105671,Sunjeongmanhwaga Neomu Eolyeowo!,complete,True,Hard to make a romantic cartoon!,$24.99,False,https://store.steampowered.com/app/2359570/,https://vndb.org/v43766,675,FOUND,Hard to make a romantic cartoon!,1680667200000,1786132828461,2026-08-08T12:07:45.053966+00:00
2356730,스쿨라이프,2023-04-05,2023-04,steam_store_search,True,True,INTERSECTION,True,,v43767,r105672,School Life,complete,True,스쿨라이프,Free,True,https://store.steampowered.com/app/2356730/,https://vndb.org/v43767,705,FOUND,스쿨라이프,1680667200000,1786132828461,2026-08-08T12:07:45.053966+00:00
534250,Getting Freaky With Fujiki,2023-04-07,2023-04,steam_store_search,True,True,INTERSECTION,True,,v36839,r93200,NTR Mousou Sareru Fujiki-san,complete,True,Getting Freaky With Fujiki,$9.99,False,https://store.steampowered.com/app/534250/,https://vndb.org/v36839,1361,FOUND,Getting Freaky With Fujiki,1680840000000,1786132828461,2026-08-08T12:07:45.053966+00:00
2347380,Witch's Garden,2023-04-07,2023-04,steam_store_search,True,True,INTERSECTION,True,,v8438,r104727,Witch's Garden,complete,True,Witch's Garden,-61%,False,https://store.steampowered.com/app/2347380/,https://vndb.org/v8438,4399,FOUND,Witch's Garden,1680840000000,1786132828461,2026-08-08T12:07:45.053966+00:00
2328680,Karpov,2023-04-09,2023-04,steam_store_search,True,True,INTERSECTION,True,,v43922,r105906,Karpov,complete,True,Karpov,$3.99,False,https://store.steampowered.com/app/2328680/,https://vndb.org/v43922,41,FOUND,Karpov,1681012800000,1786132828461,2026-08-08T12:07:45.053966+00:00
2299240,Fateweaver: Smash or Pass,2023-04-10,2023-04,steam_store_search,True,True,INTERSECTION,True,,v43949,r105952,Fateweaver: Smash or Pass,complete,True,Fateweaver: Smash or Pass,$2.99,False,https://store.steampowered.com/app/2299240/,https://vndb.org/v43949,1199,FOUND,Fateweaver: Smash or Pass,1681099200000,1786132828461,2026-08-08T12:07:45.053966+00:00
2349550,The Test: Secrets of the Soul 2,2023-04-10,2023-04,steam_store_search,True,True,INTERSECTION,True,,v43221,r104706,The Test: Secrets of the Soul 2,complete,True,The Test: Secrets of the Soul 2,Free,True,https://store.steampowered.com/app/2349550/,https://vndb.org/v43221,15921,FOUND,The Test: Secrets of the Soul 2,1681099200000,1786132828461,2026-08-08T12:07:45.053966+00:00
2109430,Tron: Identity,2023-04-11,2023-04,steam_store_search,True,True,INTERSECTION,True,,v38165,r95580,Tron: Identity,complete,True,Tron: Identity,$14.99,False,https://store.steampowered.com/app/2109430/,https://vndb.org/v38165,10912,FOUND,Tron: Identity,1681185600000,1786132828461,2026-08-08T12:07:45.053966+00:00
2158650,I Did Not Buy This Ticket,2023-04-13,2023-04,steam_store_search,True,True,INTERSECTION,True,,v43981,r114105,I Did Not Buy This Ticket,complete,True,I Did Not Buy This Ticket,$7.99,False,https://store.steampowered.com/app/2158650/,https://vndb.org/v43981,7154,FOUND,I Did Not Buy This Ticket,1681358400000,1786132828461,2026-08-08T12:07:45.053966+00:00
2310360,Up All Night: Daybreak,2023-04-13,2023-04,steam_store_search,True,True,INTERSECTION,True,,v43151,r104569,Up All Night: Daybreak,complete,True,Up All Night: Daybreak,Free,True,https://store.steampowered.com/app/2310360/,https://vndb.org/v43151,817,FOUND,Up All Night: Daybreak,1681358400000,1786132828461,2026-08-08T12:07:45.053966+00:00
2094190,苍白花树繁茂之时Blood Flowers,2023-04-14,2023-04,steam_store_search,True,True,INTERSECTION,True,,v39779,r98561,Cangbai Huashu Fanmao Zhi Shi,complete,True,苍白花树繁茂之时Blood Flowers,$7.99,False,https://store.steampowered.com/app/2094190/,https://vndb.org/v39779,10171,FOUND,苍白花树繁茂之时Blood Flowers,1681444800000,1786132828461,2026-08-08T12:07:45.053966+00:00
2353910,三千零一页 3001 Pages : a fairy tale for 33,2023-04-17,2023-04,steam_store_search,True,True,INTERSECTION,True,,v44050,r106267,Sanqian Ling Yi Ye,complete,True,三千零一页 3001 Pages : a fairy tale for 33,Free,True,https://store.steampowered.com/app/2353910/,https://vndb.org/v44050,4141,FOUND,三千零一页 3001 Pages : a fairy tale for 33,1681704000000,1786132828461,2026-08-08T12:07:45.053966+00:00
2376550,Haunted Heye Apartment,2023-04-18,2023-04,steam_store_search,True,True,INTERSECTION,True,,v44051,r106268,Gui Wu Zhi Heye Gongyu,complete,True,Haunted Heye Apartment,$3.99,False,https://store.steampowered.com/app/2376550/,https://vndb.org/v44051,115,FOUND,Haunted Heye Apartment,1681790400000,1786132828461,2026-08-08T12:07:45.053966+00:00
1217410,孟德大小姐与自爆少年THREE KINGDOM FANTASY,2023-04-19,2023-04,steam_store_search,True,True,INTERSECTION,True,,v44083,r106316,Meng De Da Xiaojie Yu Zibao Shaonian,complete,True,孟德大小姐与自爆少年THREE KINGDOM FANTASY,$7.99,False,https://store.steampowered.com/app/1217410/,https://vndb.org/v44083,8041,FOUND,孟德大小姐与自爆少年THREE KINGDOM FANTASY,1681876800000,1786132828461,2026-08-08T12:07:45.053966+00:00
1663220,Coffee Talk Episode 2: Hibiscus & Butterfly,2023-04-20,2023-04,steam_store_search,True,True,INTERSECTION,True,,v38812,r118713;r118714;r96869,Coffee Talk Episode 2: Hibiscus & Butterfly,complete,True,Coffee Talk Episode 2: Hibiscus & Butterfly,-40%,False,https://store.steampowered.com/app/1663220/,https://vndb.org/v38812,98083,FOUND,Coffee Talk Episode 2: Hibiscus & Butterfly,1681963200000,1786132828461,2026-08-08T12:07:45.053966+00:00
2358750,Forsaken Woods,2023-04-20,2023-04,steam_store_search,True,True,INTERSECTION,True,,v44100,r106376,Jagin,complete,True,Forsaken Woods,$2.99,False,https://store.steampowered.com/app/2358750/,https://vndb.org/v44100,82,FOUND,Forsaken Woods,1681963200000,1786132828461,2026-08-08T12:07:45.053966+00:00
782250,Hush Hush - Only Your Love Can Save Them,2023-04-20,2023-04,steam_store_search,True,True,INTERSECTION,True,,v24239,r59479,Hush Hush: Only Your Love Can Save Them,complete,True,Hush Hush - Only Your Love Can Save Them,$19.99,False,https://store.steampowered.com/app/782250/,https://vndb.org/v24239,124381,FOUND,Hush Hush - Only Your Love Can Save Them,1681963200000,1786132828461,2026-08-08T12:07:45.053966+00:00
1669980,Volcano Princess,2023-04-20,2023-04,steam_store_search,True,True,INTERSECTION,True,,v45553,r109673;r160985,Huoshan De Nü'er,complete,True,Volcano Princess,$10.99,False,https://store.steampowered.com/app/1669980/,https://vndb.org/v45553,1829333,FOUND,Volcano Princess,1681963200000,1786132828461,2026-08-08T12:07:45.053966+00:00
2265270,Every Summer Holiday - BL (Boys Love) Visual Novel,2023-04-21,2023-04,steam_store_search,True,True,INTERSECTION,True,,v41459,r101529,Every Summer Holiday,complete,True,Every Summer Holiday - BL (Boys Love) Visual Novel,$5.99,False,https://store.steampowered.com/app/2265270/,https://vndb.org/v41459,281,FOUND,Every Summer Holiday - BL (Boys Love) Visual Novel,1682049600000,1786132828461,2026-08-08T12:07:45.053966+00:00
2251180,Fort Valen,2023-04-21,2023-04,steam_store_search,True,True,INTERSECTION,True,,v44122,r106433,Fort Valen,complete,True,Fort Valen,$5.99,False,https://store.steampowered.com/app/2251180/,https://vndb.org/v44122,71,FOUND,Fort Valen,1682049600000,1786132828461,2026-08-08T12:07:45.053966+00:00
2325470,Sorcerer's Choice: Angel or Demon?,2023-04-21,2023-04,steam_store_search,True,True,INTERSECTION,True,,v21661,r99098,Mahoutsukai to Tenshi to Akuma,complete,True,Sorcerer's Choice: Angel or Demon?,$19.99,False,https://store.steampowered.com/app/2325470/,https://vndb.org/v21661,1217,FOUND,Sorcerer's Choice: Angel or Demon?,1682049600000,1786132828461,2026-08-08T12:07:45.053966+00:00
2375180,Hypno-Mart,2023-04-24,2023-04,steam_store_search,True,True,INTERSECTION,True,,v29139,r105950,Saimin Arbeit ~Ten'in Gyaru ni Tenchou Meirei wa Zettai Dakara~,complete,True,Hypno-Mart,$14.99,False,https://store.steampowered.com/app/2375180/,https://vndb.org/v29139,767,FOUND,Hypno-Mart,1682308800000,1786132828461,2026-08-08T12:07:45.053966+00:00
2348740,Casino Heist,2023-04-27,2023-04,steam_store_search,True,True,INTERSECTION,True,,v43175,r112686,Casino Heist,complete,True,Casino Heist,$7.99,False,https://store.steampowered.com/app/2348740/,https://vndb.org/v43175,168,FOUND,Casino Heist,1682568000000,1786132828461,2026-08-08T12:07:45.053966+00:00
2235810,异世界的雪与奇迹,2023-04-27,2023-04,steam_store_search,True,True,INTERSECTION,True,,v44206,r106650,Yi Shijie de Xue Yu Qiji,complete,True,异世界的雪与奇迹,Free,True,https://store.steampowered.com/app/2235810/,https://vndb.org/v44206,1584,FOUND,异世界的雪与奇迹,1682568000000,1786132828461,2026-08-08T12:07:45.053966+00:00
2299730,Dual Chroma: Academy Carols,2023-04-28,2023-04,steam_store_search,True,True,INTERSECTION,True,,v41584,r104343,Dual Chroma: Academy Carols,complete,True,Dual Chroma: Academy Carols,Free,True,https://store.steampowered.com/app/2299730/,https://vndb.org/v41584,2102,FOUND,Dual Chroma: Academy Carols,1682654400000,1786132828461,2026-08-08T12:07:45.053966+00:00
1977660,ELEGIES: Aya,2023-04-28,2023-04,steam_store_search,True,True,INTERSECTION,True,,v35717,r90959,ELEGIES: Aya,complete,True,ELEGIES: Aya,-80%,False,https://store.steampowered.com/app/1977660/,https://vndb.org/v35717,162,FOUND,ELEGIES: Aya,1682654400000,1786132828461,2026-08-08T12:07:45.053966+00:00
2211250,Of Frost and Flowers,2023-04-28,2023-04,steam_store_search,True,True,INTERSECTION,True,,v36742,r98391,Of Frost and Flowers,complete,True,Of Frost and Flowers,Free,True,https://store.steampowered.com/app/2211250/,https://vndb.org/v36742,3500,FOUND,Of Frost and Flowers,1682654400000,1786132828461,2026-08-08T12:07:45.053966+00:00
1933180,Varney Lake,2023-04-28,2023-04,steam_store_search,True,True,INTERSECTION,True,,v37014,r93526,Varney Lake,complete,True,Varney Lake,$9.99,False,https://store.steampowered.com/app/1933180/,https://vndb.org/v37014,1086,FOUND,Varney Lake,1682654400000,1786132828461,2026-08-08T12:07:45.053966+00:00
2385090,アパシー学校であった怖い話1995特別編,2023-04-28,2023-04,steam_store_search,True,True,INTERSECTION,True,,v746,r106635,Apathy - Gakkou de Atta Kowai Hanashi ~Visual Novel Version~,complete,True,アパシー学校であった怖い話1995特別編,$29.99,False,https://store.steampowered.com/app/2385090/,https://vndb.org/v746,878,FOUND,アパシー学校であった怖い話1995特別編,1682654400000,1786132828461,2026-08-08T12:07:45.053966+00:00
2365500,不被忘记的你,2023-04-28,2023-04,steam_store_search,True,True,INTERSECTION,True,,v43923,r105907,Bu Bei Wangji de Ni,complete,True,不被忘记的你,Free,True,https://store.steampowered.com/app/2365500/,https://vndb.org/v43923,10097,FOUND,不被忘记的你,1682654400000,1786132828461,2026-08-08T12:07:45.053966+00:00
2336540,Don't Beg for Help,2023-04-29,2023-04,steam_store_search,True,True,INTERSECTION,True,,v43819,r105760,Ne moli o pomoschi,complete,True,Don't Beg for Help,$0.99,False,https://store.steampowered.com/app/2336540/,https://vndb.org/v43819,471,FOUND,Don't Beg for Help,1682740800000,1786132828461,2026-08-08T12:07:45.053966+00:00
2128480,Staffer Case: A Supernatural Mystery Adventure,2023-04-30,2023-04,steam_store_search,True,True,INTERSECTION,True,,v50735,r122788;r122789,Staffer Case: Choneungnyeok Churi Adventure,complete,True,Staffer Case: A Supernatural Mystery Adventure,$16.99,False,https://store.steampowered.com/app/2128480/,https://vndb.org/v50735,81852,FOUND,Staffer Case: A Supernatural Mystery Adventure,1682827200000,1786132828461,2026-08-08T12:07:45.053966+00:00
2377990,渡灵师-Demon Subduing Master,2023-04-30,2023-04,steam_store_search,True,True,INTERSECTION,True,,v44052,r106273,Du Ling Shi,complete,True,渡灵师-Demon Subduing Master,$11.99,False,https://store.steampowered.com/app/2377990/,https://vndb.org/v44052,34,FOUND,渡灵师-Demon Subduing Master,1682827200000,1786132828461,2026-08-08T12:07:45.053966+00:00
2378460,Piano at 5 a.m.,2023-05-01,2023-05,steam_store_search,True,True,INTERSECTION,True,,v44144,r106463,Gozen Goji ni Piano o Hiku,complete,True,Piano at 5 a.m.,Free,True,https://store.steampowered.com/app/2378460/,https://vndb.org/v44144,7213,FOUND,Piano at 5 a.m.,1682913600000,1786132828461,2026-08-08T12:07:45.053966+00:00
2384390,Coffee Dates,2023-05-02,2023-05,steam_store_search,True,True,INTERSECTION,True,,v44256,r106741,Coffee Dates,complete,True,Coffee Dates,$0.99,False,https://store.steampowered.com/app/2384390/,https://vndb.org/v44256,69,FOUND,Coffee Dates,1683000000000,1786132828461,2026-08-08T12:07:45.053966+00:00
2383700,Fursona Festival,2023-05-03,2023-05,steam_store_search,True,True,INTERSECTION,True,,v44315,r106820,Fursona Festival,complete,True,Fursona Festival,Free,True,https://store.steampowered.com/app/2383700/,https://vndb.org/v44315,2889,FOUND,Fursona Festival,1683086400000,1786132828461,2026-08-08T12:07:45.053966+00:00
2262610,Endless Monday: Dreams and Deadlines,2023-05-04,2023-05,steam_store_search,True,True,INTERSECTION,True,,v42019,r102445;r120814,Endless Monday: Dreams and Deadlines,complete,True,Endless Monday: Dreams and Deadlines,$9.99,False,https://store.steampowered.com/app/2262610/,https://vndb.org/v42019,36500,FOUND,Endless Monday: Dreams and Deadlines,1683172800000,1786132828461,2026-08-08T12:07:45.053966+00:00
1423000,NeuroNet: Mendax Proxy,2023-05-04,2023-05,steam_store_search,True,True,INTERSECTION,True,,v31213,r80069,NeuroNet: Mendax Proxy,complete,True,NeuroNet: Mendax Proxy,-75%,False,https://store.steampowered.com/app/1423000/,https://vndb.org/v31213,1374,FOUND,NeuroNet: Mendax Proxy,1683172800000,1786132828461,2026-08-08T12:07:45.053966+00:00
1952820,Open Spaces SE,2023-05-04,2023-05,steam_store_search,True,True,INTERSECTION,True,,v36774,r93031,Open Spaces,complete,True,Open Spaces SE,$8.99,False,https://store.steampowered.com/app/1952820/,https://vndb.org/v36774,30,FOUND,Open Spaces SE,1683172800000,1786132828461,2026-08-08T12:07:45.053966+00:00
2270900,Retrocausality,2023-05-05,2023-05,steam_store_search,True,True,INTERSECTION,True,,v43337,r105008,Retrocausality,complete,True,Retrocausality,-80%,False,https://store.steampowered.com/app/2270900/,https://vndb.org/v43337,138,FOUND,Retrocausality,1683259200000,1786132828461,2026-08-08T12:07:45.053966+00:00
2114770,零岁的星光,2023-05-05,2023-05,steam_store_search,True,True,INTERSECTION,True,,v41945,r102300,Ling Sui de Xingguang,complete,True,零岁的星光,$2.99,False,https://store.steampowered.com/app/2114770/,https://vndb.org/v41945,1782,FOUND,零岁的星光,1683259200000,1786132828461,2026-08-08T12:07:45.053966+00:00
2228340,Burning Secrets - A Bara Visual Novel,2023-05-08,2023-05,steam_store_search,True,True,INTERSECTION,True,,v40095,r99179,Burning Secrets,complete,True,Burning Secrets - A Bara Visual Novel,$4.99,False,https://store.steampowered.com/app/2228340/,https://vndb.org/v40095,532,FOUND,Burning Secrets - A Bara Visual Novel,1683518400000,1786132828461,2026-08-08T12:07:45.053966+00:00
2400740,PIGBLUE,2023-05-08,2023-05,steam_store_search,True,True,INTERSECTION,True,,v44412,r106980,PIGBLUE,complete,True,PIGBLUE,Free,True,https://store.steampowered.com/app/2400740/,https://vndb.org/v44412,2422,FOUND,PIGBLUE,1683518400000,1786132828461,2026-08-08T12:07:45.053966+00:00
2329380,狂信ちゃん,2023-05-08,2023-05,steam_store_search,True,True,INTERSECTION,True,,v44461,r107047,Kyouhin-chan,complete,True,狂信ちゃん,$0.99,False,https://store.steampowered.com/app/2329380/,https://vndb.org/v44461,15,FOUND,狂信ちゃん,1683518400000,1786132828461,2026-08-08T12:07:45.053966+00:00
2371470,美少女ストリーマーの秘密恋愛 - Secret romance with streamer girls -,2023-05-10,2023-05,steam_store_search,True,True,INTERSECTION,True,,v34102,r106674,Ki ni Naru Ano Ko wa Erotuber!,complete,True,美少女ストリーマーの秘密恋愛 - Secret romance with streamer girls -,-50%,False,https://store.steampowered.com/app/2371470/,https://vndb.org/v34102,1,FOUND,美少女ストリーマーの秘密恋愛 - Secret romance with streamer girls -,1683691200000,1786132828461,2026-08-08T12:07:45.053966+00:00
1972050,Band Camp Boyfriend,2023-05-11,2023-05,steam_store_search,True,True,INTERSECTION,True,,v23749,r60197,Band Camp Boyfriend,complete,True,Band Camp Boyfriend,-20%,False,https://store.steampowered.com/app/1972050/,https://vndb.org/v23749,1741,FOUND,Band Camp Boyfriend,1683777600000,1786132828461,2026-08-08T12:07:45.053966+00:00
2169830,How a Retired Strategist Saved the Country,2023-05-12,2023-05,steam_store_search,True,True,INTERSECTION,True,,v40541,r116152,Inkyo Gunshi no Kyuukoku Strategy,complete,True,How a Retired Strategist Saved the Country,$13.99,False,https://store.steampowered.com/app/2169830/,https://vndb.org/v40541,19986,FOUND,How a Retired Strategist Saved the Country,1683864000000,1786132828461,2026-08-08T12:07:45.053966+00:00
2191100,Crimson Song - Yuri Visual Novel,2023-05-15,2023-05,steam_store_search,True,True,INTERSECTION,True,,v43300,r104903,Crimson Song,complete,True,Crimson Song - Yuri Visual Novel,$1.99,False,https://store.steampowered.com/app/2191100/,https://vndb.org/v43300,837,FOUND,Crimson Song - Yuri Visual Novel,1684123200000,1786132828461,2026-08-08T12:07:45.053966+00:00
2370110,定時制の人妻JK - Married Girls' Night School -,2023-05-15,2023-05,steam_store_search,True,True,INTERSECTION,True,,v22835,r107408,Hitozuma Zakari no Seishidou,complete,True,定時制の人妻JK - Married Girls' Night School -,-50%,False,https://store.steampowered.com/app/2370110/,https://vndb.org/v22835,15,FOUND,定時制の人妻JK - Married Girls' Night School -,1684123200000,1786132828461,2026-08-08T12:07:45.053966+00:00
2392140,Eye of Saccharine,2023-05-17,2023-05,steam_store_search,True,True,INTERSECTION,True,,v43593,r125275,G.L.A.Z.A,complete,True,Eye of Saccharine,$2.99,False,https://store.steampowered.com/app/2392140/,https://vndb.org/v43593,989,FOUND,Eye of Saccharine,1684296000000,1786132828461,2026-08-08T12:07:45.053966+00:00
2384280,Love Love Joe Biden: The Joe Biden Dating Simulator,2023-05-17,2023-05,steam_store_search,True,True,INTERSECTION,True,,v44672,r107472,Love Love Joe Biden: The Joe Biden Dating Simulator,complete,True,Love Love Joe Biden: The Joe Biden Dating Simulator,$2.99,False,https://store.steampowered.com/app/2384280/,https://vndb.org/v44672,1233,FOUND,Love Love Joe Biden: The Joe Biden Dating Simulator,1684296000000,1786132828461,2026-08-08T12:07:45.053966+00:00
2278640,Love on Leave,2023-05-17,2023-05,steam_store_search,True,True,INTERSECTION,True,,v44235,r106706,Ore no Yuukyuu Koi Monogatari,complete,True,Love on Leave,$24.99,False,https://store.steampowered.com/app/2278640/,https://vndb.org/v44235,2243,FOUND,Love on Leave,1684296000000,1786132828461,2026-08-08T12:07:45.053966+00:00
2413310,J-Town: A Visual Novel,2023-05-18,2023-05,steam_store_search,True,True,INTERSECTION,True,,v44703,r107534,J-Town: A Visual Novel,complete,True,J-Town: A Visual Novel,Free,True,https://store.steampowered.com/app/2413310/,https://vndb.org/v44703,951,FOUND,J-Town: A Visual Novel,1684382400000,1786132828461,2026-08-08T12:07:45.053966+00:00
2403570,malViolence - Definitive Edition,2023-05-18,2023-05,steam_store_search,True,True,INTERSECTION,True,,v43582,r106705,malViolence,complete,True,malViolence - Definitive Edition,Free,True,https://store.steampowered.com/app/2403570/,https://vndb.org/v43582,5303,FOUND,malViolence - Definitive Edition,1684382400000,1786132828461,2026-08-08T12:07:45.053966+00:00
2197750,CAFE 0 ~The Sleeping Beast~ REMASTERED,2023-05-19,2023-05,steam_store_search,True,True,INTERSECTION,True,,v18793,r106270,Café Zero ~Nemureru Yajuu~,complete,True,CAFE 0 ~The Sleeping Beast~ REMASTERED,-40%,False,https://store.steampowered.com/app/2197750/,https://vndb.org/v18793,34,FOUND,CAFE 0 ~The Sleeping Beast~ REMASTERED,1684468800000,1786132828461,2026-08-08T12:07:45.053966+00:00
2274610,桃の華は鮮血に染まる,2023-05-22,2023-05,steam_store_search,True,True,INTERSECTION,True,,v44806,r107744,Momo no Hana wa Senketsu ni Somaru,complete,True,桃の華は鮮血に染まる,$10.99,False,https://store.steampowered.com/app/2274610/,https://vndb.org/v44806,149,FOUND,桃の華は鮮血に染まる,1684728000000,1786132828461,2026-08-08T12:07:45.053966+00:00
1727790,Tentacle Prawn: (Actually) A Cthulhu Dating Sim,2023-05-23,2023-05,steam_store_search,True,True,INTERSECTION,True,,v44848,r107802,Tentacle Prawn: (Actually) A Cthulhu Dating Sim,complete,True,Tentacle Prawn: (Actually) A Cthulhu Dating Sim,$4.99,False,https://store.steampowered.com/app/1727790/,https://vndb.org/v44848,85,FOUND,Tentacle Prawn: (Actually) A Cthulhu Dating Sim,1684814400000,1786132828461,2026-08-08T12:07:45.053966+00:00
2097740,AKAIITO HD REMASTER,2023-05-24,2023-05,steam_store_search,True,True,INTERSECTION,True,,v98,r95895,Akai Ito,complete,True,AKAIITO HD REMASTER,$13.99,False,https://store.steampowered.com/app/2097740/,https://vndb.org/v98,3730,FOUND,AKAIITO HD REMASTER,1684900800000,1786132828461,2026-08-08T12:07:45.053966+00:00
2097750,AOISHIRO HD REMASTER,2023-05-24,2023-05,steam_store_search,True,True,INTERSECTION,True,,v710,r95903,Aoishiro,complete,True,AOISHIRO HD REMASTER,$13.99,False,https://store.steampowered.com/app/2097750/,https://vndb.org/v710,2012,FOUND,AOISHIRO HD REMASTER,1684900800000,1786132828461,2026-08-08T12:07:45.053966+00:00
2387720,おいでませ、こくりさん - Welcome Kokurisan -,2023-05-24,2023-05,steam_store_search,True,True,INTERSECTION,True,,v40138,r106516,"Oidemase, Kokuri-san",complete,True,おいでませ、こくりさん - Welcome Kokurisan -,-30%,False,https://store.steampowered.com/app/2387720/,https://vndb.org/v40138,1045,FOUND,おいでませ、こくりさん - Welcome Kokurisan -,1684900800000,1786132828461,2026-08-08T12:07:45.053966+00:00
2396620,A Hint of Purple,2023-05-25,2023-05,steam_store_search,True,True,INTERSECTION,True,,v44708,r123500,A Hint of Purple,complete,True,A Hint of Purple,Free,True,https://store.steampowered.com/app/2396620/,https://vndb.org/v44708,2801,FOUND,A Hint of Purple,1684987200000,1786132828461,2026-08-08T12:07:45.053966+00:00
1658960,End of Lines,2023-05-25,2023-05,steam_store_search,True,True,INTERSECTION,True,,v38382,r96064,End of Lines,complete,True,End of Lines,-75%,False,https://store.steampowered.com/app/1658960/,https://vndb.org/v38382,1115,FOUND,End of Lines,1684987200000,1786132828461,2026-08-08T12:07:45.053966+00:00
2386250,It gets so lonely here,2023-05-25,2023-05,steam_store_search,True,True,INTERSECTION,True,,v42912,r132874,It gets so lonely here,complete,True,It gets so lonely here,Free,True,https://store.steampowered.com/app/2386250/,https://vndb.org/v42912,51395,FOUND,It gets so lonely here,1684987200000,1786132828461,2026-08-08T12:07:45.053966+00:00
1933680,Spiral Dystopia,2023-05-26,2023-05,steam_store_search,True,True,INTERSECTION,True,,v15699,r102296,Rasen Sokou no Dystopia -The Infinite Set of Alternative Version-,complete,True,Spiral Dystopia,$19.99,False,https://store.steampowered.com/app/1933680/,https://vndb.org/v15699,2800,FOUND,Spiral Dystopia,1685073600000,1786132828461,2026-08-08T12:07:45.053966+00:00
2417840,이세계메이드,2023-05-26,2023-05,steam_store_search,True,True,INTERSECTION,True,,v38308,r95919,Isegye Maid,complete,True,이세계메이드,$8.99,False,https://store.steampowered.com/app/2417840/,https://vndb.org/v38308,421,FOUND,이세계메이드,1685073600000,1786132828461,2026-08-08T12:07:45.053966+00:00
2382080,Vivian Carmine,2023-05-27,2023-05,steam_store_search,True,True,INTERSECTION,True,,v45091,r108326,Vivian Carmine,complete,True,Vivian Carmine,Free,True,https://store.steampowered.com/app/2382080/,https://vndb.org/v45091,825,FOUND,Vivian Carmine,1685160000000,1786132828461,2026-08-08T12:07:45.053966+00:00
1546060,My Summer Adventure: Memories of Another Life,2023-05-30,2023-05,steam_store_search,True,True,INTERSECTION,True,,v42930,r104173,My Summer Adventure: Memories of Another Life,complete,True,My Summer Adventure: Memories of Another Life,$7.99,False,https://store.steampowered.com/app/1546060/,https://vndb.org/v42930,1161,FOUND,My Summer Adventure: Memories of Another Life,1685419200000,1786132828461,2026-08-08T12:07:45.053966+00:00
2336180,Midnight Witch,2023-05-31,2023-05,steam_store_search,True,True,INTERSECTION,True,,v45052,r108197,Midnight Witch,complete,True,Midnight Witch,Free,True,https://store.steampowered.com/app/2336180/,https://vndb.org/v45052,15539,FOUND,Midnight Witch,1685505600000,1786132828461,2026-08-08T12:07:45.053966+00:00
2411430,不和我推谈恋爱就会死？！,2023-05-31,2023-05,steam_store_search,True,True,INTERSECTION,True,,v45053,r108199,Bu He Wo Tui Tan Lian'ai Jiu Hui Si?!,complete,True,不和我推谈恋爱就会死？！,$0.99,False,https://store.steampowered.com/app/2411430/,https://vndb.org/v45053,1147,FOUND,不和我推谈恋爱就会死？！,1685505600000,1786132828461,2026-08-08T12:07:45.053966+00:00
2318310,Class of '09: The Re-Up,2023-06-01,2023-06,steam_store_search,True,True,INTERSECTION,True,,v44358,r106900,Class of '09: The Re-Up,complete,True,Class of '09: The Re-Up,$14.99,False,https://store.steampowered.com/app/2318310/,https://vndb.org/v44358,184441,FOUND,Class of '09: The Re-Up,1685592000000,1786132828461,2026-08-08T12:07:45.053966+00:00
2375040,Dangerous Fellows: Otome Game,2023-06-01,2023-06,steam_store_search,True,True,INTERSECTION,True,,v25151,r108001,Wiheomhan Geunomdeul,complete,True,Dangerous Fellows: Otome Game,Free,True,https://store.steampowered.com/app/2375040/,https://vndb.org/v25151,10617,FOUND,Dangerous Fellows: Otome Game,1685592000000,1786132828461,2026-08-08T12:07:45.053966+00:00
2144260,Mobius’ Radio Waves,2023-06-01,2023-06,steam_store_search,True,True,INTERSECTION,True,,v45099,r108338,Mobius de Dianbo,complete,True,Mobius’ Radio Waves,$9.99,False,https://store.steampowered.com/app/2144260/,https://vndb.org/v45099,785,FOUND,Mobius’ Radio Waves,1685592000000,1786132828461,2026-08-08T12:07:45.053966+00:00
2280370,Save The World,2023-06-01,2023-06,steam_store_search,True,True,INTERSECTION,True,,v42869,r104043,Save The World,complete,True,Save The World,-32%,False,https://store.steampowered.com/app/2280370/,https://vndb.org/v42869,661,FOUND,Save The World,1685592000000,1786132828461,2026-08-08T12:07:45.053966+00:00
2428190,Town of Dusk,2023-06-01,2023-06,steam_store_search,True,True,INTERSECTION,True,,v45022,r108100,Huanghun Zhi Cheng,complete,True,Town of Dusk,Free,True,https://store.steampowered.com/app/2428190/,https://vndb.org/v45022,3057,FOUND,Town of Dusk,1685592000000,1786132828461,2026-08-08T12:07:45.053966+00:00
2403320,冬日树下的回忆,2023-06-01,2023-06,steam_store_search,True,True,INTERSECTION,True,,v40813,r107742,Dongri Shuxia de Huiyi,complete,True,冬日树下的回忆,Free,True,https://store.steampowered.com/app/2403320/,https://vndb.org/v40813,31732,FOUND,冬日树下的回忆,1685592000000,1786132828461,2026-08-08T12:07:45.053966+00:00
2406970,The doll,2023-06-05,2023-06,steam_store_search,True,True,INTERSECTION,True,,v44360,r106904,Gui Ou,complete,True,The doll,$0.99,False,https://store.steampowered.com/app/2406970/,https://vndb.org/v44360,373,FOUND,The doll,1685937600000,1786132828461,2026-08-08T12:07:45.053966+00:00
2179520,クラブ・スーサイド,2023-06-05,2023-06,steam_store_search,True,True,INTERSECTION,True,,v28398,r74497,Club Suicide,complete,True,クラブ・スーサイド,$11.99,False,https://store.steampowered.com/app/2179520/,https://vndb.org/v28398,4306,FOUND,クラブ・スーサイド,1685937600000,1786132828461,2026-08-08T12:07:45.053966+00:00
2428460,怪才俱乐部2-The Immortal Beloved2,2023-06-05,2023-06,steam_store_search,True,True,INTERSECTION,True,,v44849,r107807,Guai Cai Julebu 2,complete,True,怪才俱乐部2-The Immortal Beloved2,$6.99,False,https://store.steampowered.com/app/2428460/,https://vndb.org/v44849,52,FOUND,怪才俱乐部2-The Immortal Beloved2,1685937600000,1786132828461,2026-08-08T12:07:45.053966+00:00
2425420,Starlights / 별빛 아래,2023-06-07,2023-06,steam_store_search,True,True,INTERSECTION,True,,v45184,r108773,Byeolbich Alae,complete,True,Starlights / 별빛 아래,Free,True,https://store.steampowered.com/app/2425420/,https://vndb.org/v45184,1707,FOUND,Starlights / 별빛 아래,1686110400000,1786132828461,2026-08-08T12:07:45.053966+00:00
2168530,The Crimson Flower that Divides: Lunar Coupling,2023-06-07,2023-06,steam_store_search,True,True,INTERSECTION,True,,v10051,r95749,Koezaru wa Akai Hana,complete,True,The Crimson Flower that Divides: Lunar Coupling,$49.99,False,https://store.steampowered.com/app/2168530/,https://vndb.org/v10051,2054,FOUND,The Crimson Flower that Divides: Lunar Coupling,1686110400000,1786132828461,2026-08-08T12:07:45.053966+00:00
2396860,～ Innocent Stuck-up Girls! ～ 肉食ギャルは清純派！？,2023-06-07,2023-06,steam_store_search,True,True,INTERSECTION,True,,v21536,r108776,Bitch na Gyaru ga Shojo de Nani ga Warui?,complete,True,～ Innocent Stuck-up Girls! ～ 肉食ギャルは清純派！？,-50%,False,https://store.steampowered.com/app/2396860/,https://vndb.org/v21536,14,FOUND,～ Innocent Stuck-up Girls! ～ 肉食ギャルは清純派！？,1686110400000,1786132828461,2026-08-08T12:07:45.053966+00:00
1966420,Harmony: The Fall of Reverie,2023-06-08,2023-06,steam_store_search,True,True,INTERSECTION,True,,v44482,r107093,Harmony: The Fall of Reverie,complete,True,Harmony: The Fall of Reverie,-60%,False,https://store.steampowered.com/app/1966420/,https://vndb.org/v44482,12121,FOUND,Harmony: The Fall of Reverie,1686196800000,1786132828461,2026-08-08T12:07:45.053966+00:00
1769980,Mask of the Rose,2023-06-08,2023-06,steam_store_search,True,True,INTERSECTION,True,,v29791,r76222,Mask of the Rose,complete,True,Mask of the Rose,$19.99,False,https://store.steampowered.com/app/1769980/,https://vndb.org/v29791,13953,FOUND,Mask of the Rose,1686196800000,1786132828461,2026-08-08T12:07:45.053966+00:00
2343910,Brageskålen,2023-06-09,2023-06,steam_store_search,True,True,INTERSECTION,True,,v39631,r98326,Brageskålen,complete,True,Brageskålen,Free,True,https://store.steampowered.com/app/2343910/,https://vndb.org/v39631,221,FOUND,Brageskålen,1686283200000,1786132828461,2026-08-08T12:07:45.053966+00:00
2443400,Stellar Version 1.0,2023-06-09,2023-06,steam_store_search,True,True,INTERSECTION,True,,v45262,r108920,Stellar Version 1.0,complete,True,Stellar Version 1.0,$0.99,False,https://store.steampowered.com/app/2443400/,https://vndb.org/v45262,69,FOUND,Stellar Version 1.0,1686283200000,1786132828461,2026-08-08T12:07:45.053966+00:00
1892400,Augma II - Arc I,2023-06-11,2023-06,steam_store_search,True,True,INTERSECTION,True,,v27610,r109057,Augma II Arc I,complete,True,Augma II - Arc I,Free,True,https://store.steampowered.com/app/1892400/,https://vndb.org/v27610,878,FOUND,Augma II - Arc I,1686456000000,1786132828461,2026-08-08T12:07:45.053966+00:00
2441070,酒，音乐和虚无论,2023-06-12,2023-06,steam_store_search,True,True,INTERSECTION,True,,v45319,r109096,"Jiu, Yinyue He Xuwu Lun",complete,True,酒，音乐和虚无论,$2.99,False,https://store.steampowered.com/app/2441070/,https://vndb.org/v45319,835,FOUND,酒，音乐和虚无论,1686542400000,1786132828461,2026-08-08T12:07:45.053966+00:00
2249450,Butterfly's Poison; Blood Chains,2023-06-13,2023-06,steam_store_search,True,True,INTERSECTION,True,,v5127,r108105,Chou no Doku Hana no Kusari,complete,True,Butterfly's Poison; Blood Chains,$44.99,False,https://store.steampowered.com/app/2249450/,https://vndb.org/v5127,3558,FOUND,Butterfly's Poison; Blood Chains,1686628800000,1786132828461,2026-08-08T12:07:45.053966+00:00
2440810,Murder at Mystic High,2023-06-15,2023-06,steam_store_search,True,True,INTERSECTION,True,,v45380,r109233,Murder at Mystic High,complete,True,Murder at Mystic High,$1.99,False,https://store.steampowered.com/app/2440810/,https://vndb.org/v45380,15,FOUND,Murder at Mystic High,1686801600000,1786132828461,2026-08-08T12:07:45.053966+00:00
2442670,SS.Archives,2023-06-15,2023-06,steam_store_search,True,True,INTERSECTION,True,,v45378,r109231,SS Dang'an,complete,True,SS.Archives,$2.99,False,https://store.steampowered.com/app/2442670/,https://vndb.org/v45378,135,FOUND,SS.Archives,1686801600000,1786132828461,2026-08-08T12:07:45.053966+00:00
2409570,Вий: Визуальная новелла,2023-06-15,2023-06,steam_store_search,True,True,INTERSECTION,True,,v45263,r108925,Vij: Vizual'naja novella,complete,True,Вий: Визуальная новелла,$0.99,False,https://store.steampowered.com/app/2409570/,https://vndb.org/v45263,92,FOUND,Вий: Визуальная новелла,1686801600000,1786132828461,2026-08-08T12:07:45.053966+00:00
2311320,失与寻 ~ The Awaited ReCollection ~,2023-06-17,2023-06,steam_store_search,True,True,INTERSECTION,True,,v45402,r109309,Shi Yu Xun ~The Awaited ReCollection~,complete,True,失与寻 ~ The Awaited ReCollection ~,$3.99,False,https://store.steampowered.com/app/2311320/,https://vndb.org/v45402,2647,FOUND,失与寻 ~ The Awaited ReCollection ~,1686974400000,1786132828461,2026-08-08T12:07:45.053966+00:00
1920120,Tasty Love,2023-06-19,2023-06,steam_store_search,True,True,INTERSECTION,True,,v35459,r90317,Masinneun Sarang,complete,True,Tasty Love,-20%,False,https://store.steampowered.com/app/1920120/,https://vndb.org/v35459,996,FOUND,Tasty Love,1687147200000,1786132828461,2026-08-08T12:07:45.053966+00:00
2091580,SYNESTHESIA,2023-06-20,2023-06,steam_store_search,True,True,INTERSECTION,True,,v37279,r93992,SYNESTHESIA,complete,True,SYNESTHESIA,-70%,False,https://store.steampowered.com/app/2091580/,https://vndb.org/v37279,609,FOUND,SYNESTHESIA,1687233600000,1786132828461,2026-08-08T12:07:45.053966+00:00
2460000,Sakura in Paris,2023-06-20,2023-06,steam_store_search,True,True,INTERSECTION,True,,v45102,r108351,Paris no Sakura,complete,True,Sakura in Paris,$6.99,False,https://store.steampowered.com/app/2460000/,https://vndb.org/v45102,204,FOUND,Sakura in Paris,1687233600000,1786132828461,2026-08-08T12:07:45.053966+00:00
2425410,Alia's Carnival! Flowering Sky,2023-06-21,2023-06,steam_store_search,True,True,INTERSECTION,True,,v16483,r78746,ALIA's CARNIVAL! Flowering Sky,complete,True,Alia's Carnival! Flowering Sky,$29.99,False,https://store.steampowered.com/app/2425410/,https://vndb.org/v16483,4971,FOUND,Alia's Carnival! Flowering Sky,1687320000000,1786132828461,2026-08-08T12:07:45.053966+00:00
2414730,Elf of Era! Idols Project,2023-06-22,2023-06,steam_store_search,True,True,INTERSECTION,True,,v45484,r109489,Elf of Era! Idols Project,complete,True,Elf of Era! Idols Project,Free,True,https://store.steampowered.com/app/2414730/,https://vndb.org/v45484,3381,FOUND,Elf of Era! Idols Project,1687406400000,1786132828461,2026-08-08T12:07:45.053966+00:00
1452020,Yuri Dating Agency,2023-06-22,2023-06,steam_store_search,True,True,INTERSECTION,True,,v30527,r78125,Baihe Hunyin Jieshaosuo,complete,True,Yuri Dating Agency,$3.99,False,https://store.steampowered.com/app/1452020/,https://vndb.org/v30527,1650,FOUND,Yuri Dating Agency,1687406400000,1786132828461,2026-08-08T12:07:45.053966+00:00
1590230,Tyrion Cuthbert: Attorney of the Arcane,2023-06-23,2023-06,steam_store_search,True,True,INTERSECTION,True,,v45489,r142371,Tyrion Cuthbert: Attorney of the Arcane,complete,True,Tyrion Cuthbert: Attorney of the Arcane,$29.99,False,https://store.steampowered.com/app/1590230/,https://vndb.org/v45489,23807,FOUND,Tyrion Cuthbert: Attorney of the Arcane,1687492800000,1786132828461,2026-08-08T12:07:45.053966+00:00
2355830,With Eyes of Ice,2023-06-23,2023-06,steam_store_search,True,True,INTERSECTION,True,,v44881,r107856,With Eyes of Ice,complete,True,With Eyes of Ice,$14.99,False,https://store.steampowered.com/app/2355830/,https://vndb.org/v44881,344,FOUND,With Eyes of Ice,1687492800000,1786132828461,2026-08-08T12:07:45.053966+00:00
2466230,愚人之夜,2023-06-23,2023-06,steam_store_search,True,True,INTERSECTION,True,,v45295,r108971,Yuren Zhi Ye,complete,True,愚人之夜,$0.99,False,https://store.steampowered.com/app/2466230/,https://vndb.org/v45295,1,FOUND,愚人之夜,1687492800000,1786132828461,2026-08-08T12:07:45.053966+00:00
2255950,Max Massacre,2023-06-25,2023-06,steam_store_search,True,True,INTERSECTION,True,,v20398,r49284,Max Massacre,complete,True,Max Massacre,Free,True,https://store.steampowered.com/app/2255950/,https://vndb.org/v20398,1653,FOUND,Max Massacre,1687665600000,1786132828461,2026-08-08T12:07:45.053966+00:00
1941100,Amarantus,2023-06-26,2023-06,steam_store_search,True,True,INTERSECTION,True,,v35856,r91204,Amarantus,complete,True,Amarantus,$17.99,False,https://store.steampowered.com/app/1941100/,https://vndb.org/v35856,1324,FOUND,Amarantus,1687752000000,1786132828461,2026-08-08T12:07:45.053966+00:00
1811500,LOOPERS,2023-06-26,2023-06,steam_store_search,True,True,INTERSECTION,True,,v29445,r91840,LOOPERS,complete,True,LOOPERS,$19.99,False,https://store.steampowered.com/app/1811500/,https://vndb.org/v29445,24028,FOUND,LOOPERS,1687752000000,1786132828461,2026-08-08T12:07:45.053966+00:00
2426660,Magic Potion Stories,2023-06-26,2023-06,steam_store_search,True,True,INTERSECTION,True,,v15227,r34007,Magic Potion Stories,complete,True,Magic Potion Stories,$8.99,False,https://store.steampowered.com/app/2426660/,https://vndb.org/v15227,15,FOUND,Magic Potion Stories,1687752000000,1786132828461,2026-08-08T12:07:45.053966+00:00
1977740,My Little Sister's Special Place,2023-06-26,2023-06,steam_store_search,True,True,INTERSECTION,True,,v16845,r109252,Imouto no Seiiki,complete,True,My Little Sister's Special Place,-50%,False,https://store.steampowered.com/app/1977740/,https://vndb.org/v16845,3006,FOUND,My Little Sister's Special Place,1687752000000,1786132828461,2026-08-08T12:07:45.053966+00:00
2400590,彗星战团,2023-06-26,2023-06,steam_store_search,True,True,INTERSECTION,True,,v45517,r109598,Huixing Zhan Tuan,complete,True,彗星战团,$2.99,False,https://store.steampowered.com/app/2400590/,https://vndb.org/v45517,3235,FOUND,彗星战团,1687752000000,1786132828461,2026-08-08T12:07:45.053966+00:00
2286520,Garden of Roses: Summerset,2023-06-27,2023-06,steam_store_search,True,True,INTERSECTION,True,,v44767,r107694,Garden of Roses: Summerset,complete,True,Garden of Roses: Summerset,Free,True,https://store.steampowered.com/app/2286520/,https://vndb.org/v44767,1587,FOUND,Garden of Roses: Summerset,1687838400000,1786132828461,2026-08-08T12:07:45.053966+00:00
2022290,Amairo Chocolate 2,2023-06-28,2023-06,steam_store_search,True,True,INTERSECTION,True,,v30228,r82237,Amairo Chocolata 2,complete,True,Amairo Chocolate 2,$29.99,False,https://store.steampowered.com/app/2022290/,https://vndb.org/v30228,14998,FOUND,Amairo Chocolate 2,1687924800000,1786132828461,2026-08-08T12:07:45.053966+00:00
2353420,"Court, Connect, Capture",2023-06-28,2023-06,steam_store_search,True,True,INTERSECTION,True,,v45550,r109667,"Court, Connect, Capture",complete,True,"Court, Connect, Capture",$9.99,False,https://store.steampowered.com/app/2353420/,https://vndb.org/v45550,1,FOUND,"Court, Connect, Capture",1687924800000,1786132828461,2026-08-08T12:07:45.053966+00:00
2442620,あまあま人妻包囲網 - Stuck With Naughty Housewives -,2023-06-28,2023-06,steam_store_search,True,True,INTERSECTION,True,,v22240,r109176,Ikenai Hitozuma-tachi ~Doushitemo Gaman Dekinakute~,complete,True,あまあま人妻包囲網 - Stuck With Naughty Housewives -,-50%,False,https://store.steampowered.com/app/2442620/,https://vndb.org/v22240,1,FOUND,あまあま人妻包囲網 - Stuck With Naughty Housewives -,1687924800000,1786132828461,2026-08-08T12:07:45.053966+00:00
2374820,I’ll KILL HER,2023-06-29,2023-06,steam_store_search,True,True,INTERSECTION,True,,v45574,r109710,JA UB'JU EJO,complete,True,I’ll KILL HER,-80%,False,https://store.steampowered.com/app/2374820/,https://vndb.org/v45574,757,FOUND,I’ll KILL HER,1688011200000,1786132828461,2026-08-08T12:07:45.053966+00:00
2471780,Lost Connections,2023-06-29,2023-06,steam_store_search,True,True,INTERSECTION,True,,v45577,r109713,Lost Connections,complete,True,Lost Connections,Free,True,https://store.steampowered.com/app/2471780/,https://vndb.org/v45577,2511,FOUND,Lost Connections,1688011200000,1786132828461,2026-08-08T12:07:45.053966+00:00
1410330,Love Shore,2023-06-30,2023-06,steam_store_search,True,True,INTERSECTION,True,,v25453,r63412,Love Shore,complete,True,Love Shore,-30%,False,https://store.steampowered.com/app/1410330/,https://vndb.org/v25453,2142,FOUND,Love Shore,1688097600000,1786132828461,2026-08-08T12:07:45.053966+00:00
2442610,美人姉妹と入れ替わり生活 -Becoming Your Beautiful Cousin-,2023-07-05,2023-07,steam_store_search,True,True,INTERSECTION,True,,v20656,r109380,Seikan Shimai,complete,True,美人姉妹と入れ替わり生活 -Becoming Your Beautiful Cousin-,-50%,False,https://store.steampowered.com/app/2442610/,https://vndb.org/v20656,92,FOUND,美人姉妹と入れ替わり生活 -Becoming Your Beautiful Cousin-,1688529600000,1786132828461,2026-08-08T12:07:45.053966+00:00
2414020,The Picture of Café au lait,2023-07-07,2023-07,steam_store_search,True,True,INTERSECTION,True,,v44359,r106903,The Picture of Café au lait,complete,True,The Picture of Café au lait,Free,True,https://store.steampowered.com/app/2414020/,https://vndb.org/v44359,3325,FOUND,The Picture of Café au lait,1688702400000,1786132828461,2026-08-08T12:07:45.053966+00:00
2451860,Fantastic Dream,2023-07-10,2023-07,steam_store_search,True,True,INTERSECTION,True,,v45519,r109605,Huanmeng,complete,True,Fantastic Dream,Free,True,https://store.steampowered.com/app/2451860/,https://vndb.org/v45519,2343,FOUND,Fantastic Dream,1688961600000,1786132828461,2026-08-08T12:07:45.053966+00:00
2484520,Heart of Iona,2023-07-10,2023-07,steam_store_search,True,True,INTERSECTION,True,,v45760,r110488,Heart of Iona,complete,True,Heart of Iona,$4.99,False,https://store.steampowered.com/app/2484520/,https://vndb.org/v45760,458,FOUND,Heart of Iona,1688961600000,1786132828461,2026-08-08T12:07:45.053966+00:00
2484030,年上お姉さんの恋愛トレーニング ～Elder Sister's Love Training～,2023-07-12,2023-07,steam_store_search,True,True,INTERSECTION,True,,v21531,r109635,Onee-san Technique ~Seikyouiku to Hatsutaiken~,complete,True,年上お姉さんの恋愛トレーニング ～Elder Sister's Love Training～,-50%,False,https://store.steampowered.com/app/2484030/,https://vndb.org/v21531,15,FOUND,年上お姉さんの恋愛トレーニング ～Elder Sister's Love Training～,1689134400000,1786132828461,2026-08-08T12:07:45.053966+00:00
2210700,Pechka: Historical Story Adventure,2023-07-13,2023-07,steam_store_search,True,True,INTERSECTION,True,,v28848,r129980,MazM: Pechka,complete,True,Pechka: Historical Story Adventure,$19.99,False,https://store.steampowered.com/app/2210700/,https://vndb.org/v28848,367,FOUND,Pechka: Historical Story Adventure,1689220800000,1786132828461,2026-08-08T12:07:45.053966+00:00
1954520,Dullpain,2023-07-14,2023-07,steam_store_search,True,True,INTERSECTION,True,,v36673,r92841,Xiuli Hang,complete,True,Dullpain,$10.99,False,https://store.steampowered.com/app/1954520/,https://vndb.org/v36673,867,FOUND,Dullpain,1689307200000,1786132828461,2026-08-08T12:07:45.053966+00:00
1477130,Trouble Comes Twice,2023-07-14,2023-07,steam_store_search,True,True,INTERSECTION,True,,v30190,r101546,Trouble Comes Twice,complete,True,Trouble Comes Twice,$15.00,False,https://store.steampowered.com/app/1477130/,https://vndb.org/v30190,5998,FOUND,Trouble Comes Twice,1689307200000,1786132828461,2026-08-08T12:07:45.053966+00:00
2082060,My Furry Stepmom 🐾,2023-07-15,2023-07,steam_store_search,True,True,INTERSECTION,True,,v40534,r99879,My Furry Stepmom 🐾,complete,True,My Furry Stepmom 🐾,$4.99,False,https://store.steampowered.com/app/2082060/,https://vndb.org/v40534,4949,FOUND,My Furry Stepmom 🐾,1689393600000,1786132828461,2026-08-08T12:07:45.053966+00:00
1955490,CaveFiction,2023-07-16,2023-07,steam_store_search,True,True,INTERSECTION,True,,v38956,r110697,Dongkuyuyan,complete,True,CaveFiction,$5.99,False,https://store.steampowered.com/app/1955490/,https://vndb.org/v38956,776,FOUND,CaveFiction,1689480000000,1786132828461,2026-08-08T12:07:45.053966+00:00
2101130,From Madness with Love,2023-07-17,2023-07,steam_store_search,True,True,INTERSECTION,True,,v38742,r96753,Kyouki yori Ai o Komete,complete,True,From Madness with Love,$16.99,False,https://store.steampowered.com/app/2101130/,https://vndb.org/v38742,9258,FOUND,From Madness with Love,1689566400000,1786132828461,2026-08-08T12:07:45.053966+00:00
2375190,Queen of the Otaku: THERE CAN ONLY BE ONE,2023-07-17,2023-07,steam_store_search,True,True,INTERSECTION,True,,v28695,r107470,"Otacir no Hime wa Watashi nan Dakara! ~Ano Ko, Doutei Minna de Kowashichae~",complete,True,Queen of the Otaku: THERE CAN ONLY BE ONE,$14.99,False,https://store.steampowered.com/app/2375190/,https://vndb.org/v28695,792,FOUND,Queen of the Otaku: THERE CAN ONLY BE ONE,1689566400000,1786132828461,2026-08-08T12:07:45.053966+00:00
2234770,Lachesis or Atropos,2023-07-18,2023-07,steam_store_search,True,True,INTERSECTION,True,,v38532,r104039,Lachesis ∨ Atropos,complete,True,Lachesis or Atropos,Free,True,https://store.steampowered.com/app/2234770/,https://vndb.org/v38532,3078,FOUND,Lachesis or Atropos,1689652800000,1786132828461,2026-08-08T12:07:45.053966+00:00
2254860,Inexplicable Geeks #RestoreTheMillerCut,2023-07-20,2023-07,steam_store_search,True,True,INTERSECTION,True,,v45100,r108339,Inexplicable Geeks #RestoreTheMillerCut,complete,True,Inexplicable Geeks #RestoreTheMillerCut,$0.99,False,https://store.steampowered.com/app/2254860/,https://vndb.org/v45100,15,FOUND,Inexplicable Geeks #RestoreTheMillerCut,1689825600000,1786132828461,2026-08-08T12:07:45.053966+00:00
2136180,The Many Deaths of Lily Kosen,2023-07-20,2023-07,steam_store_search,True,True,INTERSECTION,True,,v45843,r143868,The Many Deaths of Lily Kosen,complete,True,The Many Deaths of Lily Kosen,$3.99,False,https://store.steampowered.com/app/2136180/,https://vndb.org/v45843,169,FOUND,The Many Deaths of Lily Kosen,1689825600000,1786132828461,2026-08-08T12:07:45.053966+00:00
2370540,My Klutzy Cupid,2023-07-21,2023-07,steam_store_search,True,True,INTERSECTION,True,,v31002,r106533,Ore no Cupid ga Ponkotsu Sugite Kowa~i.,complete,True,My Klutzy Cupid,$29.99,False,https://store.steampowered.com/app/2370540/,https://vndb.org/v31002,1725,FOUND,My Klutzy Cupid,1689912000000,1786132828461,2026-08-08T12:07:45.053966+00:00
2484020,メンヘラオタ姫サークル - Needy Princess Nerd Club -,2023-07-21,2023-07,steam_store_search,True,True,INTERSECTION,True,,v19678,r110170,Otahime Ryougyaku Circle ~Yamihime no Otoko Jijou~,complete,True,メンヘラオタ姫サークル - Needy Princess Nerd Club -,-50%,False,https://store.steampowered.com/app/2484020/,https://vndb.org/v19678,15,FOUND,メンヘラオタ姫サークル - Needy Princess Nerd Club -,1689912000000,1786132828461,2026-08-08T12:07:45.053966+00:00
2458530,魔女的夜宴,2023-07-21,2023-07,steam_store_search,True,True,INTERSECTION,True,,v16044,r81584,Sanoba Witch,complete,True,魔女的夜宴,$34.99,False,https://store.steampowered.com/app/2458530/,https://vndb.org/v16044,313129,FOUND,魔女的夜宴,1689912000000,1786132828461,2026-08-08T12:07:45.053966+00:00
1851470,Ikkarus and the Prince of Sin,2023-07-24,2023-07,steam_store_search,True,True,INTERSECTION,True,,v45153,r108711,Ikkarus and the Prince of Sin,complete,True,Ikkarus and the Prince of Sin,$9.99,False,https://store.steampowered.com/app/1851470/,https://vndb.org/v45153,455,FOUND,Ikkarus and the Prince of Sin,1690171200000,1786132828461,2026-08-08T12:07:45.053966+00:00
2232240,Office Girls and Games,2023-07-24,2023-07,steam_store_search,True,True,INTERSECTION,True,,v41467,r101539;r110353,Office Girls and Games,complete;trial,True,Office Girls and Games,$2.99,False,https://store.steampowered.com/app/2232240/,https://vndb.org/v41467,440,FOUND,Office Girls and Games,1690171200000,1786132828461,2026-08-08T12:07:45.053966+00:00
2375080,Sakura Bunny Girls,2023-07-24,2023-07,steam_store_search,True,True,INTERSECTION,True,,v44733,r107619,Sakura Bunny Girls,complete,True,Sakura Bunny Girls,$9.99,False,https://store.steampowered.com/app/2375080/,https://vndb.org/v44733,3418,FOUND,Sakura Bunny Girls,1690171200000,1786132828461,2026-08-08T12:07:45.053966+00:00
2478310,DERE. Some Answers Before I...,2023-07-25,2023-07,steam_store_search,True,True,INTERSECTION,True,,v30289,r109976,Privetstvuju na Dere | Dere e yōkoso,complete,True,DERE. Some Answers Before I...,$1.99,False,https://store.steampowered.com/app/2478310/,https://vndb.org/v30289,729,FOUND,DERE. Some Answers Before I...,1690257600000,1786132828461,2026-08-08T12:07:45.053966+00:00
2348360,Grisaia Chronos Rebellion,2023-07-26,2023-07,steam_store_search,True,True,INTERSECTION,True,,v32101,r107880,Grisaia: Chronos Rebellion,complete,True,Grisaia Chronos Rebellion,$39.99,False,https://store.steampowered.com/app/2348360/,https://vndb.org/v32101,1253,FOUND,Grisaia Chronos Rebellion,1690344000000,1786132828461,2026-08-08T12:07:45.053966+00:00
1805130,Komorebi,2023-07-27,2023-07,steam_store_search,True,True,INTERSECTION,True,,v34825,r89155,Komorebi,complete,True,Komorebi,$19.99,False,https://store.steampowered.com/app/1805130/,https://vndb.org/v34825,5801,FOUND,Komorebi,1690430400000,1786132828461,2026-08-08T12:07:45.053966+00:00
2397950,蒼い夏休み,2023-07-27,2023-07,steam_store_search,True,True,INTERSECTION,True,,v67384,r161644,Aoi Natsuyasumi,complete,True,蒼い夏休み,$4.99,False,https://store.steampowered.com/app/2397950/,https://vndb.org/v67384,526,FOUND,蒼い夏休み,1690430400000,1786132828461,2026-08-08T12:07:45.053966+00:00
1880370,Civic Story,2023-07-28,2023-07,steam_store_search,True,True,INTERSECTION,True,,v46138,r110898,Civic Story,complete,True,Civic Story,$14.99,False,https://store.steampowered.com/app/1880370/,https://vndb.org/v46138,109,FOUND,Civic Story,1690516800000,1786132828461,2026-08-08T12:07:45.053966+00:00
2357430,Fingernail Floss,2023-07-28,2023-07,steam_store_search,True,True,INTERSECTION,True,,v42968,r110196,Fingernail Floss,complete,True,Fingernail Floss,Free,True,https://store.steampowered.com/app/2357430/,https://vndb.org/v42968,1233,FOUND,Fingernail Floss,1690516800000,1786132828461,2026-08-08T12:07:45.053966+00:00
2374590,Sugar Sweet Temptation,2023-07-28,2023-07,steam_store_search,True,True,INTERSECTION,True,,v20196,r91508,Shugaten! -sugarfull tempering-,complete,True,Sugar Sweet Temptation,$24.99,False,https://store.steampowered.com/app/2374590/,https://vndb.org/v20196,4383,FOUND,Sugar Sweet Temptation,1690516800000,1786132828461,2026-08-08T12:07:45.053966+00:00
2448710,You're My Penguin,2023-07-28,2023-07,steam_store_search,True,True,INTERSECTION,True,,v46136,r110894,You're My Penguin,complete,True,You're My Penguin,$4.99,False,https://store.steampowered.com/app/2448710/,https://vndb.org/v46136,15,FOUND,You're My Penguin,1690516800000,1786132828461,2026-08-08T12:07:45.053966+00:00
1982200,Neko Night,2023-07-29,2023-07,steam_store_search,True,True,INTERSECTION,True,,v30544,r109771,Harem Night ~Futari no Neko to Okosamazukuri!?~,complete,True,Neko Night,$19.99,False,https://store.steampowered.com/app/1982200/,https://vndb.org/v30544,210,FOUND,Neko Night,1690603200000,1786132828461,2026-08-08T12:07:45.053966+00:00
2014210,Every Hue of You,2023-07-30,2023-07,steam_store_search,True,True,INTERSECTION,True,,v45429,r109375,Every Hue of You,complete,True,Every Hue of You,$11.99,False,https://store.steampowered.com/app/2014210/,https://vndb.org/v45429,204,FOUND,Every Hue of You,1690689600000,1786132828461,2026-08-08T12:07:45.053966+00:00
2336980,Enjoy the Diner,2023-07-31,2023-07,steam_store_search,True,True,INTERSECTION,True,,v46374,r111309,Famires o Kyouju Seyo,complete,True,Enjoy the Diner,$10.99,False,https://store.steampowered.com/app/2336980/,https://vndb.org/v46374,42823,FOUND,Enjoy the Diner,1690776000000,1786132828461,2026-08-08T12:07:45.053966+00:00
2461550,Pulse of Love,2023-07-31,2023-07,steam_store_search,True,True,INTERSECTION,True,,v46247,r111061,Pulse of Love,complete,True,Pulse of Love,-50%,False,https://store.steampowered.com/app/2461550/,https://vndb.org/v46247,100,FOUND,Pulse of Love,1690776000000,1786132828461,2026-08-08T12:07:45.053966+00:00
1566070,The Radiants,2023-07-31,2023-07,steam_store_search,True,True,INTERSECTION,True,,v30420,r85463,The Radiants,complete,True,The Radiants,$16.99,False,https://store.steampowered.com/app/1566070/,https://vndb.org/v30420,2475,FOUND,The Radiants,1690776000000,1786132828461,2026-08-08T12:07:45.053966+00:00
2497610,Mandemon,2023-08-01,2023-08,steam_store_search,True,True,INTERSECTION,True,,v45879,r110372,Renmo,complete,True,Mandemon,$2.99,False,https://store.steampowered.com/app/2497610/,https://vndb.org/v45879,9939,FOUND,Mandemon,1690862400000,1786132828461,2026-08-08T12:07:45.053966+00:00
2463660,Sweet Girl Gurumelo,2023-08-01,2023-08,steam_store_search,True,True,INTERSECTION,True,,v46284,r111130,Sweet Girl Gurumelo,complete,True,Sweet Girl Gurumelo,Free,True,https://store.steampowered.com/app/2463660/,https://vndb.org/v46284,861,FOUND,Sweet Girl Gurumelo,1690862400000,1786132828461,2026-08-08T12:07:45.053966+00:00
2518660,Pet,2023-08-02,2023-08,steam_store_search,True,True,INTERSECTION,True,,v43011,r111189,Pet,complete,True,Pet,$1.99,False,https://store.steampowered.com/app/2518660/,https://vndb.org/v43011,276,FOUND,Pet,1690948800000,1786132828461,2026-08-08T12:07:45.053966+00:00
2456280,this morning I decided to die,2023-08-02,2023-08,steam_store_search,True,True,INTERSECTION,True,,v45332,r135506,Etim utrom ja reshila umeret',complete,True,this morning I decided to die,$1.99,False,https://store.steampowered.com/app/2456280/,https://vndb.org/v45332,3253,FOUND,this morning I decided to die,1690948800000,1786132828461,2026-08-08T12:07:45.053966+00:00
2432110,WHITE ALBUM: Memories like Falling Snow,2023-08-03,2023-08,steam_store_search,True,True,INTERSECTION,True,,v236,r108248,WHITE ALBUM,complete,True,WHITE ALBUM: Memories like Falling Snow,$24.99,False,https://store.steampowered.com/app/2432110/,https://vndb.org/v236,26411,FOUND,WHITE ALBUM: Memories like Falling Snow,1691035200000,1786132828461,2026-08-08T12:07:45.053966+00:00
2519970,Jaden & Jasmine II: Lost Memories,2023-08-04,2023-08,steam_store_search,True,True,INTERSECTION,True,,v45913,r110462,Jaden & Jasmine: Lost Memories,complete,True,Jaden & Jasmine II: Lost Memories,$13.99,False,https://store.steampowered.com/app/2519970/,https://vndb.org/v45913,1,FOUND,Jaden & Jasmine II: Lost Memories,1691121600000,1786132828461,2026-08-08T12:07:45.053966+00:00
2056700,KAGITORI -BIRD IN THE CAGE HIDING THE KEY-,2023-08-04,2023-08,steam_store_search,True,True,INTERSECTION,True,,v25670,r109178,Kagi o Kakushita Kago no Tori -Bird in Cage Hiding the Key-,complete,True,KAGITORI -BIRD IN THE CAGE HIDING THE KEY-,$29.99,False,https://store.steampowered.com/app/2056700/,https://vndb.org/v25670,52,FOUND,KAGITORI -BIRD IN THE CAGE HIDING THE KEY-,1691121600000,1786132828461,2026-08-08T12:07:45.053966+00:00
2242710,Koi x Shin Ai Kanojo,2023-08-04,2023-08,steam_store_search,True,True,INTERSECTION,True,,v17516,r100672,Koi x Shin Ai Kanojo,complete,True,Koi x Shin Ai Kanojo,$34.99,False,https://store.steampowered.com/app/2242710/,https://vndb.org/v17516,47088,FOUND,Koi x Shin Ai Kanojo,1691121600000,1786132828461,2026-08-08T12:07:45.053966+00:00
2259230,Sym.BIOS: Torn Asunder,2023-08-04,2023-08,steam_store_search,True,True,INTERSECTION,True,,v46338,r118536,Sym.BIOS: Torn Asunder,complete,True,Sym.BIOS: Torn Asunder,$7.99,False,https://store.steampowered.com/app/2259230/,https://vndb.org/v46338,247,FOUND,Sym.BIOS: Torn Asunder,1691121600000,1786132828461,2026-08-08T12:07:45.053966+00:00
2206870,Star-Crosst,2023-08-06,2023-08,steam_store_search,True,True,INTERSECTION,True,,v46330,r111246,Star-Crosst,complete,True,Star-Crosst,$9.99,False,https://store.steampowered.com/app/2206870/,https://vndb.org/v46330,1028,FOUND,Star-Crosst,1691294400000,1786132828461,2026-08-08T12:07:45.053966+00:00
2474320,A Risen Heart,2023-08-07,2023-08,steam_store_search,True,True,INTERSECTION,True,,v46486,r111503,A Risen Heart,complete,True,A Risen Heart,$0.99,False,https://store.steampowered.com/app/2474320/,https://vndb.org/v46486,344,FOUND,A Risen Heart,1691380800000,1786132828461,2026-08-08T12:07:45.053966+00:00
2383620,Jolly Roger,2023-08-07,2023-08,steam_store_search,True,True,INTERSECTION,True,,v34967,r111429,Con cien cañones por banda,complete,True,Jolly Roger,$2.99,False,https://store.steampowered.com/app/2383620/,https://vndb.org/v34967,394,FOUND,Jolly Roger,1691380800000,1786132828461,2026-08-08T12:07:45.053966+00:00
2227030,Penny Larceny: Gig Economy Supervillain,2023-08-07,2023-08,steam_store_search,True,True,INTERSECTION,True,,v45387,r109260,Penny Larceny: Gig Economy Supervillain,complete,True,Penny Larceny: Gig Economy Supervillain,$11.99,False,https://store.steampowered.com/app/2227030/,https://vndb.org/v45387,1809,FOUND,Penny Larceny: Gig Economy Supervillain,1691380800000,1786132828461,2026-08-08T12:07:45.053966+00:00
2283350,Reborn A Zombie!,2023-08-07,2023-08,steam_store_search,True,True,INTERSECTION,True,,v44568,r107303,Reborn a Zombie!,complete,True,Reborn A Zombie!,Free,True,https://store.steampowered.com/app/2283350/,https://vndb.org/v44568,2362,FOUND,Reborn A Zombie!,1691380800000,1786132828461,2026-08-08T12:07:45.053966+00:00
1895970,Robotherapy,2023-08-07,2023-08,steam_store_search,True,True,INTERSECTION,True,,v64824,r155599,Robotherapy,complete,True,Robotherapy,$4.99,False,https://store.steampowered.com/app/1895970/,https://vndb.org/v64824,2068,FOUND,Robotherapy,1691380800000,1786132828461,2026-08-08T12:07:45.053966+00:00
2079180,VIDEOVERSE,2023-08-07,2023-08,steam_store_search,True,True,INTERSECTION,True,,v44966,r107994;r144924,VIDEOVERSE,complete,True,VIDEOVERSE,-33%,False,https://store.steampowered.com/app/2079180/,https://vndb.org/v44966,4213,FOUND,VIDEOVERSE,1691380800000,1786132828461,2026-08-08T12:07:45.053966+00:00
2305970,Королевская ночь,2023-08-07,2023-08,steam_store_search,True,True,INTERSECTION,True,,v46497,r111518,Korolevskaja noch',complete,True,Королевская ночь,$2.99,False,https://store.steampowered.com/app/2305970/,https://vndb.org/v46497,2202,FOUND,Королевская ночь,1691380800000,1786132828461,2026-08-08T12:07:45.053966+00:00
2499710,アパシー学校であった怖い話 Visual Novel Version,2023-08-07,2023-08,steam_store_search,True,True,INTERSECTION,True,,v746,r110454,Apathy - Gakkou de Atta Kowai Hanashi ~Visual Novel Version~,complete,True,アパシー学校であった怖い話 Visual Novel Version,$8.99,False,https://store.steampowered.com/app/2499710/,https://vndb.org/v746,198,FOUND,アパシー学校であった怖い話 Visual Novel Version,1691380800000,1786132828461,2026-08-08T12:07:45.053966+00:00
1768880,KAMIMAHOU 神之国的魔法使,2023-08-08,2023-08,steam_store_search,True,True,INTERSECTION,True,,v29932,r76688,Kami no Kuni no Mahoutsukai,complete,True,KAMIMAHOU 神之国的魔法使,$29.99,False,https://store.steampowered.com/app/1768880/,https://vndb.org/v29932,10134,FOUND,KAMIMAHOU 神之国的魔法使,1691467200000,1786132828461,2026-08-08T12:07:45.053966+00:00
2266820,Lilith Wants to Buy Your Soul,2023-08-08,2023-08,steam_store_search,True,True,INTERSECTION,True,,v41550,r101671,Lilith wants to buy your soul,complete,True,Lilith Wants to Buy Your Soul,Free,True,https://store.steampowered.com/app/2266820/,https://vndb.org/v41550,20296,FOUND,Lilith Wants to Buy Your Soul,1691467200000,1786132828461,2026-08-08T12:07:45.053966+00:00
2009010,My Furry Protogen 🐾,2023-08-11,2023-08,steam_store_search,True,True,INTERSECTION,True,,v36192,r91912,My Furry Protogen 🐾,complete,True,My Furry Protogen 🐾,$4.99,False,https://store.steampowered.com/app/2009010/,https://vndb.org/v36192,25550,FOUND,My Furry Protogen 🐾,1691726400000,1786132828461,2026-08-08T12:07:45.053966+00:00
2392730,Notes of my silence,2023-08-14,2023-08,steam_store_search,True,True,INTERSECTION,True,,v42678,r106271,Noty moyeyi tyshi,complete,True,Notes of my silence,$2.99,False,https://store.steampowered.com/app/2392730/,https://vndb.org/v42678,880,FOUND,Notes of my silence,1691985600000,1786132828461,2026-08-08T12:07:45.053966+00:00
1340480,The Cosmic Wheel Sisterhood,2023-08-16,2023-08,steam_store_search,True,True,INTERSECTION,True,,v45427,r109370,The Cosmic Wheel Sisterhood,complete,True,The Cosmic Wheel Sisterhood,$17.99,False,https://store.steampowered.com/app/1340480/,https://vndb.org/v45427,153407,FOUND,The Cosmic Wheel Sisterhood,1692158400000,1786132828461,2026-08-08T12:07:45.053966+00:00
2446510,Untold Atlas: otome sim inspired by expedition adventures,2023-08-18,2023-08,steam_store_search,True,True,INTERSECTION,True,,v43758,r108716,Untold Atlas,complete,True,Untold Atlas: otome sim inspired by expedition adventures,$14.99,False,https://store.steampowered.com/app/2446510/,https://vndb.org/v43758,275,FOUND,Untold Atlas: otome sim inspired by expedition adventures,1692331200000,1786132828461,2026-08-08T12:07:45.053966+00:00
2439760,要来点百合吗 Love Yuri,2023-08-18,2023-08,steam_store_search,True,True,INTERSECTION,True,,v45863,r116675,Yao Lai Dian Baihe Ma - Love Yuri,complete,True,要来点百合吗 Love Yuri,$2.99,False,https://store.steampowered.com/app/2439760/,https://vndb.org/v45863,22503,FOUND,要来点百合吗 Love Yuri,1692331200000,1786132828461,2026-08-08T12:07:45.053966+00:00
2196560,My Little Sister Fiona,2023-08-21,2023-08,steam_store_search,True,True,INTERSECTION,True,,v46761,r112091,My Little Sister Fiona,complete,True,My Little Sister Fiona,$0.99,False,https://store.steampowered.com/app/2196560/,https://vndb.org/v46761,734,FOUND,My Little Sister Fiona,1692590400000,1786132828461,2026-08-08T12:07:45.053966+00:00
2429140,Procambarus fallax,2023-08-21,2023-08,steam_store_search,True,True,INTERSECTION,True,,v46772,r112112,Long Wen Ao Xia,complete,True,Procambarus fallax,$0.99,False,https://store.steampowered.com/app/2429140/,https://vndb.org/v46772,156,FOUND,Procambarus fallax,1692590400000,1786132828461,2026-08-08T12:07:45.053966+00:00
2070220,Yukar From The Abyss,2023-08-21,2023-08,steam_store_search,True,True,INTERSECTION,True,,v39593,r98246,Shin'en no Yukar,complete,True,Yukar From The Abyss,$19.99,False,https://store.steampowered.com/app/2070220/,https://vndb.org/v39593,1494,FOUND,Yukar From The Abyss,1692590400000,1786132828461,2026-08-08T12:07:45.053966+00:00
2541470,年上お姉さんを独り占めしたい！ - Possessing My Older Sister -,2023-08-23,2023-08,steam_store_search,True,True,INTERSECTION,True,,v21709,r111506,Ore wa Jukujo Kyouai Shugi ~Yokkyuu Fuman na Hitozuma Hodo Ochiyasui~,complete,True,年上お姉さんを独り占めしたい！ - Possessing My Older Sister -,-50%,False,https://store.steampowered.com/app/2541470/,https://vndb.org/v21709,1,FOUND,年上お姉さんを独り占めしたい！ - Possessing My Older Sister -,1692763200000,1786132828461,2026-08-08T12:07:45.053966+00:00
2259690,AIKAGI After Days,2023-08-24,2023-08,steam_store_search,True,True,INTERSECTION,True,,v22037,r109250,Aikagi ~After Days~,complete,True,AIKAGI After Days,$19.99,False,https://store.steampowered.com/app/2259690/,https://vndb.org/v22037,275,FOUND,AIKAGI After Days,1692849600000,1786132828461,2026-08-08T12:07:45.053966+00:00
2103680,Mediterranea Inferno,2023-08-24,2023-08,steam_store_search,True,True,INTERSECTION,True,,v45507,r120114,Mediterranea Inferno,complete,True,Mediterranea Inferno,$14.99,False,https://store.steampowered.com/app/2103680/,https://vndb.org/v45507,28486,FOUND,Mediterranea Inferno,1692849600000,1786132828461,2026-08-08T12:07:45.053966+00:00
2265440,Retro Mystery Club Vol.1: The Ise-Shima Case,2023-08-24,2023-08,steam_store_search,True,True,INTERSECTION,True,,v30116,r110668,Ise-Shima Mystery Annai Itsuwari no Kuroshinju,complete,True,Retro Mystery Club Vol.1: The Ise-Shima Case,$9.99,False,https://store.steampowered.com/app/2265440/,https://vndb.org/v30116,560,FOUND,Retro Mystery Club Vol.1: The Ise-Shima Case,1692849600000,1786132828461,2026-08-08T12:07:45.053966+00:00
2478580,絶体絶命少女 虚空の方程式,2023-08-24,2023-08,steam_store_search,True,True,INTERSECTION,True,,v46790,r112206,Zettaizetsumei Shoujo Kokuu no Houteishiki,complete,True,絶体絶命少女 虚空の方程式,Free,True,https://store.steampowered.com/app/2478580/,https://vndb.org/v46790,1067,FOUND,絶体絶命少女 虚空の方程式,1692849600000,1786132828461,2026-08-08T12:07:45.053966+00:00
2517870,Experimentation,2023-08-25,2023-08,steam_store_search,True,True,INTERSECTION,True,,v46812,r124338,Eksperimentirovanie,complete,True,Experimentation,$2.99,False,https://store.steampowered.com/app/2517870/,https://vndb.org/v46812,1271,FOUND,Experimentation,1692936000000,1786132828461,2026-08-08T12:07:45.053966+00:00
2495380,Three Days to Chicago,2023-08-25,2023-08,steam_store_search,True,True,INTERSECTION,True,,v46803,r112262,Three Days To Chicago,complete,True,Three Days to Chicago,$4.99,False,https://store.steampowered.com/app/2495380/,https://vndb.org/v46803,486,FOUND,Three Days to Chicago,1692936000000,1786132828461,2026-08-08T12:07:45.053966+00:00
2490020,さよならナイト・キャップ,2023-08-25,2023-08,steam_store_search,True,True,INTERSECTION,True,,v46807,r112273,Sayonara Night Cap,complete,True,さよならナイト・キャップ,Free,True,https://store.steampowered.com/app/2490020/,https://vndb.org/v46807,4060,FOUND,さよならナイト・キャップ,1692936000000,1786132828461,2026-08-08T12:07:45.053966+00:00
2535810,Last Resort,2023-08-28,2023-08,steam_store_search,True,True,INTERSECTION,True,,v46249,r111063,Poslednij Put',complete,True,Last Resort,$5.99,False,https://store.steampowered.com/app/2535810/,https://vndb.org/v46249,831,FOUND,Last Resort,1693195200000,1786132828461,2026-08-08T12:07:45.053966+00:00
2542950,破月执行-The Broken Moon,2023-08-28,2023-08,steam_store_search,True,True,INTERSECTION,True,,v46633,r111780,Po Yue Zhixing,complete,True,破月执行-The Broken Moon,$4.99,False,https://store.steampowered.com/app/2542950/,https://vndb.org/v46633,30,FOUND,破月执行-The Broken Moon,1693195200000,1786132828461,2026-08-08T12:07:45.053966+00:00
2534630,Falling Ever,2023-08-29,2023-08,steam_store_search,True,True,INTERSECTION,True,,v46856,r112417;r131798,Kimi Sae Ireba,complete,True,Falling Ever,Free,True,https://store.steampowered.com/app/2534630/,https://vndb.org/v46856,1350,FOUND,Falling Ever,1693281600000,1786132828461,2026-08-08T12:07:45.053966+00:00
1310330,Goodbye Volcano High,2023-08-29,2023-08,steam_store_search,True,True,INTERSECTION,True,,v46861,r112425,Goodbye Volcano High,complete,True,Goodbye Volcano High,$29.99,False,https://store.steampowered.com/app/1310330/,https://vndb.org/v46861,21187,FOUND,Goodbye Volcano High,1693281600000,1786132828461,2026-08-08T12:07:45.053966+00:00
2460980,Tide—1927—,2023-08-29,2023-08,steam_store_search,True,True,INTERSECTION,True,,v45027,r110141,Chao—1927—,complete,True,Tide—1927—,$2.99,False,https://store.steampowered.com/app/2460980/,https://vndb.org/v45027,6086,FOUND,Tide—1927—,1693281600000,1786132828461,2026-08-08T12:07:45.053966+00:00
2548920,Dark Lovers - Extended Edition,2023-08-31,2023-08,steam_store_search,True,True,INTERSECTION,True,,v42714,r111791,Dark Lovers,complete,True,Dark Lovers - Extended Edition,$1.99,False,https://store.steampowered.com/app/2548920/,https://vndb.org/v42714,1,FOUND,Dark Lovers - Extended Edition,1693454400000,1786132828461,2026-08-08T12:07:45.053966+00:00
2544590,리프 인 부트스트랩 - LEAP IN BOOTSTRAP,2023-08-31,2023-08,steam_store_search,True,True,INTERSECTION,True,,v46892,r112541,LEAP IN BOOTSTRAP,complete,True,리프 인 부트스트랩 - LEAP IN BOOTSTRAP,$10.99,False,https://store.steampowered.com/app/2544590/,https://vndb.org/v46892,700,FOUND,리프 인 부트스트랩 - LEAP IN BOOTSTRAP,1693543495000,1786132828461,2026-08-08T12:07:45.053966+00:00
2534650,Meet Her There,2023-09-04,2023-09,steam_store_search,True,True,INTERSECTION,True,,v36934,r111916,Meet Her There,complete,True,Meet Her There,$1.99,False,https://store.steampowered.com/app/2534650/,https://vndb.org/v36934,607,FOUND,Meet Her There,1693800000000,1786132828461,2026-08-08T12:07:45.053966+00:00
2562580,Shine of Fullmoon,2023-09-05,2023-09,steam_store_search,True,True,INTERSECTION,True,,v46955,r112728,Shine of Fullmoon,complete,True,Shine of Fullmoon,$5.99,False,https://store.steampowered.com/app/2562580/,https://vndb.org/v46955,1,FOUND,Shine of Fullmoon,1693886400000,1786132828461,2026-08-08T12:07:45.053966+00:00
2467030,The Castle,2023-09-05,2023-09,steam_store_search,True,True,INTERSECTION,True,,v46956,r112729,O Castelo,complete,True,The Castle,$1.99,False,https://store.steampowered.com/app/2467030/,https://vndb.org/v46956,15,FOUND,The Castle,1693886400000,1786132828461,2026-08-08T12:07:45.053966+00:00
2490950,Lies as a Starting Point,2023-09-06,2023-09,steam_store_search,True,True,INTERSECTION,True,,v45738,r110021,Uso Kara Hajimaru,complete,True,Lies as a Starting Point,$8.99,False,https://store.steampowered.com/app/2490950/,https://vndb.org/v45738,72,FOUND,Lies as a Starting Point,1693972800000,1786132828461,2026-08-08T12:07:45.053966+00:00
2291020,ANONYMOUS;CODE,2023-09-08,2023-09,steam_store_search,True,True,INTERSECTION,True,,v17101,r93156,ANONYMOUS;CODE,complete,True,ANONYMOUS;CODE,-80%,False,https://store.steampowered.com/app/2291020/,https://vndb.org/v17101,19728,FOUND,ANONYMOUS;CODE,1694145600000,1786132828461,2026-08-08T12:07:45.053966+00:00
2498730,Cold Verdict 2,2023-09-08,2023-09,steam_store_search,True,True,INTERSECTION,True,,v46828,r112325,Cold Verdict 2,complete,True,Cold Verdict 2,$2.99,False,https://store.steampowered.com/app/2498730/,https://vndb.org/v46828,122,FOUND,Cold Verdict 2,1694145600000,1786132828461,2026-08-08T12:07:45.053966+00:00
2544550,Guidelicious,2023-09-08,2023-09,steam_store_search,True,True,INTERSECTION,True,,v46191,r110979,Guidelicious,complete,True,Guidelicious,Free,True,https://store.steampowered.com/app/2544550/,https://vndb.org/v46191,1827,FOUND,Guidelicious,1694145600000,1786132828461,2026-08-08T12:07:45.053966+00:00
2410880,The Garden of silvergrass,2023-09-10,2023-09,steam_store_search,True,True,INTERSECTION,True,,v38307,r95917,Okssaebat Saitkkilro,complete,True,The Garden of silvergrass,$17.99,False,https://store.steampowered.com/app/2410880/,https://vndb.org/v38307,320,FOUND,The Garden of silvergrass,1694318400000,1786132828461,2026-08-08T12:07:45.053966+00:00
1443470,Hauma - A Detective Noir Story,2023-09-11,2023-09,steam_store_search,True,True,INTERSECTION,True,,v47006,r112854,Hauma - A Detective Noir Story,complete,True,Hauma - A Detective Noir Story,$12.49,False,https://store.steampowered.com/app/1443470/,https://vndb.org/v47006,2536,FOUND,Hauma - A Detective Noir Story,1694404800000,1786132828461,2026-08-08T12:07:45.053966+00:00
2316290,Cerulean Days,2023-09-12,2023-09,steam_store_search,True,True,INTERSECTION,True,,v26318,r108950,Cerulean Days,complete,True,Cerulean Days,$14.99,False,https://store.steampowered.com/app/2316290/,https://vndb.org/v26318,454,FOUND,Cerulean Days,1694491200000,1786132828461,2026-08-08T12:07:45.053966+00:00
2357400,Mary Skelter Finale,2023-09-12,2023-09,steam_store_search,True,True,INTERSECTION,True,,v28533;v28742;v29120,r112798,Kangokutou Mary Skelter Finale;Rengokutou Mary Skelter;Rengokutou Mary Skelter: True End,complete,True,Mary Skelter Finale,-90%,False,https://store.steampowered.com/app/2357400/,https://vndb.org/v28533,11393,FOUND,Mary Skelter Finale,1694491200000,1786132828461,2026-08-08T12:07:45.053966+00:00
2574840,Go For A Punch! Saki Sanobashi,2023-09-14,2023-09,steam_store_search,True,True,INTERSECTION,True,,v46844,r112797,Go For A Punch! Saki Sanobashi,complete,True,Go For A Punch! Saki Sanobashi,$5.99,False,https://store.steampowered.com/app/2574840/,https://vndb.org/v46844,5411,FOUND,Go For A Punch! Saki Sanobashi,1694664000000,1786132828461,2026-08-08T12:07:45.053966+00:00
2480290,Just The Two Of Us,2023-09-14,2023-09,steam_store_search,True,True,INTERSECTION,True,,v46878,r112515,Just The Two Of Us,complete,True,Just The Two Of Us,$6.99,False,https://store.steampowered.com/app/2480290/,https://vndb.org/v46878,56,FOUND,Just The Two Of Us,1694664000000,1786132828461,2026-08-08T12:07:45.053966+00:00
2391870,MareQuest: An Interactive Tail,2023-09-14,2023-09,steam_store_search,True,True,INTERSECTION,True,,v47008,r112862,MareQuest: An Interactive Tail,complete,True,MareQuest: An Interactive Tail,$4.99,False,https://store.steampowered.com/app/2391870/,https://vndb.org/v47008,9398,FOUND,MareQuest: An Interactive Tail,1694664000000,1786132828461,2026-08-08T12:07:45.053966+00:00
928000,Solace State: Emotional Cyberpunk Stories,2023-09-14,2023-09,steam_store_search,True,True,INTERSECTION,True,,v30536,r78174,Solace State,complete,True,Solace State: Emotional Cyberpunk Stories,-45%,False,https://store.steampowered.com/app/928000/,https://vndb.org/v30536,616,FOUND,Solace State: Emotional Cyberpunk Stories,1694664000000,1786132828461,2026-08-08T12:07:45.053966+00:00
2527700,내 여동생과 친구의 여동생을 교환해 보았다,2023-09-14,2023-09,steam_store_search,True,True,INTERSECTION,True,,v46501,r111528,Nae Yeodongsaeng-gwa Chinguui Yeodongsaeng-eul Gyohwanhae Boassda,complete,True,내 여동생과 친구의 여동생을 교환해 보았다,$2.99,False,https://store.steampowered.com/app/2527700/,https://vndb.org/v46501,1,FOUND,내 여동생과 친구의 여동생을 교환해 보았다,1694664000000,1786132828461,2026-08-08T12:07:45.053966+00:00
2512250,Potions & Emotions,2023-09-16,2023-09,steam_store_search,True,True,INTERSECTION,True,,v47078,r113058,Potions & Emotions,complete,True,Potions & Emotions,Free,True,https://store.steampowered.com/app/2512250/,https://vndb.org/v47078,327,FOUND,Potions & Emotions,1694836800000,1786132828461,2026-08-08T12:07:45.053966+00:00
1646300,행불행 : 행복의 시작은 지금부터 리메이크,2023-09-16,2023-09,steam_store_search,True,True,INTERSECTION,True,,v47077,r113055,Haengbulhaeng: Haengbog-ui Sijag-eun Jigeumbuteo,complete,True,행불행 : 행복의 시작은 지금부터 리메이크,$13.99,False,https://store.steampowered.com/app/1646300/,https://vndb.org/v47077,25,FOUND,행불행 : 행복의 시작은 지금부터 리메이크,1694836800000,1786132828461,2026-08-08T12:07:45.053966+00:00
2450430,探しものは、夏ですか。,2023-09-19,2023-09,steam_store_search,True,True,INTERSECTION,True,,v35853,r112203,"Sagashi Mono wa, Natsu Desu Ka.",complete,True,探しものは、夏ですか。,$11.99,False,https://store.steampowered.com/app/2450430/,https://vndb.org/v35853,885,FOUND,探しものは、夏ですか。,1695096000000,1786132828461,2026-08-08T12:07:45.053966+00:00
2581530,ハッピーパパサポート！～Sugar Daddy Support～,2023-09-20,2023-09,steam_store_search,True,True,INTERSECTION,True,,v20266,r113174,"Sapo. Kibou ~Oji-San, Okane Aru?~",complete,True,ハッピーパパサポート！～Sugar Daddy Support～,-50%,False,https://store.steampowered.com/app/2581530/,https://vndb.org/v20266,1,FOUND,ハッピーパパサポート！～Sugar Daddy Support～,1695182400000,1786132828461,2026-08-08T12:07:45.053966+00:00
2449900,Selfish Cupid - BL Dating Sim,2023-09-21,2023-09,steam_store_search,True,True,INTERSECTION,True,,v44999,r108058,Selfish Cupid,complete,True,Selfish Cupid - BL Dating Sim,$4.99,False,https://store.steampowered.com/app/2449900/,https://vndb.org/v44999,137,FOUND,Selfish Cupid - BL Dating Sim,1695268800000,1786132828461,2026-08-08T12:07:45.053966+00:00
2578860,逝去的群星,2023-09-21,2023-09,steam_store_search,True,True,INTERSECTION,True,,v47135,r113242,Shiqu de Qunxing,complete,True,逝去的群星,$2.99,False,https://store.steampowered.com/app/2578860/,https://vndb.org/v47135,237,FOUND,逝去的群星,1695268800000,1786132828461,2026-08-08T12:07:45.053966+00:00
2527460,Arcana Alchemia,2023-09-22,2023-09,steam_store_search,True,True,INTERSECTION,True,,v37808,r110856,Arcana Alchemia,complete,True,Arcana Alchemia,$29.99,False,https://store.steampowered.com/app/2527460/,https://vndb.org/v37808,6237,FOUND,Arcana Alchemia,1695355200000,1786132828461,2026-08-08T12:07:45.053966+00:00
2243980,Marshmallow Imouto Succubus,2023-09-22,2023-09,steam_store_search,True,True,INTERSECTION,True,,v17849,r87422,Marshmallow☆Imouto☆Succubus☆,complete,True,Marshmallow Imouto Succubus,$19.99,False,https://store.steampowered.com/app/2243980/,https://vndb.org/v17849,933,FOUND,Marshmallow Imouto Succubus,1695355200000,1786132828461,2026-08-08T12:07:45.053966+00:00
2490820,Ovine Replica,2023-09-22,2023-09,steam_store_search,True,True,INTERSECTION,True,,v24953,r101788,Ovine Replica,complete,True,Ovine Replica,Free,True,https://store.steampowered.com/app/2490820/,https://vndb.org/v24953,1590,FOUND,Ovine Replica,1695355200000,1786132828461,2026-08-08T12:07:45.053966+00:00
2505180,Ursine Science,2023-09-22,2023-09,steam_store_search,True,True,INTERSECTION,True,,v32748,r84541,Ursine Science,complete,True,Ursine Science,$14.99,False,https://store.steampowered.com/app/2505180/,https://vndb.org/v32748,1,FOUND,Ursine Science,1695355200000,1786132828461,2026-08-08T12:07:45.053966+00:00
2510770,Stella of The End,2023-09-25,2023-09,steam_store_search,True,True,INTERSECTION,True,,v29443,r102262,Tsui no Stella,complete,True,Stella of The End,$19.99,False,https://store.steampowered.com/app/2510770/,https://vndb.org/v29443,57415,FOUND,Stella of The End,1695614400000,1786132828461,2026-08-08T12:07:45.053966+00:00
2347740,VenusBlood GAIA International,2023-09-26,2023-09,steam_store_search,True,True,INTERSECTION,True,,v12986,r114474,VenusBlood -GAIA-,complete,True,VenusBlood GAIA International,$44.99,False,https://store.steampowered.com/app/2347740/,https://vndb.org/v12986,2618,FOUND,VenusBlood GAIA International,1695700800000,1786132828461,2026-08-08T12:07:45.053966+00:00
2392430,CARROT: The First Seed,2023-09-27,2023-09,steam_store_search,True,True,INTERSECTION,True,,v54462,r131294,CARROT: The First Seed,complete,True,CARROT: The First Seed,$3.99,False,https://store.steampowered.com/app/2392430/,https://vndb.org/v54462,105,FOUND,CARROT: The First Seed,1695787200000,1786132828461,2026-08-08T12:07:45.053966+00:00
2532050,Vampires' Melody 2,2023-09-27,2023-09,steam_store_search,True,True,INTERSECTION,True,,v47003,r112850,Vampires' Melody 2,complete,True,Vampires' Melody 2,$3.99,False,https://store.steampowered.com/app/2532050/,https://vndb.org/v47003,34984,FOUND,Vampires' Melody 2,1695787200000,1786132828461,2026-08-08T12:07:45.053966+00:00
2066380,The Paracelsian Project,2023-09-28,2023-09,steam_store_search,True,True,INTERSECTION,True,,v47218,r113535,The Paracelsian Project,complete,True,The Paracelsian Project,$4.99,False,https://store.steampowered.com/app/2066380/,https://vndb.org/v47218,179,FOUND,The Paracelsian Project,1695873600000,1786132828461,2026-08-08T12:07:45.053966+00:00
2542060,天のゆくるる,2023-09-28,2023-09,steam_store_search,True,True,INTERSECTION,True,,v46901,r112563,Ama no Yukururu,complete,True,天のゆくるる,$13.99,False,https://store.steampowered.com/app/2542060/,https://vndb.org/v46901,15,FOUND,天のゆくるる,1695873600000,1786132828461,2026-08-08T12:07:45.053966+00:00
2505800,廃遊園地のメメントメモリア,2023-09-28,2023-09,steam_store_search,True,True,INTERSECTION,True,,v44700,r110168,Haiyuuenchi no Memento Memoria,complete,True,廃遊園地のメメントメモリア,$6.99,False,https://store.steampowered.com/app/2505800/,https://vndb.org/v44700,335,FOUND,廃遊園地のメメントメモリア,1695873600000,1786132828461,2026-08-08T12:07:45.053966+00:00
2279530,Myriad Hotel,2023-09-29,2023-09,steam_store_search,True,True,INTERSECTION,True,,v46989,r112820,Myriad Hotel,complete,True,Myriad Hotel,Free,True,https://store.steampowered.com/app/2279530/,https://vndb.org/v46989,290,FOUND,Myriad Hotel,1695960000000,1786132828461,2026-08-08T12:07:45.053966+00:00
2434490,Queen of Moths,2023-09-29,2023-09,steam_store_search,True,True,INTERSECTION,True,,v42231,r113539,Queen of Moths,complete,True,Queen of Moths,$1.99,False,https://store.steampowered.com/app/2434490/,https://vndb.org/v42231,553,FOUND,Queen of Moths,1695960000000,1786132828461,2026-08-08T12:07:45.053966+00:00
2467540,Secret Agent,2023-09-29,2023-09,steam_store_search,True,True,INTERSECTION,True,,v27227,r112413,Secret Agent ~Kishi Gakuen no Shinobi Naru Mono~,complete,True,Secret Agent,$24.99,False,https://store.steampowered.com/app/2467540/,https://vndb.org/v27227,1376,FOUND,Secret Agent,1695960000000,1786132828461,2026-08-08T12:07:45.053966+00:00
2599620,Zarie: The Story of Sin,2023-09-29,2023-09,steam_store_search,True,True,INTERSECTION,True,,v47247,r113584,Zarie: The Story of Sin,complete,True,Zarie: The Story of Sin,Free,True,https://store.steampowered.com/app/2599620/,https://vndb.org/v47247,1396,FOUND,Zarie: The Story of Sin,1695960000000,1786132828461,2026-08-08T12:07:45.053966+00:00
1554010,我的变色龙女友My Chameleon Girlfriend,2023-09-29,2023-09,steam_store_search,True,True,INTERSECTION,True,,v40936,r155806,Wo de Bianselong Nuyou,complete,True,我的变色龙女友My Chameleon Girlfriend,$3.99,False,https://store.steampowered.com/app/1554010/,https://vndb.org/v40936,391,FOUND,我的变色龙女友My Chameleon Girlfriend,1695960000000,1786132828461,2026-08-08T12:07:45.053966+00:00
2128680,ファントムゾーン ダイモンズ Phantom Zone DAIMONS,2023-10-01,2023-10,steam_store_search,True,True,INTERSECTION,True,,v40576,r99947,Phantom Zone DAIMONS,complete,True,ファントムゾーン ダイモンズ Phantom Zone DAIMONS,$15.60,False,https://store.steampowered.com/app/2128680/,https://vndb.org/v40576,1,FOUND,ファントムゾーン　ダイモンズ  Phantom Zone DAIMONS,1696132800000,1786132828461,2026-08-08T12:07:45.053966+00:00
2608440,Sunlight Scream,2023-10-02,2023-10,steam_store_search,True,True,INTERSECTION,True,,v47109,r124336,Sunlight Scream: University Massacre,complete,True,Sunlight Scream,$6.99,False,https://store.steampowered.com/app/2608440/,https://vndb.org/v47109,1166,FOUND,Sunlight Scream,1696219200000,1786132828461,2026-08-08T12:07:45.053966+00:00
1926650,Garden of Seif: Chronicles of an Assassin,2023-10-04,2023-10,steam_store_search,True,True,INTERSECTION,True,,v28552,r72193,Garden of Seif: Chronicles of an Assassin,complete,True,Garden of Seif: Chronicles of an Assassin,$14.99,False,https://store.steampowered.com/app/1926650/,https://vndb.org/v28552,468,FOUND,Garden of Seif: Chronicles of an Assassin,1696392000000,1786132828461,2026-08-08T12:07:45.053966+00:00
2597220,The night of erosion (prequel),2023-10-04,2023-10,steam_store_search,True,True,INTERSECTION,True,,v47377,r113815,Chimsig-ui Bam (Prequel),complete,True,The night of erosion (prequel),$0.99,False,https://store.steampowered.com/app/2597220/,https://vndb.org/v47377,1,FOUND,The night of erosion (prequel),1696392000000,1786132828461,2026-08-08T12:07:45.053966+00:00
2205230,True Colours,2023-10-04,2023-10,steam_store_search,True,True,INTERSECTION,True,,v42076,r102610;r113682,True Colours,complete;trial,True,True Colours,$13.99,False,https://store.steampowered.com/app/2205230/,https://vndb.org/v42076,79,FOUND,True Colours,1696392000000,1786132828461,2026-08-08T12:07:45.053966+00:00
2518550,Triplets Trouble!!!,2023-10-06,2023-10,steam_store_search,True,True,INTERSECTION,True,,v43668,r105506,Triplets Trouble!!!,complete,True,Triplets Trouble!!!,Free,True,https://store.steampowered.com/app/2518550/,https://vndb.org/v43668,918,FOUND,Triplets Trouble!!!,1696564800000,1786132828461,2026-08-08T12:07:45.053966+00:00
2523440,Vogvhathos,2023-10-06,2023-10,steam_store_search,True,True,INTERSECTION,True,,v61920,r147885,Vogvhathos,complete,True,Vogvhathos,$1.99,False,https://store.steampowered.com/app/2523440/,https://vndb.org/v61920,154,FOUND,Vogvhathos,1696564800000,1786132828461,2026-08-08T12:07:45.053966+00:00
2583500,Стены,2023-10-08,2023-10,steam_store_search,True,True,INTERSECTION,True,,v47437,r113919,Steny,complete,True,Стены,$0.99,False,https://store.steampowered.com/app/2583500/,https://vndb.org/v47437,190,FOUND,Стены,1696737600000,1786132828461,2026-08-08T12:07:45.053966+00:00
2585560,笼中困兽,2023-10-09,2023-10,steam_store_search,True,True,INTERSECTION,True,,v47443,r113950,Long Zhong Kun Shou,complete,True,笼中困兽,$0.99,False,https://store.steampowered.com/app/2585560/,https://vndb.org/v47443,177,FOUND,笼中困兽,1696824000000,1786132828461,2026-08-08T12:07:45.053966+00:00
2025700,Fragile Feelings,2023-10-12,2023-10,steam_store_search,True,True,INTERSECTION,True,,v42855,r104000,Fragile Feelings,complete,True,Fragile Feelings,$12.99,False,https://store.steampowered.com/app/2025700/,https://vndb.org/v42855,916,FOUND,Fragile Feelings,1697083200000,1786132828461,2026-08-08T12:07:45.053966+00:00
2469050,Kittengumi: The Sakabato's Thief,2023-10-12,2023-10,steam_store_search,True,True,INTERSECTION,True,,v47097,r113107,Kittengumi: El Ladrón de la Sakabato,complete,True,Kittengumi: The Sakabato's Thief,$9.99,False,https://store.steampowered.com/app/2469050/,https://vndb.org/v47097,256,FOUND,Kittengumi: The Sakabato's Thief,1697083200000,1786132828461,2026-08-08T12:07:45.053966+00:00
2474940,Nope Nope Nope Nope Nurses,2023-10-12,2023-10,steam_store_search,True,True,INTERSECTION,True,,v36663,r111009,Sakusei Byoutou ~Kyouaku Naru Kangoshichou ga Shihai suru Byouin no Shin'en e Sennyuu Sousa~,complete,True,Nope Nope Nope Nope Nurses,$19.99,False,https://store.steampowered.com/app/2474940/,https://vndb.org/v36663,11803,FOUND,Nope Nope Nope Nope Nurses,1697083200000,1786132828461,2026-08-08T12:07:45.053966+00:00
2611200,Totum,2023-10-12,2023-10,steam_store_search,True,True,INTERSECTION,True,,v47475,r114052,Totum,complete,True,Totum,-60%,False,https://store.steampowered.com/app/2611200/,https://vndb.org/v47475,98,FOUND,Totum,1697083200000,1786132828461,2026-08-08T12:07:45.053966+00:00
1667530,Chronotopia: Second Skin,2023-10-13,2023-10,steam_store_search,True,True,INTERSECTION,True,,v19971,r47942,Chronotopia : Seconde Peau,complete,True,Chronotopia: Second Skin,$24.99,False,https://store.steampowered.com/app/1667530/,https://vndb.org/v19971,188,FOUND,Chronotopia: Second Skin,1697169600000,1786132828461,2026-08-08T12:07:45.053966+00:00
2433470,Romance Club - Stories I Play,2023-10-13,2023-10,steam_store_search,True,True,INTERSECTION,True,,v35005;v35018;v35019;v35020;v35111;v59283;v59284;v59285;v59286;v59287;v59288;v59289;v59290;v59291;v59295;v59296;v59298;v59299;v59300;v59301;v59302;v59303;v59304;v59305;v59306;v59307;v59308;v59309;v59310;v59311;v59314;v59315;v59316;v59317;v59318;v59319;v59320;v59321;v59324;v59334;v59338;v59339;v59344;v59347;v59348;v59349;v59360;v59361;v59364;v59365;v60234,r141673;r141677;r141682;r141684;r141686;r141690;r141692;r141696;r141701;r141705;r141715;r141719;r141723;r141733;r141736;r141745;r141750;r141754;r141758;r141764;r141769;r141773;r141778;r141781;r141783;r141788;r141792;r141796;r141803;r141807;r141815;r141818;r141822;r141826;r141828;r141832;r141839;r141843;r141872;r141883;r141887;r141896;r141900;r141905;r141909;r141911;r141937;r141939;r141944;r141950;r141959;r144076,"7 Brothers;Advent No. 3;And the Haze Will Take Us;Arcanum;Astrea's Broken Heart;Chasing You;Chasing You 2;Code Blue;Dracula: A Love Story;Elite Tag;Garden of Eden;Gladiator Chronicles;Heart of Trespia;Heaven's Secret;Heaven's Secret 2;Heaven's Secret 3;Heaven's Secret: Requiem;Hell and High Water;Kali: Call of Darkness;Kali: Flame of Samsara;Legend of the Willow;Love from Outer Space;Love, Sin & Evil;Moonborn;My Hollywood Story;On Thin Ice;Path of the Valkyrie;Psi;Queen in 30 days;Rage of the Titans;Sails in the Fog;Seduced by the Rhythm;Shadows of Saintfour;Shakespeare's Code;Sins of London;Song of the Crimson Nile;Sophie's Ten Wishes;Soulless;Te Amo: A Crystal Dream;Te Amo: The Bay of Hope;The Desert Rose;The Flower from Tiamat's Fire;The Missing;The One;The Parallel Universes Bureau;The Thunderstorms Saga;Theodora;Vying for Versailles;W: Time Catcher;Wave Patrol;Where Love Burns Eternal",complete;partial,True,Romance Club - Stories I Play,Free,True,https://store.steampowered.com/app/2433470/,https://vndb.org/v35005,50362,FOUND,Romance Club - Stories I Play,1697169600000,1786132828461,2026-08-08T12:07:45.053966+00:00
1894860,R is for Rachel,2023-10-14,2023-10,steam_store_search,True,True,INTERSECTION,True,,v36445,r92397,R is for Rachel,complete,True,R is for Rachel,$2.99,False,https://store.steampowered.com/app/1894860/,https://vndb.org/v36445,105,FOUND,R is for Rachel,1697256000000,1786132828461,2026-08-08T12:07:45.053966+00:00
2598690,10:16,2023-10-16,2023-10,steam_store_search,True,True,INTERSECTION,True,,v42395,r114971,10:16,complete,True,10:16,Free,True,https://store.steampowered.com/app/2598690/,https://vndb.org/v42395,30425,FOUND,10:16,1697428800000,1786132828461,2026-08-08T12:07:45.053966+00:00
1629210,Tales Of Aravorn: An Elven Marriage,2023-10-16,2023-10,steam_store_search,True,True,INTERSECTION,True,,v36585,r92608,Tales Of Aravorn: An Elven Marriage,complete,True,Tales Of Aravorn: An Elven Marriage,-33%,False,https://store.steampowered.com/app/1629210/,https://vndb.org/v36585,597,FOUND,Tales Of Aravorn: An Elven Marriage,1697428800000,1786132828461,2026-08-08T12:07:45.053966+00:00
2366430,Windy Meadow - A Roadwarden Tale,2023-10-16,2023-10,steam_store_search,True,True,INTERSECTION,True,,v24871,r106083,Tales From Windy Meadow,complete,True,Windy Meadow - A Roadwarden Tale,$9.99,False,https://store.steampowered.com/app/2366430/,https://vndb.org/v24871,2336,FOUND,Windy Meadow - A Roadwarden Tale,1697428800000,1786132828461,2026-08-08T12:07:45.053966+00:00
2618830,Layover Lovers,2023-10-17,2023-10,steam_store_search,True,True,INTERSECTION,True,,v47344,r113736,Layover Lovers,complete,True,Layover Lovers,Free,True,https://store.steampowered.com/app/2618830/,https://vndb.org/v47344,2344,FOUND,Layover Lovers,1697515200000,1786132828461,2026-08-08T12:07:45.053966+00:00
2562430,Sweetcore Brews - an otome game inspired by witchy sitcoms,2023-10-17,2023-10,steam_store_search,True,True,INTERSECTION,True,,v45544,r112921,Sweetcore Brews,complete,True,Sweetcore Brews - an otome game inspired by witchy sitcoms,$14.99,False,https://store.steampowered.com/app/2562430/,https://vndb.org/v45544,513,FOUND,Sweetcore Brews - an otome game inspired by witchy sitcoms,1697515200000,1786132828461,2026-08-08T12:07:45.053966+00:00
2612780,鬼鎮村の危険な因襲 - Dangerous Village Tradition -,2023-10-18,2023-10,steam_store_search,True,True,INTERSECTION,True,,v20384,r113763,Kijin no Mesunie ~Ikuta no Mashu to Inbaku no Okite~,complete,True,鬼鎮村の危険な因襲 - Dangerous Village Tradition -,-50%,False,https://store.steampowered.com/app/2612780/,https://vndb.org/v20384,14,FOUND,鬼鎮村の危険な因襲 - Dangerous Village Tradition -,1697601600000,1786132828461,2026-08-08T12:07:45.053966+00:00
2434340,BLACK BOX LSS - The Shining Immortal,2023-10-19,2023-10,steam_store_search,True,True,INTERSECTION,True,,v37501,r114270,BLACKBOX LSS - Shanyao de Yongshengzhe,complete,True,BLACK BOX LSS - The Shining Immortal,Free,True,https://store.steampowered.com/app/2434340/,https://vndb.org/v37501,60400,FOUND,BLACK BOX LSS - The Shining Immortal,1697688000000,1786132828461,2026-08-08T12:07:45.053966+00:00
2170520,"Inescapable: No Rules, No Rescue",2023-10-19,2023-10,steam_store_search,True,True,INTERSECTION,True,,v36834,r93185,"Inescapable: No Rules, No Rescue",complete,True,"Inescapable: No Rules, No Rescue",$49.99,False,https://store.steampowered.com/app/2170520/,https://vndb.org/v36834,1269,FOUND,"Inescapable: No Rules, No Rescue",1697688000000,1786132828461,2026-08-08T12:07:45.053966+00:00
2186570,TELEFORUM,2023-10-19,2023-10,steam_store_search,True,True,INTERSECTION,True,,v47635,r114441,TELEFORUM,complete,True,TELEFORUM,Free,True,https://store.steampowered.com/app/2186570/,https://vndb.org/v47635,223231,FOUND,TELEFORUM,1697688000000,1786132828461,2026-08-08T12:07:45.053966+00:00
2194530,Yog-Sothoth’s Yard,2023-10-19,2023-10,steam_store_search,True,True,INTERSECTION,True,,v51102,r123691,Yog-Sothoth de Tingyuan,complete,True,Yog-Sothoth’s Yard,$10.99,False,https://store.steampowered.com/app/2194530/,https://vndb.org/v51102,535318,FOUND,Yog-Sothoth’s Yard,1697688000000,1786132828461,2026-08-08T12:07:45.053966+00:00
2405800,DREAMING CITY,2023-10-21,2023-10,steam_store_search,True,True,INTERSECTION,True,,v47564,r114296,The Dreaming City Chronicles: Quest for the Vanished World,complete,True,DREAMING CITY,$4.99,False,https://store.steampowered.com/app/2405800/,https://vndb.org/v47564,248,FOUND,DREAMING CITY,1697860800000,1786132828461,2026-08-08T12:07:45.053966+00:00
1931940,Black Lily's Tale,2023-10-23,2023-10,steam_store_search,True,True,INTERSECTION,True,,v34121,r130963;r87766,Hayasaki no Kuroyuri,complete,True,Black Lily's Tale,$18.99,False,https://store.steampowered.com/app/1931940/,https://vndb.org/v34121,10771,FOUND,Black Lily's Tale,1698033600000,1786132828461,2026-08-08T12:07:45.053966+00:00
1999870,Gears of Dragoon: Fragments of a New Era,2023-10-23,2023-10,steam_store_search,True,True,INTERSECTION,True,,v17988,r111389,GEARS of DRAGOON 2 ~Reimei no Fragments~,complete,True,Gears of Dragoon: Fragments of a New Era,$34.99,False,https://store.steampowered.com/app/1999870/,https://vndb.org/v17988,1970,FOUND,Gears of Dragoon: Fragments of a New Era,1698033600000,1786132828461,2026-08-08T12:07:45.053966+00:00
2621950,Reaplaced,2023-10-23,2023-10,steam_store_search,True,True,INTERSECTION,True,,v47242,r113578,Reaplaced,complete,True,Reaplaced,Free,True,https://store.steampowered.com/app/2621950/,https://vndb.org/v47242,1723,FOUND,Reaplaced,1698033600000,1786132828461,2026-08-08T12:07:45.053966+00:00
1989270,Slay the Princess — The Pristine Cut,2023-10-23,2023-10,steam_store_search,True,True,INTERSECTION,True,,v37179,r124020,Slay the Princess,complete,True,Slay the Princess — The Pristine Cut,-45%,False,https://store.steampowered.com/app/1989270/,https://vndb.org/v37179,825342,FOUND,Slay the Princess — The Pristine Cut,1698033600000,1786132828461,2026-08-08T12:07:45.053966+00:00
2639780,Goblet of Mercy,2023-10-24,2023-10,steam_store_search,True,True,INTERSECTION,True,,v47184,r115672,Goblet of Mercy,complete,True,Goblet of Mercy,Free,True,https://store.steampowered.com/app/2639780/,https://vndb.org/v47184,850,FOUND,Goblet of Mercy,1698120000000,1786132828461,2026-08-08T12:07:45.053966+00:00
2602310,铲屎官兼侦探-Cat Detective,2023-10-24,2023-10,steam_store_search,True,True,INTERSECTION,True,,v47484,r114085,Chan Shi Guan Jian Zhentan,complete,True,铲屎官兼侦探-Cat Detective,$5.99,False,https://store.steampowered.com/app/2602310/,https://vndb.org/v47484,30,FOUND,铲屎官兼侦探-Cat Detective,1698120000000,1786132828461,2026-08-08T12:07:45.053966+00:00
2515070,AQUARIUM,2023-10-25,2023-10,steam_store_search,True,True,INTERSECTION,True,,v36375,r113353,Aquarium.,complete,True,AQUARIUM,$20.46,False,https://store.steampowered.com/app/2515070/,https://vndb.org/v36375,10436,FOUND,AQUARIUM,1698206400000,1786132828461,2026-08-08T12:07:45.053966+00:00
2536840,GINKA,2023-10-25,2023-10,steam_store_search,True,True,INTERSECTION,True,,v38430,r113443;r124281;r96167,GINKA,complete,True,GINKA,$22.99,False,https://store.steampowered.com/app/2536840/,https://vndb.org/v38430,46255,FOUND,GINKA,1698206400000,1786132828461,2026-08-08T12:07:45.053966+00:00
2074370,REPLAY BOYS,2023-10-25,2023-10,steam_store_search,True,True,INTERSECTION,True,,v45376,r109228,REPLAY BOYS,complete,True,REPLAY BOYS,$9.99,False,https://store.steampowered.com/app/2074370/,https://vndb.org/v45376,2090,FOUND,REPLAY BOYS,1698206400000,1786132828461,2026-08-08T12:07:45.053966+00:00
2614220,滴るあの娘 ～Drenched Girls～,2023-10-25,2023-10,steam_store_search,True,True,INTERSECTION,True,,v21579,r114412,Hakudaku Musume ~Ki ni Naru Ano Ko ni Marking~,complete,True,滴るあの娘 ～Drenched Girls～,-50%,False,https://store.steampowered.com/app/2614220/,https://vndb.org/v21579,15,FOUND,滴るあの娘 ～Drenched Girls～,1698206400000,1786132828461,2026-08-08T12:07:45.053966+00:00
2623400,Surrogate,2023-10-26,2023-10,steam_store_search,True,True,INTERSECTION,True,,v47644,r114459,Surrogate,complete,True,Surrogate,$0.99,False,https://store.steampowered.com/app/2623400/,https://vndb.org/v47644,534,FOUND,Surrogate,1698292800000,1786132828461,2026-08-08T12:07:45.053966+00:00
2430160,Taimanin Asagi,2023-10-26,2023-10,steam_store_search,True,True,INTERSECTION,True,,v731,r111187,Taimanin Asagi,complete,True,Taimanin Asagi,$14.99,False,https://store.steampowered.com/app/2430160/,https://vndb.org/v731,9092,FOUND,Taimanin Asagi,1698292800000,1786132828461,2026-08-08T12:07:45.053966+00:00
2291130,Long Time No See,2023-10-27,2023-10,steam_store_search,True,True,INTERSECTION,True,,v47385,r113834,Long Time No See,complete,True,Long Time No See,Free,True,https://store.steampowered.com/app/2291130/,https://vndb.org/v47385,2657,FOUND,Long Time No See,1698379200000,1786132828461,2026-08-08T12:07:45.053966+00:00
1749770,Twofold,2023-10-27,2023-10,steam_store_search,True,True,INTERSECTION,True,,v15469,r91362,Twofold,complete,True,Twofold,$19.99,False,https://store.steampowered.com/app/1749770/,https://vndb.org/v15469,1415,FOUND,Twofold,1698379200000,1786132828461,2026-08-08T12:07:45.053966+00:00
2552420,Tenioha! feat. Mami,2023-10-29,2023-10,steam_store_search,True,True,INTERSECTION,True,,v36246,r112176,Tenioha! feat.Mami ~Mazo no Yorokobi Kaihou Shimasho?~,complete,True,Tenioha! feat. Mami,$16.99,False,https://store.steampowered.com/app/2552420/,https://vndb.org/v36246,1876,FOUND,Tenioha! feat. Mami,1698552000000,1786132828461,2026-08-08T12:07:45.053966+00:00
2562510,On Air Island : Survival Chat,2023-10-31,2023-10,steam_store_search,True,True,INTERSECTION,True,,v47754,r114726,On Air Island: Survival Live Show,complete,True,On Air Island : Survival Chat,-50%,False,https://store.steampowered.com/app/2562510/,https://vndb.org/v47754,789,FOUND,On Air Island : Survival Chat,1698724800000,1786132828461,2026-08-08T12:07:45.053966+00:00
2604450,com__et,2023-10-31,2023-10,steam_store_search,True,True,INTERSECTION,True,,v45659,r109840;r123300;r128542,com__et,complete,True,com__et,$3.99,False,https://store.steampowered.com/app/2604450/,https://vndb.org/v45659,649,FOUND,com__et,1698724800000,1786132828461,2026-08-08T12:07:45.053966+00:00
2571280,梦染深秋,2023-11-02,2023-11,steam_store_search,True,True,INTERSECTION,True,,v47396,r113851,Meng Ran Shenqiu,complete,True,梦染深秋,$3.99,False,https://store.steampowered.com/app/2571280/,https://vndb.org/v47396,1246,FOUND,梦染深秋,1698897600000,1786132828461,2026-08-08T12:07:45.053966+00:00
1575980,UsoNatsu ~The Summer Romance Bloomed From A Lie~,2023-11-03,2023-11,steam_store_search,True,True,INTERSECTION,True,,v34151,r87845,Uso kara Hajimaru Koi no Natsu,complete,True,UsoNatsu ~The Summer Romance Bloomed From A Lie~,$24.99,False,https://store.steampowered.com/app/1575980/,https://vndb.org/v34151,6920,FOUND,UsoNatsu ~The Summer Romance Bloomed From A Lie~,1698984000000,1786132828461,2026-08-08T12:07:45.053966+00:00
2645190,Agnostic Requiem,2023-11-05,2023-11,steam_store_search,True,True,INTERSECTION,True,,v47804,r114838,Bukezhi De Anhunqu Agnostic Requiem,complete,True,Agnostic Requiem,Free,True,https://store.steampowered.com/app/2645190/,https://vndb.org/v47804,1292,FOUND,Agnostic Requiem,1699156800000,1786132828461,2026-08-08T12:07:45.053966+00:00
2027960,Concealed,2023-11-08,2023-11,steam_store_search,True,True,INTERSECTION,True,,v47819,r145043,Qianru,complete,True,Concealed,$12.99,False,https://store.steampowered.com/app/2027960/,https://vndb.org/v47819,1218,FOUND,Concealed,1699419600000,1786132828461,2026-08-08T12:07:45.053966+00:00
2140080,Pretty Overseer - Dating Sim,2023-11-08,2023-11,steam_store_search,True,True,INTERSECTION,True,,v46923,r112631,Pretty Overseer,complete,True,Pretty Overseer - Dating Sim,$14.99,False,https://store.steampowered.com/app/2140080/,https://vndb.org/v46923,250,FOUND,Pretty Overseer - Dating Sim,1699419600000,1786132828461,2026-08-08T12:07:45.053966+00:00
2491040,Higurashi When They Cry Hou+,2023-11-09,2023-11,steam_store_search,True,True,INTERSECTION,True,,v15523;v67;v68;v69,r86484,Higurashi no Naku Koro ni;Higurashi no Naku Koro ni Hou;Higurashi no Naku Koro ni Kai;Higurashi no Naku Koro ni Rei,complete;partial,True,Higurashi When They Cry Hou+,$7.99,False,https://store.steampowered.com/app/2491040/,https://vndb.org/v15523,9878,FOUND,Higurashi When They Cry Hou+,1699506000000,1786132828461,2026-08-08T12:07:45.053966+00:00
2654420,求婚失败了，我还不知道她的名字,2023-11-09,2023-11,steam_store_search,True,True,INTERSECTION,True,,v47626,r114426,"Qiuhun Shibai Le, Wo Huan Bu Zhidao Ta De Mingzi",complete,True,求婚失败了，我还不知道她的名字,$3.99,False,https://store.steampowered.com/app/2654420/,https://vndb.org/v47626,804,FOUND,求婚失败了，我还不知道她的名字,1699506000000,1786132828461,2026-08-08T12:07:45.053966+00:00
2398940,Ceiba,2023-11-10,2023-11,steam_store_search,True,True,INTERSECTION,True,,v44171,r106525,Ceiba,complete,True,Ceiba,-50%,False,https://store.steampowered.com/app/2398940/,https://vndb.org/v44171,2890,FOUND,Ceiba,1699592400000,1786132828461,2026-08-08T12:07:45.053966+00:00
2624690,Do I Know You?,2023-11-10,2023-11,steam_store_search,True,True,INTERSECTION,True,,v47884,r123601,Do I Know You?,complete,True,Do I Know You?,Free,True,https://store.steampowered.com/app/2624690/,https://vndb.org/v47884,1421,FOUND,Do I Know You?,1699592400000,1786132828461,2026-08-08T12:07:45.053966+00:00
2622770,In Fair Spirits,2023-11-10,2023-11,steam_store_search,True,True,INTERSECTION,True,,v47348,r113754,In Fair Spirits,complete,True,In Fair Spirits,$8.99,False,https://store.steampowered.com/app/2622770/,https://vndb.org/v47348,513,FOUND,In Fair Spirits,1699592400000,1786132828461,2026-08-08T12:07:45.053966+00:00
2060870,Invincible Presents: Atom Eve,2023-11-14,2023-11,steam_store_search,True,True,INTERSECTION,True,,v50682,r122638,Invincible Presents: Atom Eve,complete,True,Invincible Presents: Atom Eve,$9.99,False,https://store.steampowered.com/app/2060870/,https://vndb.org/v50682,14432,FOUND,Invincible Presents: Atom Eve,1699938000000,1786132828461,2026-08-08T12:07:45.053966+00:00
2211400,Love's Crescendo,2023-11-14,2023-11,steam_store_search,True,True,INTERSECTION,True,,v40837,r100577,Love's Crescendo,complete,True,Love's Crescendo,$4.99,False,https://store.steampowered.com/app/2211400/,https://vndb.org/v40837,238,FOUND,Love's Crescendo,1699938000000,1786132828461,2026-08-08T12:07:45.053966+00:00
2630300,The Imperial Capital Burns - Muv-Luv Alternative Total Eclipse,2023-11-14,2023-11,steam_store_search,True,True,INTERSECTION,True,,v47936,r114285,Muv-Luv Alternative - Total Eclipse: Teito Moyu,complete,True,The Imperial Capital Burns - Muv-Luv Alternative Total Eclipse,$24.99,False,https://store.steampowered.com/app/2630300/,https://vndb.org/v47936,3392,FOUND,The Imperial Capital Burns - Muv-Luv Alternative Total Eclipse,1699938000000,1786132828461,2026-08-08T12:07:45.053966+00:00
2314820,Hira Hira Hihiru,2023-11-16,2023-11,steam_store_search,True,True,INTERSECTION,True,,v38429,r96166,Hirahira Hihiru,complete,True,Hira Hira Hihiru,$24.99,False,https://store.steampowered.com/app/2314820/,https://vndb.org/v38429,18227,FOUND,Hira Hira Hihiru,1700110800000,1786132828461,2026-08-08T12:07:45.053966+00:00
2582240,My Douchey Boss Has a Gentle Twin Brother?! - BL Visual Novel,2023-11-16,2023-11,steam_store_search,True,True,INTERSECTION,True,,v46877,r112514,My Douchey Boss Has a Gentle Twin Brother?!,complete,True,My Douchey Boss Has a Gentle Twin Brother?! - BL Visual Novel,Free,True,https://store.steampowered.com/app/2582240/,https://vndb.org/v46877,3141,FOUND,My Douchey Boss Has a Gentle Twin Brother?! - BL Visual Novel,1700110800000,1786132828461,2026-08-08T12:07:45.053966+00:00
1923530,Scarecrows of Illyria,2023-11-16,2023-11,steam_store_search,True,True,INTERSECTION,True,,v37072,r93641,Scarecrows of Illyria,complete,True,Scarecrows of Illyria,$9.99,False,https://store.steampowered.com/app/1923530/,https://vndb.org/v37072,1,FOUND,Scarecrows of Illyria,1700110800000,1786132828461,2026-08-08T12:07:45.053966+00:00
2299430,Shinogi Chess Club 2: Resistance,2023-11-16,2023-11,steam_store_search,True,True,INTERSECTION,True,,v47883,r115017,Shinogi Chess Club 2: Resistance,complete,True,Shinogi Chess Club 2: Resistance,$14.99,False,https://store.steampowered.com/app/2299430/,https://vndb.org/v47883,41,FOUND,Shinogi Chess Club 2: Resistance,1700110800000,1786132828461,2026-08-08T12:07:45.053966+00:00
1497250,执谕者：坠月之兆（Archenemy: Lunafall）,2023-11-16,2023-11,steam_store_search,True,True,INTERSECTION,True,,v35539,r90505,Zhi Yu Zhe: Zhui Yue Zhi Zhao,complete,True,执谕者：坠月之兆（Archenemy: Lunafall）,$7.99,False,https://store.steampowered.com/app/1497250/,https://vndb.org/v35539,755,FOUND,执谕者：坠月之兆（Archenemy: Lunafall）,1700110800000,1786132828461,2026-08-08T12:07:45.053966+00:00
2601700,Animal Trail ☆ Girlish Square LOVE+PLUS,2023-11-17,2023-11,steam_store_search,True,True,INTERSECTION,True,,v36773,r107553,Kemonomichi ☆ Girlish Square LOVE+PLUS,complete,True,Animal Trail ☆ Girlish Square LOVE+PLUS,$4.99,False,https://store.steampowered.com/app/2601700/,https://vndb.org/v36773,910,FOUND,Animal Trail ☆ Girlish Square LOVE+PLUS,1700197200000,1786132828461,2026-08-08T12:07:45.053966+00:00
2417260,Deceived by the Host,2023-11-18,2023-11,steam_store_search,True,True,INTERSECTION,True,,v42190,r108951;r118950,Host ni Damasarete -Shiranu Ma ni Choukyou Sareteiku Kanojo-,complete,True,Deceived by the Host,$9.99,False,https://store.steampowered.com/app/2417260/,https://vndb.org/v42190,1189,FOUND,Deceived by the Host,1700283600000,1786132828461,2026-08-08T12:07:45.053966+00:00
2670920,Nut City Blues,2023-11-23,2023-11,steam_store_search,True,True,INTERSECTION,True,,v36401,r114717,Nut City Blues,complete,True,Nut City Blues,Free,True,https://store.steampowered.com/app/2670920/,https://vndb.org/v36401,15108,FOUND,Nut City Blues,1700715600000,1786132828461,2026-08-08T12:07:45.053966+00:00
2547180,On Call,2023-11-24,2023-11,steam_store_search,True,True,INTERSECTION,True,,v48181,r115584,On Call,complete,True,On Call,Free,True,https://store.steampowered.com/app/2547180/,https://vndb.org/v48181,601,FOUND,On Call,1700802000000,1786132828461,2026-08-08T12:07:45.053966+00:00
2143680,Noctuary,2023-11-28,2023-11,steam_store_search,True,True,INTERSECTION,True,,v38886,r96995,Meng Deng Hua,complete,True,Noctuary,$29.99,False,https://store.steampowered.com/app/2143680/,https://vndb.org/v38886,46986,FOUND,Noctuary,1701147600000,1786132828461,2026-08-08T12:07:45.053966+00:00
2177170,All of Us Are Dead...,2023-11-29,2023-11,steam_store_search,True,True,INTERSECTION,True,,v47938,r115758,Jigeum Uri Hakgyoneun,complete,True,All of Us Are Dead...,$19.99,False,https://store.steampowered.com/app/2177170/,https://vndb.org/v47938,1031,FOUND,All of Us Are Dead...,1701234000000,1786132828461,2026-08-08T12:07:45.053966+00:00
2017590,三毫子大冒險,2023-11-29,2023-11,steam_store_search,True,True,INTERSECTION,True,,v36539,r92518,San Hao Zi Da Maoxian,complete,True,三毫子大冒險,Free,True,https://store.steampowered.com/app/2017590/,https://vndb.org/v36539,414,FOUND,三毫子大冒險,1701234000000,1786132828461,2026-08-08T12:07:45.053966+00:00
2688390,今、私たちの学校は...,2023-11-29,2023-11,steam_store_search,True,True,INTERSECTION,True,,v47938,r115142,Jigeum Uri Hakgyoneun,complete,True,今、私たちの学校は...,-50%,False,https://store.steampowered.com/app/2688390/,https://vndb.org/v47938,74,FOUND,今、私たちの学校は...,1701234000000,1786132828461,2026-08-08T12:07:45.053966+00:00
2361690,Succubus Sessions: Mami Mamiya's Sweet Slice of Hell,2023-11-30,2023-11,steam_store_search,True,True,INTERSECTION,True,,v33130,r106718,Mamiya Mami wa Iyashite Agetai,complete,True,Succubus Sessions: Mami Mamiya's Sweet Slice of Hell,$14.99,False,https://store.steampowered.com/app/2361690/,https://vndb.org/v33130,978,FOUND,Succubus Sessions: Mami Mamiya's Sweet Slice of Hell,1701320400000,1786132828461,2026-08-08T12:07:45.053966+00:00
2535800,V恋,2023-11-30,2023-11,steam_store_search,True,True,INTERSECTION,True,,v46874,r112505,V Koi,complete,True,V恋,$8.99,False,https://store.steampowered.com/app/2535800/,https://vndb.org/v46874,1,FOUND,V恋,1701320400000,1786132828461,2026-08-08T12:07:45.053966+00:00
2646260,"数学と親友とネタ帳 - Math, BFF, and Notes -",2023-11-30,2023-11,steam_store_search,True,True,INTERSECTION,True,,v21305,r115160,Doutei Gui ~Hitozuma no Akunaki In'yoku~,complete,True,"数学と親友とネタ帳 - Math, BFF, and Notes -",-50%,False,https://store.steampowered.com/app/2646260/,https://vndb.org/v21305,1,FOUND,"数学と親友とネタ帳 - Math, BFF, and Notes -",1701320400000,1786132828461,2026-08-08T12:07:45.053966+00:00
2297600,Dreamwalker,2023-12-01,2023-12,steam_store_search,True,True,INTERSECTION,True,,v41625,r101773,Dreamwalker,complete,True,Dreamwalker,$2.99,False,https://store.steampowered.com/app/2297600/,https://vndb.org/v41625,39,FOUND,Dreamwalker,1701406800000,1786132828461,2026-08-08T12:07:45.053966+00:00
2629200,Project Subtrahend,2023-12-01,2023-12,steam_store_search,True,True,INTERSECTION,True,,v47752,r114720,Project Subtrahend,complete,True,Project Subtrahend,$3.99,False,https://store.steampowered.com/app/2629200/,https://vndb.org/v47752,29,FOUND,Project Subtrahend,1701406800000,1786132828461,2026-08-08T12:07:45.053966+00:00
2666490,Savanna Story Diamond Edition,2023-12-01,2023-12,steam_store_search,True,True,INTERSECTION,True,,v47777,r114787,Skazanie O Savanne,complete,True,Savanna Story Diamond Edition,-80%,False,https://store.steampowered.com/app/2666490/,https://vndb.org/v47777,111,FOUND,Savanna Story Diamond  Edition,1701406800000,1786132828461,2026-08-08T12:07:45.053966+00:00
2203040,マーダーミステリーパラドクス このひと夏の十五年,2023-12-01,2023-12,steam_store_search,True,True,INTERSECTION,True,,v44202,r106629,Murder Mystery Paradox - Kono Hitonatsu no Juugonen,complete,True,マーダーミステリーパラドクス このひと夏の十五年,-55%,False,https://store.steampowered.com/app/2203040/,https://vndb.org/v44202,14388,FOUND,マーダーミステリーパラドクス このひと夏の十五年,1701406800000,1786132828461,2026-08-08T12:07:45.053966+00:00
2089060,Furry Boss 💼,2023-12-02,2023-12,steam_store_search,True,True,INTERSECTION,True,,v37874,r135674,Furry Boss 💼,complete,True,Furry Boss 💼,$4.99,False,https://store.steampowered.com/app/2089060/,https://vndb.org/v37874,5669,FOUND,Furry Boss 💼,1701493200000,1786132828461,2026-08-08T12:07:45.053966+00:00
2640370,Survival Circle,2023-12-03,2023-12,steam_store_search,True,True,INTERSECTION,True,,v48353,r132713,Survival Circle,complete,True,Survival Circle,$5.41,False,https://store.steampowered.com/app/2640370/,https://vndb.org/v48353,367,FOUND,Survival Circle,1701579600000,1786132828461,2026-08-08T12:07:45.053966+00:00
2671730,Hans,2023-12-05,2023-12,steam_store_search,True,True,INTERSECTION,True,,v47951,r115183,Hans,complete,True,Hans,Free,True,https://store.steampowered.com/app/2671730/,https://vndb.org/v47951,1458,FOUND,Hans,1701752400000,1786132828461,2026-08-08T12:07:45.053966+00:00
2663600,溢爱~fragile love,2023-12-06,2023-12,steam_store_search,True,True,INTERSECTION,True,,v48407,r116081,Yi Ai ~ fragile love,complete,True,溢爱~fragile love,$1.99,False,https://store.steampowered.com/app/2663600/,https://vndb.org/v48407,2125,FOUND,溢爱~fragile love,1701838800000,1786132828461,2026-08-08T12:07:45.053966+00:00
2415010,A Date with Death,2023-12-07,2023-12,steam_store_search,True,True,INTERSECTION,True,,v45706,r109938;r141545;r153472,A Date with Death,complete,True,A Date with Death,Free,True,https://store.steampowered.com/app/2415010/,https://vndb.org/v45706,440264,FOUND,A Date with Death,1701925200000,1786132828461,2026-08-08T12:07:45.053966+00:00
1268200,Espresso For The Demon,2023-12-07,2023-12,steam_store_search,True,True,INTERSECTION,True,,v30562,r78228,Espresso For The Demon,complete,True,Espresso For The Demon,-80%,False,https://store.steampowered.com/app/1268200/,https://vndb.org/v30562,792,FOUND,Espresso For The Demon,1701925200000,1786132828461,2026-08-08T12:07:45.053966+00:00
2656690,Sona-Nyl of the Violet Shadows Refrain,2023-12-07,2023-12,steam_store_search,True,True,INTERSECTION,True,,v4936,r114924,Shiei no Sona-Nyl ~What a beautiful memories~,complete,True,Sona-Nyl of the Violet Shadows Refrain,-50%,False,https://store.steampowered.com/app/2656690/,https://vndb.org/v4936,868,FOUND,Sona-Nyl of the Violet Shadows Refrain,1701925200000,1786132828461,2026-08-08T12:07:45.053966+00:00
2681240,In Her Head,2023-12-08,2023-12,steam_store_search,True,True,INTERSECTION,True,,v52300,r126406,In her head,complete,True,In Her Head,$1.99,False,https://store.steampowered.com/app/2681240/,https://vndb.org/v52300,666,FOUND,In Her Head,1702011600000,1786132828461,2026-08-08T12:07:45.053966+00:00
2505330,令和罕见物语,2023-12-08,2023-12,steam_store_search,True,True,INTERSECTION,True,,v48427,r116396,Linghe Hanjian Wuyu,complete,True,令和罕见物语,$4.99,False,https://store.steampowered.com/app/2505330/,https://vndb.org/v48427,1718,FOUND,令和罕见物语,1702011600000,1786132828461,2026-08-08T12:07:45.053966+00:00
2651800,52헤르츠,2023-12-10,2023-12,steam_store_search,True,True,INTERSECTION,True,,v48474,r116566,52 Hertz,complete,True,52헤르츠,$6.99,False,https://store.steampowered.com/app/2651800/,https://vndb.org/v48474,1253,FOUND,52헤르츠,1702184400000,1786132828461,2026-08-08T12:07:45.053966+00:00
2451730,The Case of the Serialized Killer,2023-12-11,2023-12,steam_store_search,True,True,INTERSECTION,True,,v32421,r83509,The Case of the Serialized Killer,complete,True,The Case of the Serialized Killer,Free,True,https://store.steampowered.com/app/2451730/,https://vndb.org/v32421,2891,FOUND,The Case of the Serialized Killer,1702270800000,1786132828461,2026-08-08T12:07:45.053966+00:00
2656640,Our Two Bedroom Story,2023-12-12,2023-12,steam_store_search,True,True,INTERSECTION,True,,v14501,r115686,Joushi to Himitsu no 2 LDK,complete,True,Our Two Bedroom Story,-50%,False,https://store.steampowered.com/app/2656640/,https://vndb.org/v14501,191,FOUND,Our Two Bedroom Story,1702357200000,1786132828461,2026-08-08T12:07:45.053966+00:00
2361700,Destiny Star Girlfriend,2023-12-13,2023-12,steam_store_search,True,True,INTERSECTION,True,,v22880,r112087,Shukusei no Girlfriend -the destiny star of girlfriend-,complete,True,Destiny Star Girlfriend,$14.99,False,https://store.steampowered.com/app/2361700/,https://vndb.org/v22880,1259,FOUND,Destiny Star Girlfriend,1702443600000,1786132828461,2026-08-08T12:07:45.053966+00:00
2079430,Garden of Seif: Curse of Gravehollow Peaks,2023-12-13,2023-12,steam_store_search,True,True,INTERSECTION,True,,v33412,r116643;r86270;r93523,Garden of Seif: Curse of Gravehollow Peaks,complete,True,Garden of Seif: Curse of Gravehollow Peaks,$2.99,False,https://store.steampowered.com/app/2079430/,https://vndb.org/v33412,65,FOUND,Garden of Seif: Curse of Gravehollow Peaks,1702443600000,1786132828461,2026-08-08T12:07:45.053966+00:00
2686720,宿主ガードマン - Host Security Guard -,2023-12-13,2023-12,steam_store_search,True,True,INTERSECTION,True,,v18846,r115777,Inshoku no Ubugoe ~Kinki no Tane de Haramu Musume-tachi~,complete,True,宿主ガードマン - Host Security Guard -,-50%,False,https://store.steampowered.com/app/2686720/,https://vndb.org/v18846,15,FOUND,宿主ガードマン - Host Security Guard -,1702443600000,1786132828461,2026-08-08T12:07:45.053966+00:00
1933190,Bahnsen Knights,2023-12-14,2023-12,steam_store_search,True,True,INTERSECTION,True,,v39819,r98681,Bahnsen Knights,complete,True,Bahnsen Knights,$9.99,False,https://store.steampowered.com/app/1933190/,https://vndb.org/v39819,1367,FOUND,Bahnsen Knights,1702530000000,1786132828461,2026-08-08T12:07:45.053966+00:00
1934900,My Slow Life with the Princess Knight and Her Devoted Handmaiden,2023-12-14,2023-12,steam_store_search,True,True,INTERSECTION,True,,v30998,r113947,Dorei Himekishi to Dorei Jijo to no Slow Life,complete,True,My Slow Life with the Princess Knight and Her Devoted Handmaiden,$14.99,False,https://store.steampowered.com/app/1934900/,https://vndb.org/v30998,2987,FOUND,My Slow Life with the Princess Knight and Her Devoted Handmaiden,1702530000000,1786132828461,2026-08-08T12:07:45.053966+00:00
2686590,Speak of the Devil I: A Deathly Proposition,2023-12-14,2023-12,steam_store_search,True,True,INTERSECTION,True,,v48118,r115495,Speak of the Devil I: A Deathly Proposition,complete,True,Speak of the Devil I: A Deathly Proposition,$3.99,False,https://store.steampowered.com/app/2686590/,https://vndb.org/v48118,45,FOUND,Speak of the Devil I: A Deathly Proposition,1702530000000,1786132828461,2026-08-08T12:07:45.053966+00:00
2052410,WITCH ON THE HOLY NIGHT,2023-12-14,2023-12,steam_store_search,True,True,INTERSECTION,True,,v777,r112866,Mahoutsukai no Yoru,complete,True,WITCH ON THE HOLY NIGHT,-50%,False,https://store.steampowered.com/app/2052410/,https://vndb.org/v777,196714,FOUND,WITCH ON THE HOLY NIGHT,1702530000000,1786132828461,2026-08-08T12:07:45.053966+00:00
2685610,Wanting Wings,2023-12-14,2023-12,steam_store_search,True,True,INTERSECTION,True,,v16377;v20444,r115756,Kimihane Couples ~Kanojo to Kanojo no Koi Suru Nikagetsu Chotto~;Kimihane: Kanojo to Kanojo no Koi Suru Ikkagetsu,complete,True,Wanting Wings,$34.99,False,https://store.steampowered.com/app/2685610/,https://vndb.org/v16377,1874,FOUND,Wanting Wings,1702530000000,1786132828461,2026-08-08T12:07:45.053966+00:00
2709990,Good Morning Cruel City,2023-12-15,2023-12,steam_store_search,True,True,INTERSECTION,True,,v48247,r115719,Good Morning Cruel City,complete,True,Good Morning Cruel City,$1.99,False,https://store.steampowered.com/app/2709990/,https://vndb.org/v48247,96,FOUND,Good Morning Cruel City,1702616400000,1786132828461,2026-08-08T12:07:45.053966+00:00
2002010,My Academy's Special Place,2023-12-15,2023-12,steam_store_search,True,True,INTERSECTION,True,,v19302,r114175,Gakkou no Seiiki,complete,True,My Academy's Special Place,-50%,False,https://store.steampowered.com/app/2002010/,https://vndb.org/v19302,1438,FOUND,My Academy's Special Place,1702616400000,1786132828461,2026-08-08T12:07:45.053966+00:00
2567190,Otome Riron to Sono Shuuhen -École de Paris-,2023-12-15,2023-12,steam_store_search,True,True,INTERSECTION,True,,v12246,r112220,Otome Riron to Sono Shuuhen -Ecole de Paris-,complete,True,Otome Riron to Sono Shuuhen -École de Paris-,-48%,False,https://store.steampowered.com/app/2567190/,https://vndb.org/v12246,28634,FOUND,Otome Riron to Sono Shuuhen -École de Paris-,1702616400000,1786132828461,2026-08-08T12:07:45.053966+00:00
2293860,The Voice from the Well: The Velessar Saga,2023-12-15,2023-12,steam_store_search,True,True,INTERSECTION,True,,v48995,r117852,The Voice from the Well: The Velessar Saga,complete,True,The Voice from the Well: The Velessar Saga,$9.99,False,https://store.steampowered.com/app/2293860/,https://vndb.org/v48995,58,FOUND,The Voice from the Well: The Velessar Saga,1702616400000,1786132828461,2026-08-08T12:07:45.053966+00:00
2601750,Animal Trail ☆ Girlish Square 2,2023-12-18,2023-12,steam_store_search,True,True,INTERSECTION,True,,v40507,r107554,Kemonomichi ☆ Girlish Square 2,complete,True,Animal Trail ☆ Girlish Square 2,$14.99,False,https://store.steampowered.com/app/2601750/,https://vndb.org/v40507,889,FOUND,Animal Trail ☆ Girlish Square 2,1702875600000,1786132828461,2026-08-08T12:07:45.053966+00:00
2546970,冬日树下的回忆AFTER,2023-12-19,2023-12,steam_store_search,True,True,INTERSECTION,True,,v46502,r111529,Dongri Shuxia de Huiyi AFTER,complete,True,冬日树下的回忆AFTER,Free,True,https://store.steampowered.com/app/2546970/,https://vndb.org/v46502,13023,FOUND,冬日树下的回忆AFTER,1702962000000,1786132828461,2026-08-08T12:07:45.053966+00:00
2432100,ONE.,2023-12-21,2023-12,steam_store_search,True,True,INTERSECTION,True,,v51,r107886,ONE ~Kagayaku Kisetsu e~,complete,True,ONE.,$19.99,False,https://store.steampowered.com/app/2432100/,https://vndb.org/v51,11988,FOUND,ONE.,1703134800000,1786132828461,2026-08-08T12:07:45.053966+00:00
2400700,Beginning of the Rain,2023-12-23,2023-12,steam_store_search,True,True,INTERSECTION,True,,v48775,r143241,"Biga Ogi Sijaghaessjiman, Nag-yeob-eun Imi Jeoj-eoiss-eossda",complete,True,Beginning of the Rain,$1.99,False,https://store.steampowered.com/app/2400700/,https://vndb.org/v48775,687,FOUND,Beginning of the Rain,1703307600000,1786132828461,2026-08-08T12:07:45.053966+00:00
2677040,真夜的居所 - Chanye's Home,2023-12-25,2023-12,steam_store_search,True,True,INTERSECTION,True,,v49008,r117875;r137799;r138130,Zhenye de Jusuo,complete,True,真夜的居所 - Chanye's Home,$6.99,False,https://store.steampowered.com/app/2677040/,https://vndb.org/v49008,2028,FOUND,真夜的居所 - Chanye's Home,1703480400000,1786132828461,2026-08-08T12:07:45.053966+00:00
2555930,Prelude to Nuss Jump,2023-12-26,2023-12,steam_store_search,True,True,INTERSECTION,True,,v48816,r117406;r120354,Nuss Jump no Prelude,complete,True,Prelude to Nuss Jump,$2.99,False,https://store.steampowered.com/app/2555930/,https://vndb.org/v48816,1,FOUND,Prelude to Nuss Jump,1703566800000,1786132828461,2026-08-08T12:07:45.053966+00:00
2717950,Melia Keys In... Quantum Decade,2023-12-27,2023-12,steam_store_search,True,True,INTERSECTION,True,,v48574,r116782,Melia Keys In... Quantum Decade,complete,True,Melia Keys In... Quantum Decade,$5.99,False,https://store.steampowered.com/app/2717950/,https://vndb.org/v48574,15,FOUND,Melia Keys In... Quantum Decade,1703653200000,1786132828461,2026-08-08T12:07:45.053966+00:00
1862430,Repurpose,2023-12-27,2023-12,steam_store_search,True,True,INTERSECTION,True,,v28741,r116646,Repurpose,complete,True,Repurpose,$10.99,False,https://store.steampowered.com/app/1862430/,https://vndb.org/v28741,1338,FOUND,Repurpose,1703653200000,1786132828461,2026-08-08T12:07:45.053966+00:00
2624950,Welcome to the Karoshi Club,2023-12-27,2023-12,steam_store_search,True,True,INTERSECTION,True,,v48889,r117533;r119303,Welcome to the Karoshi Club,complete,True,Welcome to the Karoshi Club,Free,True,https://store.steampowered.com/app/2624950/,https://vndb.org/v48889,6849,FOUND,Welcome to the Karoshi Club,1703653200000,1786132828461,2026-08-08T12:07:45.053966+00:00
2730890,Bread around bread around bread around bread,2023-12-28,2023-12,steam_store_search,True,True,INTERSECTION,True,,v48928,r117693,Pomogi dedushke shodit' za hlebushkom,complete,True,Bread around bread around bread around bread,$0.99,False,https://store.steampowered.com/app/2730890/,https://vndb.org/v48928,2634,FOUND,Bread around bread around bread around bread,1703739600000,1786132828461,2026-08-08T12:07:45.053966+00:00
2728750,Gozenyojinomanimani,2023-12-28,2023-12,steam_store_search,True,True,INTERSECTION,True,,v48291,r115837,Gozen 4-ji no Manimani -Nisemono World's End-,complete,True,Gozenyojinomanimani,$6.99,False,https://store.steampowered.com/app/2728750/,https://vndb.org/v48291,138,FOUND,Gozenyojinomanimani,1703739600000,1786132828461,2026-08-08T12:07:45.053966+00:00
2123380,MOBIUS BAND*,2023-12-28,2023-12,steam_store_search,True,True,INTERSECTION,True,,v43327,r104988,MOBIUS BAND*,complete,True,MOBIUS BAND*,-50%,False,https://store.steampowered.com/app/2123380/,https://vndb.org/v43327,409,FOUND,MOBIUS BAND*,1703739600000,1786132828461,2026-08-08T12:07:45.053966+00:00
2707580,Safe House,2023-12-29,2023-12,steam_store_search,True,True,INTERSECTION,True,,v48950,r117743,Safe House,complete,True,Safe House,$3.99,False,https://store.steampowered.com/app/2707580/,https://vndb.org/v48950,52,FOUND,Safe House,1703826000000,1786132828461,2026-08-08T12:07:45.053966+00:00
2639280,𣸩,2023-12-29,2023-12,steam_store_search,True,True,INTERSECTION,True,,v47691,r117844,Xun,complete,True,𣸩,$1.99,False,https://store.steampowered.com/app/2639280/,https://vndb.org/v47691,300,FOUND,𣸩,1703826000000,1786132828461,2026-08-08T12:07:45.053966+00:00
2559470,Ghost Road Awakening,2023-12-31,2023-12,steam_store_search,True,True,INTERSECTION,True,,v47629,r114429,Gui Dao: Difu Suxing,complete,True,Ghost Road Awakening,$2.59,False,https://store.steampowered.com/app/2559470/,https://vndb.org/v47629,1167,FOUND,Ghost Road Awakening,1703998800000,1786132828461,2026-08-08T12:07:45.053966+00:00
2145700,Tead,2023-12-31,2023-12,steam_store_search,True,True,INTERSECTION,True,,v49009,r117878,Tead,complete,True,Tead,$0.99,False,https://store.steampowered.com/app/2145700/,https://vndb.org/v49009,866,FOUND,Tead,1703998800000,1786132828461,2026-08-08T12:07:45.053966+00:00
2701340,The Last 66 Days,2023-12-31,2023-12,steam_store_search,True,True,INTERSECTION,True,,v48991,r117843,Dao Ji 66 Ri,complete,True,The Last 66 Days,$0.99,False,https://store.steampowered.com/app/2701340/,https://vndb.org/v48991,73,FOUND,The Last 66 Days,1703998800000,1786132828461,2026-08-08T12:07:45.053966+00:00
2701560,My Thai Boyfriend,2024-01-01,2024-01,steam_store_search,True,True,INTERSECTION,True,,v48648,r116948,Wo de Taiguo Nan Pengyou,complete,True,My Thai Boyfriend,$2.99,False,https://store.steampowered.com/app/2701560/,https://vndb.org/v48648,563,FOUND,My Thai Boyfriend,1704085200000,1786132828461,2026-08-08T12:07:45.053966+00:00
2728990,Trail of the Wretched,2024-01-04,2024-01,steam_store_search,True,True,INTERSECTION,True,,v52193,r126167,Trail of the Wretched,complete,True,Trail of the Wretched,Free,True,https://store.steampowered.com/app/2728990/,https://vndb.org/v52193,1869,FOUND,Trail of the Wretched,1704344400000,1786132828461,2026-08-08T12:07:45.053966+00:00
2234690,The Day Before You Gone,2024-01-05,2024-01,steam_store_search,True,True,INTERSECTION,True,,v49051,r118067,"Den', kotoryj zabral tebja",complete,True,The Day Before You Gone,-25%,False,https://store.steampowered.com/app/2234690/,https://vndb.org/v49051,979,FOUND,The Day Before You Gone,1704430800000,1786132828461,2026-08-08T12:07:45.053966+00:00
2738840,The Night Heist,2024-01-05,2024-01,steam_store_search,True,True,INTERSECTION,True,,v48776,r117281,The Night Heist,complete,True,The Night Heist,$9.99,False,https://store.steampowered.com/app/2738840/,https://vndb.org/v48776,1,FOUND,The Night Heist,1704430800000,1786132828461,2026-08-08T12:07:45.053966+00:00
2483250,Where the Music Dies,2024-01-05,2024-01,steam_store_search,True,True,INTERSECTION,True,,v48024,r115310,Where the Music Dies,complete,True,Where the Music Dies,Free,True,https://store.steampowered.com/app/2483250/,https://vndb.org/v48024,1222,FOUND,Where the Music Dies,1704430800000,1786132828461,2026-08-08T12:07:45.053966+00:00
2495450,Winter Memories,2024-01-05,2024-01,steam_store_search,True,True,INTERSECTION,True,,v44101,r110544,Amaenbo Fuyu,complete,True,Winter Memories,$19.99,False,https://store.steampowered.com/app/2495450/,https://vndb.org/v44101,930993,FOUND,Winter Memories,1704430800000,1786132828461,2026-08-08T12:07:45.053966+00:00
2742040,Sunflower Pie,2024-01-06,2024-01,steam_store_search,True,True,INTERSECTION,True,,v48573,r125023,Sunflower Pie,complete,True,Sunflower Pie,Free,True,https://store.steampowered.com/app/2742040/,https://vndb.org/v48573,6140,FOUND,Sunflower Pie,1704517200000,1786132828461,2026-08-08T12:07:45.053966+00:00
2487390,For the GHOSTs,2024-01-07,2024-01,steam_store_search,True,True,INTERSECTION,True,,v49096,r118179;r120592,For the GHOSTs,complete,True,For the GHOSTs,$7.99,False,https://store.steampowered.com/app/2487390/,https://vndb.org/v49096,4683,FOUND,For the GHOSTs,1704603600000,1786132828461,2026-08-08T12:07:45.053966+00:00
2183430,My Lovey-Dovey Demon,2024-01-09,2024-01,steam_store_search,True,True,INTERSECTION,True,,v39311,r97780,My Lovey-Dovey Demon,complete,True,My Lovey-Dovey Demon,$10.99,False,https://store.steampowered.com/app/2183430/,https://vndb.org/v39311,453,FOUND,My Lovey-Dovey Demon,1704776400000,1786132828461,2026-08-08T12:07:45.053966+00:00
2376540,The Haunted Building,2024-01-10,2024-01,steam_store_search,True,True,INTERSECTION,True,,v61694,r147433,Meng gui dasha: Yi lou de suo jiang,complete,True,The Haunted Building,$8.99,False,https://store.steampowered.com/app/2376540/,https://vndb.org/v61694,17330,FOUND,The Haunted Building,1704862800000,1786132828461,2026-08-08T12:07:45.053966+00:00
2741060,Vampires and Afternoon Tea,2024-01-11,2024-01,steam_store_search,True,True,INTERSECTION,True,,v48646,r116950,Xīxuegui Yu Xiawucha,complete,True,Vampires and Afternoon Tea,$2.00,False,https://store.steampowered.com/app/2741060/,https://vndb.org/v48646,202,FOUND,Vampires and Afternoon Tea,1704949200000,1786132828461,2026-08-08T12:07:45.053966+00:00
2460270,When The Rumors Become Real,2024-01-11,2024-01,steam_store_search,True,True,INTERSECTION,True,,v49130,r118288,Xi Jjia Cheng Zhen,complete,True,When The Rumors Become Real,-30%,False,https://store.steampowered.com/app/2460270/,https://vndb.org/v49130,191,FOUND,When The Rumors Become Real,1704949200000,1786132828461,2026-08-08T12:07:45.053966+00:00
2739620,Sleeping With Sakuya Izayoi,2024-01-12,2024-01,steam_store_search,True,True,INTERSECTION,True,,v48620,r116860,Sleeping With Sakuya Izayoi,complete,True,Sleeping With Sakuya Izayoi,Free,True,https://store.steampowered.com/app/2739620/,https://vndb.org/v48620,9363,FOUND,Sleeping With Sakuya Izayoi,1705035600000,1786132828461,2026-08-08T12:07:45.053966+00:00
2703300,ANGEL WHISPER - The Suspense Visual Novel Left Behind by a Game Creator.,2024-01-14,2024-01,steam_store_search,True,True,INTERSECTION,True,,v46513,r117671,ANGEL WHISPER,complete,True,ANGEL WHISPER - The Suspense Visual Novel Left Behind by a Game Creator.,$9.99,False,https://store.steampowered.com/app/2703300/,https://vndb.org/v46513,688,FOUND,ANGEL WHISPER - The Suspense Visual Novel Left Behind by a Game Creator.,1705208400000,1786132828461,2026-08-08T12:07:45.053966+00:00
2682690,White Lilies Code,2024-01-14,2024-01,steam_store_search,True,True,INTERSECTION,True,,v48473,r116564,Kod Belyh Lilij,complete,True,White Lilies Code,$7.99,False,https://store.steampowered.com/app/2682690/,https://vndb.org/v48473,14,FOUND,White Lilies Code,1705208400000,1786132828461,2026-08-08T12:07:45.053966+00:00
2670400,Omurice Next Time,2024-01-15,2024-01,steam_store_search,True,True,INTERSECTION,True,,v47924,r115103,Omurice Next Time,complete,True,Omurice Next Time,$12.99,False,https://store.steampowered.com/app/2670400/,https://vndb.org/v47924,514,FOUND,Omurice Next Time,1705294800000,1786132828461,2026-08-08T12:07:45.053966+00:00
2487490,Sakura Succubus 8,2024-01-15,2024-01,steam_store_search,True,True,INTERSECTION,True,,v48444,r116504,Sakura Succubus 8,complete,True,Sakura Succubus 8,$9.99,False,https://store.steampowered.com/app/2487490/,https://vndb.org/v48444,3385,FOUND,Sakura Succubus 8,1705294800000,1786132828461,2026-08-08T12:07:45.053966+00:00
2747560,Spellbound Hearts,2024-01-15,2024-01,steam_store_search,True,True,INTERSECTION,True,,v46703,r129705,Spellbound Hearts,complete,True,Spellbound Hearts,$1.60,False,https://store.steampowered.com/app/2747560/,https://vndb.org/v46703,245,FOUND,Spellbound Hearts,1705294800000,1786132828461,2026-08-08T12:07:45.053966+00:00
2749650,The Lament of a Lifeless Star,2024-01-15,2024-01,steam_store_search,True,True,INTERSECTION,True,,v20131,r113208,Jug-eobeorin Byeol-ui Neogsduri,complete,True,The Lament of a Lifeless Star,$9.99,False,https://store.steampowered.com/app/2749650/,https://vndb.org/v20131,839,FOUND,The Lament of a Lifeless Star,1705294800000,1786132828461,2026-08-08T12:07:45.053966+00:00
2749660,The Spiritless Shaman,2024-01-15,2024-01,steam_store_search,True,True,INTERSECTION,True,,v24887,r113207,Jeongnyeong-eopneun Jeongnyeongsa,complete,True,The Spiritless Shaman,$4.99,False,https://store.steampowered.com/app/2749660/,https://vndb.org/v24887,628,FOUND,The Spiritless Shaman,1705294800000,1786132828461,2026-08-08T12:07:45.053966+00:00
2427160,小学生はませている。,2024-01-15,2024-01,steam_store_search,True,True,INTERSECTION,True,,v49175,r118395,Shougakusei wa Masete Iru.,complete,True,小学生はませている。,Free,True,https://store.steampowered.com/app/2427160/,https://vndb.org/v49175,532,FOUND,小学生はませている。,1705294800000,1786132828461,2026-08-08T12:07:45.053966+00:00
2462830,Autumn Spirit,2024-01-17,2024-01,steam_store_search,True,True,INTERSECTION,True,,v38652,r138825,Autumn Spirit,complete,True,Autumn Spirit,Free,True,https://store.steampowered.com/app/2462830/,https://vndb.org/v38652,2179,FOUND,Autumn Spirit,1705467600000,1786132828461,2026-08-08T12:07:45.053966+00:00
2676840,No Case Should Remain Unsolved,2024-01-17,2024-01,steam_store_search,True,True,INTERSECTION,True,,v49324,r118817;r119304;r124567;r135224;r135225;r135226;r135227;r135228,Mijesageoneun Kkeunnaeya Hanikka,complete,True,No Case Should Remain Unsolved,$6.99,False,https://store.steampowered.com/app/2676840/,https://vndb.org/v49324,210134,FOUND,No Case Should Remain Unsolved,1705467600000,1786132828461,2026-08-08T12:07:45.053966+00:00
2615810,One Night in Kawami,2024-01-17,2024-01,steam_store_search,True,True,INTERSECTION,True,,v36726,r114415,One Night in Kawami,complete,True,One Night in Kawami,Free,True,https://store.steampowered.com/app/2615810/,https://vndb.org/v36726,1039,FOUND,One Night in Kawami,1705467600000,1786132828461,2026-08-08T12:07:45.053966+00:00
2757490,Petit Game Collection vol.1,2024-01-19,2024-01,steam_store_search,True,True,INTERSECTION,True,,v45658,r111830,Ame-chan Wakuwaku Date Game,complete,True,Petit Game Collection vol.1,$3.99,False,https://store.steampowered.com/app/2757490/,https://vndb.org/v45658,38205,FOUND,Petit Game Collection vol.1,1705640400000,1786132828461,2026-08-08T12:07:45.053966+00:00
2625900,Hakuba School ! Hunting Prey,2024-01-20,2024-01,steam_store_search,True,True,INTERSECTION,True,,v49259,r118586,Hakuba School ! Hunting Prey,complete,True,Hakuba School ! Hunting Prey,$1.99,False,https://store.steampowered.com/app/2625900/,https://vndb.org/v49259,1,FOUND,Hakuba School ! Hunting Prey,1705726800000,1786132828461,2026-08-08T12:07:45.053966+00:00
2461130,沈める楽園,2024-01-21,2024-01,steam_store_search,True,True,INTERSECTION,True,,v46961,r112745,Shizumeru Rakuen,complete,True,沈める楽園,$4.99,False,https://store.steampowered.com/app/2461130/,https://vndb.org/v46961,81,FOUND,沈める楽園,1705813200000,1786132828461,2026-08-08T12:07:45.053966+00:00
2622260,TASOKARE HOTEL Re:newal,2024-01-22,2024-01,steam_store_search,True,True,INTERSECTION,True,,v25616,r117404,Tasokare Hotel,complete,True,TASOKARE HOTEL Re:newal,$39.99,False,https://store.steampowered.com/app/2622260/,https://vndb.org/v25616,3355,FOUND,TASOKARE HOTEL Re:newal,1705899600000,1786132828461,2026-08-08T12:07:45.053966+00:00
2409700,The Source,2024-01-23,2024-01,steam_store_search,True,True,INTERSECTION,True,,v49285,r118687,The Source,complete,True,The Source,$4.99,False,https://store.steampowered.com/app/2409700/,https://vndb.org/v49285,253,FOUND,The Source,1705986000000,1786132828461,2026-08-08T12:07:45.053966+00:00
2187220,Apollo Justice: Ace Attorney Trilogy,2024-01-24,2024-01,steam_store_search,True,True,INTERSECTION,True,,v18267;v717;v9889,r113183,Gyakuten Saiban 4;Gyakuten Saiban 5;Gyakuten Saiban 6,complete,True,Apollo Justice: Ace Attorney Trilogy,$49.99,False,https://store.steampowered.com/app/2187220/,https://vndb.org/v18267,185378,FOUND,Apollo Justice: Ace Attorney Trilogy,1706072400000,1786132828461,2026-08-08T12:07:45.053966+00:00
2464330,Impasse Journey ~ Kaohsiung Chapter ~,2024-01-24,2024-01,steam_store_search,True,True,INTERSECTION,True,,v49050,r118065,Molu zhi Lü ~Gaoxiong Pian~,complete,True,Impasse Journey ~ Kaohsiung Chapter ~,$10.99,False,https://store.steampowered.com/app/2464330/,https://vndb.org/v49050,555,FOUND,Impasse Journey ~ Kaohsiung Chapter ~,1706072400000,1786132828461,2026-08-08T12:07:45.053966+00:00
2668840,Kagura Genesis: Kuon's Story,2024-01-25,2024-01,steam_store_search,True,True,INTERSECTION,True,,v47955,r115194,Kagura Souseiki -Kuon-,complete,True,Kagura Genesis: Kuon's Story,$14.99,False,https://store.steampowered.com/app/2668840/,https://vndb.org/v47955,589,FOUND,Kagura Genesis: Kuon's Story,1706158800000,1786132828461,2026-08-08T12:07:45.053966+00:00
2754340,Lagoon Lounge 2 : The Secret Roommate,2024-01-26,2024-01,steam_store_search,True,True,INTERSECTION,True,,v61070,r123010,Lagoon Lounge 2: Yaneura no Roommate,complete,True,Lagoon Lounge 2 : The Secret Roommate,$13.99,False,https://store.steampowered.com/app/2754340/,https://vndb.org/v61070,6799,FOUND,Lagoon Lounge 2 : The Secret Roommate,1706245200000,1786132828461,2026-08-08T12:07:45.053966+00:00
2591910,My Furry Protogen 2 🐾,2024-01-26,2024-01,steam_store_search,True,True,INTERSECTION,True,,v47072,r113038,My Furry Protogen 2 🐾,complete,True,My Furry Protogen 2 🐾,$4.99,False,https://store.steampowered.com/app/2591910/,https://vndb.org/v47072,9209,FOUND,My Furry Protogen 2 🐾,1706245200000,1786132828461,2026-08-08T12:07:45.053966+00:00
2681060,荆棘落尘埃 Dust On Thorn,2024-01-27,2024-01,steam_store_search,True,True,INTERSECTION,True,,v49330,r118846,Jingji Luo Chen'ai,complete,True,荆棘落尘埃 Dust On Thorn,$0.99,False,https://store.steampowered.com/app/2681060/,https://vndb.org/v49330,338,FOUND,荆棘落尘埃 Dust On Thorn,1706331600000,1786132828461,2026-08-08T12:07:45.053966+00:00
2776530,小坂さん。 - Remaster,2024-01-28,2024-01,steam_store_search,True,True,INTERSECTION,True,,v24634,r78545,Kosaka-san.,complete,True,小坂さん。 - Remaster,$3.99,False,https://store.steampowered.com/app/2776530/,https://vndb.org/v24634,403,FOUND,小坂さん。 - Remaster,1706418000000,1786132828461,2026-08-08T12:07:45.053966+00:00
2564880,Departed Away,2024-01-29,2024-01,steam_store_search,True,True,INTERSECTION,True,,v47031,r112924;r144992;r144993,Departed Away,complete,True,Departed Away,$4.99,False,https://store.steampowered.com/app/2564880/,https://vndb.org/v47031,6176,FOUND,Departed Away,1706504400000,1786132828461,2026-08-08T12:07:45.053966+00:00
2439580,Hawaii Detective: Killing of a Krypto King,2024-01-29,2024-01,steam_store_search,True,True,INTERSECTION,True,,v44759,r110892,Hawaii Detective: Killing of a Krypto King,complete,True,Hawaii Detective: Killing of a Krypto King,$7.99,False,https://store.steampowered.com/app/2439580/,https://vndb.org/v44759,69,FOUND,Hawaii Detective: Killing of a Krypto King,1706504400000,1786132828461,2026-08-08T12:07:45.053966+00:00
2355140,The Symbiant Re:Union,2024-01-29,2024-01,steam_store_search,True,True,INTERSECTION,True,,v45308,r109050,The Symbiant Re:Union,complete,True,The Symbiant Re:Union,-30%,False,https://store.steampowered.com/app/2355140/,https://vndb.org/v45308,8539,FOUND,The Symbiant Re:Union,1706504400000,1786132828461,2026-08-08T12:07:45.053966+00:00
1746030,Murders on the Yangtze River,2024-01-30,2024-01,steam_store_search,True,True,INTERSECTION,True,,v49909,r120555;r120556;r125510,Shanhe Lü Tan,complete,True,Murders on the Yangtze River,-40%,False,https://store.steampowered.com/app/1746030/,https://vndb.org/v49909,438520,FOUND,Murders on the Yangtze River,1706590800000,1786132828461,2026-08-08T12:07:45.053966+00:00
2635530,Tidal Therapy,2024-01-30,2024-01,steam_store_search,True,True,INTERSECTION,True,,v49341,r118907;r128864,Genkai OL Umi e Iku,complete,True,Tidal Therapy,$8.99,False,https://store.steampowered.com/app/2635530/,https://vndb.org/v49341,4858,FOUND,Tidal Therapy,1706590800000,1786132828461,2026-08-08T12:07:45.053966+00:00
2777720,DR3AMy,2024-01-31,2024-01,steam_store_search,True,True,INTERSECTION,True,,v49358,r118952,DR3AMy,complete,True,DR3AMy,Free,True,https://store.steampowered.com/app/2777720/,https://vndb.org/v49358,1124,FOUND,DR3AMy,1706677200000,1786132828461,2026-08-08T12:07:45.053966+00:00
675610,Memories Off,2024-01-31,2024-01,steam_store_search,True,True,INTERSECTION,True,,v1152;v1284,r118484,Memories Off;Memories Off ~Pure~,complete,True,Memories Off,$9.99,False,https://store.steampowered.com/app/675610/,https://vndb.org/v1152,11164,FOUND,Memories Off,1706677200000,1786132828461,2026-08-08T12:07:45.053966+00:00
2184570,Memories Off #5 Togireta Film,2024-01-31,2024-01,steam_store_search,True,True,INTERSECTION,True,,v1325,r118495,Memories Off #5 Togireta Film,complete,True,Memories Off #5 Togireta Film,$14.99,False,https://store.steampowered.com/app/2184570/,https://vndb.org/v1325,5060,FOUND,Memories Off #5 Togireta Film,1706677200000,1786132828461,2026-08-08T12:07:45.053966+00:00
679520,Memories Off 2nd,2024-01-31,2024-01,steam_store_search,True,True,INTERSECTION,True,,v1153;v48916,r118492,Memories Off 2nd;Memories Off 2nd ~yukihotaru~,complete,True,Memories Off 2nd,$9.99,False,https://store.steampowered.com/app/679520/,https://vndb.org/v1153,7903,FOUND,Memories Off 2nd,1706677200000,1786132828461,2026-08-08T12:07:45.053966+00:00
960730,Memories Off Sorekara,2024-01-31,2024-01,steam_store_search,True,True,INTERSECTION,True,,v1171,r118494,Memories Off ~Sorekara~,complete,True,Memories Off Sorekara,$9.99,False,https://store.steampowered.com/app/960730/,https://vndb.org/v1171,5901,FOUND,Memories Off Sorekara,1706677200000,1786132828461,2026-08-08T12:07:45.053966+00:00
2184590,Memories Off Yubikiri No Kioku,2024-01-31,2024-01,steam_store_search,True,True,INTERSECTION,True,,v5690,r118497,Memories Off: Yubikiri no Kioku,complete,True,Memories Off Yubikiri No Kioku,$14.99,False,https://store.steampowered.com/app/2184590/,https://vndb.org/v5690,5054,FOUND,Memories Off Yubikiri No Kioku,1706677200000,1786132828461,2026-08-08T12:07:45.053966+00:00
2184580,Memories Off6 T-wave,2024-01-31,2024-01,steam_store_search,True,True,INTERSECTION,True,,v1646,r118496,Memories Off 6 ~T-Wave~,complete,True,Memories Off6 T-wave,$14.99,False,https://store.steampowered.com/app/2184580/,https://vndb.org/v1646,5580,FOUND,Memories Off6 T-wave,1706677200000,1786132828461,2026-08-08T12:07:45.053966+00:00
743910,Omoide Ni Kawaru Kimi Memories Off,2024-01-31,2024-01,steam_store_search,True,True,INTERSECTION,True,,v1170,r118493,Omoide ni Kawaru Kimi ~Memories Off~,complete,True,Omoide Ni Kawaru Kimi Memories Off,$9.99,False,https://store.steampowered.com/app/743910/,https://vndb.org/v1170,4090,FOUND,Omoide Ni Kawaru Kimi Memories Off,1706677200000,1786132828461,2026-08-08T12:07:45.053966+00:00
2781400,Dawn of Gray,2024-02-01,2024-02,steam_store_search,True,True,INTERSECTION,True,,v49185,r118414,Dawn of Gray,complete,True,Dawn of Gray,$3.99,False,https://store.steampowered.com/app/2781400/,https://vndb.org/v49185,1,FOUND,Dawn of Gray,1706763600000,1786132828461,2026-08-08T12:07:45.053966+00:00
2464980,inFINIte Robotics,2024-02-01,2024-02,steam_store_search,True,True,INTERSECTION,True,,v45097,r115984,inFINIte Robotics,complete,True,inFINIte Robotics,Free,True,https://store.steampowered.com/app/2464980/,https://vndb.org/v45097,890,FOUND,inFINIte Robotics,1706763600000,1786132828461,2026-08-08T12:07:45.053966+00:00
2644840,Abandoned Village Walking Group,2024-02-02,2024-02,steam_store_search,True,True,INTERSECTION,True,,v47627,r114427,Haison Sansaku-Kai Katsudou Kiroku,complete,True,Abandoned Village Walking Group,$5.00,False,https://store.steampowered.com/app/2644840/,https://vndb.org/v47627,1052,FOUND,Abandoned Village Walking Group,1706850000000,1786132828461,2026-08-08T12:07:45.053966+00:00
2742620,Memary: Memory of the nameless one,2024-02-02,2024-02,steam_store_search,True,True,INTERSECTION,True,,v49382,r119037,Memary: Memory of the nameless one,complete,True,Memary: Memory of the nameless one,Free,True,https://store.steampowered.com/app/2742620/,https://vndb.org/v49382,1467,FOUND,Memary: Memory of the nameless one,1706850000000,1786132828461,2026-08-08T12:07:45.053966+00:00
2714270,MY ANIMA BOY,2024-02-05,2024-02,steam_store_search,True,True,INTERSECTION,True,,v48284,r115818,MY ANIMA BOY,complete,True,MY ANIMA BOY,$0.99,False,https://store.steampowered.com/app/2714270/,https://vndb.org/v48284,100,FOUND,MY ANIMA BOY,1707109200000,1786132828461,2026-08-08T12:07:45.053966+00:00
2349140,KONOSUBA - God's Blessing on this Wonderful World! Love For These Clothes Of Desire!,2024-02-07,2024-02,steam_store_search,True,True,INTERSECTION,True,,v28730,r109120,Kono Subarashii Sekai ni Shukufuku o! ~Kono Yokubou no Ishou ni Chouai o!~,complete,True,KONOSUBA - God's Blessing on this Wonderful World! Love For These Clothes Of Desire!,-65%,False,https://store.steampowered.com/app/2349140/,https://vndb.org/v28730,8136,FOUND,KONOSUBA - God's Blessing on this Wonderful World! Love For These Clothes Of Desire!,1707282000000,1786132828461,2026-08-08T12:07:45.053966+00:00
1323830,Shanghai Summer,2024-02-07,2024-02,steam_store_search,True,True,INTERSECTION,True,,v48548,r116743,Bomuxiameng,complete,True,Shanghai Summer,$12.99,False,https://store.steampowered.com/app/1323830/,https://vndb.org/v48548,6183,FOUND,Shanghai Summer,1707282000000,1786132828461,2026-08-08T12:07:45.053966+00:00
2753810,ぐうたら娘更生計画 ～Neet Girl Rehabilitation Plan～,2024-02-07,2024-02,steam_store_search,True,True,INTERSECTION,True,,v32110,r119078,NEET Musume o Kousei Saseyo! ~Seigi ga Areba Ikite Ikeru~,complete,True,ぐうたら娘更生計画 ～Neet Girl Rehabilitation Plan～,-50%,False,https://store.steampowered.com/app/2753810/,https://vndb.org/v32110,1,FOUND,ぐうたら娘更生計画 ～Neet Girl Rehabilitation Plan～,1707282000000,1786132828461,2026-08-08T12:07:45.053966+00:00
2793150,仿 Imitate,2024-02-07,2024-02,steam_store_search,True,True,INTERSECTION,True,,v49322,r118814,Fang - Imitate,complete,True,仿 Imitate,$0.99,False,https://store.steampowered.com/app/2793150/,https://vndb.org/v49322,199,FOUND,仿  Imitate,1707282000000,1786132828461,2026-08-08T12:07:45.053966+00:00
2748450,Conor Origins - T Trilogy,2024-02-09,2024-02,steam_store_search,True,True,INTERSECTION,True,,v25035;v26481;v26482,r118774,The Weird One;They Cannot Hear Me;Trapped,complete,True,Conor Origins - T Trilogy,Free,True,https://store.steampowered.com/app/2748450/,https://vndb.org/v25035,958,FOUND,Conor Origins - T Trilogy,1707454800000,1786132828461,2026-08-08T12:07:45.053966+00:00
2724600,I keep Dying in Another World,2024-02-09,2024-02,steam_store_search,True,True,INTERSECTION,True,,v48341,r116553,"I keep Dying in Another World -What the hell, Goddess!-",complete,True,I keep Dying in Another World,$2.99,False,https://store.steampowered.com/app/2724600/,https://vndb.org/v48341,57,FOUND,I keep Dying in Another World,1707454800000,1786132828461,2026-08-08T12:07:45.053966+00:00
2801620,Look Inside,2024-02-09,2024-02,steam_store_search,True,True,INTERSECTION,True,,v49305,r118776,Look Inside,complete,True,Look Inside,$5.99,False,https://store.steampowered.com/app/2801620/,https://vndb.org/v49305,62,FOUND,Look Inside,1707454800000,1786132828461,2026-08-08T12:07:45.053966+00:00
2763820,Stellar Reflections,2024-02-09,2024-02,steam_store_search,True,True,INTERSECTION,True,,v48426,r116159,Stellar Reflections,complete,True,Stellar Reflections,Free,True,https://store.steampowered.com/app/2763820/,https://vndb.org/v48426,1269,FOUND,Stellar Reflections,1707454800000,1786132828461,2026-08-08T12:07:45.053966+00:00
2802790,Why do you love me?,2024-02-11,2024-02,steam_store_search,True,True,INTERSECTION,True,,v49331,r118847,Why do you love me?,complete,True,Why do you love me?,$2.99,False,https://store.steampowered.com/app/2802790/,https://vndb.org/v49331,1945,FOUND,Why do you love me?,1707627600000,1786132828461,2026-08-08T12:07:45.053966+00:00
2727810,Alice49 EP.0『ダイヤモンドとシュークリーム』,2024-02-12,2024-02,steam_store_search,True,True,INTERSECTION,True,,v49416,r126853,"Alice49 EP.0 ""Diamond to Choux Crème""",complete,True,Alice49 EP.0『ダイヤモンドとシュークリーム』,$3.99,False,https://store.steampowered.com/app/2727810/,https://vndb.org/v49416,524,FOUND,Alice49 EP.0『ダイヤモンドとシュークリーム』,1707714000000,1786132828461,2026-08-08T12:07:45.053966+00:00
2699780,Synthetic Fantasy;,2024-02-13,2024-02,steam_store_search,True,True,INTERSECTION,True,,v48041,r115440,Synthetic Fantasy;,complete,True,Synthetic Fantasy;,Free,True,https://store.steampowered.com/app/2699780/,https://vndb.org/v48041,928,FOUND,Synthetic Fantasy;,1707800400000,1786132828461,2026-08-08T12:07:45.053966+00:00
2698190,Trajectory of summer flower Ⅱ,2024-02-13,2024-02,steam_store_search,True,True,INTERSECTION,True,,v23214,r118812,Xia Hua de Guiji - That Summer of Eternal Eden,complete,True,Trajectory of summer flower Ⅱ,$4.99,False,https://store.steampowered.com/app/2698190/,https://vndb.org/v23214,392,FOUND,Trajectory of summer flower Ⅱ,1707800400000,1786132828461,2026-08-08T12:07:45.053966+00:00
2796140,Uncanny Valley: Machine,2024-02-13,2024-02,steam_store_search,True,True,INTERSECTION,True,,v49484,r119392,Uncanny Valley: Machine,complete,True,Uncanny Valley: Machine,$1.20,False,https://store.steampowered.com/app/2796140/,https://vndb.org/v49484,505,FOUND,Uncanny Valley: Machine,1707800400000,1786132828461,2026-08-08T12:07:45.053966+00:00
2706900,花母,2024-02-13,2024-02,steam_store_search,True,True,INTERSECTION,True,,v47468,r119439,Hua Mu,complete,True,花母,$8.99,False,https://store.steampowered.com/app/2706900/,https://vndb.org/v47468,1109,FOUND,花母,1707800400000,1786132828461,2026-08-08T12:07:45.053966+00:00
2414750,风岬-The Everlasting lovestory at the Windcap,2024-02-13,2024-02,steam_store_search,True,True,INTERSECTION,True,,v47963,r115207,Feng Jia-The Everlasting lovestory at the Windcap,complete,True,风岬-The Everlasting lovestory at the Windcap,$5.99,False,https://store.steampowered.com/app/2414750/,https://vndb.org/v47963,11081,FOUND,风岬-The Everlasting lovestory at the Windcap,1707800400000,1786132828461,2026-08-08T12:07:45.053966+00:00
2555910,A Nutritious Boyfriend,2024-02-14,2024-02,steam_store_search,True,True,INTERSECTION,True,,v46676,r111913,A nutritious boyfriend,complete,True,A Nutritious Boyfriend,$3.99,False,https://store.steampowered.com/app/2555910/,https://vndb.org/v46676,392,FOUND,A Nutritious Boyfriend,1707886800000,1786132828461,2026-08-08T12:07:45.053966+00:00
2597480,Bardic: Quest for Love,2024-02-14,2024-02,steam_store_search,True,True,INTERSECTION,True,,v49468,r119337,Bardic: Quest for Love,complete,True,Bardic: Quest for Love,$14.99,False,https://store.steampowered.com/app/2597480/,https://vndb.org/v49468,386,FOUND,Bardic: Quest for Love,1707886800000,1786132828461,2026-08-08T12:07:45.053966+00:00
1895350,I Wani Hug that Gator!,2024-02-14,2024-02,steam_store_search,True,True,INTERSECTION,True,,v36845,r155398,I Wani Hug that Gator!,complete,True,I Wani Hug that Gator!,$14.99,False,https://store.steampowered.com/app/1895350/,https://vndb.org/v36845,44518,FOUND,I Wani Hug that Gator!,1707886800000,1786132828461,2026-08-08T12:07:45.053966+00:00
2652740,Telvoikai,2024-02-14,2024-02,steam_store_search,True,True,INTERSECTION,True,,v61921,r147888,Telvoikai,complete,True,Telvoikai,$1.99,False,https://store.steampowered.com/app/2652740/,https://vndb.org/v61921,119,FOUND,Telvoikai,1707886800000,1786132828461,2026-08-08T12:07:45.053966+00:00
2814570,Joe Biden - Escape From MAGA Chapter 1,2024-02-15,2024-02,steam_store_search,True,True,INTERSECTION,True,,v49383,r119039,Joe Biden - Escape From Donald Trump's MAGA,complete,True,Joe Biden - Escape From MAGA Chapter 1,$2.99,False,https://store.steampowered.com/app/2814570/,https://vndb.org/v49383,55,FOUND,Joe Biden - Escape From MAGA Chapter 1,1707973200000,1786132828461,2026-08-08T12:07:45.053966+00:00
2527450,Nie No Hakoniwa - Dollhouse of Offerings,2024-02-15,2024-02,steam_store_search,True,True,INTERSECTION,True,,v26344,r93142,Nie no Hakoniwa,complete,True,Nie No Hakoniwa - Dollhouse of Offerings,$29.99,False,https://store.steampowered.com/app/2527450/,https://vndb.org/v26344,5938,FOUND,Nie No Hakoniwa - Dollhouse of Offerings,1707973200000,1786132828461,2026-08-08T12:07:45.053966+00:00
2667270,Sifting Thyme - an otome game inspired by culinary shows,2024-02-15,2024-02,steam_store_search,True,True,INTERSECTION,True,,v28319,r115209,Sifting Thyme,complete,True,Sifting Thyme - an otome game inspired by culinary shows,$9.99,False,https://store.steampowered.com/app/2667270/,https://vndb.org/v28319,655,FOUND,Sifting Thyme - an otome game inspired by culinary shows,1707973200000,1786132828461,2026-08-08T12:07:45.053966+00:00
2080800,Spirit Hunter: Death Mark II,2024-02-15,2024-02,steam_store_search,True,True,INTERSECTION,True,,v28146,r93183,Shinigami ~Shibito Magire~,complete,True,Spirit Hunter: Death Mark II,$49.99,False,https://store.steampowered.com/app/2080800/,https://vndb.org/v28146,4969,FOUND,Spirit Hunter: Death Mark II,1707973200000,1786132828461,2026-08-08T12:07:45.053966+00:00
2460060,Vasilisa the Wise,2024-02-15,2024-02,steam_store_search,True,True,INTERSECTION,True,,v49511,r119479,Vasilisa Premudraja,complete,True,Vasilisa the Wise,$1.99,False,https://store.steampowered.com/app/2460060/,https://vndb.org/v49511,63,FOUND,Vasilisa the Wise,1707973200000,1786132828461,2026-08-08T12:07:45.053966+00:00
2762560,Abyssal Frontier,2024-02-16,2024-02,steam_store_search,True,True,INTERSECTION,True,,v49515,r119505,Abyssal Frontier,complete,True,Abyssal Frontier,-30%,False,https://store.steampowered.com/app/2762560/,https://vndb.org/v49515,45,FOUND,Abyssal Frontier,1708059600000,1786132828461,2026-08-08T12:07:45.053966+00:00
2591380,Irotoridori No Sekai HD - The Colorful World,2024-02-16,2024-02,steam_store_search,True,True,INTERSECTION,True,,v5834,r114529,Irotoridori no Sekai,complete,True,Irotoridori No Sekai HD - The Colorful World,$34.99,False,https://store.steampowered.com/app/2591380/,https://vndb.org/v5834,3714,FOUND,Irotoridori No Sekai HD - The Colorful World,1708059600000,1786132828461,2026-08-08T12:07:45.053966+00:00
3010620,What Remains,2024-02-18,2024-02,vndb_steam_release,True,True,INTERSECTION,True,,v50239,r121457;r137963,"Te, scho lyshajet'sja",complete;trial,True,What Remains,,False,https://store.steampowered.com/app/3010620/,https://vndb.org/v50239,,NOT_FOUND,,,,2026-08-08T12:07:45.053966+00:00
2675850,protoViolence - Definitive Edition,2024-02-18,2024-02,steam_store_search,True,True,INTERSECTION,True,,v47303,r118921,protoViolence,complete,True,protoViolence - Definitive Edition,Free,True,https://store.steampowered.com/app/2675850/,https://vndb.org/v47303,1975,FOUND,protoViolence - Definitive Edition,1708232400000,1786132828461,2026-08-08T12:07:45.053966+00:00
2786240,Bond Blues,2024-02-19,2024-02,steam_store_search,True,True,INTERSECTION,True,,v49677,r119955,Bond Blues,complete,True,Bond Blues,Free,True,https://store.steampowered.com/app/2786240/,https://vndb.org/v49677,1386,FOUND,Bond Blues,1708318800000,1786132828461,2026-08-08T12:07:45.053966+00:00
2579430,Ego's Spark,2024-02-19,2024-02,steam_store_search,True,True,INTERSECTION,True,,v37252,r116539,Kiss kara Hajimeru Egoism,complete,True,Ego's Spark,$14.99,False,https://store.steampowered.com/app/2579430/,https://vndb.org/v37252,1202,FOUND,Ego's Spark,1708318800000,1786132828461,2026-08-08T12:07:45.053966+00:00
2590370,First Gen,2024-02-19,2024-02,steam_store_search,True,True,INTERSECTION,True,,v49546,r119620,First Gen,complete,True,First Gen,$0.99,False,https://store.steampowered.com/app/2590370/,https://vndb.org/v49546,15,FOUND,First Gen,1708318800000,1786132828461,2026-08-08T12:07:45.053966+00:00
2813750,Rhythm Reunion - Indie Dating Sim Visual Novel,2024-02-19,2024-02,steam_store_search,True,True,INTERSECTION,True,,v49547,r119622,Rhythm Reunion,complete,True,Rhythm Reunion - Indie Dating Sim Visual Novel,Free,True,https://store.steampowered.com/app/2813750/,https://vndb.org/v49547,618,FOUND,Rhythm Reunion - Indie Dating Sim Visual Novel,1708318800000,1786132828461,2026-08-08T12:07:45.053966+00:00
2582380,Getting Canceled,2024-02-21,2024-02,steam_store_search,True,True,INTERSECTION,True,,v49566,r119678,Getting Canceled,complete,True,Getting Canceled,$4.99,False,https://store.steampowered.com/app/2582380/,https://vndb.org/v49566,71,FOUND,Getting Canceled,1708491600000,1786132828461,2026-08-08T12:07:45.053966+00:00
2814080,Starecrown (DEMO),2024-02-22,2024-02,steam_store_search,True,True,INTERSECTION,True,,v49463,r119326,Starecrown,complete,True,Starecrown (DEMO),Free,True,https://store.steampowered.com/app/2814080/,https://vndb.org/v49463,2003,FOUND,Starecrown (DEMO),1708578000000,1786132828461,2026-08-08T12:07:45.053966+00:00
2768830,The rabbit and Tamaki are Taking a break!,2024-02-22,2024-02,steam_store_search,True,True,INTERSECTION,True,,v49594,r119746,Usagi to Tamaki wa Oyasumi Chu~!,complete,True,The rabbit and Tamaki are Taking a break!,$6.99,False,https://store.steampowered.com/app/2768830/,https://vndb.org/v49594,30,FOUND,The rabbit and Tamaki are Taking a break!,1708578000000,1786132828461,2026-08-08T12:07:45.053966+00:00
2708740,アキゾラのメモリーズ─運命の地平線─,2024-02-22,2024-02,steam_store_search,True,True,INTERSECTION,True,,v46663,r114038,Akizora no Memories ─Unmei no Chiheisen─,complete,True,アキゾラのメモリーズ─運命の地平線─,$15.99,False,https://store.steampowered.com/app/2708740/,https://vndb.org/v46663,41,FOUND,アキゾラのメモリーズ─運命の地平線─,1708578000000,1786132828461,2026-08-08T12:07:45.053966+00:00
2829210,日陰の日葵 - sun in the shade,2024-02-22,2024-02,steam_store_search,True,True,INTERSECTION,True,,v33100,r85512,Hikage no Himari - sun in the shade,complete,True,日陰の日葵 - sun in the shade,$3.99,False,https://store.steampowered.com/app/2829210/,https://vndb.org/v33100,468,FOUND,日陰の日葵 - sun in the shade,1708578000000,1786132828461,2026-08-08T12:07:45.053966+00:00
2537750,Alex's Hope & Alex's Solitude,2024-02-23,2024-02,steam_store_search,True,True,INTERSECTION,True,,v46500,r114228,Alex's Hope & Alex's Solitude,complete,True,Alex's Hope & Alex's Solitude,Free,True,https://store.steampowered.com/app/2537750/,https://vndb.org/v46500,1834,FOUND,Alex's Hope & Alex's Solitude,1708664400000,1786132828461,2026-08-08T12:07:45.053966+00:00
2475610,Isle of Maligree,2024-02-23,2024-02,steam_store_search,True,True,INTERSECTION,True,,v45919,r110471,Isle of Maligree,complete,True,Isle of Maligree,$17.99,False,https://store.steampowered.com/app/2475610/,https://vndb.org/v45919,208,FOUND,Isle of Maligree,1708664400000,1786132828461,2026-08-08T12:07:45.053966+00:00
2648640,The 257th Element,2024-02-23,2024-02,steam_store_search,True,True,INTERSECTION,True,,v49598,r119750;r124530,The 257th Element,complete,True,The 257th Element,$29.99,False,https://store.steampowered.com/app/2648640/,https://vndb.org/v49598,841,FOUND,The 257th Element,1708664400000,1786132828461,2026-08-08T12:07:45.053966+00:00
2661040,Descent of the Hunted,2024-02-25,2024-02,steam_store_search,True,True,INTERSECTION,True,,v49628,r119817,Descent of the Hunted,complete,True,Descent of the Hunted,$5.99,False,https://store.steampowered.com/app/2661040/,https://vndb.org/v49628,375,FOUND,Descent of the Hunted,1708837200000,1786132828461,2026-08-08T12:07:45.053966+00:00
2597450,Blood Kiss,2024-02-26,2024-02,steam_store_search,True,True,INTERSECTION,True,,v31173,r119365,Blood Kiss,complete,True,Blood Kiss,Free,True,https://store.steampowered.com/app/2597450/,https://vndb.org/v31173,2710,FOUND,Blood Kiss,1708923600000,1786132828461,2026-08-08T12:07:45.053966+00:00
2532020,Psycholog,2024-02-26,2024-02,steam_store_search,True,True,INTERSECTION,True,,v55732,r134189;r134191,Psycholog,complete;trial,True,Psycholog,$11.99,False,https://store.steampowered.com/app/2532020/,https://vndb.org/v55732,420,FOUND,Psycholog,1708923600000,1786132828461,2026-08-08T12:07:45.053966+00:00
2646050,Sakura Isekai Adventure,2024-02-26,2024-02,steam_store_search,True,True,INTERSECTION,True,,v49462,r119323,Sakura Isekai Adventure,complete,True,Sakura Isekai Adventure,$9.99,False,https://store.steampowered.com/app/2646050/,https://vndb.org/v49462,1446,FOUND,Sakura Isekai Adventure,1708923600000,1786132828461,2026-08-08T12:07:45.053966+00:00
2656610,"Lady of bones, a mother's legacy",2024-02-28,2024-02,steam_store_search,True,True,INTERSECTION,True,,v47621,r114417,"Lady of bones, a mother's legacy",complete,True,"Lady of bones, a mother's legacy",$2.99,False,https://store.steampowered.com/app/2656610/,https://vndb.org/v47621,20,FOUND,"Lady of bones, a mother's legacy",1709096400000,1786132828461,2026-08-08T12:07:45.053966+00:00
2474700,"Of the Red, the Light, and the Ayakashi Tsuzuri",2024-02-28,2024-02,steam_store_search,True,True,INTERSECTION,True,,v5841,r111964,Akaya Akashiya Ayakashino,complete,True,"Of the Red, the Light, and the Ayakashi Tsuzuri",$59.99,False,https://store.steampowered.com/app/2474700/,https://vndb.org/v5841,816,FOUND,"Of the Red, the Light, and the Ayakashi Tsuzuri",1709096400000,1786132828461,2026-08-08T12:07:45.053966+00:00
2809370,The Crack (壳中之物）,2024-02-28,2024-02,steam_store_search,True,True,INTERSECTION,True,,v49680,r119958,The Crack (Ke Zhong Zhi Wu),complete,True,The Crack (壳中之物）,Free,True,https://store.steampowered.com/app/2809370/,https://vndb.org/v49680,700,FOUND,The Crack (壳中之物）,1709096400000,1786132828461,2026-08-08T12:07:45.053966+00:00
2827480,ぽかぽかママ恋温泉 ～Mommy's Warm Hot Spring～,2024-02-28,2024-02,steam_store_search,True,True,INTERSECTION,True,,v21770,r119680,Fudeoroshi Mama ~Afureru Hakudaku & Milk~,complete,True,ぽかぽかママ恋温泉 ～Mommy's Warm Hot Spring～,-50%,False,https://store.steampowered.com/app/2827480/,https://vndb.org/v21770,1,FOUND,ぽかぽかママ恋温泉 ～Mommy's Warm Hot Spring～,1709096400000,1786132828461,2026-08-08T12:07:45.053966+00:00
2712580,南栀 Unwavering love,2024-02-28,2024-02,steam_store_search,True,True,INTERSECTION,True,,v49516,r119507,Nan Zhi,complete,True,南栀 Unwavering love,$8.99,False,https://store.steampowered.com/app/2712580/,https://vndb.org/v49516,12220,FOUND,南栀 Unwavering love,1709096400000,1786132828461,2026-08-08T12:07:45.053966+00:00
2781000,Living in Spring,2024-02-29,2024-02,steam_store_search,True,True,INTERSECTION,True,,v32313,r119506,Haru ni Ikireba,complete,True,Living in Spring,$4.99,False,https://store.steampowered.com/app/2781000/,https://vndb.org/v32313,95,FOUND,Living in Spring,1709182800000,1786132828461,2026-08-08T12:07:45.053966+00:00
2784660,Snow Cone Serenade,2024-02-29,2024-02,steam_store_search,True,True,INTERSECTION,True,,v48965,r118486,Snow Cone Serenade,complete,True,Snow Cone Serenade,Free,True,https://store.steampowered.com/app/2784660/,https://vndb.org/v48965,2574,FOUND,Snow Cone Serenade,1709182800000,1786132828461,2026-08-08T12:07:45.053966+00:00
2398880,The Mask Game,2024-02-29,2024-02,steam_store_search,True,True,INTERSECTION,True,,v30368,r119989,The Mask Game,complete,True,The Mask Game,Free,True,https://store.steampowered.com/app/2398880/,https://vndb.org/v30368,1091,FOUND,The Mask Game,1709182800000,1786132828461,2026-08-08T12:07:45.053966+00:00
2663910,My life as a cat,2024-03-01,2024-03,steam_store_search,True,True,INTERSECTION,True,,v49706,r120022,My life as a cat,complete,True,My life as a cat,$1.99,False,https://store.steampowered.com/app/2663910/,https://vndb.org/v49706,55,FOUND,My life as a cat,1709269200000,1786132828461,2026-08-08T12:07:45.053966+00:00
2834490,不香の花 - Snow Flower,2024-03-01,2024-03,steam_store_search,True,True,INTERSECTION,True,,v40625,r100096,Fukyou no Hana - Snow Flower,complete,True,不香の花 - Snow Flower,$3.99,False,https://store.steampowered.com/app/2834490/,https://vndb.org/v40625,538,FOUND,不香の花 - Snow Flower,1709269200000,1786132828461,2026-08-08T12:07:45.053966+00:00
2505080,Across Kiloparsecs,2024-03-04,2024-03,steam_store_search,True,True,INTERSECTION,True,,v49749,r120153,Across Kiloparsecs,complete,True,Across Kiloparsecs,$2.99,False,https://store.steampowered.com/app/2505080/,https://vndb.org/v49749,15,FOUND,Across Kiloparsecs,1709528400000,1786132828461,2026-08-08T12:07:45.053966+00:00
2380340,Hazy Mind,2024-03-04,2024-03,steam_store_search,True,True,INTERSECTION,True,,v43062,r109223,Hazy Mind,complete,True,Hazy Mind,$9.99,False,https://store.steampowered.com/app/2380340/,https://vndb.org/v43062,4884,FOUND,Hazy Mind,1709528400000,1786132828461,2026-08-08T12:07:45.053966+00:00
1985710,A War of a Madman's Making,2024-03-07,2024-03,steam_store_search,True,True,INTERSECTION,True,,v42020,r102446,A War of a Madman's Making,complete,True,A War of a Madman's Making,Free,True,https://store.steampowered.com/app/1985710/,https://vndb.org/v42020,6517,FOUND,A War of a Madman's Making,1709787600000,1786132828461,2026-08-08T12:07:45.053966+00:00
2799560,The Czar is Dead,2024-03-07,2024-03,steam_store_search,True,True,INTERSECTION,True,,v49439,r119280,CAR' UMER,complete,True,The Czar is Dead,$7.99,False,https://store.steampowered.com/app/2799560/,https://vndb.org/v49439,1714,FOUND,The Czar is Dead,1709787600000,1786132828461,2026-08-08T12:07:45.053966+00:00
2818340,Love and Crime,2024-03-08,2024-03,steam_store_search,True,True,INTERSECTION,True,,v49825,r120318,Love and Crime,complete,True,Love and Crime,$2.99,False,https://store.steampowered.com/app/2818340/,https://vndb.org/v49825,85,FOUND,Love and Crime,1709874000000,1786132828461,2026-08-08T12:07:45.053966+00:00
2831570,Revenge of the Antagonist - BL (Boys Love),2024-03-09,2024-03,steam_store_search,True,True,INTERSECTION,True,,v49831,r120352,Revenge of the Antagonist,complete,True,Revenge of the Antagonist - BL (Boys Love),$1.99,False,https://store.steampowered.com/app/2831570/,https://vndb.org/v49831,248,FOUND,Revenge of the Antagonist - BL (Boys Love),1709960400000,1786132828461,2026-08-08T12:07:45.053966+00:00
2254710,Death Trick: Double Blind,2024-03-11,2024-03,steam_store_search,True,True,INTERSECTION,True,,v44314,r109177,Shuang Mang Ba Xì,complete,True,Death Trick: Double Blind,$15.99,False,https://store.steampowered.com/app/2254710/,https://vndb.org/v44314,4999,FOUND,Death Trick: Double Blind,1710129600000,1786132828461,2026-08-08T12:07:45.053966+00:00
2626240,Saving Mrs. Hinako,2024-03-11,2024-03,steam_store_search,True,True,INTERSECTION,True,,v30294,r115925,Moto Yankee Tsuma: Hinako ~Shinshin Tomo ni Kanzen Netori!~,complete,True,Saving Mrs. Hinako,$14.99,False,https://store.steampowered.com/app/2626240/,https://vndb.org/v30294,5536,FOUND,Saving Mrs. Hinako,1710129600000,1786132828461,2026-08-08T12:07:45.053966+00:00
2846350,Baskerville,2024-03-14,2024-03,steam_store_search,True,True,INTERSECTION,True,,v37753,r120643,Baskerville,complete,True,Baskerville,$0.99,False,https://store.steampowered.com/app/2846350/,https://vndb.org/v37753,1,FOUND,Baskerville,1710388800000,1786132828461,2026-08-08T12:07:45.053966+00:00
2806270,Fantastical Mystery ADV : Ultimate Jumbo Jet Murder Case,2024-03-14,2024-03,steam_store_search,True,True,INTERSECTION,True,,v49738,r120130,Mousou Suiri Adventure: Ultimate Jumbo Jet Satsujin Jiken,complete,True,Fantastical Mystery ADV : Ultimate Jumbo Jet Murder Case,-30%,False,https://store.steampowered.com/app/2806270/,https://vndb.org/v49738,481,FOUND,Fantastical Mystery ADV : Ultimate Jumbo Jet Murder Case,1710388800000,1786132828461,2026-08-08T12:07:45.053966+00:00
2455860,Strange Parallel：Sele,2024-03-14,2024-03,steam_store_search,True,True,INTERSECTION,True,,v49950,r120644,Pingxing Shikong: Qiye,complete,True,Strange Parallel：Sele,$29.99,False,https://store.steampowered.com/app/2455860/,https://vndb.org/v49950,76,FOUND,Strange Parallel：Sele,1710388800000,1786132828461,2026-08-08T12:07:45.053966+00:00
2827860,The Dawn Of A Flower,2024-03-14,2024-03,steam_store_search,True,True,INTERSECTION,True,,v29063,r119679,Kkoch-ui Saebyeok,complete,True,The Dawn Of A Flower,$14.99,False,https://store.steampowered.com/app/2827860/,https://vndb.org/v29063,271,FOUND,The Dawn Of A Flower,1710388800000,1786132828461,2026-08-08T12:07:45.053966+00:00
2852970,Hateful Days,2024-03-18,2024-03,vndb_steam_release,True,True,INTERSECTION,True,,v50006,r120782;r120783,Hateful Days,complete;trial,True,Hateful Days,,False,https://store.steampowered.com/app/2852970/,https://vndb.org/v50006,,NOT_FOUND,,,,2026-08-08T12:07:45.053966+00:00
2793220,GEARS STORY,2024-03-19,2024-03,steam_store_search,True,True,INTERSECTION,True,,v49752,r120154,GEARS STORY,complete,True,GEARS STORY,$0.99,False,https://store.steampowered.com/app/2793220/,https://vndb.org/v49752,205,FOUND,GEARS STORY,1710820800000,1786132828461,2026-08-08T12:07:45.053966+00:00
2369430,Serafina's Saga: Awakened,2024-03-19,2024-03,steam_store_search,True,True,INTERSECTION,True,,v38392,r96078,Serafina's Saga: Awakened,complete,True,Serafina's Saga: Awakened,$19.99,False,https://store.steampowered.com/app/2369430/,https://vndb.org/v38392,68,FOUND,Serafina's Saga: Awakened,1710820800000,1786132828461,2026-08-08T12:07:45.053966+00:00
2843200,強運傭兵と宝石の姫騎士 - Fortunate Duo -,2024-03-20,2024-03,steam_store_search,True,True,INTERSECTION,True,,v20199,r120890,Hakudaku no Himekishi ~Hatenaki Ingoku no Rondo~,complete,True,強運傭兵と宝石の姫騎士 - Fortunate Duo -,-50%,False,https://store.steampowered.com/app/2843200/,https://vndb.org/v20199,15,FOUND,強運傭兵と宝石の姫騎士 - Fortunate Duo -,1710907200000,1786132828461,2026-08-08T12:07:45.053966+00:00
2865850,Macau Midnight Madness,2024-03-21,2024-03,steam_store_search,True,True,INTERSECTION,True,,v49875,r120469,Macau Midnight Madness,complete,True,Macau Midnight Madness,$7.99,False,https://store.steampowered.com/app/2865850/,https://vndb.org/v49875,107,FOUND,Macau Midnight Madness,1710993600000,1786132828461,2026-08-08T12:07:45.053966+00:00
2784080,Zeitz Machz √Rhapsody,2024-03-21,2024-03,steam_store_search,True,True,INTERSECTION,True,,v34071,r87680,Zeitz Machz √Rhapsody,complete,True,Zeitz Machz √Rhapsody,Free,True,https://store.steampowered.com/app/2784080/,https://vndb.org/v34071,772,FOUND,Zeitz Machz √Rhapsody,1710993600000,1786132828461,2026-08-08T12:07:45.053966+00:00
2871030,Aurans,2024-03-22,2024-03,steam_store_search,True,True,INTERSECTION,True,,v50078,r120962,Aurans,complete,True,Aurans,$14.99,False,https://store.steampowered.com/app/2871030/,https://vndb.org/v50078,20,FOUND,Aurans,1711080000000,1786132828461,2026-08-08T12:07:45.053966+00:00
2846200,Essence Bloom,2024-03-22,2024-03,steam_store_search,True,True,INTERSECTION,True,,v50092,r121058,Essence Bloom,complete,True,Essence Bloom,Free,True,https://store.steampowered.com/app/2846200/,https://vndb.org/v50092,1156,FOUND,Essence Bloom,1711080000000,1786132828461,2026-08-08T12:07:45.053966+00:00
2233770,"The Thief, the Witch, the Toad, and the Mushroom.",2024-03-22,2024-03,steam_store_search,True,True,INTERSECTION,True,,v51361,r124359,"The Thief, the Witch, the Toad, and the Mushroom.",complete,True,"The Thief, the Witch, the Toad, and the Mushroom.",Free,True,https://store.steampowered.com/app/2233770/,https://vndb.org/v51361,5979,FOUND,"The Thief, the Witch, the Toad, and the Mushroom.",1711080000000,1786132828461,2026-08-08T12:07:45.053966+00:00
2806340,声息- La Voix,2024-03-22,2024-03,steam_store_search,True,True,INTERSECTION,True,,v49448,r119295,Shengxi - La Voix,complete,True,声息- La Voix,$9.99,False,https://store.steampowered.com/app/2806340/,https://vndb.org/v49448,80,FOUND,声息- La Voix,1711080000000,1786132828461,2026-08-08T12:07:45.053966+00:00
2759800,忘川游RiverLife,2024-03-23,2024-03,steam_store_search,True,True,INTERSECTION,True,,v50103,r121100,Wang Chuan You,complete,True,忘川游RiverLife,$1.99,False,https://store.steampowered.com/app/2759800/,https://vndb.org/v50103,93,FOUND,忘川游RiverLife,1711166400000,1786132828461,2026-08-08T12:07:45.053966+00:00
2876880,怪話,2024-03-25,2024-03,steam_store_search,True,True,INTERSECTION,True,,v38125,r95514,Kaiwa,complete,True,怪話,Free,True,https://store.steampowered.com/app/2876880/,https://vndb.org/v38125,3680,FOUND,怪話,1711339200000,1786132828461,2026-08-08T12:07:45.053966+00:00
2503260,Blood Midnight Blossom,2024-03-26,2024-03,steam_store_search,True,True,INTERSECTION,True,,v45774,r110126,Blood Midnight Blossom,complete,True,Blood Midnight Blossom,$5.99,False,https://store.steampowered.com/app/2503260/,https://vndb.org/v45774,136,FOUND,Blood Midnight Blossom,1711425600000,1786132828461,2026-08-08T12:07:45.053966+00:00
2839430,Room,2024-03-26,2024-03,steam_store_search,True,True,INTERSECTION,True,,v50123,r121178,Wuxian zhi Wu,complete,True,Room,$1.99,False,https://store.steampowered.com/app/2839430/,https://vndb.org/v50123,224,FOUND,Room,1711425600000,1786132828461,2026-08-08T12:07:45.053966+00:00
2321120,Voice Love on Air,2024-03-27,2024-03,steam_store_search,True,True,INTERSECTION,True,,v49098,r118182,Chun'ai Sheng Fangsong - Voice Love on Air,complete,True,Voice Love on Air,$29.99,False,https://store.steampowered.com/app/2321120/,https://vndb.org/v49098,13758,FOUND,Voice Love on Air,1711512000000,1786132828461,2026-08-08T12:07:45.053966+00:00
2854250,Worst Coach in the World Part I,2024-03-27,2024-03,steam_store_search,True,True,INTERSECTION,True,,v50133,r121207,Worst Coach in the World,complete,True,Worst Coach in the World Part I,$2.99,False,https://store.steampowered.com/app/2854250/,https://vndb.org/v50133,65,FOUND,Worst Coach in the World Part I,1711512000000,1786132828461,2026-08-08T12:07:45.053966+00:00
2475040,纯爱独白：小小 Purelove Monologue: Xiaoxiao,2024-03-27,2024-03,steam_store_search,True,True,INTERSECTION,True,,v47625,r114425,Chun'ai Dubai: Xiaoxiao,complete,True,纯爱独白：小小 Purelove Monologue: Xiaoxiao,$4.99,False,https://store.steampowered.com/app/2475040/,https://vndb.org/v47625,5417,FOUND,纯爱独白：小小 Purelove Monologue: Xiaoxiao,1711512000000,1786132828461,2026-08-08T12:07:45.053966+00:00
2672060,Other Side Of Mist And Mountain,2024-03-28,2024-03,steam_store_search,True,True,INTERSECTION,True,,v49922,r120593,Lan Yu Shan Zhi Biduan,complete,True,Other Side Of Mist And Mountain,$10.99,False,https://store.steampowered.com/app/2672060/,https://vndb.org/v49922,1510,FOUND,Other Side Of Mist And Mountain,1711598400000,1786132828461,2026-08-08T12:07:45.053966+00:00
2309230,Sweet Science – The Girls of Silversee Castle,2024-03-28,2024-03,steam_store_search,True,True,INTERSECTION,True,,v42608,r103623,Sweet Science – The Girls of Silversee Castle,complete,True,Sweet Science – The Girls of Silversee Castle,Free,True,https://store.steampowered.com/app/2309230/,https://vndb.org/v42608,1652,FOUND,Sweet Science – The Girls of Silversee Castle,1711598400000,1786132828461,2026-08-08T12:07:45.053966+00:00
1749010,Royal Order,2024-03-29,2024-03,steam_store_search,True,True,INTERSECTION,True,,v32675,r84319,Royal Order,complete,True,Royal Order,$29.99,False,https://store.steampowered.com/app/1749010/,https://vndb.org/v32675,4561,FOUND,Royal Order,1711684800000,1786132828461,2026-08-08T12:07:45.053966+00:00
2841200,The Bright Star Of Seraph-Katis-,2024-03-29,2024-03,steam_store_search,True,True,INTERSECTION,True,,v50172,r121325,Cuican de Safula zhi Xing -Katis-,complete,True,The Bright Star Of Seraph-Katis-,Free,True,https://store.steampowered.com/app/2841200/,https://vndb.org/v50172,2344,FOUND,The Bright Star Of Seraph-Katis-,1711684800000,1786132828461,2026-08-08T12:07:45.053966+00:00
2408880,Hunting The Hunter,2024-03-31,2024-03,steam_store_search,True,True,INTERSECTION,True,,v50602,r122394,Hunting The Hunter,complete,True,Hunting The Hunter,$2.99,False,https://store.steampowered.com/app/2408880/,https://vndb.org/v50602,56,FOUND,Hunting The Hunter,1711857600000,1786132828461,2026-08-08T12:07:45.053966+00:00
1794640,Kiss/OFF,2024-03-31,2024-03,steam_store_search,True,True,INTERSECTION,True,,v34608,r88789,Kiss/OFF,complete,True,Kiss/OFF,$9.99,False,https://store.steampowered.com/app/1794640/,https://vndb.org/v34608,509,FOUND,Kiss/OFF,1711857600000,1786132828461,2026-08-08T12:07:45.053966+00:00
2869800,The Noob Adventures: Fool For Love,2024-04-01,2024-04,steam_store_search,True,True,INTERSECTION,True,,v50257,r121501,The Noob Adventures: Fool For Love,complete,True,The Noob Adventures: Fool For Love,$1.99,False,https://store.steampowered.com/app/2869800/,https://vndb.org/v50257,214,FOUND,The Noob Adventures: Fool For Love,1711944000000,1786132828461,2026-08-08T12:07:45.053966+00:00
2872930,project canvas 〜ヰ世界情緒育成計画〜,2024-04-01,2024-04,steam_store_search,True,True,INTERSECTION,True,,v50242,r121461,project canvas ~Isekaijoucho Ikusei Keikaku~,complete,True,project canvas 〜ヰ世界情緒育成計画〜,Free,True,https://store.steampowered.com/app/2872930/,https://vndb.org/v50242,9896,FOUND,project canvas 〜ヰ世界情緒育成計画〜,1711944000000,1786132828461,2026-08-08T12:07:45.053966+00:00
2819070,因果律 Inside The Memory,2024-04-01,2024-04,steam_store_search,True,True,INTERSECTION,True,,v46304,r111159,Ingaritsu - Inside The Memory,complete,True,因果律 Inside The Memory,Free,True,https://store.steampowered.com/app/2819070/,https://vndb.org/v46304,267,FOUND,因果律 Inside The Memory,1711944000000,1786132828461,2026-08-08T12:07:45.053966+00:00
2673490,Seifuku Kanojo,2024-04-02,2024-04,steam_store_search,True,True,INTERSECTION,True,,v47056,r113298,Seifuku Kanojo,complete,True,Seifuku Kanojo,$29.99,False,https://store.steampowered.com/app/2673490/,https://vndb.org/v47056,14659,FOUND,Seifuku Kanojo,1712030400000,1786132828461,2026-08-08T12:07:45.053966+00:00
2890020,NETGHOST,2024-04-03,2024-04,steam_store_search,True,True,INTERSECTION,True,,v31089,r81915,Netghost,complete,True,NETGHOST,$12.99,False,https://store.steampowered.com/app/2890020/,https://vndb.org/v31089,21,FOUND,NETGHOST,1712116800000,1786132828461,2026-08-08T12:07:45.053966+00:00
2602210,Retro Mystery Club Vol.2: The Beppu Case,2024-04-03,2024-04,steam_store_search,True,True,INTERSECTION,True,,v37410,r118922,Ooita Beppu Mystery Annai Yuganda Take Tourou,complete,True,Retro Mystery Club Vol.2: The Beppu Case,$9.99,False,https://store.steampowered.com/app/2602210/,https://vndb.org/v37410,104,FOUND,Retro Mystery Club Vol.2: The Beppu Case,1712116800000,1786132828461,2026-08-08T12:07:45.053966+00:00
2616720,GESTALT: The Fifth Day,2024-04-05,2024-04,steam_store_search,True,True,INTERSECTION,True,,v45851,r121613,GESTALT: The Fifth Day,complete,True,GESTALT: The Fifth Day,-50%,False,https://store.steampowered.com/app/2616720/,https://vndb.org/v45851,2336,FOUND,GESTALT: The Fifth Day,1712289600000,1786132828461,2026-08-08T12:07:45.053966+00:00
2756220,Lakesider: Above and Below,2024-04-05,2024-04,steam_store_search,True,True,INTERSECTION,True,,v50322,r121645,Lakesider: Above and Below,complete,True,Lakesider: Above and Below,$7.99,False,https://store.steampowered.com/app/2756220/,https://vndb.org/v50322,15,FOUND,Lakesider: Above and Below,1712289600000,1786132828461,2026-08-08T12:07:45.053966+00:00
2567590,はいすくーる☆さばいばる,2024-04-05,2024-04,steam_store_search,True,True,INTERSECTION,True,,v50740,r122818,High School☆Survival,complete,True,はいすくーる☆さばいばる,$8.99,False,https://store.steampowered.com/app/2567590/,https://vndb.org/v50740,69,FOUND,はいすくーる☆さばいばる,1712289600000,1786132828461,2026-08-08T12:07:45.053966+00:00
2875650,暮雨流花,2024-04-08,2024-04,steam_store_search,True,True,INTERSECTION,True,,v50365,r121763,Muyu Liuhua floain,complete,True,暮雨流花,$0.99,False,https://store.steampowered.com/app/2875650/,https://vndb.org/v50365,825,FOUND,暮雨流花,1712548800000,1786132828461,2026-08-08T12:07:45.053966+00:00
2880310,My Head On Your Body,2024-04-09,2024-04,steam_store_search,True,True,INTERSECTION,True,,v50366,r121764;r122294,My Head On Your Body,complete,True,My Head On Your Body,$1.49,False,https://store.steampowered.com/app/2880310/,https://vndb.org/v50366,1069,FOUND,My Head On Your Body,1712635200000,1786132828461,2026-08-08T12:07:45.053966+00:00
2680680,outside the door,2024-04-09,2024-04,steam_store_search,True,True,INTERSECTION,True,,v50378,r121789,outside the door,complete,True,outside the door,$1.99,False,https://store.steampowered.com/app/2680680/,https://vndb.org/v50378,9013,FOUND,outside the door,1712635200000,1786132828461,2026-08-08T12:07:45.053966+00:00
2522660,Deep Under,2024-04-10,2024-04,steam_store_search,True,True,INTERSECTION,True,,v50352,r121733,Deep Under,complete,True,Deep Under,$4.99,False,https://store.steampowered.com/app/2522660/,https://vndb.org/v50352,851,FOUND,Deep Under,1712721600000,1786132828461,2026-08-08T12:07:45.053966+00:00
2738080,Ignited in Cavern,2024-04-11,2024-04,steam_store_search,True,True,INTERSECTION,True,,v50408,r153322,Dong Shi Huo,complete,True,Ignited in Cavern,$1.99,False,https://store.steampowered.com/app/2738080/,https://vndb.org/v50408,25289,FOUND,Ignited in Cavern,1712808000000,1786132828461,2026-08-08T12:07:45.053966+00:00
2769640,Memorial Circuit,2024-04-11,2024-04,steam_store_search,True,True,INTERSECTION,True,,v50409,r121850,Memorial Circuit,complete,True,Memorial Circuit,$15.99,False,https://store.steampowered.com/app/2769640/,https://vndb.org/v50409,1,FOUND,Memorial Circuit,1712808000000,1786132828461,2026-08-08T12:07:45.053966+00:00
2904470,Reminiscence in the Rain,2024-04-11,2024-04,steam_store_search,True,True,INTERSECTION,True,,v48754,r121153,Harujion wa Ame to Saku -- Reminiscence in the Rain --,complete,True,Reminiscence in the Rain,$8.99,False,https://store.steampowered.com/app/2904470/,https://vndb.org/v48754,84,FOUND,Reminiscence in the Rain,1712808000000,1786132828461,2026-08-08T12:07:45.053966+00:00
2907610,Echoes,2024-04-12,2024-04,steam_store_search,True,True,INTERSECTION,True,,v50422,r121875,Echoes,complete,True,Echoes,$1.99,False,https://store.steampowered.com/app/2907610/,https://vndb.org/v50422,15,FOUND,Echoes,1712894400000,1786132828461,2026-08-08T12:07:45.053966+00:00
2793290,LipTrip ~My Boss Is My Heat Suppressant?!~,2024-04-14,2024-04,steam_store_search,True,True,INTERSECTION,True,,v44200,r115939,Lip Trip ~Boss wa Watashi no Genetsuzai~,complete,True,LipTrip ~My Boss Is My Heat Suppressant?!~,$10.99,False,https://store.steampowered.com/app/2793290/,https://vndb.org/v44200,9296,FOUND,LipTrip ~My Boss Is My Heat Suppressant?!~,1713067200000,1786132828461,2026-08-08T12:07:45.053966+00:00
1865670,Touhou Gensokyo Odyssey,2024-04-16,2024-04,steam_store_search,True,True,INTERSECTION,True,,v50455,r121952,Gensokyo Odyssey,complete,True,Touhou Gensokyo Odyssey,$6.99,False,https://store.steampowered.com/app/1865670/,https://vndb.org/v50455,3587,FOUND,Touhou Gensokyo Odyssey,1713240000000,1786132828461,2026-08-08T12:07:45.053966+00:00
2411770,The Twisting Trail of Clues,2024-04-17,2024-04,steam_store_search,True,True,INTERSECTION,True,,v50487,r122067,The Twisting Trail of Clues,complete,True,The Twisting Trail of Clues,$2.99,False,https://store.steampowered.com/app/2411770/,https://vndb.org/v50487,40,FOUND,The Twisting Trail of Clues,1713326400000,1786132828461,2026-08-08T12:07:45.053966+00:00
2897510,ココロシャッフル - Spirit Swap -,2024-04-17,2024-04,steam_store_search,True,True,INTERSECTION,True,,v20581,r121802,Kondaku no Shinkon,complete,True,ココロシャッフル - Spirit Swap -,-50%,False,https://store.steampowered.com/app/2897510/,https://vndb.org/v20581,15,FOUND,ココロシャッフル - Spirit Swap -,1713326400000,1786132828461,2026-08-08T12:07:45.053966+00:00
2865590,Sister's Curriculum,2024-04-18,2024-04,steam_store_search,True,True,INTERSECTION,True,,v50439,r121907,Sister's Curriculum,complete,True,Sister's Curriculum,$16.99,False,https://store.steampowered.com/app/2865590/,https://vndb.org/v50439,3113,FOUND,Sister's Curriculum,1713412800000,1786132828461,2026-08-08T12:07:45.053966+00:00
2906710,Necrophobia,2024-04-19,2024-04,steam_store_search,True,True,INTERSECTION,True,,v50497,r122084,Necrophobia,complete,True,Necrophobia,Free,True,https://store.steampowered.com/app/2906710/,https://vndb.org/v50497,70,FOUND,Necrophobia,1713499200000,1786132828461,2026-08-08T12:07:45.053966+00:00
2901290,星影の館殺人事件,2024-04-19,2024-04,steam_store_search,True,True,INTERSECTION,True,,v43307,r104929;r104930,Hoshikage no Yakata Satsujin Jiken,complete,True,星影の館殺人事件,Free,True,https://store.steampowered.com/app/2901290/,https://vndb.org/v43307,5647,FOUND,星影の館殺人事件,1713499200000,1786132828461,2026-08-08T12:07:45.053966+00:00
2510810,突然＊恋人,2024-04-19,2024-04,steam_store_search,True,True,INTERSECTION,True,,v21552;v22594,r78837,Making * Lovers;Making * Lovers: Geki Icha After Story,complete,True,突然＊恋人,-46%,False,https://store.steampowered.com/app/2510810/,https://vndb.org/v21552,17493,FOUND,突然＊恋人,1713499200000,1786132828461,2026-08-08T12:07:45.053966+00:00
2921520,You Are My Treasure,2024-04-20,2024-04,steam_store_search,True,True,INTERSECTION,True,,v50323,r121646,You Are My Treasure,complete,True,You Are My Treasure,$6.99,False,https://store.steampowered.com/app/2921520/,https://vndb.org/v50323,176,FOUND,You Are My Treasure,1713585600000,1786132828461,2026-08-08T12:07:45.053966+00:00
2901520,An alt girl for skoof,2024-04-21,2024-04,steam_store_search,True,True,INTERSECTION,True,,v50504,r124170;r130322,Al'tushka dlja skufa,complete,True,An alt girl for skoof,-33%,False,https://store.steampowered.com/app/2901520/,https://vndb.org/v50504,196954,FOUND,An alt girl for skoof,1713672000000,1786132828461,2026-08-08T12:07:45.053966+00:00
2776750,Days With Ollie,2024-04-21,2024-04,steam_store_search,True,True,INTERSECTION,True,,v50238,r121455,Days With Ollie,complete,True,Days With Ollie,$6.99,False,https://store.steampowered.com/app/2776750/,https://vndb.org/v50238,2191,FOUND,Days With Ollie,1713672000000,1786132828461,2026-08-08T12:07:45.053966+00:00
2636320,Methods: The Illusion Murders,2024-04-21,2024-04,steam_store_search,True,True,INTERSECTION,True,,v50551,r122206,Methods: The Illusion Murders,complete,True,Methods: The Illusion Murders,Free,True,https://store.steampowered.com/app/2636320/,https://vndb.org/v50551,5312,FOUND,Methods: The Illusion Murders,1713672000000,1786132828461,2026-08-08T12:07:45.053966+00:00
2903480,일진녀가 옆집에 이사왔다,2024-04-21,2024-04,steam_store_search,True,True,INTERSECTION,True,,v50537,r122180,Iljinnyeoga Yeopjib-e Isawassda,complete,True,일진녀가 옆집에 이사왔다,$5.99,False,https://store.steampowered.com/app/2903480/,https://vndb.org/v50537,251,FOUND,일진녀가 옆집에 이사왔다,1713672000000,1786132828461,2026-08-08T12:07:45.053966+00:00
1965960,House Of Chavez,2024-04-22,2024-04,steam_store_search,True,True,INTERSECTION,True,,v47620,r122207,House Of Chavez,complete,True,House Of Chavez,-32%,False,https://store.steampowered.com/app/1965960/,https://vndb.org/v47620,472,FOUND,House Of Chavez,1713758400000,1786132828461,2026-08-08T12:07:45.053966+00:00
2905360,Oh No! I Died and Woke Up a Greek God!,2024-04-22,2024-04,steam_store_search,True,True,INTERSECTION,True,,v50552,r122209,Oh No! I Died and Woke Up a Greek God!,complete,True,Oh No! I Died and Woke Up a Greek God!,$4.99,False,https://store.steampowered.com/app/2905360/,https://vndb.org/v50552,66,FOUND,Oh No! I Died and Woke Up a Greek God!,1713758400000,1786132828461,2026-08-08T12:07:45.053966+00:00
2593370,The Hungry Lamb: Traveling in the Late Ming Dynasty,2024-04-22,2024-04,steam_store_search,True,True,INTERSECTION,True,,v47172,r113417;r128200,Epiao: Ming Mo Qianli Xing,complete,True,The Hungry Lamb: Traveling in the Late Ming Dynasty,$9.99,False,https://store.steampowered.com/app/2593370/,https://vndb.org/v47172,937397,FOUND,The Hungry Lamb: Traveling in the Late Ming Dynasty,1713758400000,1786132828461,2026-08-08T12:07:45.053966+00:00
2901300,怪話2,2024-04-22,2024-04,steam_store_search,True,True,INTERSECTION,True,,v50151,r121278,Kaiwa 2,complete,True,怪話2,Free,True,https://store.steampowered.com/app/2901300/,https://vndb.org/v50151,1595,FOUND,怪話2,1713758400000,1786132828461,2026-08-08T12:07:45.053966+00:00
2240790,Sucker for Love: Date to Die For,2024-04-23,2024-04,steam_store_search,True,True,INTERSECTION,True,,v40627,r100099,Sucker for Love: Date to Die For,complete,True,Sucker for Love: Date to Die For,$12.99,False,https://store.steampowered.com/app/2240790/,https://vndb.org/v40627,29730,FOUND,Sucker for Love: Date to Die For,1713844800000,1786132828461,2026-08-08T12:07:45.053966+00:00
2410430,The Beast in the Shadows,2024-04-23,2024-04,steam_store_search,True,True,INTERSECTION,True,,v50565,r122260,The Beast in the Shadows,complete,True,The Beast in the Shadows,$2.99,False,https://store.steampowered.com/app/2410430/,https://vndb.org/v50565,1,FOUND,The Beast in the Shadows,1713844800000,1786132828461,2026-08-08T12:07:45.053966+00:00
2404110,镜花饴情 Mirage Sugar Acacia,2024-04-23,2024-04,steam_store_search,True,True,INTERSECTION,True,,v44197,r106609,Jing Hua Yi Qing - Mirage Sugar Acacia,complete,True,镜花饴情 Mirage Sugar Acacia,$2.99,False,https://store.steampowered.com/app/2404110/,https://vndb.org/v44197,9663,FOUND,镜花饴情 Mirage Sugar Acacia,1713844800000,1786132828461,2026-08-08T12:07:45.053966+00:00
2699690,Harmonia Full HD Edition,2024-04-24,2024-04,steam_store_search,True,True,INTERSECTION,True,,v16510,r120119,Harmonia,complete,True,Harmonia Full HD Edition,$14.99,False,https://store.steampowered.com/app/2699690/,https://vndb.org/v16510,1365,FOUND,Harmonia Full HD Edition,1713931200000,1786132828461,2026-08-08T12:07:45.053966+00:00
2879080,Romance MD: Always On Call,2024-04-24,2024-04,steam_store_search,True,True,INTERSECTION,True,,v24231,r122293,Statcall Kyuumei Ren'ai 24-ji,complete,True,Romance MD: Always On Call,-50%,False,https://store.steampowered.com/app/2879080/,https://vndb.org/v24231,555,FOUND,Romance MD: Always On Call,1713931200000,1786132828461,2026-08-08T12:07:45.053966+00:00
2721800,水没廃墟のピアノドロイド,2024-04-24,2024-04,steam_store_search,True,True,INTERSECTION,True,,v47160,r113314,Suibotsu Haikyo no Piano Droid,complete,True,水没廃墟のピアノドロイド,$9.99,False,https://store.steampowered.com/app/2721800/,https://vndb.org/v47160,55,FOUND,水没廃墟のピアノドロイド,1713931200000,1786132828461,2026-08-08T12:07:45.053966+00:00
2704110,Aliya: Timelink,2024-04-25,2024-04,steam_store_search,True,True,INTERSECTION,True,,v52876,r127699,Bifang de Ta - Aliya,complete,True,Aliya: Timelink,$2.99,False,https://store.steampowered.com/app/2704110/,https://vndb.org/v52876,170291,FOUND,Aliya: Timelink,1714017600000,1786132828461,2026-08-08T12:07:45.053966+00:00
2553910,Amazing Grace -What color is your attribute?-,2024-04-25,2024-04,steam_store_search,True,True,INTERSECTION,True,,v23448,r113202,Amazing Grace -What color is your attribute?-,complete,True,Amazing Grace -What color is your attribute?-,$34.99,False,https://store.steampowered.com/app/2553910/,https://vndb.org/v23448,1876,FOUND,Amazing Grace -What color is your attribute?-,1714017600000,1786132828461,2026-08-08T12:07:45.053966+00:00
2411780,Blood On The Dusty Trail,2024-04-25,2024-04,steam_store_search,True,True,INTERSECTION,True,,v50601,r122393,Blood On The Dusty Trail,complete,True,Blood On The Dusty Trail,$2.99,False,https://store.steampowered.com/app/2411780/,https://vndb.org/v50601,34,FOUND,Blood On The Dusty Trail,1714017600000,1786132828461,2026-08-08T12:07:45.053966+00:00
2586250,Horrific Xanatorium,2024-04-25,2024-04,steam_store_search,True,True,INTERSECTION,True,,v47142,r121940,Mousoukyou Zanatorium,complete,True,Horrific Xanatorium,$7.99,False,https://store.steampowered.com/app/2586250/,https://vndb.org/v47142,372,FOUND,Horrific Xanatorium,1714017600000,1786132828461,2026-08-08T12:07:45.053966+00:00
2461460,Womanizer,2024-04-25,2024-04,steam_store_search,True,True,INTERSECTION,True,,v50649,r122532;r132382,Womanizer,complete,True,Womanizer,-59%,False,https://store.steampowered.com/app/2461460/,https://vndb.org/v50649,3149,FOUND,Womanizer,1714017600000,1786132828461,2026-08-08T12:07:45.053966+00:00
2873430,プリンセス×オーディエンス,2024-04-25,2024-04,steam_store_search,True,True,INTERSECTION,True,,v50576,r122296,Princess x Audience,complete,True,プリンセス×オーディエンス,Free,True,https://store.steampowered.com/app/2873430/,https://vndb.org/v50576,1050,FOUND,プリンセス×オーディエンス,1714017600000,1786132828461,2026-08-08T12:07:45.053966+00:00
2708210,Paradise,2024-04-26,2024-04,steam_store_search,True,True,INTERSECTION,True,,v21269,r119811,Paradise,complete,True,Paradise,$19.99,False,https://store.steampowered.com/app/2708210/,https://vndb.org/v21269,9243,FOUND,Paradise,1714104000000,1786132828461,2026-08-08T12:07:45.053966+00:00
2658920,Staffer Reborn,2024-04-26,2024-04,steam_store_search,True,True,INTERSECTION,True,,v50736,r122790,Staffer Reborn,complete,True,Staffer Reborn,$4.99,False,https://store.steampowered.com/app/2658920/,https://vndb.org/v50736,24817,FOUND,Staffer Reborn,1714104000000,1786132828461,2026-08-08T12:07:45.053966+00:00
2901310,奇天烈相談ダイヤル,2024-04-26,2024-04,steam_store_search,True,True,INTERSECTION,True,,v50564,r122258;r138007,Kiteretsu Soudan Dial,complete,True,奇天烈相談ダイヤル,Free,True,https://store.steampowered.com/app/2901310/,https://vndb.org/v50564,51287,FOUND,奇天烈相談ダイヤル,1714104000000,1786132828461,2026-08-08T12:07:45.053966+00:00
2071120,Dreambound,2024-04-29,2024-04,steam_store_search,True,True,INTERSECTION,True,,v37001,r93504,Dreambound,complete,True,Dreambound,$19.99,False,https://store.steampowered.com/app/2071120/,https://vndb.org/v37001,2061,FOUND,Dreambound,1714363200000,1786132828461,2026-08-08T12:07:45.053966+00:00
2739700,Taimanin Yukikaze,2024-04-29,2024-04,steam_store_search,True,True,INTERSECTION,True,,v7747,r119389,Taimanin Yukikaze,complete,True,Taimanin Yukikaze,$14.99,False,https://store.steampowered.com/app/2739700/,https://vndb.org/v7747,10637,FOUND,Taimanin Yukikaze,1714363200000,1786132828461,2026-08-08T12:07:45.053966+00:00
2370650,Argumentum ad culpam,2024-04-30,2024-04,steam_store_search,True,True,INTERSECTION,True,,v42614,r105880,Argumentum ad culpam,complete,True,Argumentum ad culpam,Free,True,https://store.steampowered.com/app/2370650/,https://vndb.org/v42614,760,FOUND,Argumentum ad culpam,1714449600000,1786132828461,2026-08-08T12:07:45.053966+00:00
2384920,Firefighter Connor,2024-04-30,2024-04,steam_store_search,True,True,INTERSECTION,True,,v47095,r113102,Xiaofang Yuan Connor,complete,True,Firefighter Connor,$8.99,False,https://store.steampowered.com/app/2384920/,https://vndb.org/v47095,10894,FOUND,Firefighter Connor,1714449600000,1786132828461,2026-08-08T12:07:45.053966+00:00
2929180,We Need Space,2024-04-30,2024-04,steam_store_search,True,True,INTERSECTION,True,,v50647,r122515,We Need Space,complete,True,We Need Space,$2.99,False,https://store.steampowered.com/app/2929180/,https://vndb.org/v50647,230,FOUND,We Need Space,1714449600000,1786132828461,2026-08-08T12:07:45.053966+00:00
2930900,帝国末日前的学院狂想,2024-04-30,2024-04,steam_store_search,True,True,INTERSECTION,True,,v50646,r122514,Diguo Mori Qian de Xueyuan Kuangxiang,complete,True,帝国末日前的学院狂想,-25%,False,https://store.steampowered.com/app/2930900/,https://vndb.org/v50646,102,FOUND,帝国末日前的学院狂想,1714449600000,1786132828461,2026-08-08T12:07:45.053966+00:00
2570830,Floralgraphic Memory,2024-05-01,2024-05,steam_store_search,True,True,INTERSECTION,True,,v50611,r122446,Floralgraphic Memory,complete,True,Floralgraphic Memory,$3.99,False,https://store.steampowered.com/app/2570830/,https://vndb.org/v50611,97,FOUND,Floralgraphic Memory,1714536000000,1786132828461,2026-08-08T12:07:45.053966+00:00
2874300,Hoping this Finds You Well,2024-05-01,2024-05,steam_store_search,True,True,INTERSECTION,True,,v41524,r123214;r132808,Hoping This Finds You Well,complete,True,Hoping this Finds You Well,Free,True,https://store.steampowered.com/app/2874300/,https://vndb.org/v41524,1574,FOUND,Hoping this Finds You Well,1714536000000,1786132828461,2026-08-08T12:07:45.053966+00:00
2411890,Lila's Synthetic Shadows,2024-05-01,2024-05,steam_store_search,True,True,INTERSECTION,True,,v50657,r122568,Lila's Synthetic Shadows,complete,True,Lila's Synthetic Shadows,$2.99,False,https://store.steampowered.com/app/2411890/,https://vndb.org/v50657,46,FOUND,Lila's Synthetic Shadows,1714536000000,1786132828461,2026-08-08T12:07:45.053966+00:00
2737970,Mashiroiro Symphony HD -Love is Pure White-,2024-05-01,2024-05,steam_store_search,True,True,INTERSECTION,True,,v1552,r119645,Mashiro-iro Symphony,complete,True,Mashiroiro Symphony HD -Love is Pure White-,$39.99,False,https://store.steampowered.com/app/2737970/,https://vndb.org/v1552,7734,FOUND,Mashiroiro Symphony HD -Love is Pure White-,1714536000000,1786132828461,2026-08-08T12:07:45.053966+00:00
2737980,Mashiroiro Symphony HD -Sana Edition-,2024-05-01,2024-05,steam_store_search,True,True,INTERSECTION,True,,v37651,r119647,Mashiro-iro Symphony: Sana Edition,complete,True,Mashiroiro Symphony HD -Sana Edition-,$29.99,False,https://store.steampowered.com/app/2737980/,https://vndb.org/v37651,8084,FOUND,Mashiroiro Symphony HD -Sana Edition-,1714536000000,1786132828461,2026-08-08T12:07:45.053966+00:00
2906200,A Day in the Palace,2024-05-02,2024-05,steam_store_search,True,True,INTERSECTION,True,,v50353,r121736,A Day in the Palace,complete,True,A Day in the Palace,Free,True,https://store.steampowered.com/app/2906200/,https://vndb.org/v50353,730,FOUND,A Day in the Palace,1714622400000,1786132828461,2026-08-08T12:07:45.053966+00:00
2615670,Bewitching Sinners,2024-05-02,2024-05,steam_store_search,True,True,INTERSECTION,True,,v41700,r113237;r127030,Bewitching Sinners,complete,True,Bewitching Sinners,$17.99,False,https://store.steampowered.com/app/2615670/,https://vndb.org/v41700,20476,FOUND,Bewitching Sinners,1714622400000,1786132828461,2026-08-08T12:07:45.053966+00:00
2143980,Wife of My Boss,2024-05-04,2024-05,steam_store_search,True,True,INTERSECTION,True,,v47894,r115046,Wife of My Boss,complete,True,Wife of My Boss,$4.99,False,https://store.steampowered.com/app/2143980/,https://vndb.org/v47894,11449,FOUND,Wife of My Boss,1714795200000,1786132828461,2026-08-08T12:07:45.053966+00:00
2620940,Fallen Seeds,2024-05-08,2024-05,steam_store_search,True,True,INTERSECTION,True,,v46826,r112318,Fallen Seeds,complete,True,Fallen Seeds,-50%,False,https://store.steampowered.com/app/2620940/,https://vndb.org/v46826,1337,FOUND,Fallen Seeds,1715140800000,1786132828461,2026-08-08T12:07:45.053966+00:00
2911140,救済！粛清サークル ～The Purge Club～,2024-05-08,2024-05,steam_store_search,True,True,INTERSECTION,True,,v14525,r122920,Watashi-tachi Hana no Oshioki Bu! Yararetara Yarikaesu... Ero Kaeshi da!,complete,True,救済！粛清サークル ～The Purge Club～,-50%,False,https://store.steampowered.com/app/2911140/,https://vndb.org/v14525,1,FOUND,救済！粛清サークル ～The Purge Club～,1715140800000,1786132828461,2026-08-08T12:07:45.053966+00:00
2922610,Ruby Dreams: Immortal Promise,2024-05-10,2024-05,steam_store_search,True,True,INTERSECTION,True,,v51483,r124700,Ruby Dreams: Immortal Promise,complete,True,Ruby Dreams: Immortal Promise,Free,True,https://store.steampowered.com/app/2922610/,https://vndb.org/v51483,1051,FOUND,Ruby Dreams: Immortal Promise,1715313600000,1786132828461,2026-08-08T12:07:45.053966+00:00
2845140,アパシー小学校であった怖い話 月曜日,2024-05-10,2024-05,steam_store_search,True,True,INTERSECTION,True,,v29320,r74841,Apathy - Shougakkou de Atta Kowai Hanashi - Getsuyoubi,complete,True,アパシー小学校であった怖い話 月曜日,$8.99,False,https://store.steampowered.com/app/2845140/,https://vndb.org/v29320,1230,FOUND,アパシー小学校であった怖い話 月曜日,1715313600000,1786132828461,2026-08-08T12:07:45.053966+00:00
2940020,tomorrow is my birthday,2024-05-13,2024-05,steam_store_search,True,True,INTERSECTION,True,,v54797,r132021,tomorrow is my birthday,complete,True,tomorrow is my birthday,$2.99,False,https://store.steampowered.com/app/2940020/,https://vndb.org/v54797,1270,FOUND,tomorrow is my birthday,1715572800000,1786132828461,2026-08-08T12:07:45.053966+00:00
2939470,Clear Skye Thinking,2024-05-14,2024-05,steam_store_search,True,True,INTERSECTION,True,,v50559,r122245,Clear Skye Thinking,complete,True,Clear Skye Thinking,$6.99,False,https://store.steampowered.com/app/2939470/,https://vndb.org/v50559,593,FOUND,Clear Skye Thinking,1715659200000,1786132828461,2026-08-08T12:07:45.053966+00:00
2836270,Heromantic,2024-05-14,2024-05,steam_store_search,True,True,INTERSECTION,True,,v50834,r123117,Heromantic,complete,True,Heromantic,$6.99,False,https://store.steampowered.com/app/2836270/,https://vndb.org/v50834,155,FOUND,Heromantic,1715659200000,1786132828461,2026-08-08T12:07:45.053966+00:00
2959230,Orient on the Murder Express,2024-05-14,2024-05,steam_store_search,True,True,INTERSECTION,True,,v50853,r123158,Orient on the Murder Express,complete,True,Orient on the Murder Express,$0.99,False,https://store.steampowered.com/app/2959230/,https://vndb.org/v50853,15,FOUND,Orient on the Murder Express,1715659200000,1786132828461,2026-08-08T12:07:45.053966+00:00
2930550,Parts of the Elephant,2024-05-14,2024-05,steam_store_search,True,True,INTERSECTION,True,,v50843,r123132,Parts of the Elephant,complete,True,Parts of the Elephant,Free,True,https://store.steampowered.com/app/2930550/,https://vndb.org/v50843,1410,FOUND,Parts of the Elephant,1715659200000,1786132828461,2026-08-08T12:07:45.053966+00:00
2876250,Kanna Maze,2024-05-15,2024-05,steam_store_search,True,True,INTERSECTION,True,,v50648,r122520,Shenwu Migong,complete,True,Kanna Maze,$3.99,False,https://store.steampowered.com/app/2876250/,https://vndb.org/v50648,13234,FOUND,Kanna Maze,1715745600000,1786132828461,2026-08-08T12:07:45.053966+00:00
1293910,Read Only Memories: NEURODIVER,2024-05-15,2024-05,steam_store_search,True,True,INTERSECTION,True,,v28615,r72435,Read Only Memories: NEURODIVER,complete,True,Read Only Memories: NEURODIVER,-75%,False,https://store.steampowered.com/app/1293910/,https://vndb.org/v28615,5742,FOUND,Read Only Memories: NEURODIVER,1715745600000,1786132828461,2026-08-08T12:07:45.053966+00:00
2116970,StarStruck,2024-05-15,2024-05,steam_store_search,True,True,INTERSECTION,True,,v42348,r103135,StarStruck,complete,True,StarStruck,$11.99,False,https://store.steampowered.com/app/2116970/,https://vndb.org/v42348,54,FOUND,StarStruck,1715745600000,1786132828461,2026-08-08T12:07:45.053966+00:00
2771560,Zeta Wolf: First Bite,2024-05-15,2024-05,steam_store_search,True,True,INTERSECTION,True,,v50612,r122448,Zeta Wolf: First Bite,complete,True,Zeta Wolf: First Bite,$5.99,False,https://store.steampowered.com/app/2771560/,https://vndb.org/v50612,20,FOUND,Zeta Wolf: First Bite,1715745600000,1786132828461,2026-08-08T12:07:45.053966+00:00
2172610,이별 끝에 만난다면,2024-05-15,2024-05,steam_store_search,True,True,INTERSECTION,True,,v39863,r98776,Ibyeol Kkeute Mannandamyeon,complete,True,이별 끝에 만난다면,-60%,False,https://store.steampowered.com/app/2172610/,https://vndb.org/v39863,144,FOUND,이별 끝에 만난다면,1715745600000,1786132828461,2026-08-08T12:07:45.053966+00:00
2825300,AMANATSU ~Perfect Edition~,2024-05-16,2024-05,steam_store_search,True,True,INTERSECTION,True,,v34848,r120379,Amanatsu,complete,True,AMANATSU ~Perfect Edition~,$19.99,False,https://store.steampowered.com/app/2825300/,https://vndb.org/v34848,13514,FOUND,AMANATSU ~Perfect Edition~,1715832000000,1786132828461,2026-08-08T12:07:45.053966+00:00
2633180,Bloody Good Friends,2024-05-16,2024-05,steam_store_search,True,True,INTERSECTION,True,,v49186,r118415,Bloody Good Friends,complete,True,Bloody Good Friends,$4.99,False,https://store.steampowered.com/app/2633180/,https://vndb.org/v49186,45,FOUND,Bloody Good Friends,1715832000000,1786132828461,2026-08-08T12:07:45.053966+00:00
2147330,Still Joking,2024-05-16,2024-05,steam_store_search,True,True,INTERSECTION,True,,v51641,r125032,Still Joking,complete,True,Still Joking,$14.99,False,https://store.steampowered.com/app/2147330/,https://vndb.org/v51641,787,FOUND,Still Joking,1715832000000,1786132828461,2026-08-08T12:07:45.053966+00:00
2908340,Thorns: Police never sleeps,2024-05-16,2024-05,steam_store_search,True,True,INTERSECTION,True,,v36010,r121706,Thorns: Police never sleeps,complete,True,Thorns: Police never sleeps,Free,True,https://store.steampowered.com/app/2908340/,https://vndb.org/v36010,933,FOUND,Thorns: Police never sleeps,1715832000000,1786132828461,2026-08-08T12:07:45.053966+00:00
2949650,Weekend in Waimanalo,2024-05-16,2024-05,steam_store_search,True,True,INTERSECTION,True,,v50835,r123123,Weekend in Waimanalo,complete,True,Weekend in Waimanalo,$6.99,False,https://store.steampowered.com/app/2949650/,https://vndb.org/v50835,115,FOUND,Weekend in Waimanalo,1715832000000,1786132828461,2026-08-08T12:07:45.053966+00:00
2201810,筮灵 SHILING,2024-05-16,2024-05,steam_store_search,True,True,INTERSECTION,True,,v45719,r109982,Shi Ling,complete,True,筮灵 SHILING,-60%,False,https://store.steampowered.com/app/2201810/,https://vndb.org/v45719,4105,FOUND,筮灵 SHILING,1715832000000,1786132828461,2026-08-08T12:07:45.053966+00:00
2973840,A Great Hunger,2024-05-17,2024-05,steam_store_search,True,True,INTERSECTION,True,,v47204,r113518,A Great Hunger,complete,True,A Great Hunger,$2.99,False,https://store.steampowered.com/app/2973840/,https://vndb.org/v47204,15,FOUND,A Great Hunger,1715918400000,1786132828461,2026-08-08T12:07:45.053966+00:00
2307780,CABALL,2024-05-17,2024-05,steam_store_search,True,True,INTERSECTION,True,,v47102,r113118,CABALL,complete,True,CABALL,$6.99,False,https://store.steampowered.com/app/2307780/,https://vndb.org/v47102,411,FOUND,CABALL,1715918400000,1786132828461,2026-08-08T12:07:45.053966+00:00
2186980,Deluge: Sermon for the Dead,2024-05-17,2024-05,steam_store_search,True,True,INTERSECTION,True,,v39638,r135725,Deluge: Sermon for the Dead,complete,True,Deluge: Sermon for the Dead,Free,True,https://store.steampowered.com/app/2186980/,https://vndb.org/v39638,4111,FOUND,Deluge: Sermon for the Dead,1715918400000,1786132828461,2026-08-08T12:07:45.053966+00:00
2377410,Forsaken Quartet,2024-05-17,2024-05,steam_store_search,True,True,INTERSECTION,True,,v31006,r108664,"Immoral Quartet ~4-nin no Seiyoku ga Karamiau, Ai to Netorare no Monogatari~",complete,True,Forsaken Quartet,$12.99,False,https://store.steampowered.com/app/2377410/,https://vndb.org/v31006,7767,FOUND,Forsaken Quartet,1715918400000,1786132828461,2026-08-08T12:07:45.053966+00:00
2933810,Lovebugz: An Anthro Insect Dating Sim,2024-05-17,2024-05,steam_store_search,True,True,INTERSECTION,True,,v46972,r122086,Lovebugz,complete,True,Lovebugz: An Anthro Insect Dating Sim,Free,True,https://store.steampowered.com/app/2933810/,https://vndb.org/v46972,848,FOUND,Lovebugz: An Anthro Insect Dating Sim,1715918400000,1786132828461,2026-08-08T12:07:45.053966+00:00
2722200,"Sugar,sugar,sugarcoat",2024-05-19,2024-05,steam_store_search,True,True,INTERSECTION,True,,v50883,r144336,"Sugar,sugar,sugarcoat",complete,True,"Sugar,sugar,sugarcoat",$4.31,False,https://store.steampowered.com/app/2722200/,https://vndb.org/v50883,3346,FOUND,"Sugar,sugar,sugarcoat",1716091200000,1786132828461,2026-08-08T12:07:45.053966+00:00
2798600,Bagel Love Story,2024-05-20,2024-05,steam_store_search,True,True,INTERSECTION,True,,v50485,r122062,Beiguo Aiqing Gushi,complete,True,Bagel Love Story,$3.99,False,https://store.steampowered.com/app/2798600/,https://vndb.org/v50485,18745,FOUND,Bagel Love Story,1716177600000,1786132828461,2026-08-08T12:07:45.053966+00:00
2940450,Loving Life,2024-05-20,2024-05,steam_store_search,True,True,INTERSECTION,True,,v10616,r21503,Loving Life,complete,True,Loving Life,Free,True,https://store.steampowered.com/app/2940450/,https://vndb.org/v10616,1652,FOUND,Loving Life,1716177600000,1786132828461,2026-08-08T12:07:45.053966+00:00
2832790,Sakura Isekai Adventure 2,2024-05-20,2024-05,steam_store_search,True,True,INTERSECTION,True,,v50694,r122655,Sakura Isekai Adventure 2,complete,True,Sakura Isekai Adventure 2,$9.99,False,https://store.steampowered.com/app/2832790/,https://vndb.org/v50694,805,FOUND,Sakura Isekai Adventure 2,1716177600000,1786132828461,2026-08-08T12:07:45.053966+00:00
1672670,彷徨之街 The Street of Adrift,2024-05-20,2024-05,steam_store_search,True,True,INTERSECTION,True,,v33149,r85622;r85623,Panghuang Zhi Jie,complete;trial,True,彷徨之街 The Street of Adrift,-55%,False,https://store.steampowered.com/app/1672670/,https://vndb.org/v33149,34386,FOUND,彷徨之街 The Street of Adrift,1716177600000,1786132828461,2026-08-08T12:07:45.053966+00:00
2700570,EBBIL: Alternative Bible,2024-05-22,2024-05,steam_store_search,True,True,INTERSECTION,True,,v50953,r123400,EBBIL: Alternative Bible,complete,True,EBBIL: Alternative Bible,Free,True,https://store.steampowered.com/app/2700570/,https://vndb.org/v50953,2640,FOUND,EBBIL: Alternative Bible,1716350400000,1786132828461,2026-08-08T12:07:45.053966+00:00
2541160,SHINJUKU SOUMEI,2024-05-23,2024-05,steam_store_search,True,True,INTERSECTION,True,,v46553,r111645,SHINJUKU SOUMEI,complete,True,SHINJUKU SOUMEI,$29.99,False,https://store.steampowered.com/app/2541160/,https://vndb.org/v46553,1302,FOUND,SHINJUKU SOUMEI,1716436800000,1786132828461,2026-08-08T12:07:45.053966+00:00
2507620,The Quintessential Quintuplets - Five Memories Spent With You,2024-05-23,2024-05,steam_store_search,True,True,INTERSECTION,True,,v33904,r121935,Eiga Go-toubun no Hanayome ~Kimi to Sugoshita Itsutsu no Omoide~,complete,True,The Quintessential Quintuplets - Five Memories Spent With You,$34.99,False,https://store.steampowered.com/app/2507620/,https://vndb.org/v33904,12350,FOUND,The Quintessential Quintuplets - Five Memories Spent With You,1716436800000,1786132828461,2026-08-08T12:07:45.053966+00:00
2507610,The Quintessential Quintuplets - Memories of a Quintessential Summer,2024-05-23,2024-05,steam_store_search,True,True,INTERSECTION,True,,v29889,r121938,Go-toubun no Hanayome ∬ ~Natsu no Omoide mo Go-toubun~,complete,True,The Quintessential Quintuplets - Memories of a Quintessential Summer,$34.99,False,https://store.steampowered.com/app/2507610/,https://vndb.org/v29889,8332,FOUND,The Quintessential Quintuplets - Memories of a Quintessential Summer,1716436800000,1786132828461,2026-08-08T12:07:45.053966+00:00
2809090,Sacrifice For Sale,2024-05-24,2024-05,steam_store_search,True,True,INTERSECTION,True,,v49747,r123494,Sacrifice For Sale,complete,True,Sacrifice For Sale,$7.99,False,https://store.steampowered.com/app/2809090/,https://vndb.org/v49747,271,FOUND,Sacrifice For Sale,1716523200000,1786132828461,2026-08-08T12:07:45.053966+00:00
2560870,The Specter's Desire,2024-05-24,2024-05,steam_store_search,True,True,INTERSECTION,True,,v50695,r122656,The Specter's Desire,complete,True,The Specter's Desire,$19.99,False,https://store.steampowered.com/app/2560870/,https://vndb.org/v50695,745,FOUND,The Specter's Desire,1716523200000,1786132828461,2026-08-08T12:07:45.053966+00:00
2908240,Chains of Judgment,2024-05-25,2024-05,steam_store_search,True,True,INTERSECTION,True,,v51056,r123597,Chains of Judgment,complete,True,Chains of Judgment,$6.99,False,https://store.steampowered.com/app/2908240/,https://vndb.org/v51056,51,FOUND,Chains of Judgment,1716609600000,1786132828461,2026-08-08T12:07:45.053966+00:00
2919260,Night Town,2024-05-25,2024-05,steam_store_search,True,True,INTERSECTION,True,,v47768,r114757,Night Town,complete,True,Night Town,$2.99,False,https://store.steampowered.com/app/2919260/,https://vndb.org/v47768,63,FOUND,Night Town,1716609600000,1786132828461,2026-08-08T12:07:45.053966+00:00
2967870,Xi-Portal,2024-05-25,2024-05,steam_store_search,True,True,INTERSECTION,True,,v51040,r123561,Bawaabat Xi,complete,True,Xi-Portal,Free,True,https://store.steampowered.com/app/2967870/,https://vndb.org/v51040,470,FOUND,Xi-Portal,1716609600000,1786132828461,2026-08-08T12:07:45.053966+00:00
2689090,Would you sell your soul,2024-05-26,2024-05,steam_store_search,True,True,INTERSECTION,True,,v31252,r123606,"Tamashii, Kaitorimasu",complete,True,Would you sell your soul,$8.99,False,https://store.steampowered.com/app/2689090/,https://vndb.org/v31252,24,FOUND,Would you sell your soul,1716696000000,1786132828461,2026-08-08T12:07:45.053966+00:00
2734920,Finding Cinderella,2024-05-27,2024-05,steam_store_search,True,True,INTERSECTION,True,,v36741,r118232,Finding Cinderella,complete,True,Finding Cinderella,Free,True,https://store.steampowered.com/app/2734920/,https://vndb.org/v36741,2794,FOUND,Finding Cinderella,1716782400000,1786132828461,2026-08-08T12:07:45.053966+00:00
2923860,My Last First Kiss,2024-05-28,2024-05,steam_store_search,True,True,INTERSECTION,True,,v18400,r123689,"Otona no Hatsukoi, Hajimemasu",complete,True,My Last First Kiss,-50%,False,https://store.steampowered.com/app/2923860/,https://vndb.org/v18400,98,FOUND,My Last First Kiss,1716868800000,1786132828461,2026-08-08T12:07:45.053966+00:00
1775220,Echoes,2024-05-29,2024-05,steam_store_search,True,True,INTERSECTION,True,,v16982,r122929,Echoes: Greenhearth,complete,True,Echoes,-70%,False,https://store.steampowered.com/app/1775220/,https://vndb.org/v16982,466,FOUND,Echoes,1716955200000,1786132828461,2026-08-08T12:07:45.053966+00:00
2397140,TOKYO PSYCHODEMIC,2024-05-29,2024-05,steam_store_search,True,True,INTERSECTION,True,,v49423,r119381;r123670,Tokyo Psychodemic ~Kouan Chousachou Tokubetsu Jishou Kagaku Jouhou Bunseki Shitsu - Tokushu Sousa Jikenbo~,complete,True,TOKYO PSYCHODEMIC,$29.99,False,https://store.steampowered.com/app/2397140/,https://vndb.org/v49423,2499,FOUND,TOKYO PSYCHODEMIC,1716955200000,1786132828461,2026-08-08T12:07:45.053966+00:00
2734450,Folie Fatale,2024-05-30,2024-05,steam_store_search,True,True,INTERSECTION,True,,v49057,r121898,Folie Fatale ~Yandere Otoko ni Otosareru~,complete,True,Folie Fatale,$5.99,False,https://store.steampowered.com/app/2734450/,https://vndb.org/v49057,51048,FOUND,Folie Fatale,1717041600000,1786132828461,2026-08-08T12:07:45.053966+00:00
2257100,Breathless Winds - LGBT Visual Novel,2024-05-31,2024-05,steam_store_search,True,True,INTERSECTION,True,,v37257,r101242,Breathless Winds,complete,True,Breathless Winds - LGBT Visual Novel,$11.99,False,https://store.steampowered.com/app/2257100/,https://vndb.org/v37257,575,FOUND,Breathless Winds - LGBT Visual Novel,1717128000000,1786132828461,2026-08-08T12:07:45.053966+00:00
2984400,栄養たっぷりの彼氏,2024-05-31,2024-05,steam_store_search,True,True,INTERSECTION,True,,v46676,r123774,A nutritious boyfriend,complete,True,栄養たっぷりの彼氏,$3.99,False,https://store.steampowered.com/app/2984400/,https://vndb.org/v46676,15,FOUND,栄養たっぷりの彼氏,1717128000000,1786132828461,2026-08-08T12:07:45.053966+00:00
2924880,Artificial Fashionista,2024-06-03,2024-06,steam_store_search,True,True,INTERSECTION,True,,v50223,r121438,Artificial Fashionista,complete,True,Artificial Fashionista,Free,True,https://store.steampowered.com/app/2924880/,https://vndb.org/v50223,3480,FOUND,Artificial Fashionista,1717387200000,1786132828461,2026-08-08T12:07:45.053966+00:00
2781750,Sisters: Last Day of Summer,2024-06-03,2024-06,steam_store_search,True,True,INTERSECTION,True,,v3896,r136418,SISTERS ~Natsu no Saigo no Hi~,complete,True,Sisters: Last Day of Summer,$24.99,False,https://store.steampowered.com/app/2781750/,https://vndb.org/v3896,13075,FOUND,Sisters: Last Day of Summer,1717387200000,1786132828461,2026-08-08T12:07:45.053966+00:00
2954500,The Artifact of Ancients,2024-06-03,2024-06,steam_store_search,True,True,INTERSECTION,True,,v50901,r123271,The Artifact of Ancients,complete,True,The Artifact of Ancients,$2.99,False,https://store.steampowered.com/app/2954500/,https://vndb.org/v50901,20,FOUND,The Artifact of Ancients,1717387200000,1786132828461,2026-08-08T12:07:45.053966+00:00
2730790,Mr. Mueller's Grand Experiment,2024-06-04,2024-06,steam_store_search,True,True,INTERSECTION,True,,v48643,r116932,Mr. Mueller's Grand Experiment,complete,True,Mr. Mueller's Grand Experiment,$4.99,False,https://store.steampowered.com/app/2730790/,https://vndb.org/v48643,1,FOUND,Mr. Mueller's Grand Experiment,1717473600000,1786132828461,2026-08-08T12:07:45.053966+00:00
2537050,Microdistrict,2024-06-05,2024-06,steam_store_search,True,True,INTERSECTION,True,,v51181,r123910,Mikrorajon,complete,True,Microdistrict,$1.99,False,https://store.steampowered.com/app/2537050/,https://vndb.org/v51181,66,FOUND,Microdistrict,1717560000000,1786132828461,2026-08-08T12:07:45.053966+00:00
2990730,Oedipus/Antigone,2024-06-05,2024-06,steam_store_search,True,True,INTERSECTION,True,,v51002,r123493;r136392,Oedipus/Antigone,complete,True,Oedipus/Antigone,$4.99,False,https://store.steampowered.com/app/2990730/,https://vndb.org/v51002,30,FOUND,Oedipus/Antigone,1717560000000,1786132828461,2026-08-08T12:07:45.053966+00:00
2957990,ハーレムなんか望んでない！ - Undesired Harem -,2024-06-05,2024-06,steam_store_search,True,True,INTERSECTION,True,,v15078,r123932,Love Pote Gakuen ~Anata no Kodane de Haramitai~,complete,True,ハーレムなんか望んでない！ - Undesired Harem -,-50%,False,https://store.steampowered.com/app/2957990/,https://vndb.org/v15078,15,FOUND,ハーレムなんか望んでない！ - Undesired Harem -,1717560000000,1786132828461,2026-08-08T12:07:45.053966+00:00
2957980,恋色ぱれっと - Love Palette -,2024-06-05,2024-06,steam_store_search,True,True,INTERSECTION,True,,v17422,r123931,Monochro ★ Gradation! ~Anata no Seiheki ni Somarimasu~,complete,True,恋色ぱれっと - Love Palette -,-50%,False,https://store.steampowered.com/app/2957980/,https://vndb.org/v17422,1,FOUND,恋色ぱれっと - Love Palette -,1717560000000,1786132828461,2026-08-08T12:07:45.053966+00:00
2515530,Everlasting Snooze,2024-06-06,2024-06,steam_store_search,True,True,INTERSECTION,True,,v50726,r122762,Lian Mian Bu Jue,complete,True,Everlasting Snooze,-20%,False,https://store.steampowered.com/app/2515530/,https://vndb.org/v50726,156,FOUND,Everlasting Snooze,1717646400000,1786132828461,2026-08-08T12:07:45.053966+00:00
2514650,Greed and Fear and the Rest,2024-06-06,2024-06,steam_store_search,True,True,INTERSECTION,True,,v50727,r122763,Tanlan Yu Kongju Ji Qita,complete,True,Greed and Fear and the Rest,-20%,False,https://store.steampowered.com/app/2514650/,https://vndb.org/v50727,300,FOUND,Greed and Fear and the Rest,1717646400000,1786132828461,2026-08-08T12:07:45.053966+00:00
2914960,MindMindMind,2024-06-06,2024-06,steam_store_search,True,True,INTERSECTION,True,,v50165,r121313;r152161;r155251;r160384;r162507,MINDMINDMIND,complete,True,MindMindMind,Free,True,https://store.steampowered.com/app/2914960/,https://vndb.org/v50165,5083,FOUND,MindMindMind,1717646400000,1786132828461,2026-08-08T12:07:45.053966+00:00
2635980,Bring Me that Shawarma,2024-06-07,2024-06,steam_store_search,True,True,INTERSECTION,True,,v36141;v37999;v41469;v47299,r123513,Bring Me that Shawarma;Kto ukral moj sous?;Strah i nenavist' v samarskoj shavushnoj;White Blood,complete;partial,True,Bring Me that Shawarma,Free,True,https://store.steampowered.com/app/2635980/,https://vndb.org/v36141,18372,FOUND,Bring Me that Shawarma,1717732800000,1786132828461,2026-08-08T12:07:45.053966+00:00
2596800,No Recollection,2024-06-07,2024-06,steam_store_search,True,True,INTERSECTION,True,,v51192,r123954,No Recollection,complete,True,No Recollection,Free,True,https://store.steampowered.com/app/2596800/,https://vndb.org/v51192,1508,FOUND,No Recollection,1717732800000,1786132828461,2026-08-08T12:07:45.053966+00:00
2754170,Sore wa Maichiru Sakura no You ni -Re:BIRTH-,2024-06-07,2024-06,steam_store_search,True,True,INTERSECTION,True,,v1115,r113495,Sore wa Maichiru Sakura no You ni,complete,True,Sore wa Maichiru Sakura no You ni -Re:BIRTH-,-47%,False,https://store.steampowered.com/app/2754170/,https://vndb.org/v1115,3924,FOUND,Sore wa Maichiru Sakura no You ni -Re:BIRTH-,1717732800000,1786132828461,2026-08-08T12:07:45.053966+00:00
2081240,幻恋逢星之时,2024-06-09,2024-06,steam_store_search,True,True,INTERSECTION,True,,v37195,r93854,Huan Lian Feng Xingzhi Shi,complete,True,幻恋逢星之时,$0.99,False,https://store.steampowered.com/app/2081240/,https://vndb.org/v37195,36,FOUND,幻恋逢星之时,1717905600000,1786132828461,2026-08-08T12:07:45.053966+00:00
2183910,Trap Yuri Garden,2024-06-10,2024-06,steam_store_search,True,True,INTERSECTION,True,,v49420,r119189,Josou Yuribatake,complete,True,Trap Yuri Garden,-50%,False,https://store.steampowered.com/app/2183910/,https://vndb.org/v49420,4782,FOUND,Trap Yuri Garden,1717992000000,1786132828461,2026-08-08T12:07:45.053966+00:00
1693850,Dear Mom: My Letter to You,2024-06-12,2024-06,steam_store_search,True,True,INTERSECTION,True,,v31750,r81620,Dear Mom: My Letter to You,complete,True,Dear Mom: My Letter to You,$12.99,False,https://store.steampowered.com/app/1693850/,https://vndb.org/v31750,240,FOUND,Dear Mom: My Letter to You,1718164800000,1786132828461,2026-08-08T12:07:45.053966+00:00
2929670,Ardency: Heart of the Rebellion,2024-06-13,2024-06,steam_store_search,True,True,INTERSECTION,True,,v37312,r121878,Ardency: Heart of the Rebellion,complete,True,Ardency: Heart of the Rebellion,$14.99,False,https://store.steampowered.com/app/2929670/,https://vndb.org/v37312,196,FOUND,Ardency: Heart of the Rebellion,1718251200000,1786132828461,2026-08-08T12:07:45.053966+00:00
2988880,Who is the Defendant: Deliberately Rough,2024-06-13,2024-06,steam_store_search,True,True,INTERSECTION,True,,v51307,r124233,Shui Shi Beigao Ren - Linghun Hui Shi,complete,True,Who is the Defendant: Deliberately Rough,Free,True,https://store.steampowered.com/app/2988880/,https://vndb.org/v51307,1325,FOUND,Who is the Defendant: Deliberately Rough,1718251200000,1786132828461,2026-08-08T12:07:45.053966+00:00
2987330,アカイロマンション完全版,2024-06-13,2024-06,steam_store_search,True,True,INTERSECTION,True,,v51092,r123668,Akairo Mansion,complete,True,アカイロマンション完全版,$12.99,False,https://store.steampowered.com/app/2987330/,https://vndb.org/v51092,303,FOUND,アカイロマンション完全版,1718251200000,1786132828461,2026-08-08T12:07:45.053966+00:00
2901970,はつものがたり | Naive Novel,2024-06-14,2024-06,steam_store_search,True,True,INTERSECTION,True,,v50415,r121858,Hatsumonogatari,complete,True,はつものがたり | Naive Novel,$3.99,False,https://store.steampowered.com/app/2901970/,https://vndb.org/v50415,329,FOUND,はつものがたり | Naive Novel,1718337600000,1786132828461,2026-08-08T12:07:45.053966+00:00
2992220,I Did It ALL for the COOKIE!,2024-06-15,2024-06,steam_store_search,True,True,INTERSECTION,True,,v49217,r118477,I Did It ALL for the COOKIE!,complete,True,I Did It ALL for the COOKIE!,Free,True,https://store.steampowered.com/app/2992220/,https://vndb.org/v49217,803,FOUND,I Did It ALL for the COOKIE!,1718424000000,1786132828461,2026-08-08T12:07:45.053966+00:00
1888060,雪凤山 Secret Opera,2024-06-18,2024-06,steam_store_search,True,True,INTERSECTION,True,,v40050,r140232,Xuefeng Shan,complete,True,雪凤山 Secret Opera,$4.99,False,https://store.steampowered.com/app/1888060/,https://vndb.org/v40050,2784,FOUND,雪凤山 Secret Opera,1718683200000,1786132828461,2026-08-08T12:07:45.053966+00:00
2993140,For Whom the Stars Shine,2024-06-19,2024-06,steam_store_search,True,True,INTERSECTION,True,,v50087,r120997,For Whom the Stars Shine,complete,True,For Whom the Stars Shine,Free,True,https://store.steampowered.com/app/2993140/,https://vndb.org/v50087,1274,FOUND,For Whom the Stars Shine,1718769600000,1786132828461,2026-08-08T12:07:45.053966+00:00
2850310,Kanon,2024-06-19,2024-06,steam_store_search,True,True,INTERSECTION,True,,v33,r123182,Kanon,complete,True,Kanon,$29.99,False,https://store.steampowered.com/app/2850310/,https://vndb.org/v33,12772,FOUND,Kanon,1718769600000,1786132828461,2026-08-08T12:07:45.053966+00:00
2597260,Natsuno-Kanata: Beyond Summer,2024-06-19,2024-06,steam_store_search,True,True,INTERSECTION,True,,v31854,r113783,Natsuno Kanata,complete,True,Natsuno-Kanata: Beyond Summer,$10.99,False,https://store.steampowered.com/app/2597260/,https://vndb.org/v31854,4177,FOUND,Natsuno-Kanata: Beyond Summer,1718769600000,1786132828461,2026-08-08T12:07:45.053966+00:00
2313010,"Date Time❤️: Melissa❤️, Morris❤️, Anna❤️",2024-06-20,2024-06,vndb_steam_release,True,True,INTERSECTION,True,,v43780,r109226;r124407,"Date Time❤️: Melissa❤️, Morris❤️, Anna❤️",complete;trial,True,"Date Time❤️: Melissa❤️, Morris❤️, Anna❤️",,False,https://store.steampowered.com/app/2313010/,https://vndb.org/v43780,,NOT_FOUND,,,,2026-08-08T12:07:45.053966+00:00
2548200,Love & Country: The First Mission,2024-06-20,2024-06,steam_store_search,True,True,INTERSECTION,True,,v42688,r111804,Love & Country,complete,True,Love & Country: The First Mission,$14.99,False,https://store.steampowered.com/app/2548200/,https://vndb.org/v42688,580,FOUND,Love & Country: The First Mission,1718856000000,1786132828461,2026-08-08T12:07:45.053966+00:00
2076140,Tavern Talk - A Cozy Visual Novel,2024-06-20,2024-06,steam_store_search,True,True,INTERSECTION,True,,v49307,r118781,Tavern Talk,complete,True,Tavern Talk - A Cozy Visual Novel,$17.99,False,https://store.steampowered.com/app/2076140/,https://vndb.org/v49307,55739,FOUND,Tavern Talk - A Cozy Visual Novel,1718856000000,1786132828461,2026-08-08T12:07:45.053966+00:00
3023800,Detective AnnIntae: Missing Basketball Court,2024-06-21,2024-06,steam_store_search,True,True,INTERSECTION,True,,v51392,r124435,Myeongtamjeong Ann In-tae: Nong-gujang Siljongsageon,complete,True,Detective AnnIntae: Missing Basketball Court,$2.99,False,https://store.steampowered.com/app/3023800/,https://vndb.org/v51392,424,FOUND,Detective AnnIntae: Missing Basketball Court,1718942400000,1786132828461,2026-08-08T12:07:45.053966+00:00
2583030,The Last Summer 那年夏末,2024-06-23,2024-06,steam_store_search,True,True,INTERSECTION,True,,v50507,r122126,Nanian Xiamo,complete,True,The Last Summer 那年夏末,-45%,False,https://store.steampowered.com/app/2583030/,https://vndb.org/v50507,1158,FOUND,The Last Summer 那年夏末,1719115200000,1786132828461,2026-08-08T12:07:45.053966+00:00
2393870,Whispers of the Luminaries Part 1,2024-06-23,2024-06,vndb_steam_release,True,True,INTERSECTION,True,,v44822,r107762;r125393,Whispers of the Luminaries,complete;trial,True,Whispers of the Luminaries Part 1,,False,https://store.steampowered.com/app/2393870/,https://vndb.org/v44822,,NOT_FOUND,,,,2026-08-08T12:07:45.053966+00:00
2879090,NYO-NIN-JIMA -My New Life in Charge of a Tropical Island-,2024-06-24,2024-06,steam_store_search,True,True,INTERSECTION,True,,v34839,r121787,Nyonin-jima -Yaru dake Kanrinin no Hame Pako Ijuu Seikatsu-,complete,True,NYO-NIN-JIMA -My New Life in Charge of a Tropical Island-,$14.99,False,https://store.steampowered.com/app/2879090/,https://vndb.org/v34839,5237,FOUND,NYO-NIN-JIMA -My New Life in Charge of a Tropical Island-,1719201600000,1786132828461,2026-08-08T12:07:45.053966+00:00
2361760,Real Anime Situation! 2,2024-06-24,2024-06,steam_store_search,True,True,INTERSECTION,True,,v27436,r118656,Real Eroge Situation! 2,complete,True,Real Anime Situation! 2,$24.99,False,https://store.steampowered.com/app/2361760/,https://vndb.org/v27436,2414,FOUND,Real Anime Situation! 2,1719201600000,1786132828461,2026-08-08T12:07:45.053966+00:00
3032950,海鳥野ガクの精神鑑定録,2024-06-24,2024-06,steam_store_search,True,True,INTERSECTION,True,,v51104,r123702;r126716,Midorino Gaku no Seishinkanteiroku,complete,True,海鳥野ガクの精神鑑定録,Free,True,https://store.steampowered.com/app/3032950/,https://vndb.org/v51104,20401,FOUND,海鳥野ガクの精神鑑定録,1719201600000,1786132828461,2026-08-08T12:07:45.053966+00:00
2888650,Fleeting Iris: Alansya Chronicles Ren'Py Edition,2024-06-26,2024-06,steam_store_search,True,True,INTERSECTION,True,,v51476,r124655,Fleeting Iris: Alansya Chronicles Ren’Py Edition,complete,True,Fleeting Iris: Alansya Chronicles Ren'Py Edition,$19.99,False,https://store.steampowered.com/app/2888650/,https://vndb.org/v51476,352,FOUND,Fleeting Iris: Alansya Chronicles Ren'Py Edition,1719374400000,1786132828461,2026-08-08T12:07:45.053966+00:00
2881870,The Dearest Person,2024-06-26,2024-06,steam_store_search,True,True,INTERSECTION,True,,v50592,r122374,Samyj dorogoj chelovek,complete,True,The Dearest Person,Free,True,https://store.steampowered.com/app/2881870/,https://vndb.org/v50592,15557,FOUND,The Dearest Person,1719374400000,1786132828461,2026-08-08T12:07:45.053966+00:00
3021090,浮気リセット - Cheating Reset -,2024-06-26,2024-06,steam_store_search,True,True,INTERSECTION,True,,v23076,r124642,Netorare Loop ~Kyou Shiranai Otoko ni Mata o Hiraku Tsuma~,complete,True,浮気リセット - Cheating Reset -,-50%,False,https://store.steampowered.com/app/3021090/,https://vndb.org/v23076,1,FOUND,浮気リセット - Cheating Reset -,1719374400000,1786132828461,2026-08-08T12:07:45.053966+00:00
2701590,Cthulhu Mythos ADV The Isle Of Ubohoth,2024-06-27,2024-06,steam_store_search,True,True,INTERSECTION,True,,v49548,r119623,Cthulhu Mythos ADV: Juka ni Shizumu Shima,complete,True,Cthulhu Mythos ADV The Isle Of Ubohoth,$17.99,False,https://store.steampowered.com/app/2701590/,https://vndb.org/v49548,2001,FOUND,Cthulhu Mythos ADV The Isle Of Ubohoth,1719460800000,1786132828461,2026-08-08T12:07:45.053966+00:00
2996100,The Hole Town,2024-06-27,2024-06,steam_store_search,True,True,INTERSECTION,True,,v58418,r139839,Ana no Machi,complete,True,The Hole Town,Free,True,https://store.steampowered.com/app/2996100/,https://vndb.org/v58418,2856,FOUND,The Hole Town,1719460800000,1786132828461,2026-08-08T12:07:45.053966+00:00
2828940,Glass Heart: Retold,2024-06-28,2024-06,steam_store_search,True,True,INTERSECTION,True,,v42416,r123637,Glass Heart,complete,True,Glass Heart: Retold,$19.99,False,https://store.steampowered.com/app/2828940/,https://vndb.org/v42416,278,FOUND,Glass Heart: Retold,1719547200000,1786132828461,2026-08-08T12:07:45.053966+00:00
3043160,青恋,2024-06-28,2024-06,steam_store_search,True,True,INTERSECTION,True,,v51486,r124715,Qing Lian,complete,True,青恋,$4.99,False,https://store.steampowered.com/app/3043160/,https://vndb.org/v51486,109,FOUND,青恋,1719547200000,1786132828461,2026-08-08T12:07:45.053966+00:00
3037380,Ashunnor's Game,2024-06-30,2024-06,steam_store_search,True,True,INTERSECTION,True,,v51549,r124812,Ashunnor's Game,complete,True,Ashunnor's Game,$3.99,False,https://store.steampowered.com/app/3037380/,https://vndb.org/v51549,30,FOUND,Ashunnor's Game,1719720000000,1786132828461,2026-08-08T12:07:45.053966+00:00
2670460,Parallels: Year One,2024-07-01,2024-07,steam_store_search,True,True,INTERSECTION,True,,v51579,r124862,Parallels: Year One,complete,True,Parallels: Year One,$4.99,False,https://store.steampowered.com/app/2670460/,https://vndb.org/v51579,1,FOUND,Parallels: Year One,1719792000000,1786132828461,2026-08-08T12:07:45.053966+00:00
2991980,러브크레센도,2024-07-01,2024-07,steam_store_search,True,True,INTERSECTION,True,,v50667,r122583,Love Crescendo,complete,True,러브크레센도,$13.99,False,https://store.steampowered.com/app/2991980/,https://vndb.org/v50667,421,FOUND,러브크레센도,1719792000000,1786132828461,2026-08-08T12:07:45.053966+00:00
3023680,How to turn a Cherry tree spirit into an idol,2024-07-02,2024-07,steam_store_search,True,True,INTERSECTION,True,,v50441,r124376,Beonnamuui Jeongnyeongeul Idol-ro Mandeuneun Beop,complete,True,How to turn a Cherry tree spirit into an idol,$14.99,False,https://store.steampowered.com/app/3023680/,https://vndb.org/v50441,99,FOUND,How to turn a Cherry tree spirit into an idol,1719878400000,1786132828461,2026-08-08T12:07:45.053966+00:00
3012660,Pralai Song of The Last Empire,2024-07-02,2024-07,steam_store_search,True,True,INTERSECTION,True,,v51587,r124879,Pralai: Lảnả cạkrphrrdi xngkh̒ s̄udtĥāy,complete,True,Pralai Song of The Last Empire,Free,True,https://store.steampowered.com/app/3012660/,https://vndb.org/v51587,366,FOUND,Pralai Song of The Last Empire,1719878400000,1786132828461,2026-08-08T12:07:45.053966+00:00
2791180,Seraphim Slum,2024-07-02,2024-07,steam_store_search,True,True,INTERSECTION,True,,v47294,r113656,Seraphim Slum,complete,True,Seraphim Slum,Free,True,https://store.steampowered.com/app/2791180/,https://vndb.org/v47294,7217,FOUND,Seraphim Slum,1719878400000,1786132828461,2026-08-08T12:07:45.053966+00:00
3001160,真愿交错,2024-07-02,2024-07,steam_store_search,True,True,INTERSECTION,True,,v51596,r124918,Zhen Yuan Jiaocuo,complete,True,真愿交错,$1.99,False,https://store.steampowered.com/app/3001160/,https://vndb.org/v51596,271,FOUND,真愿交错,1719878400000,1786132828461,2026-08-08T12:07:45.053966+00:00
2461240,Black & White Lite,2024-07-04,2024-07,steam_store_search,True,True,INTERSECTION,True,,v36064,r121528,Er Fen Zhi Yi,complete,True,Black & White Lite,$5.99,False,https://store.steampowered.com/app/2461240/,https://vndb.org/v36064,1906,FOUND,Black & White Lite,1720051200000,1786132828461,2026-08-08T12:07:45.053966+00:00
3056420,You know my name?,2024-07-04,2024-07,steam_store_search,True,True,INTERSECTION,True,,v51411,r124475;r131428,You know my name?,complete,True,You know my name?,$0.99,False,https://store.steampowered.com/app/3056420/,https://vndb.org/v51411,3861,FOUND,You know my name?,1720051200000,1786132828461,2026-08-08T12:07:45.053966+00:00
2894980,4.1.60Co,2024-07-05,2024-07,steam_store_search,True,True,INTERSECTION,True,,v51637,r125028,4.1.60Co,complete,True,4.1.60Co,$4.99,False,https://store.steampowered.com/app/2894980/,https://vndb.org/v51637,2474,FOUND,4.1.60Co,1720137600000,1786132828461,2026-08-08T12:07:45.053966+00:00
2860330,Roll of Fate,2024-07-05,2024-07,steam_store_search,True,True,INTERSECTION,True,,v52253,r126294,Roll of Fate,complete,True,Roll of Fate,$3.99,False,https://store.steampowered.com/app/2860330/,https://vndb.org/v52253,234,FOUND,Roll of Fate,1720137600000,1786132828461,2026-08-08T12:07:45.053966+00:00
2470300,Hookah Haze,2024-07-10,2024-07,steam_store_search,True,True,INTERSECTION,True,,v48318,r123724,Hookah Haze,complete,True,Hookah Haze,$17.99,False,https://store.steampowered.com/app/2470300/,https://vndb.org/v48318,35303,FOUND,Hookah Haze,1720569600000,1786132828461,2026-08-08T12:07:45.053966+00:00
3036650,残雪凝辉录-Truth in Turbulent,2024-07-11,2024-07,steam_store_search,True,True,INTERSECTION,True,,v51319,r124258,Canxue Ning Hui Lu,complete,True,残雪凝辉录-Truth in Turbulent,$9.99,False,https://store.steampowered.com/app/3036650/,https://vndb.org/v51319,44,FOUND,残雪凝辉录-Truth in Turbulent,1720656000000,1786132828461,2026-08-08T12:07:45.053966+00:00
3015850,Joe Biden Vs. Jeo Boden - Escape From MAGA Chapter 2,2024-07-12,2024-07,steam_store_search,True,True,INTERSECTION,True,,v51597,r124919,Joe Biden Vs. Jeo Boden - Escape From MAGA Chapter 2,complete,True,Joe Biden Vs. Jeo Boden - Escape From MAGA Chapter 2,$2.99,False,https://store.steampowered.com/app/3015850/,https://vndb.org/v51597,15,FOUND,Joe Biden Vs. Jeo Boden - Escape From MAGA Chapter 2,1720742400000,1786132828461,2026-08-08T12:07:45.053966+00:00
3010070,Man I Just Wanna Go Home,2024-07-12,2024-07,steam_store_search,True,True,INTERSECTION,True,,v51750,r125223,"Chel, ja prosto hochu domoj",complete,True,Man I Just Wanna Go Home,$2.99,False,https://store.steampowered.com/app/3010070/,https://vndb.org/v51750,9114,FOUND,Man I Just Wanna Go Home,1720742400000,1786132828461,2026-08-08T12:07:45.053966+00:00
2827240,PLEASE KNOCK -before entering my room-,2024-07-12,2024-07,steam_store_search,True,True,INTERSECTION,True,,v52054,r125873,PLEASE KNOCK -before entering my room-,complete,True,PLEASE KNOCK -before entering my room-,Free,True,https://store.steampowered.com/app/2827240/,https://vndb.org/v52054,924,FOUND,PLEASE KNOCK -before entering my room-,1720742400000,1786132828461,2026-08-08T12:07:45.053966+00:00
3005250,Harmless Lies,2024-07-14,2024-07,steam_store_search,True,True,INTERSECTION,True,,v60452,r144616,Harmless Lies,complete,True,Harmless Lies,$7.99,False,https://store.steampowered.com/app/3005250/,https://vndb.org/v60452,292,FOUND,Harmless Lies,1720915200000,1786132828461,2026-08-08T12:07:45.053966+00:00
2349030,B-PROJECT RYUSEI*FANTASIA,2024-07-15,2024-07,steam_store_search,True,True,INTERSECTION,True,,v30175,r119874,B-PROJECT: Ryuusei * Fantasia,complete,True,B-PROJECT RYUSEI*FANTASIA,$49.99,False,https://store.steampowered.com/app/2349030/,https://vndb.org/v30175,449,FOUND,B-PROJECT RYUSEI*FANTASIA,1721001600000,1786132828461,2026-08-08T12:07:45.053966+00:00
2995390,NEKO-NIN exHeart SPIN!,2024-07-15,2024-07,steam_store_search,True,True,INTERSECTION,True,,v45381,r109890,Neko-nin exHeart SPIN!,complete,True,NEKO-NIN exHeart SPIN!,$14.99,False,https://store.steampowered.com/app/2995390/,https://vndb.org/v45381,1696,FOUND,NEKO-NIN exHeart SPIN!,1721001600000,1786132828461,2026-08-08T12:07:45.053966+00:00
2903950,Master Detective Archives: RAIN CODE Plus,2024-07-17,2024-07,steam_store_search,True,True,INTERSECTION,True,,v45634,r122794;r122888,Chou-tantei Jikenbo RAIN CODE,complete,True,Master Detective Archives: RAIN CODE Plus,$29.99,False,https://store.steampowered.com/app/2903950/,https://vndb.org/v45634,68404,FOUND,Master Detective Archives: RAIN CODE Plus,1721174400000,1786132828461,2026-08-08T12:07:45.053966+00:00
2762590,Furry Shakespeare: To Date Or Not To Date Cat Girls? If Made Today,2024-07-18,2024-07,steam_store_search,True,True,INTERSECTION,True,,v51805,r125314,Furry Shakespeare: To Date Or Not To Date Cat Girls? If Made Today,complete,True,Furry Shakespeare: To Date Or Not To Date Cat Girls? If Made Today,$9.99,False,https://store.steampowered.com/app/2762590/,https://vndb.org/v51805,1,FOUND,Furry Shakespeare: To Date Or Not To Date Cat Girls? If Made Today,1721260800000,1786132828461,2026-08-08T12:07:45.053966+00:00
2481020,Vampire Therapist,2024-07-18,2024-07,steam_store_search,True,True,INTERSECTION,True,,v49188,r118421,Vampire Therapist,complete,True,Vampire Therapist,$14.99,False,https://store.steampowered.com/app/2481020/,https://vndb.org/v49188,36733,FOUND,Vampire Therapist,1721260800000,1786132828461,2026-08-08T12:07:45.053966+00:00
2653460,月白星斗-Lunar Glow Stellar Dance,2024-07-18,2024-07,steam_store_search,True,True,INTERSECTION,True,,v49534,r119571,Yue Bai Xing Dou,complete,True,月白星斗-Lunar Glow Stellar Dance,$17.99,False,https://store.steampowered.com/app/2653460/,https://vndb.org/v49534,903,FOUND,月白星斗-Lunar Glow Stellar Dance,1721260800000,1786132828461,2026-08-08T12:07:45.053966+00:00
2726750,病娇X契约,2024-07-18,2024-07,steam_store_search,True,True,INTERSECTION,True,,v51300,r124209,Bing'jiao X Qi'yue,complete,True,病娇X契约,$2.99,False,https://store.steampowered.com/app/2726750/,https://vndb.org/v51300,227,FOUND,病娇X契约,1721260800000,1786132828461,2026-08-08T12:07:45.053966+00:00
3084790,(Neg)Entropic Wandering,2024-07-19,2024-07,steam_store_search,True,True,INTERSECTION,True,,v48865,r117488,(Neg)Entropic Wandering,complete,True,(Neg)Entropic Wandering,Free,True,https://store.steampowered.com/app/3084790/,https://vndb.org/v48865,731,FOUND,(Neg)Entropic Wandering,1721347200000,1786132828461,2026-08-08T12:07:45.053966+00:00
2420640,Angel Tear: Goddess Betrayed,2024-07-19,2024-07,steam_store_search,True,True,INTERSECTION,True,,v11487,r119114,Nerawareta Megami Tenshi Angeltear ~Mamotta Ningen-tachi ni Uragirarete~,complete,True,Angel Tear: Goddess Betrayed,$19.99,False,https://store.steampowered.com/app/2420640/,https://vndb.org/v11487,6597,FOUND,Angel Tear: Goddess Betrayed,1721347200000,1786132828461,2026-08-08T12:07:45.053966+00:00
2947220,Parfait Remake,2024-07-19,2024-07,steam_store_search,True,True,INTERSECTION,True,,v683,r124412,Parfait ~Chocolat Second Brew~,complete,True,Parfait Remake,$34.99,False,https://store.steampowered.com/app/2947220/,https://vndb.org/v683,4553,FOUND,Parfait Remake,1721347200000,1786132828461,2026-08-08T12:07:45.053966+00:00
3007690,アパシー荒井昭二 ～牧場奇譚～,2024-07-20,2024-07,steam_store_search,True,True,INTERSECTION,True,,v31391,r125451,Apathy - Arai Shouji,complete,True,アパシー荒井昭二 ～牧場奇譚～,Free,True,https://store.steampowered.com/app/3007690/,https://vndb.org/v31391,1829,FOUND,アパシー荒井昭二　～牧場奇譚～,1721433600000,1786132828461,2026-08-08T12:07:45.053966+00:00
3056940,Carpe Noctem - Yuri Visual Novel,2024-07-21,2024-07,steam_store_search,True,True,INTERSECTION,True,,v45514,r109594,Carpe Noctem,complete,True,Carpe Noctem - Yuri Visual Novel,Free,True,https://store.steampowered.com/app/3056940/,https://vndb.org/v45514,1581,FOUND,Carpe Noctem - Yuri Visual Novel,1721520000000,1786132828461,2026-08-08T12:07:45.053966+00:00
2543030,Midnight Ramen,2024-07-23,2024-07,steam_store_search,True,True,INTERSECTION,True,,v49182,r118409,Shenye Lamian,complete,True,Midnight Ramen,$11.99,False,https://store.steampowered.com/app/2543030/,https://vndb.org/v49182,7503,FOUND,Midnight Ramen,1721692800000,1786132828461,2026-08-08T12:07:45.053966+00:00
2463980,Werewolf: The Apocalypse — Purgatory,2024-07-23,2024-07,steam_store_search,True,True,INTERSECTION,True,,v51020,r123528,Werewolf: The Apocalypse - Purgatory,complete,True,Werewolf: The Apocalypse — Purgatory,-20%,False,https://store.steampowered.com/app/2463980/,https://vndb.org/v51020,3500,FOUND,Werewolf: The Apocalypse — Purgatory,1721692800000,1786132828461,2026-08-08T12:07:45.053966+00:00
3040590,Astoria: Fate's Kiss,2024-07-24,2024-07,steam_store_search,True,True,INTERSECTION,True,,v18463,r125130,Astoria: Fate's Kiss,complete,True,Astoria: Fate's Kiss,-50%,False,https://store.steampowered.com/app/3040590/,https://vndb.org/v18463,1448,FOUND,Astoria: Fate's Kiss,1721779200000,1786132828461,2026-08-08T12:07:45.053966+00:00
2840900,Lilja and Natsuka Painting Lies,2024-07-24,2024-07,steam_store_search,True,True,INTERSECTION,True,,v49056,r118092,Lilja to Natsuka no Junpaku na Uso,complete,True,Lilja and Natsuka Painting Lies,$22.99,False,https://store.steampowered.com/app/2840900/,https://vndb.org/v49056,2602,FOUND,Lilja and Natsuka Painting Lies,1721779200000,1786132828461,2026-08-08T12:07:45.053966+00:00
2446080,RoomNo.404,2024-07-24,2024-07,steam_store_search,True,True,INTERSECTION,True,,v45401,r109308,RoomNo.404,complete,True,RoomNo.404,$2.99,False,https://store.steampowered.com/app/2446080/,https://vndb.org/v45401,288,FOUND,RoomNo.404,1721779200000,1786132828461,2026-08-08T12:07:45.053966+00:00
3063150,アパシー殺人クラブ,2024-07-24,2024-07,steam_store_search,True,True,INTERSECTION,True,,v51767,r125252,Apathy - Satsujin Club,complete,True,アパシー殺人クラブ,$14.99,False,https://store.steampowered.com/app/3063150/,https://vndb.org/v51767,844,FOUND,アパシー殺人クラブ,1721779200000,1786132828461,2026-08-08T12:07:45.053966+00:00
2989460,风物恋歌（The Memory of Mallet),2024-07-24,2024-07,steam_store_search,True,True,INTERSECTION,True,,v51920,r125570,Fengwu Liange (The Memory of Mallet),complete,True,风物恋歌（The Memory of Mallet),$0.99,False,https://store.steampowered.com/app/2989460/,https://vndb.org/v51920,700,FOUND,风物恋歌（The Memory of Mallet),1721779200000,1786132828461,2026-08-08T12:07:45.053966+00:00
2544620,Geckorientalism,2024-07-25,2024-07,steam_store_search,True,True,INTERSECTION,True,,v50289,r121578,Xi Xue Dong Jian,complete,True,Geckorientalism,$8.99,False,https://store.steampowered.com/app/2544620/,https://vndb.org/v50289,816,FOUND,Geckorientalism,1721865600000,1786132828461,2026-08-08T12:07:45.053966+00:00
2493930,Withering Flowers,2024-07-25,2024-07,steam_store_search,True,True,INTERSECTION,True,,v40550,r111231,Withering Flowers,complete,True,Withering Flowers,$5.99,False,https://store.steampowered.com/app/2493930/,https://vndb.org/v40550,48,FOUND,Withering Flowers,1721865600000,1786132828461,2026-08-08T12:07:45.053966+00:00
3081210,無垢を裂く,2024-07-25,2024-07,steam_store_search,True,True,INTERSECTION,True,,v51725,r125185,Muku o Saku,complete,True,無垢を裂く,Free,True,https://store.steampowered.com/app/3081210/,https://vndb.org/v51725,261,FOUND,無垢を裂く,1721865600000,1786132828461,2026-08-08T12:07:45.053966+00:00
3033410,그랑 엠파이어 : 그래픽 리마스터,2024-07-25,2024-07,steam_store_search,True,True,INTERSECTION,True,,v30056,r123897,Grand Empire,complete,True,그랑 엠파이어 : 그래픽 리마스터,$8.99,False,https://store.steampowered.com/app/3033410/,https://vndb.org/v30056,555,FOUND,그랑 엠파이어 : 그래픽 리마스터,1721890896000,1786132828461,2026-08-08T12:07:45.053966+00:00
3069310,Find the stalker,2024-07-26,2024-07,steam_store_search,True,True,INTERSECTION,True,,v51943,r125629,Nabljudatel',complete,True,Find the stalker,-20%,False,https://store.steampowered.com/app/3069310/,https://vndb.org/v51943,345,FOUND,Find the stalker,1721952000000,1786132828461,2026-08-08T12:07:45.053966+00:00
2484160,It was a human.,2024-07-26,2024-07,steam_store_search,True,True,INTERSECTION,True,,v41063,r100981,It was a human.,complete,True,It was a human.,$4.99,False,https://store.steampowered.com/app/2484160/,https://vndb.org/v41063,9308,FOUND,It was a human.,1721952000000,1786132828461,2026-08-08T12:07:45.053966+00:00
3084080,Mira's Mirage Mirror,2024-07-27,2024-07,steam_store_search,True,True,INTERSECTION,True,,v51821,r125336,Mira de Huan Jing,complete,True,Mira's Mirage Mirror,$1.99,False,https://store.steampowered.com/app/3084080/,https://vndb.org/v51821,36,FOUND,Mira's Mirage Mirror,1722038400000,1786132828461,2026-08-08T12:07:45.053966+00:00
2399060,Dread Weight,2024-07-29,2024-07,steam_store_search,True,True,INTERSECTION,True,,v45377,r109230,Dread Weight,complete,True,Dread Weight,$14.99,False,https://store.steampowered.com/app/2399060/,https://vndb.org/v45377,4766,FOUND,Dread Weight,1722211200000,1786132828461,2026-08-08T12:07:45.053966+00:00
3072350,Memoirs of an Angel (2010),2024-07-29,2024-07,steam_store_search,True,True,INTERSECTION,True,,v12102,r25522,Memoirs of an Angel,complete,True,Memoirs of an Angel (2010),Free,True,https://store.steampowered.com/app/3072350/,https://vndb.org/v12102,414,FOUND,Memoirs of an Angel (2010),1722211200000,1786132828461,2026-08-08T12:07:45.053966+00:00
2784960,Avian Enigma,2024-07-30,2024-07,steam_store_search,True,True,INTERSECTION,True,,v52035,r125822,Niao Zhi Mi,complete,True,Avian Enigma,$7.99,False,https://store.steampowered.com/app/2784960/,https://vndb.org/v52035,1136,FOUND,Avian Enigma,1722297600000,1786132828461,2026-08-08T12:07:45.053966+00:00
2066230,Bunny Alice in Wonderland,2024-07-30,2024-07,steam_store_search,True,True,INTERSECTION,True,,v52259,r126306,Bunny Alice in Wonderland,complete,True,Bunny Alice in Wonderland,$7.99,False,https://store.steampowered.com/app/2066230/,https://vndb.org/v52259,834,FOUND,Bunny Alice in Wonderland ,1722297600000,1786132828461,2026-08-08T12:07:45.053966+00:00
2610630,Muscle Girl Lisa: Training Diary,2024-07-30,2024-07,steam_store_search,True,True,INTERSECTION,True,,v52021,r125781,Geunyuknyeo Lisa Yukseongilgi Remake,complete,True,Muscle Girl Lisa: Training Diary,$16.99,False,https://store.steampowered.com/app/2610630/,https://vndb.org/v52021,763,FOUND,Muscle Girl Lisa: Training Diary,1722297600000,1786132828461,2026-08-08T12:07:45.053966+00:00
3105050,HeartWare,2024-07-31,2024-07,steam_store_search,True,True,INTERSECTION,True,,v52032,r125821,HeartWare,complete,True,HeartWare,Free,True,https://store.steampowered.com/app/3105050/,https://vndb.org/v52032,1412,FOUND,HeartWare,1722384000000,1786132828461,2026-08-08T12:07:45.053966+00:00
2416500,Legends of Savvarah: Time of Pariah,2024-07-31,2024-07,steam_store_search,True,True,INTERSECTION,True,,v46857,r112418;r140783,Legendy Savvary: Vremja Parii,complete,True,Legends of Savvarah: Time of Pariah,$5.99,False,https://store.steampowered.com/app/2416500/,https://vndb.org/v46857,2115,FOUND,Legends of Savvarah: Time of Pariah,1722384000000,1786132828461,2026-08-08T12:07:45.053966+00:00
2428260,Butterfly//Circuit,2024-08-01,2024-08,steam_store_search,True,True,INTERSECTION,True,,v45428,r109372,Butterfly//Circuit,complete,True,Butterfly//Circuit,$9.99,False,https://store.steampowered.com/app/2428260/,https://vndb.org/v45428,457,FOUND,Butterfly//Circuit,1722470400000,1786132828461,2026-08-08T12:07:45.053966+00:00
2808250,Fragment's Note+,2024-08-01,2024-08,steam_store_search,True,True,INTERSECTION,True,,v11118,r125405,Fragment's Note,complete,True,Fragment's Note+,$14.99,False,https://store.steampowered.com/app/2808250/,https://vndb.org/v11118,28,FOUND,Fragment's Note+,1722470400000,1786132828461,2026-08-08T12:07:45.053966+00:00
2852400,Fragment's Note+ AfterStory,2024-08-01,2024-08,steam_store_search,True,True,INTERSECTION,True,,v15853,r125406,Fragment's Note -After Stories-,complete,True,Fragment's Note+ AfterStory,$10.99,False,https://store.steampowered.com/app/2852400/,https://vndb.org/v15853,1,FOUND,Fragment's Note+ AfterStory,1722470400000,1786132828461,2026-08-08T12:07:45.053966+00:00
2852560,Fragment's Note2+,2024-08-01,2024-08,steam_store_search,True,True,INTERSECTION,True,,v13119;v14807,r125407,Fragment's Note 2 Side: Shizuku;Fragment's Note 2 Side: Yukitsuki,complete,True,Fragment's Note2+,$19.99,False,https://store.steampowered.com/app/2852560/,https://vndb.org/v13119,15,FOUND,Fragment's Note2+,1722470400000,1786132828461,2026-08-08T12:07:45.053966+00:00
3088120,Secret Pie,2024-08-01,2024-08,steam_store_search,True,True,INTERSECTION,True,,v32807,r125849,Secret Pie,complete,True,Secret Pie,$5.99,False,https://store.steampowered.com/app/3088120/,https://vndb.org/v32807,353,FOUND,Secret Pie,1722470400000,1786132828461,2026-08-08T12:07:45.053966+00:00
3102210,Одиночество Скуфа,2024-08-01,2024-08,steam_store_search,True,True,INTERSECTION,True,,v52044,r125850,Odinochestvo Skufa,complete,True,Одиночество Скуфа,$0.99,False,https://store.steampowered.com/app/3102210/,https://vndb.org/v52044,642,FOUND,Одиночество Скуфа,1722470400000,1786132828461,2026-08-08T12:07:45.053966+00:00
3034450,流る星 -a wish star-,2024-08-01,2024-08,steam_store_search,True,True,INTERSECTION,True,,v51298,r124193,Nagaruboshi -a wish star-,complete,True,流る星 -a wish star-,$7.99,False,https://store.steampowered.com/app/3034450/,https://vndb.org/v51298,2864,FOUND,流る星 -a wish star-,1722470400000,1786132828461,2026-08-08T12:07:45.053966+00:00
3024690,Detective School Club,2024-08-02,2024-08,steam_store_search,True,True,INTERSECTION,True,,v63220,r150992,Club de Detectives,complete,True,Detective School Club,$2.99,False,https://store.steampowered.com/app/3024690/,https://vndb.org/v63220,346,FOUND,Detective School Club,1722556800000,1786132828461,2026-08-08T12:07:45.053966+00:00
2311230,Passage: A Job Interview Simulator!,2024-08-02,2024-08,steam_store_search,True,True,INTERSECTION,True,,v38932,r103527,Passage,complete,True,Passage: A Job Interview Simulator!,$4.99,False,https://store.steampowered.com/app/2311230/,https://vndb.org/v38932,72,FOUND,Passage: A Job Interview Simulator!,1722556800000,1786132828461,2026-08-08T12:07:45.053966+00:00
2956280,花恋月依,2024-08-04,2024-08,steam_store_search,True,True,INTERSECTION,True,,v51291,r124166,Hua Lian Yue Yi,complete,True,花恋月依,$12.99,False,https://store.steampowered.com/app/2956280/,https://vndb.org/v51291,5339,FOUND,花恋月依,1722729600000,1786132828461,2026-08-08T12:07:45.053966+00:00
3058940,Backspace Backspace Backspace,2024-08-05,2024-08,steam_store_search,True,True,INTERSECTION,True,,v52144,r154385,Backspace Backspace Backspace,complete,True,Backspace Backspace Backspace,-25%,False,https://store.steampowered.com/app/3058940/,https://vndb.org/v52144,893,FOUND,Backspace Backspace Backspace,1722816000000,1786132828461,2026-08-08T12:07:45.053966+00:00
1874550,MoonFire: A Seeker's Saga,2024-08-06,2024-08,steam_store_search,True,True,INTERSECTION,True,,v34912,r89324,MoonFire: A Seeker’s Saga,complete,True,MoonFire: A Seeker's Saga,$9.99,False,https://store.steampowered.com/app/1874550/,https://vndb.org/v34912,134,FOUND,MoonFire: A Seeker's Saga,1722902400000,1786132828461,2026-08-08T12:07:45.053966+00:00
2996800,フラグ立てときました。,2024-08-06,2024-08,steam_store_search,True,True,INTERSECTION,True,,v52157,r126071,Flag Tate Tokimashita.,complete,True,フラグ立てときました。,$1.99,False,https://store.steampowered.com/app/2996800/,https://vndb.org/v52157,69,FOUND,フラグ立てときました。,1722902400000,1786132828461,2026-08-08T12:07:45.053966+00:00
2797180,咫尺遥心-Proof of existence,2024-08-06,2024-08,steam_store_search,True,True,INTERSECTION,True,,v49832,r120356,Zhichi Yao Xin - Proof of existence,complete,True,咫尺遥心-Proof of existence,$2.99,False,https://store.steampowered.com/app/2797180/,https://vndb.org/v49832,2219,FOUND,咫尺遥心-Proof of existence,1722902400000,1786132828461,2026-08-08T12:07:45.053966+00:00
2976720,1 to 1 humanoid edible toys,2024-08-07,2024-08,steam_store_search,True,True,INTERSECTION,True,,v51935,r125620,1 Bi 1 Renxing Shiwan,complete,True,1 to 1 humanoid edible toys,$7.99,False,https://store.steampowered.com/app/2976720/,https://vndb.org/v51935,25668,FOUND,1 to 1 humanoid edible toys,1722988800000,1786132828461,2026-08-08T12:07:45.053966+00:00
2396980,Fate/stay night REMASTERED,2024-08-07,2024-08,steam_store_search,True,True,INTERSECTION,True,,v11,r118913,Fate/stay night,complete,True,Fate/stay night REMASTERED,$29.99,False,https://store.steampowered.com/app/2396980/,https://vndb.org/v11,177368,FOUND,Fate/stay night REMASTERED,1722988800000,1786132828461,2026-08-08T12:07:45.053966+00:00
2951340,Moonless Moon,2024-08-07,2024-08,steam_store_search,True,True,INTERSECTION,True,,v51023,r123531,Moonless Moon,complete,True,Moonless Moon,$9.99,False,https://store.steampowered.com/app/2951340/,https://vndb.org/v51023,8747,FOUND,Moonless Moon,1722988800000,1786132828461,2026-08-08T12:07:45.053966+00:00
2849960,Revue Starlight El Dorado,2024-08-07,2024-08,steam_store_search,True,True,INTERSECTION,True,,v41815,r102067,Shoujo☆Kageki Revue Starlight Butai Souzougeki Harukanaru El Dorado,complete,True,Revue Starlight El Dorado,$29.99,False,https://store.steampowered.com/app/2849960/,https://vndb.org/v41815,13544,FOUND,Revue Starlight El Dorado,1722988800000,1786132828461,2026-08-08T12:07:45.053966+00:00
2825070,Zombie Police: Christmas Dancing with Police Zombies,2024-08-07,2024-08,steam_store_search,True,True,INTERSECTION,True,,v50488,r122069;r124199,Zombie Police ~Zombie Keiji to Odoru Christmas~,complete;trial,True,Zombie Police: Christmas Dancing with Police Zombies,-55%,False,https://store.steampowered.com/app/2825070/,https://vndb.org/v50488,842,FOUND,Zombie Police: Christmas Dancing with Police Zombies,1722988800000,1786132828461,2026-08-08T12:07:45.053966+00:00
3081020,まいにち男女入れ替わり生活！？ ～My Body Your Body～,2024-08-07,2024-08,steam_store_search,True,True,INTERSECTION,True,,v20029,r126132,Nyotai Inkan ~Utsurikawaru Chijokuteki Koukishin~,complete,True,まいにち男女入れ替わり生活！？ ～My Body Your Body～,-50%,False,https://store.steampowered.com/app/3081020/,https://vndb.org/v20029,31,FOUND,まいにち男女入れ替わり生活！？ ～My Body Your Body～,1722988800000,1786132828461,2026-08-08T12:07:45.053966+00:00
3081030,束縛彼女とペットな僕 - I'm Your Pet -,2024-08-07,2024-08,steam_store_search,True,True,INTERSECTION,True,,v22481,r126131,Yokubou Lock ~Boku no Kanojo wa Shasei Kanrinin~,complete,True,束縛彼女とペットな僕 - I'm Your Pet -,-50%,False,https://store.steampowered.com/app/3081030/,https://vndb.org/v22481,63,FOUND,束縛彼女とペットな僕 - I'm Your Pet -,1722988800000,1786132828461,2026-08-08T12:07:45.053966+00:00
1534660,BURN,2024-08-08,2024-08,steam_store_search,True,True,INTERSECTION,True,,v52220,r126224,BURN,complete,True,BURN,$5.99,False,https://store.steampowered.com/app/1534660/,https://vndb.org/v52220,101,FOUND,BURN,1723075200000,1786132828461,2026-08-08T12:07:45.053966+00:00
2947230,Haruka Ao no Hanayome ni,2024-08-09,2024-08,steam_store_search,True,True,INTERSECTION,True,,v44173,r124654,Haruka Ao no Hanayome ni,complete,True,Haruka Ao no Hanayome ni,$29.99,False,https://store.steampowered.com/app/2947230/,https://vndb.org/v44173,5597,FOUND,Haruka Ao no Hanayome ni,1723161600000,1786132828461,2026-08-08T12:07:45.053966+00:00
2847240,幽霊少女室,2024-08-09,2024-08,steam_store_search,True,True,INTERSECTION,True,,v26421,r65793,Yuurei Shoujo Shitsu,complete,True,幽霊少女室,$3.99,False,https://store.steampowered.com/app/2847240/,https://vndb.org/v26421,15,FOUND,幽霊少女室,1723161600000,1786132828461,2026-08-08T12:07:45.053966+00:00
1519630,Lost paradise of Karuta,2024-08-11,2024-08,steam_store_search,True,True,INTERSECTION,True,,v50460,r121970;r124983,Shitsu Rakuen Karuta,complete,True,Lost paradise of Karuta,$12.99,False,https://store.steampowered.com/app/1519630/,https://vndb.org/v50460,127,FOUND,Lost paradise of Karuta,1723334400000,1786132828461,2026-08-08T12:07:45.053966+00:00
2773520,完美恋人~fragile love,2024-08-11,2024-08,steam_store_search,True,True,INTERSECTION,True,,v49337,r118896,Wanmei Lianren ~fragile love,complete,True,完美恋人~fragile love,$3.00,False,https://store.steampowered.com/app/2773520/,https://vndb.org/v49337,3882,FOUND,完美恋人~fragile love,1723334400000,1786132828461,2026-08-08T12:07:45.053966+00:00
3116260,若津谷村の祟り,2024-08-11,2024-08,steam_store_search,True,True,INTERSECTION,True,,v51965,r125674,Wakatsuyamura no Tatari,complete,True,若津谷村の祟り,Free,True,https://store.steampowered.com/app/3116260/,https://vndb.org/v51965,559,FOUND,若津谷村の祟り,1723334400000,1786132828461,2026-08-08T12:07:45.053966+00:00
3007170,green ogre gives you terrible life advice and dies,2024-08-12,2024-08,steam_store_search,True,True,INTERSECTION,True,,v52232,r126248,green ogre gives you terrible life advice and dies,complete,True,green ogre gives you terrible life advice and dies,-20%,False,https://store.steampowered.com/app/3007170/,https://vndb.org/v52232,1151,FOUND,green ogre gives you terrible life advice and dies,1723420800000,1786132828461,2026-08-08T12:07:45.053966+00:00
2957010,Beneath The Cherry Blossom Tree,2024-08-13,2024-08,steam_store_search,True,True,INTERSECTION,True,,v52221,r126225,Beneath The Cherry Blossom Tree,complete,True,Beneath The Cherry Blossom Tree,Free,True,https://store.steampowered.com/app/2957010/,https://vndb.org/v52221,289,FOUND,Beneath The Cherry Blossom Tree,1723507200000,1786132828461,2026-08-08T12:07:45.053966+00:00
2888590,Invasion of the Mushroom Men of Planet Y!,2024-08-13,2024-08,steam_store_search,True,True,INTERSECTION,True,,v52222,r126226,Invasion of the Mushroom Men of Planet Y!,complete,True,Invasion of the Mushroom Men of Planet Y!,Free,True,https://store.steampowered.com/app/2888590/,https://vndb.org/v52222,333,FOUND,Invasion of the Mushroom Men of Planet Y!,1723507200000,1786132828461,2026-08-08T12:07:45.053966+00:00
2926910,Banishing You,2024-08-14,2024-08,steam_store_search,True,True,INTERSECTION,True,,v52233,r126384,Banishing You,complete,True,Banishing You,$4.99,False,https://store.steampowered.com/app/2926910/,https://vndb.org/v52233,155,FOUND,Banishing You,1723593600000,1786132828461,2026-08-08T12:07:45.053966+00:00
3068300,Katawa Shoujo,2024-08-15,2024-08,steam_store_search,True,True,INTERSECTION,True,,v945,r125631;r147379,Katawa Shoujo,complete,True,Katawa Shoujo,Free,True,https://store.steampowered.com/app/3068300/,https://vndb.org/v945,141683,FOUND,Katawa Shoujo,1723680000000,1786132828461,2026-08-08T12:07:45.053966+00:00
2951710,品玉庵异谈 PinYuAn Tales,2024-08-15,2024-08,steam_store_search,True,True,INTERSECTION,True,,v52027,r125805,Pinyu'an Yitan,complete,True,品玉庵异谈 PinYuAn Tales,$3.99,False,https://store.steampowered.com/app/2951710/,https://vndb.org/v52027,2101,FOUND,品玉庵异谈   PinYuAn Tales,1723680000000,1786132828461,2026-08-08T12:07:45.053966+00:00
3028430,The Fast and the Flirtatious: LA Drift,2024-08-16,2024-08,steam_store_search,True,True,INTERSECTION,True,,v51159,r123855,The Fast and the Flirtatious: LA Drift,complete,True,The Fast and the Flirtatious: LA Drift,$7.99,False,https://store.steampowered.com/app/3028430/,https://vndb.org/v51159,77,FOUND,The Fast and the Flirtatious: LA Drift,1723766400000,1786132828461,2026-08-08T12:07:45.053966+00:00
2939490,アパシー 鳴神学園七不思議,2024-08-16,2024-08,steam_store_search,True,True,INTERSECTION,True,,v34196,r126250,Apathy: Narugami Gakuen Nana Fushigi,complete,True,アパシー 鳴神学園七不思議,$44.99,False,https://store.steampowered.com/app/2939490/,https://vndb.org/v34196,389,FOUND,アパシー 鳴神学園七不思議,1723766400000,1786132828461,2026-08-08T12:07:45.053966+00:00
3086910,I SUPPOSE,2024-08-21,2024-08,steam_store_search,True,True,INTERSECTION,True,,v52151,r126044,I SUPPOSE,complete,True,I SUPPOSE,Free,True,https://store.steampowered.com/app/3086910/,https://vndb.org/v52151,828,FOUND,I SUPPOSE,1724198400000,1786132828461,2026-08-08T12:07:45.053966+00:00
3108060,My Dear Delirium,2024-08-22,2024-08,steam_store_search,True,True,INTERSECTION,True,,v52299,r126404,My Dear Delirium,complete,True,My Dear Delirium,Free,True,https://store.steampowered.com/app/3108060/,https://vndb.org/v52299,1285,FOUND,My Dear Delirium,1724284800000,1786132828461,2026-08-08T12:07:45.053966+00:00
3037900,WGV: Dreamcatcher,2024-08-22,2024-08,steam_store_search,True,True,INTERSECTION,True,,v52333,r126503,WGV: Dreamcatcher,complete,True,WGV: Dreamcatcher,Free,True,https://store.steampowered.com/app/3037900/,https://vndb.org/v52333,772,FOUND,WGV: Dreamcatcher,1724284800000,1786132828461,2026-08-08T12:07:45.053966+00:00
2902550,交织的印记,2024-08-22,2024-08,steam_store_search,True,True,INTERSECTION,True,,v50114,r121154,Jiaozhi de Yinji,complete,True,交织的印记,$1.99,False,https://store.steampowered.com/app/2902550/,https://vndb.org/v50114,440,FOUND,交织的印记,1724284800000,1786132828461,2026-08-08T12:07:45.053966+00:00
2986260,Dreamlike Love with Seira,2024-08-23,2024-08,steam_store_search,True,True,INTERSECTION,True,,v37016,r126090,"Goshujin-sama, Seira ni Yume Mitai na Icha Love Gohoushi Sasete Itadakemasu ka",complete,True,Dreamlike Love with Seira,$6.99,False,https://store.steampowered.com/app/2986260/,https://vndb.org/v37016,50035,FOUND,Dreamlike Love with Seira,1724371200000,1786132828461,2026-08-08T12:07:45.053966+00:00
3139140,This Is Not Your House,2024-08-23,2024-08,steam_store_search,True,True,INTERSECTION,True,,v52349,r126549,This Is Not Your House,complete,True,This Is Not Your House,$0.99,False,https://store.steampowered.com/app/3139140/,https://vndb.org/v52349,3833,FOUND,This Is Not Your House,1724371200000,1786132828461,2026-08-08T12:07:45.053966+00:00
2329060,Dynasty Detective,2024-08-25,2024-08,steam_store_search,True,True,INTERSECTION,True,,v31867,r123156,Cheonggu Yadam: Paldo Gyeonmullok,complete,True,Dynasty Detective,$14.99,False,https://store.steampowered.com/app/2329060/,https://vndb.org/v31867,341,FOUND,Dynasty Detective,1724544000000,1786132828461,2026-08-08T12:07:45.053966+00:00
3134050,Backwater Eulogy,2024-08-26,2024-08,steam_store_search,True,True,INTERSECTION,True,,v52399,r126657,Backwater Eulogy,complete,True,Backwater Eulogy,$1.99,False,https://store.steampowered.com/app/3134050/,https://vndb.org/v52399,1255,FOUND,Backwater Eulogy,1724630400000,1786132828461,2026-08-08T12:07:45.053966+00:00
937280,GENBA no Kizuna,2024-08-26,2024-08,steam_store_search,True,True,INTERSECTION,True,,v23965,r103009,GENBA no Kizuna,complete,True,GENBA no Kizuna,$24.99,False,https://store.steampowered.com/app/937280/,https://vndb.org/v23965,443,FOUND,GENBA no Kizuna,1724630400000,1786132828461,2026-08-08T12:07:45.053966+00:00
3077180,Gamer Stories: Dating Real Japanese Female Gamers,2024-08-26,2024-08,steam_store_search,True,True,INTERSECTION,True,,v52398,r126656,Gamer Stories ~Jitsuzai Suru Josei Gamer to Date Shite Mita~,complete,True,Gamer Stories: Dating Real Japanese Female Gamers,$7.99,False,https://store.steampowered.com/app/3077180/,https://vndb.org/v52398,277,FOUND,Gamer Stories: Dating Real Japanese Female Gamers,1724630400000,1786132828461,2026-08-08T12:07:45.053966+00:00
2788150,Sakura Succubus 9,2024-08-26,2024-08,steam_store_search,True,True,INTERSECTION,True,,v52214,r126216,Sakura Succubus 9,complete,True,Sakura Succubus 9,$9.99,False,https://store.steampowered.com/app/2788150/,https://vndb.org/v52214,1677,FOUND,Sakura Succubus 9,1724630400000,1786132828461,2026-08-08T12:07:45.053966+00:00
3100210,My Sweet! Housemate,2024-08-27,2024-08,steam_store_search,True,True,INTERSECTION,True,,v52405,r140957,My Sweet! Housemate,complete,True,My Sweet! Housemate,$4.99,False,https://store.steampowered.com/app/3100210/,https://vndb.org/v52405,6944,FOUND,My Sweet! Housemate,1724716800000,1786132828461,2026-08-08T12:07:45.053966+00:00
2903060,The Final Prize is Soup,2024-08-27,2024-08,steam_store_search,True,True,INTERSECTION,True,,v47269,r113622,The Final Prize is Soup,complete,True,The Final Prize is Soup,Free,True,https://store.steampowered.com/app/2903060/,https://vndb.org/v47269,1835,FOUND,The Final Prize is Soup,1724716800000,1786132828461,2026-08-08T12:07:45.053966+00:00
2795270,"Everlasting Flowers - Where there is a will, there is a way",2024-08-28,2024-08,steam_store_search,True,True,INTERSECTION,True,,v46543,r114493,everlasting flowers,complete,True,"Everlasting Flowers - Where there is a will, there is a way",$29.99,False,https://store.steampowered.com/app/2795270/,https://vndb.org/v46543,5866,FOUND,"Everlasting Flowers - Where there is a will, there is a way",1724803200000,1786132828461,2026-08-08T12:07:45.053966+00:00
1985620,Ghost Girl Lasling (G-rated),2024-08-28,2024-08,steam_store_search,True,True,INTERSECTION,True,,v34656,r91596,Youling Shaonü Lasling,complete,True,Ghost Girl Lasling (G-rated),$15.99,False,https://store.steampowered.com/app/1985620/,https://vndb.org/v34656,44,FOUND,Ghost Girl Lasling (G-rated),1724803200000,1786132828461,2026-08-08T12:07:45.053966+00:00
3122530,苍空的彼端,2024-08-28,2024-08,steam_store_search,True,True,INTERSECTION,True,,v51921,r125571,Cangkong De Biduan,complete,True,苍空的彼端,Free,True,https://store.steampowered.com/app/3122530/,https://vndb.org/v51921,5374,FOUND,苍空的彼端,1724803200000,1786132828461,2026-08-08T12:07:45.053966+00:00
1567890,Date Z,2024-08-30,2024-08,steam_store_search,True,True,INTERSECTION,True,,v46329,r111243,Date Z,complete,True,Date Z,$14.99,False,https://store.steampowered.com/app/1567890/,https://vndb.org/v46329,1469,FOUND,Date Z,1724976000000,1786132828461,2026-08-08T12:07:45.053966+00:00
2253930,Kamikaze Lassplanes,2024-08-30,2024-08,steam_store_search,True,True,INTERSECTION,True,,v49386,r119056;r129624,Kamikaze Lassplanes,complete,True,Kamikaze Lassplanes,-10%,False,https://store.steampowered.com/app/2253930/,https://vndb.org/v49386,1204,FOUND,Kamikaze Lassplanes,1724976000000,1786132828461,2026-08-08T12:07:45.053966+00:00
2983260,LUNARiA -Virtualized Moonchild-,2024-08-30,2024-08,steam_store_search,True,True,INTERSECTION,True,,v29444,r102261,LUNARiA -Virtualized Moonchild-,complete,True,LUNARiA -Virtualized Moonchild-,$19.99,False,https://store.steampowered.com/app/2983260/,https://vndb.org/v29444,2898,FOUND,LUNARiA -Virtualized Moonchild-,1724976000000,1786132828461,2026-08-08T12:07:45.053966+00:00
3033900,Metamorphosis,2024-08-30,2024-08,steam_store_search,True,True,INTERSECTION,True,,v52453,r129710,Metamorfoz,complete,True,Metamorphosis,$1.99,False,https://store.steampowered.com/app/3033900/,https://vndb.org/v52453,465,FOUND,Metamorphosis,1724976000000,1786132828461,2026-08-08T12:07:45.053966+00:00
3149270,The Cummunist Manifesto: Dommy Mommy Commie Adventure,2024-08-30,2024-08,steam_store_search,True,True,INTERSECTION,True,,v52454,r126804,The Cummunist Manifesto: Dommy Mommy Commie Adventure,complete,True,The Cummunist Manifesto: Dommy Mommy Commie Adventure,$2.50,False,https://store.steampowered.com/app/3149270/,https://vndb.org/v52454,535,FOUND,The Cummunist Manifesto: Dommy Mommy Commie Adventure,1724976000000,1786132828461,2026-08-08T12:07:45.053966+00:00
3071120,IZGUB 2001,2024-09-02,2024-09,steam_store_search,True,True,INTERSECTION,True,,v52493,r126905,IZGUB 2001,complete,True,IZGUB 2001,$3.99,False,https://store.steampowered.com/app/3071120/,https://vndb.org/v52493,1347,FOUND,IZGUB 2001,1725235200000,1786132828461,2026-08-08T12:07:45.053966+00:00
3016500,Rain and the Wolf,2024-09-02,2024-09,steam_store_search,True,True,INTERSECTION,True,,v51677,r125100,Rain and the Wolf,complete,True,Rain and the Wolf,$12.99,False,https://store.steampowered.com/app/3016500/,https://vndb.org/v51677,272,FOUND,Rain and the Wolf,1725235200000,1786132828461,2026-08-08T12:07:45.053966+00:00
3167750,Twilight Express,2024-09-03,2024-09,steam_store_search,True,True,INTERSECTION,True,,v52317,r126455,Sumerechnyj Ekspress,complete,True,Twilight Express,$3.99,False,https://store.steampowered.com/app/3167750/,https://vndb.org/v52317,376,FOUND,Twilight Express,1725321600000,1786132828461,2026-08-08T12:07:45.053966+00:00
2401970,Ace Attorney Investigations Collection,2024-09-05,2024-09,steam_store_search,True,True,INTERSECTION,True,,v1719;v6639,r124339;r126795,Gyakuten Kenji;Gyakuten Kenji 2,complete;trial,True,Ace Attorney Investigations Collection,$39.99,False,https://store.steampowered.com/app/2401970/,https://vndb.org/v1719,174420,FOUND,Ace Attorney Investigations Collection,1725494400000,1786132828461,2026-08-08T12:07:45.053966+00:00
2627780,DATE A LIVE: Ren Dystopia,2024-09-05,2024-09,steam_store_search,True,True,INTERSECTION,True,,v25185,r118282,Date A Live: Ren Dystopia,complete,True,DATE A LIVE: Ren Dystopia,-85%,False,https://store.steampowered.com/app/2627780/,https://vndb.org/v25185,17973,FOUND,DATE A LIVE: Ren Dystopia,1725494400000,1786132828461,2026-08-08T12:07:45.053966+00:00
2757940,Furry Shakespeare: To Date Or Not To Date Spooky Cat Girls 2?!,2024-09-05,2024-09,steam_store_search,True,True,INTERSECTION,True,,v51806,r125315,Furry Shakespeare: To Date Or Not To Date Spooky Cat Girls 2?!,complete,True,Furry Shakespeare: To Date Or Not To Date Spooky Cat Girls 2?!,$9.99,False,https://store.steampowered.com/app/2757940/,https://vndb.org/v51806,1,FOUND,Furry Shakespeare: To Date Or Not To Date Spooky Cat Girls 2?!,1725494400000,1786132828461,2026-08-08T12:07:45.053966+00:00
3175700,Gekko Episode of Yurihime,2024-09-05,2024-09,steam_store_search,True,True,INTERSECTION,True,,v52527,r126980,Gekko no Sword Breaker - Yurihime Hen,complete,True,Gekko Episode of Yurihime,Free,True,https://store.steampowered.com/app/3175700/,https://vndb.org/v52527,278,FOUND,Gekko Episode of Yurihime,1725494400000,1786132828461,2026-08-08T12:07:45.053966+00:00
3154870,RAYS,2024-09-05,2024-09,steam_store_search,True,True,INTERSECTION,True,,v52528,r126981,RAYS,complete,True,RAYS,$0.99,False,https://store.steampowered.com/app/3154870/,https://vndb.org/v52528,55,FOUND,RAYS,1725494400000,1786132828461,2026-08-08T12:07:45.053966+00:00
2313810,The Girl Who Wasn't There,2024-09-10,2024-09,vndb_steam_release,True,True,INTERSECTION,True,,v42851,r103996;r127255,The Girl Who Wasn't There,complete;trial,True,The Girl Who Wasn't There,,False,https://store.steampowered.com/app/2313810/,https://vndb.org/v42851,,NOT_FOUND,,,,2026-08-08T12:07:45.053966+00:00
2658720,Vampire: The Masquerade - Reckoning of New York,2024-09-10,2024-09,steam_store_search,True,True,INTERSECTION,True,,v51294,r124173,Vampire: The Masquerade - Reckoning of New York,complete,True,Vampire: The Masquerade - Reckoning of New York,$19.99,False,https://store.steampowered.com/app/2658720/,https://vndb.org/v51294,14296,FOUND,Vampire: The Masquerade - Reckoning of New York,1725926400000,1786132828461,2026-08-08T12:07:45.053966+00:00
3012630,硅心_Silicon Heart——AI少女情人梦 _AI Girl Lovestory,2024-09-10,2024-09,steam_store_search,True,True,INTERSECTION,True,,v36575,r92589,Gui Xin,complete,True,硅心_Silicon Heart——AI少女情人梦 _AI Girl Lovestory,$3.99,False,https://store.steampowered.com/app/3012630/,https://vndb.org/v36575,1160,FOUND,硅心_Silicon Heart——AI少女情人梦 _AI Girl Lovestory,1725926400000,1786132828461,2026-08-08T12:07:45.053966+00:00
2779910,Hashihime of the Old Book Town append fullscreen,2024-09-11,2024-09,steam_store_search,True,True,INTERSECTION,True,,v17018,r131128,Koshotengai no Hashihime,complete,True,Hashihime of the Old Book Town append fullscreen,$17.99,False,https://store.steampowered.com/app/2779910/,https://vndb.org/v17018,3419,FOUND,Hashihime of the Old Book Town append　fullscreen,1726012800000,1786132828461,2026-08-08T12:07:45.053966+00:00
3001340,▼スライム娘は人間と友達になりたいようだ+,2024-09-11,2024-09,steam_store_search,True,True,INTERSECTION,True,,v44968,r126633;r130443;r154119,▼Slime Musume wa Ningen to Tomodachi ni Naritai Youda,complete,True,▼スライム娘は人間と友達になりたいようだ+,$3.99,False,https://store.steampowered.com/app/3001340/,https://vndb.org/v44968,1473,FOUND,▼スライム娘は人間と友達になりたいようだ+,1726012800000,1786132828461,2026-08-08T12:07:45.053966+00:00
3176810,死掉的女儿（The Dead Daughter）,2024-09-11,2024-09,steam_store_search,True,True,INTERSECTION,True,,v52693,r127257,Si Diao de Nu'er,complete,True,死掉的女儿（The Dead Daughter）,$0.99,False,https://store.steampowered.com/app/3176810/,https://vndb.org/v52693,1346,FOUND,死掉的女儿（The Dead Daughter）,1726012800000,1786132828461,2026-08-08T12:07:45.053966+00:00
2791850,Celestia: Chain of Fate,2024-09-12,2024-09,steam_store_search,True,True,INTERSECTION,True,,v36908,r122815,Celestia: Chain of Fate,complete,True,Celestia: Chain of Fate,-50%,False,https://store.steampowered.com/app/2791850/,https://vndb.org/v36908,714,FOUND,Celestia: Chain of Fate,1726099200000,1786132828461,2026-08-08T12:07:45.053966+00:00
3121650,Hydrangea,2024-09-13,2024-09,steam_store_search,True,True,INTERSECTION,True,,v49975,r125866,Hydrangea,complete,True,Hydrangea,Free,True,https://store.steampowered.com/app/3121650/,https://vndb.org/v49975,7074,FOUND,Hydrangea,1726185600000,1786132828461,2026-08-08T12:07:45.053966+00:00
2947240,Kimi no Hitomi ni Hit Me,2024-09-13,2024-09,steam_store_search,True,True,INTERSECTION,True,,v20002,r124958,Kimi no Hitomi ni Hit Me,complete,True,Kimi no Hitomi ni Hit Me,$29.99,False,https://store.steampowered.com/app/2947240/,https://vndb.org/v20002,5493,FOUND,Kimi no Hitomi ni Hit Me,1726185600000,1786132828461,2026-08-08T12:07:45.053966+00:00
2978070,Yume No Office,2024-09-13,2024-09,steam_store_search,True,True,INTERSECTION,True,,v52507,r159675,Yume No Office,complete,True,Yume No Office,-30%,False,https://store.steampowered.com/app/2978070/,https://vndb.org/v52507,643,FOUND,Yume No Office,1726185600000,1786132828461,2026-08-08T12:07:45.053966+00:00
2986010,與妳響起的樂音 -Our DreamMelody-,2024-09-13,2024-09,steam_store_search,True,True,INTERSECTION,True,,v52462,r126827,Yu Ni Xiangqi de Yueyin -Our DreamMelody-,complete,True,與妳響起的樂音 -Our DreamMelody-,$1.99,False,https://store.steampowered.com/app/2986010/,https://vndb.org/v52462,129,FOUND,與妳響起的樂音 -Our DreamMelody-,1726185600000,1786132828461,2026-08-08T12:07:45.053966+00:00
2936180,茜色,2024-09-13,2024-09,steam_store_search,True,True,INTERSECTION,True,,v50574,r130953,Qianse,complete,True,茜色,$4.99,False,https://store.steampowered.com/app/2936180/,https://vndb.org/v50574,5822,FOUND,茜色,1726185600000,1786132828461,2026-08-08T12:07:45.053966+00:00
3099840,Kimi to Kanojo no LILYVAGANZA,2024-09-14,2024-09,steam_store_search,True,True,INTERSECTION,True,,v52341,r126522;r133085,Kimi to Kanojo no LILYVAGANZA,complete,True,Kimi to Kanojo no LILYVAGANZA,Free,True,https://store.steampowered.com/app/3099840/,https://vndb.org/v52341,21912,FOUND,Kimi to Kanojo no LILYVAGANZA,1726272000000,1786132828461,2026-08-08T12:07:45.053966+00:00
3182390,My Little Sister Callie,2024-09-16,2024-09,steam_store_search,True,True,INTERSECTION,True,,v52750,r127363,My Little Sister Callie,complete,True,My Little Sister Callie,$1.99,False,https://store.steampowered.com/app/3182390/,https://vndb.org/v52750,97,FOUND,My Little Sister Callie,1726444800000,1786132828461,2026-08-08T12:07:45.053966+00:00
3159780,Picnic Syndrome,2024-09-16,2024-09,steam_store_search,True,True,INTERSECTION,True,,v50170,r121320;r122487,Picnic Syndrome,complete,True,Picnic Syndrome,$1.99,False,https://store.steampowered.com/app/3159780/,https://vndb.org/v50170,56,FOUND,Picnic Syndrome,1726444800000,1786132828461,2026-08-08T12:07:45.053966+00:00
3148240,The Crimson Call,2024-09-16,2024-09,steam_store_search,True,True,INTERSECTION,True,,v52716,r127311,The Crimson Call,complete,True,The Crimson Call,Free,True,https://store.steampowered.com/app/3148240/,https://vndb.org/v52716,1140,FOUND,The Crimson Call,1726444800000,1786132828461,2026-08-08T12:07:45.053966+00:00
2093610,HAPPY SAIN† SHEOL,2024-09-17,2024-09,steam_store_search,True,True,INTERSECTION,True,,v33587,r148361;r93143,HAPPY SAIN† SHEOL,complete,True,HAPPY SAIN† SHEOL,$10.99,False,https://store.steampowered.com/app/2093610/,https://vndb.org/v33587,4338,FOUND,HAPPY SAIN† SHEOL,1726531200000,1786132828461,2026-08-08T12:07:45.053966+00:00
2612660,Kamaitachi no Yoru x3,2024-09-18,2024-09,steam_store_search,True,True,INTERSECTION,True,,v10560;v1241;v5080,r124342,Kamaitachi no Yoru;Kamaitachi no Yoru 2 ~Kangokujima no Warabe Uta~;Kamaitachi no Yoru Triple: Mikazukishima Jiken no Shinsou,complete;partial,True,Kamaitachi no Yoru x3,$29.99,False,https://store.steampowered.com/app/2612660/,https://vndb.org/v10560,5884,FOUND,Kamaitachi no Yoru x3,1726617600000,1786132828461,2026-08-08T12:07:45.053966+00:00
2862440,The Town of Nie,2024-09-18,2024-09,steam_store_search,True,True,INTERSECTION,True,,v22741,r119003,Nie no Machi,complete,True,The Town of Nie,$59.99,False,https://store.steampowered.com/app/2862440/,https://vndb.org/v22741,834,FOUND,The Town of Nie,1726617600000,1786132828461,2026-08-08T12:07:45.053966+00:00
1695000,Rainbow Sea,2024-09-19,2024-09,steam_store_search,True,True,INTERSECTION,True,,v52806,r127542,Niji no Furu Umi,complete,True,Rainbow Sea,$14.99,False,https://store.steampowered.com/app/1695000/,https://vndb.org/v52806,477,FOUND,Rainbow Sea,1726704000000,1786132828461,2026-08-08T12:07:45.053966+00:00
1699900,Alexandria IV,2024-09-20,2024-09,steam_store_search,True,True,INTERSECTION,True,,v66373,r159294,Alexandria IV,complete,True,Alexandria IV,$11.99,False,https://store.steampowered.com/app/1699900/,https://vndb.org/v66373,91,FOUND,Alexandria IV,1726790400000,1786132828461,2026-08-08T12:07:45.053966+00:00
2579570,Samuel Sage: The Mystery at Penby Inn,2024-09-20,2024-09,steam_store_search,True,True,INTERSECTION,True,,v48635,r116910,Samuel Sage: The Mystery at Penby Inn,complete,True,Samuel Sage: The Mystery at Penby Inn,$7.99,False,https://store.steampowered.com/app/2579570/,https://vndb.org/v48635,537,FOUND,Samuel Sage: The Mystery at Penby Inn,1726790400000,1786132828461,2026-08-08T12:07:45.053966+00:00
1690000,Trap for the Heir,2024-09-20,2024-09,steam_store_search,True,True,INTERSECTION,True,,v49304,r118775;r123418,Trap for the Heir,complete;trial,True,Trap for the Heir,$8.99,False,https://store.steampowered.com/app/1690000/,https://vndb.org/v49304,411,FOUND,Trap for the Heir,1726790400000,1786132828461,2026-08-08T12:07:45.053966+00:00
2757330,Class of '09: The Flip Side,2024-09-23,2024-09,steam_store_search,True,True,INTERSECTION,True,,v51915,r125558,Class of '09: The Flip Side,complete,True,Class of '09: The Flip Side,$9.99,False,https://store.steampowered.com/app/2757330/,https://vndb.org/v51915,45016,FOUND,Class of '09: The Flip Side,1727049600000,1786132828461,2026-08-08T12:07:45.053966+00:00
3201610,Blind Man's Sun,2024-09-25,2024-09,steam_store_search,True,True,INTERSECTION,True,,v52843,r127638,Blind Man's Sun,complete,True,Blind Man's Sun,$0.99,False,https://store.steampowered.com/app/3201610/,https://vndb.org/v52843,633,FOUND,Blind Man's Sun,1727222400000,1786132828461,2026-08-08T12:07:45.053966+00:00
3221490,Can we be three?,2024-09-25,2024-09,steam_store_search,True,True,INTERSECTION,True,,v52717,r127312,Can we be three?,complete,True,Can we be three?,$6.99,False,https://store.steampowered.com/app/3221490/,https://vndb.org/v52717,80,FOUND,Can we be three?,1727222400000,1786132828461,2026-08-08T12:07:45.053966+00:00
2445090,Keepers of Astraela,2024-09-25,2024-09,steam_store_search,True,True,INTERSECTION,True,,v45307,r109049,Keepers of Astraela,complete,True,Keepers of Astraela,$14.99,False,https://store.steampowered.com/app/2445090/,https://vndb.org/v45307,187,FOUND,Keepers of Astraela,1727222400000,1786132828461,2026-08-08T12:07:45.053966+00:00
2539620,The Sun Shines Over Us,2024-09-25,2024-09,steam_store_search,True,True,INTERSECTION,True,,v45239,r113100,Menggapai Matahari,complete,True,The Sun Shines Over Us,$15.99,False,https://store.steampowered.com/app/2539620/,https://vndb.org/v45239,322,FOUND,The Sun Shines Over Us,1727222400000,1786132828461,2026-08-08T12:07:45.053966+00:00
3212910,"For a long time, I built plans to steal a boy at work and didn't dare to do it, but I happened to get him, so now I can do all sorts of T H I N G S with him…",2024-09-26,2024-09,steam_store_search,True,True,INTERSECTION,True,,v52871,r127692,"Davno hotela ukrast' sebe mal'chika na rabote i nikak ne reshalas', no u menja eto sluchajno poluchilos', tak chto teper' ja delaju s nim VSJAKOE...",complete,True,"For a long time, I built plans to steal a boy at work and didn't dare to do it, but I happened to get him, so now I can do all sorts of T H I N G S with him…",$2.99,False,https://store.steampowered.com/app/3212910/,https://vndb.org/v52871,846,FOUND,"For a long time, I built plans to steal a boy at work and didn't dare to do it, but I happened to get him, so now I can do all sorts of T H I N G S with him…",1727308800000,1786132828461,2026-08-08T12:07:45.053966+00:00
2820030,Spy 1 Lovecraftian,2024-09-26,2024-09,steam_store_search,True,True,INTERSECTION,True,,v49311,r118789,Spy 1 Lovecraftian,complete,True,Spy 1 Lovecraftian,$5.99,False,https://store.steampowered.com/app/2820030/,https://vndb.org/v49311,15,FOUND,Spy 1 Lovecraftian,1727308800000,1786132828461,2026-08-08T12:07:45.053966+00:00
3175930,The Painting,2024-09-27,2024-09,steam_store_search,True,True,INTERSECTION,True,,v37371,r94116,The Painting,complete,True,The Painting,Free,True,https://store.steampowered.com/app/3175930/,https://vndb.org/v37371,2271,FOUND,The Painting,1727395200000,1786132828461,2026-08-08T12:07:45.053966+00:00
3042660,The Villainess Is Adored by the Prince of the Neighbor Kingdom,2024-09-29,2024-09,steam_store_search,True,True,INTERSECTION,True,,v47740,r126719,Akuyaku Reijou wa Ringoku no Outaishi ni Dekiai Sareru,complete,True,The Villainess Is Adored by the Prince of the Neighbor Kingdom,$39.99,False,https://store.steampowered.com/app/3042660/,https://vndb.org/v47740,857,FOUND,The Villainess Is Adored by the Prince of the Neighbor Kingdom,1727568000000,1786132828461,2026-08-08T12:07:45.053966+00:00
3086760,Melty Amethyst,2024-09-30,2024-09,steam_store_search,True,True,INTERSECTION,True,,v49061,r125047,Melty Amethyst,complete,True,Melty Amethyst,$2.84,False,https://store.steampowered.com/app/3086760/,https://vndb.org/v49061,468,FOUND,Melty Amethyst,1727654400000,1786132828461,2026-08-08T12:07:45.053966+00:00
3218860,Signed Mary,2024-09-30,2024-09,steam_store_search,True,True,INTERSECTION,True,,v52990,r127868,Signed Mary,complete,True,Signed Mary,$2.99,False,https://store.steampowered.com/app/3218860/,https://vndb.org/v52990,493,FOUND,Signed Mary,1727654400000,1786132828461,2026-08-08T12:07:45.053966+00:00
1175400,The Dreamwalkers,2024-09-30,2024-09,steam_store_search,True,True,INTERSECTION,True,,v28428,r127869,The Dreamwalkers,complete,True,The Dreamwalkers,$8.99,False,https://store.steampowered.com/app/1175400/,https://vndb.org/v28428,514,FOUND,The Dreamwalkers,1727654400000,1786132828461,2026-08-08T12:07:45.053966+00:00
3055400,High School Rizz Party,2024-10-01,2024-10,steam_store_search,True,True,INTERSECTION,True,,v53018,r127905,High School Rizz Party,complete,True,High School Rizz Party,$6.99,False,https://store.steampowered.com/app/3055400/,https://vndb.org/v53018,650,FOUND,High School Rizz Party,1727740800000,1786132828461,2026-08-08T12:07:45.053966+00:00
3193620,Lost Connection,2024-10-01,2024-10,steam_store_search,True,True,INTERSECTION,True,,v53019,r127906,Lost Connection,complete,True,Lost Connection,$1.99,False,https://store.steampowered.com/app/3193620/,https://vndb.org/v53019,1,FOUND,Lost Connection,1727740800000,1786132828461,2026-08-08T12:07:45.053966+00:00
3021100,Five Hearts Under One Roof,2024-10-02,2024-10,steam_store_search,True,True,INTERSECTION,True,,v56519,r135894,Hasuksaeng-i Jeonbu Minyeoimnidaman?,complete,True,Five Hearts Under One Roof,-55%,False,https://store.steampowered.com/app/3021100/,https://vndb.org/v56519,294273,FOUND,Five Hearts Under One Roof,1727827200000,1786132828461,2026-08-08T12:07:45.053966+00:00
2779890,Meiji Tokyo Renka Full Moon,2024-10-02,2024-10,steam_store_search,True,True,INTERSECTION,True,,v12159,r122066,Meiji Tokyo Renka,complete,True,Meiji Tokyo Renka Full Moon,$59.99,False,https://store.steampowered.com/app/2779890/,https://vndb.org/v12159,6866,FOUND,Meiji Tokyo Renka  Full Moon,1727827200000,1786132828461,2026-08-08T12:07:45.053966+00:00
1870930,Atlas Ablaze,2024-10-04,2024-10,steam_store_search,True,True,INTERSECTION,True,,v53069,r128048,Atlas Ablaze,complete,True,Atlas Ablaze,Free,True,https://store.steampowered.com/app/1870930/,https://vndb.org/v53069,363,FOUND,Atlas Ablaze,1728000000000,1786132828461,2026-08-08T12:07:45.053966+00:00
2818450,Putrika 1st.cut:The Reason She Must Perish,2024-10-06,2024-10,steam_store_search,True,True,INTERSECTION,True,,v49261,r129997,Putrika 1st.cut:The Reason She Must Perish,complete,True,Putrika 1st.cut:The Reason She Must Perish,$17.99,False,https://store.steampowered.com/app/2818450/,https://vndb.org/v49261,10097,FOUND,Putrika 1st.cut:The Reason She Must Perish,1728172800000,1786132828461,2026-08-08T12:07:45.053966+00:00
3186680,It Paints Me,2024-10-07,2024-10,steam_store_search,True,True,INTERSECTION,True,,v47614,r121364,It Paints Me,complete,True,It Paints Me,Free,True,https://store.steampowered.com/app/3186680/,https://vndb.org/v47614,6906,FOUND,It Paints Me,1728259200000,1786132828461,2026-08-08T12:07:45.053966+00:00
3022500,Sakura Alien 3,2024-10-07,2024-10,steam_store_search,True,True,INTERSECTION,True,,v52718,r127313,Sakura Alien 3,complete,True,Sakura Alien 3,$9.99,False,https://store.steampowered.com/app/3022500/,https://vndb.org/v52718,636,FOUND,Sakura Alien 3,1728259200000,1786132828461,2026-08-08T12:07:45.053966+00:00
3233970,Loop,2024-10-08,2024-10,steam_store_search,True,True,INTERSECTION,True,,v46195,r110983,Loop,complete,True,Loop,$4.99,False,https://store.steampowered.com/app/3233970/,https://vndb.org/v46195,145,FOUND,Loop,1728345600000,1786132828461,2026-08-08T12:07:45.053966+00:00
2120070,Pro Philosopher 2: Governments & Grievances,2024-10-08,2024-10,steam_store_search,True,True,INTERSECTION,True,,v45386,r109256,Pro Philosopher 2: Governments & Grievances,complete,True,Pro Philosopher 2: Governments & Grievances,$11.99,False,https://store.steampowered.com/app/2120070/,https://vndb.org/v45386,2823,FOUND,Pro Philosopher 2: Governments & Grievances,1728345600000,1786132828461,2026-08-08T12:07:45.053966+00:00
3229370,ストレイ・メモリア,2024-10-09,2024-10,steam_store_search,True,True,INTERSECTION,True,,v48134,r128151,Stray Memoria,complete,True,ストレイ・メモリア,$17.99,False,https://store.steampowered.com/app/3229370/,https://vndb.org/v48134,30,FOUND,ストレイ・メモリア,1728432000000,1786132828461,2026-08-08T12:07:45.053966+00:00
3214880,Bloody Painter Dating Sim,2024-10-10,2024-10,steam_store_search,True,True,INTERSECTION,True,,v52899,r127735,Xuexing Huajia Lian'ai Youxi,complete,True,Bloody Painter Dating Sim,Free,True,https://store.steampowered.com/app/3214880/,https://vndb.org/v52899,127088,FOUND,Bloody Painter Dating Sim,1728518400000,1786132828461,2026-08-08T12:07:45.053966+00:00
3199000,Countdown,2024-10-10,2024-10,steam_store_search,True,True,INTERSECTION,True,,v53122,r128175,Daojishi,complete,True,Countdown,Free,True,https://store.steampowered.com/app/3199000/,https://vndb.org/v53122,2259,FOUND,Countdown,1728518400000,1786132828461,2026-08-08T12:07:45.053966+00:00
2967380,Dead Detention (Rescribbled),2024-10-10,2024-10,steam_store_search,True,True,INTERSECTION,True,,v53628,r129458,DEAD DETENTION (Rescribbled),complete,True,Dead Detention (Rescribbled),$3.99,False,https://store.steampowered.com/app/2967380/,https://vndb.org/v53628,80,FOUND,Dead Detention (Rescribbled),1728518400000,1786132828461,2026-08-08T12:07:45.053966+00:00
3241860,Dziedzic: Księga pytań bez odpowiedzi,2024-10-11,2024-10,steam_store_search,True,True,INTERSECTION,True,,v50403,r121841,Dziedzic: Księga pytań bez odpowiedzi,complete,True,Dziedzic: Księga pytań bez odpowiedzi,$5.99,False,https://store.steampowered.com/app/3241860/,https://vndb.org/v50403,143,FOUND,Dziedzic: Księga pytań bez odpowiedzi,1728604800000,1786132828461,2026-08-08T12:07:45.053966+00:00
2025310,Sigh of the Abyss,2024-10-11,2024-10,steam_store_search,True,True,INTERSECTION,True,,v36613,r92725,Sigh of the Abyss,complete,True,Sigh of the Abyss,$17.99,False,https://store.steampowered.com/app/2025310/,https://vndb.org/v36613,3678,FOUND,Sigh of the Abyss,1728604800000,1786132828461,2026-08-08T12:07:45.053966+00:00
3190720,つばめの世代,2024-10-12,2024-10,steam_store_search,True,True,INTERSECTION,True,,v46547,r111632,Tsubame no Sedai,complete,True,つばめの世代,$3.99,False,https://store.steampowered.com/app/3190720/,https://vndb.org/v46547,345,FOUND,つばめの世代,1728691200000,1786132828461,2026-08-08T12:07:45.053966+00:00
3027780,A Work of Art,2024-10-14,2024-10,steam_store_search,True,True,INTERSECTION,True,,v53176,r128330,A Work of Art,complete,True,A Work of Art,Free,True,https://store.steampowered.com/app/3027780/,https://vndb.org/v53176,7528,FOUND,A Work of Art,1728864000000,1786132828461,2026-08-08T12:07:45.053966+00:00
3167660,Noonna The Rock,2024-10-14,2024-10,steam_store_search,True,True,INTERSECTION,True,,v52660,r127172,Noonna The Rock,complete,True,Noonna The Rock,$7.99,False,https://store.steampowered.com/app/3167660/,https://vndb.org/v52660,47,FOUND,Noonna The Rock,1728864000000,1786132828461,2026-08-08T12:07:45.053966+00:00
2717570,Find the Demon 恶魔鉴定守则,2024-10-15,2024-10,steam_store_search,True,True,INTERSECTION,True,,v51091,r123662,E'mo Jianding Shouze,complete,True,Find the Demon 恶魔鉴定守则,$7.99,False,https://store.steampowered.com/app/2717570/,https://vndb.org/v51091,9038,FOUND,Find the Demon 恶魔鉴定守则,1728950400000,1786132828461,2026-08-08T12:07:45.053966+00:00
2452390,Project Vostok: Episodes 2 & 3,2024-10-15,2024-10,vndb_steam_release,True,True,INTERSECTION,True,,v32556,r109382;r128391,Proekt Vostok,complete;partial,True,Project Vostok: Episodes 2 & 3,,False,https://store.steampowered.com/app/2452390/,https://vndb.org/v32556,,NOT_FOUND,,,,2026-08-08T12:07:45.053966+00:00
2910460,Furry Angel Take In,2024-10-16,2024-10,steam_store_search,True,True,INTERSECTION,True,,v51089,r123653,Maorong Tianshi Liaoyu Rensheng,complete,True,Furry Angel Take In,$2.99,False,https://store.steampowered.com/app/2910460/,https://vndb.org/v51089,8354,FOUND,Furry Angel Take In,1729036800000,1786132828461,2026-08-08T12:07:45.053966+00:00
3239100,Love Love 2024: The Love Election,2024-10-16,2024-10,steam_store_search,True,True,INTERSECTION,True,,v53070,r128049,Love Love 2024: The Love Election,complete,True,Love Love 2024: The Love Election,$3.99,False,https://store.steampowered.com/app/3239100/,https://vndb.org/v53070,285,FOUND,Love Love 2024: The Love Election,1729036800000,1786132828461,2026-08-08T12:07:45.053966+00:00
3056280,Holy Shift,2024-10-17,2024-10,steam_store_search,True,True,INTERSECTION,True,,v53207,r128406,Holy Shift,complete,True,Holy Shift,$1.99,False,https://store.steampowered.com/app/3056280/,https://vndb.org/v53207,727,FOUND,Holy Shift,1729123200000,1786132828461,2026-08-08T12:07:45.053966+00:00
3096780,I believe you anyway,2024-10-18,2024-10,steam_store_search,True,True,INTERSECTION,True,,v41887,r128110,"Ashita, Uso ga Wakaranaku Nattemo",complete,True,I believe you anyway,$5.99,False,https://store.steampowered.com/app/3096780/,https://vndb.org/v41887,1,FOUND,I believe you anyway,1729209600000,1786132828461,2026-08-08T12:07:45.053966+00:00
3175910,Inversed,2024-10-18,2024-10,steam_store_search,True,True,INTERSECTION,True,,v51797,r127485,Inversed,complete,True,Inversed,Free,True,https://store.steampowered.com/app/3175910/,https://vndb.org/v51797,2268,FOUND,Inversed,1729209600000,1786132828461,2026-08-08T12:07:45.053966+00:00
2859270,It Could Happen to You,2024-10-18,2024-10,steam_store_search,True,True,INTERSECTION,True,,v53039,r127950,It Could Happen to You,complete,True,It Could Happen to You,-60%,False,https://store.steampowered.com/app/2859270/,https://vndb.org/v53039,171,FOUND,It Could Happen to You,1729209600000,1786132828461,2026-08-08T12:07:45.053966+00:00
3271430,Portrait of a Cornish Woman,2024-10-22,2024-10,steam_store_search,True,True,INTERSECTION,True,,v53093,r128105,Portrait of a Cornish Woman,complete,True,Portrait of a Cornish Woman,-30%,False,https://store.steampowered.com/app/3271430/,https://vndb.org/v53093,39,FOUND,Portrait of a Cornish Woman,1729555200000,1786132828461,2026-08-08T12:07:45.053966+00:00
3192100,MOOZ,2024-10-23,2024-10,steam_store_search,True,True,INTERSECTION,True,,v31165,r128111,MOOZ,complete,True,MOOZ,$4.99,False,https://store.steampowered.com/app/3192100/,https://vndb.org/v31165,175,FOUND,MOOZ,1729641600000,1786132828461,2026-08-08T12:07:45.053966+00:00
2838360,SINce Memories: Off The Starry Sky,2024-10-23,2024-10,steam_store_search,True,True,INTERSECTION,True,,v28683,r120819,SINce Memories: Hoshi no Sora no Shita de,complete,True,SINce Memories: Off The Starry Sky,$39.99,False,https://store.steampowered.com/app/2838360/,https://vndb.org/v28683,816,FOUND,SINce Memories: Off The Starry Sky,1729641600000,1786132828461,2026-08-08T12:07:45.053966+00:00
3148490,Kindred [Subject 6244],2024-10-24,2024-10,steam_store_search,True,True,INTERSECTION,True,,v53308,r128667,Kindred [Subject 6244],complete,True,Kindred [Subject 6244],$1.99,False,https://store.steampowered.com/app/3148490/,https://vndb.org/v53308,604,FOUND,Kindred [Subject 6244],1729728000000,1786132828461,2026-08-08T12:07:45.053966+00:00
2685600,My Confounding Cat is Criminally Cute!,2024-10-24,2024-10,steam_store_search,True,True,INTERSECTION,True,,v48642,r139330,My Confounding Cat is Criminally Cute!,complete,True,My Confounding Cat is Criminally Cute!,$6.99,False,https://store.steampowered.com/app/2685600/,https://vndb.org/v48642,744,FOUND,My Confounding Cat is Criminally Cute!,1729728000000,1786132828461,2026-08-08T12:07:45.053966+00:00
2844500,My Protogen Engineer ⚙️,2024-10-24,2024-10,steam_store_search,True,True,INTERSECTION,True,,v49952,r120647,My Protogen Engineer ⚙️,complete,True,My Protogen Engineer ⚙️,$4.99,False,https://store.steampowered.com/app/2844500/,https://vndb.org/v49952,2300,FOUND,My Protogen Engineer ⚙️,1729728000000,1786132828461,2026-08-08T12:07:45.053966+00:00
3269460,Tide—1932—,2024-10-24,2024-10,steam_store_search,True,True,INTERSECTION,True,,v53154,r128251,Chao—1932—,complete,True,Tide—1932—,$2.99,False,https://store.steampowered.com/app/3269460/,https://vndb.org/v53154,661,FOUND,Tide—1932—,1729728000000,1786132828461,2026-08-08T12:07:45.053966+00:00
3203550,Jill O' Lantern: Final Cut,2024-10-25,2024-10,steam_store_search,True,True,INTERSECTION,True,,v39160,r127484,Jill O' Lantern,complete,True,Jill O' Lantern: Final Cut,$14.99,False,https://store.steampowered.com/app/3203550/,https://vndb.org/v39160,274,FOUND,Jill O' Lantern: Final Cut,1729814400000,1786132828461,2026-08-08T12:07:45.053966+00:00
2988460,Light de deux,2024-10-25,2024-10,steam_store_search,True,True,INTERSECTION,True,,v51686,r144723,Light de Deux,complete,True,Light de deux,$5.00,False,https://store.steampowered.com/app/2988460/,https://vndb.org/v51686,381,FOUND,Light de deux,1729814400000,1786132828461,2026-08-08T12:07:45.053966+00:00
2862710,Pure Pure Pero Pero Princess,2024-10-25,2024-10,steam_store_search,True,True,INTERSECTION,True,,v35201,r122990,Purepure♥Peropero♥Princess ~Junshin Mahou Oujo no Dosukebe Kairaku Lesson~,complete,True,Pure Pure Pero Pero Princess,$14.99,False,https://store.steampowered.com/app/2862710/,https://vndb.org/v35201,3075,FOUND,Pure Pure Pero Pero Princess,1729814400000,1786132828461,2026-08-08T12:07:45.053966+00:00
3170800,Love is in the Airship,2024-10-26,2024-10,steam_store_search,True,True,INTERSECTION,True,,v53293,r128625;r135701,Love is in the Airship,complete,True,Love is in the Airship,-30%,False,https://store.steampowered.com/app/3170800/,https://vndb.org/v53293,223,FOUND,Love is in the Airship,1729900800000,1786132828461,2026-08-08T12:07:45.053966+00:00
2361740,Destiny Star Girlfriend 2,2024-10-28,2024-10,steam_store_search,True,True,INTERSECTION,True,,v23290,r120835,Shukusei no Girlfriend 2 -The Destiny Star of Girlfriend-,complete,True,Destiny Star Girlfriend 2,$14.99,False,https://store.steampowered.com/app/2361740/,https://vndb.org/v23290,676,FOUND,Destiny Star Girlfriend 2,1730073600000,1786132828461,2026-08-08T12:07:45.053966+00:00
2361750,Destiny Star Girlfriend 3,2024-10-28,2024-10,steam_store_search,True,True,INTERSECTION,True,,v23772,r124632,Shukusei no Girlfriend 3 -the destiny star of girlfriend-,complete,True,Destiny Star Girlfriend 3,$14.99,False,https://store.steampowered.com/app/2361750/,https://vndb.org/v23772,658,FOUND,Destiny Star Girlfriend 3,1730073600000,1786132828461,2026-08-08T12:07:45.053966+00:00
1777440,Kimi ga Nozomu Eien: Enhanced Edition,2024-10-29,2024-10,steam_store_search,True,True,INTERSECTION,True,,v28307;v94,r124569,Kimi ga Nozomu Eien;Kimi ga Nozomu Eien Another Episode - Kanashimi wa Kaze no You ni,complete,True,Kimi ga Nozomu Eien: Enhanced Edition,$39.99,False,https://store.steampowered.com/app/1777440/,https://vndb.org/v28307,3312,FOUND,Kimi ga Nozomu Eien: Enhanced Edition,1730160000000,1786132828461,2026-08-08T12:07:45.053966+00:00
3273760,あきのかえりみち＜完全版＞,2024-10-29,2024-10,steam_store_search,True,True,INTERSECTION,True,,v47966,r128380,Aki no Kaerimichi,complete,True,あきのかえりみち＜完全版＞,$1.99,False,https://store.steampowered.com/app/3273760/,https://vndb.org/v47966,137,FOUND,あきのかえりみち＜完全版＞,1730160000000,1786132828461,2026-08-08T12:07:45.053966+00:00
2786100,皎月坠落之时,2024-10-29,2024-10,steam_store_search,True,True,INTERSECTION,True,,v51162,r123874,Jiaoyue Zhuilo Zhishi,complete,True,皎月坠落之时,$8.99,False,https://store.steampowered.com/app/2786100/,https://vndb.org/v51162,6545,FOUND,皎月坠落之时,1730160000000,1786132828461,2026-08-08T12:07:45.053966+00:00
3173870,Call the Tune,2024-10-30,2024-10,steam_store_search,True,True,INTERSECTION,True,,v53037,r127946,Call the Tune,complete,True,Call the Tune,$3.50,False,https://store.steampowered.com/app/3173870/,https://vndb.org/v53037,66,FOUND,Call the Tune,1730246400000,1786132828461,2026-08-08T12:07:45.053966+00:00
2916360,Plastic Trick,2024-10-30,2024-10,steam_store_search,True,True,INTERSECTION,True,,v51446,r126057,Plastic Trick,complete,True,Plastic Trick,$12.99,False,https://store.steampowered.com/app/2916360/,https://vndb.org/v51446,401,FOUND,Plastic Trick,1730246400000,1786132828461,2026-08-08T12:07:45.053966+00:00
2862280,The Devil's Whisper,2024-10-30,2024-10,steam_store_search,True,True,INTERSECTION,True,,v44780,r128292;r128293,The Devil's Whisper,complete;trial,True,The Devil's Whisper,$4.99,False,https://store.steampowered.com/app/2862280/,https://vndb.org/v44780,33,FOUND,The Devil's Whisper,1730246400000,1786132828461,2026-08-08T12:07:45.053966+00:00
2850270,The Garden of the Gods,2024-10-30,2024-10,steam_store_search,True,True,INTERSECTION,True,,v53098,r128117,Kamigami no Hakoniwa,complete,True,The Garden of the Gods,$29.99,False,https://store.steampowered.com/app/2850270/,https://vndb.org/v53098,237,FOUND,The Garden of the Gods,1730246400000,1786132828461,2026-08-08T12:07:45.053966+00:00
3275280,Storm the Swan - And the Power of FRIENDSHIP and IMAGINATION,2024-10-31,2024-10,steam_store_search,True,True,INTERSECTION,True,,v53041,r129101,Storm the Swan 🦢,complete,True,Storm the Swan - And the Power of FRIENDSHIP and IMAGINATION,Free,True,https://store.steampowered.com/app/3275280/,https://vndb.org/v53041,3043,FOUND,Storm the Swan - And the Power of FRIENDSHIP and IMAGINATION,1730332800000,1786132828461,2026-08-08T12:07:45.053966+00:00
2985720,Veilcrest: Trial of The Arcane,2024-10-31,2024-10,steam_store_search,True,True,INTERSECTION,True,,v51482,r124697,Veilcrest: Trial of The Arcane,complete,True,Veilcrest: Trial of The Arcane,$10.99,False,https://store.steampowered.com/app/2985720/,https://vndb.org/v51482,1,FOUND,Veilcrest: Trial of The Arcane,1730332800000,1786132828461,2026-08-08T12:07:45.053966+00:00
2954920,Zero-Sum Heart,2024-10-31,2024-10,steam_store_search,True,True,INTERSECTION,True,,v53192,r148789,Ling He Zhi Xin,complete,True,Zero-Sum Heart,$4.99,False,https://store.steampowered.com/app/2954920/,https://vndb.org/v53192,3411,FOUND,Zero-Sum Heart,1730332800000,1786132828461,2026-08-08T12:07:45.053966+00:00
2302660,Homicipher,2024-11-01,2024-11,steam_store_search,True,True,INTERSECTION,True,,v51437,r127944,Mojibake,complete,True,Homicipher,-10%,False,https://store.steampowered.com/app/2302660/,https://vndb.org/v51437,176144,FOUND,Homicipher,1730419200000,1786132828461,2026-08-08T12:07:45.053966+00:00
3145540,BLUE NIGHT LAUNDROMAT,2024-11-03,2024-11,steam_store_search,True,True,INTERSECTION,True,,v53974,r130221,BLUE NIGHT LAUNDROMAT,complete,True,BLUE NIGHT LAUNDROMAT,Free,True,https://store.steampowered.com/app/3145540/,https://vndb.org/v53974,2077,FOUND,BLUE NIGHT LAUNDROMAT,1730592000000,1786132828461,2026-08-08T12:07:45.053966+00:00
3265330,Tsunagari Chess School,2024-11-03,2024-11,steam_store_search,True,True,INTERSECTION,True,,v53177,r128333,Tsunagari Chess School,complete,True,Tsunagari Chess School,$4.99,False,https://store.steampowered.com/app/3265330/,https://vndb.org/v53177,2215,FOUND,Tsunagari Chess School,1730592000000,1786132828461,2026-08-08T12:07:45.053966+00:00
3277530,Aeonic,2024-11-05,2024-11,steam_store_search,True,True,INTERSECTION,True,,v67520,r162083,Aeonic,complete,True,Aeonic,$4.99,False,https://store.steampowered.com/app/3277530/,https://vndb.org/v67520,701,FOUND,Aeonic,1730764800000,1786132828461,2026-08-08T12:07:45.053966+00:00
2975870,Do you have SALT?,2024-11-05,2024-11,steam_store_search,True,True,INTERSECTION,True,,v53435,r128975,U vas est' SOL'?,complete,True,Do you have SALT?,$1.99,False,https://store.steampowered.com/app/2975870/,https://vndb.org/v53435,704,FOUND,Do you have SALT?,1730764800000,1786132828461,2026-08-08T12:07:45.053966+00:00
3216220,My Boss Is Scaring Me,2024-11-05,2024-11,steam_store_search,True,True,INTERSECTION,True,,v53106,r128129,My Boss Is Scaring Me,complete,True,My Boss Is Scaring Me,Free,True,https://store.steampowered.com/app/3216220/,https://vndb.org/v53106,899,FOUND,My Boss Is Scaring Me,1730764800000,1786132828461,2026-08-08T12:07:45.053966+00:00
3224310,you're just imagining it,2024-11-05,2024-11,steam_store_search,True,True,INTERSECTION,True,,v50190,r127486,you're just imagining it,complete,True,you're just imagining it,Free,True,https://store.steampowered.com/app/3224310/,https://vndb.org/v50190,12327,FOUND,you're just imagining it,1730764800000,1786132828461,2026-08-08T12:07:45.053966+00:00
1714360,Angel Wings: Endless Night,2024-11-06,2024-11,steam_store_search,True,True,INTERSECTION,True,,v53475,r129096,Angel Wings: Endless Night,complete,True,Angel Wings: Endless Night,Free,True,https://store.steampowered.com/app/1714360/,https://vndb.org/v53475,2177,FOUND,Angel Wings: Endless Night,1730851200000,1786132828461,2026-08-08T12:07:45.053966+00:00
3292090,Man in a suit in a building in a city,2024-11-06,2024-11,steam_store_search,True,True,INTERSECTION,True,,v53472,r129083,Man in a suit in a building in a city,complete,True,Man in a suit in a building in a city,Free,True,https://store.steampowered.com/app/3292090/,https://vndb.org/v53472,759,FOUND,Man in a suit in a building in a city,1730851200000,1786132828461,2026-08-08T12:07:45.053966+00:00
3261430,NA-Re: great chain of being,2024-11-06,2024-11,steam_store_search,True,True,INTERSECTION,True,,v53470,r132291,NA-Re: Sled vremeni,complete,True,NA-Re: great chain of being,Free,True,https://store.steampowered.com/app/3261430/,https://vndb.org/v53470,1529,FOUND,NA-Re: great chain of being,1730851200000,1786132828461,2026-08-08T12:07:45.053966+00:00
3272870,ゲーマー女子と引きこもり Me and gamer girl,2024-11-06,2024-11,steam_store_search,True,True,INTERSECTION,True,,v38780,r129104,Netoge no Sekai de Deatta Kyonyuu Kanojo to Off Pako!,complete,True,ゲーマー女子と引きこもり Me and gamer girl,-50%,False,https://store.steampowered.com/app/3272870/,https://vndb.org/v38780,1,FOUND,ゲーマー女子と引きこもり Me and gamer girl,1730851200000,1786132828461,2026-08-08T12:07:45.053966+00:00
3296620,双相：水管（Bipolar: The Tube),2024-11-06,2024-11,steam_store_search,True,True,INTERSECTION,True,,v53311,r128670,Shuang Xiang: Shuiguan,complete,True,双相：水管（Bipolar: The Tube),$0.99,False,https://store.steampowered.com/app/3296620/,https://vndb.org/v53311,1340,FOUND,双相：水管（Bipolar: The Tube),1730851200000,1786132828461,2026-08-08T12:07:45.053966+00:00
3306870,恋のナースコール Nurse Call,2024-11-06,2024-11,steam_store_search,True,True,INTERSECTION,True,,v10226,r129105,Oppai Nurse! ~Hakui no Sakunyuu Byoutou~,complete,True,恋のナースコール Nurse Call,-50%,False,https://store.steampowered.com/app/3306870/,https://vndb.org/v10226,1,FOUND,恋のナースコール Nurse Call,1730851200000,1786132828461,2026-08-08T12:07:45.053966+00:00
2362090,Chicken Police: Into the HIVE!,2024-11-07,2024-11,steam_store_search,True,True,INTERSECTION,True,,v53497,r129157,Chicken Police: Into the HIVE!,complete,True,Chicken Police: Into the HIVE!,$19.99,False,https://store.steampowered.com/app/2362090/,https://vndb.org/v53497,7469,FOUND,Chicken Police: Into the HIVE!,1730937600000,1786132828461,2026-08-08T12:07:45.053966+00:00
3187380,Death Becomes You: Yuri Onsen Vacation,2024-11-07,2024-11,steam_store_search,True,True,INTERSECTION,True,,v47233,r127244,Death Becomes You: Yuri Onsen Vacation,complete,True,Death Becomes You: Yuri Onsen Vacation,Free,True,https://store.steampowered.com/app/3187380/,https://vndb.org/v47233,1425,FOUND,Death Becomes You: Yuri Onsen Vacation,1730937600000,1786132828461,2026-08-08T12:07:45.053966+00:00
3081240,Salvation:Immortale,2024-11-07,2024-11,steam_store_search,True,True,INTERSECTION,True,,v51826,r125342;r138558,Shaonü Guaiqi Shijianbu: Yongsheng,complete,True,Salvation:Immortale,$4.99,False,https://store.steampowered.com/app/3081240/,https://vndb.org/v51826,2336,FOUND,Salvation:Immortale,1730937600000,1786132828461,2026-08-08T12:07:45.053966+00:00
3164370,The Trials of Ozymandias,2024-11-07,2024-11,steam_store_search,True,True,INTERSECTION,True,,v53496,r129151,The Trials of Ozymandias,complete,True,The Trials of Ozymandias,$9.99,False,https://store.steampowered.com/app/3164370/,https://vndb.org/v53496,1,FOUND,The Trials of Ozymandias,1730937600000,1786132828461,2026-08-08T12:07:45.053966+00:00
3136150,Dates & Wires: Augmented Edition,2024-11-11,2024-11,steam_store_search,True,True,INTERSECTION,True,,v31255,r127708,Dates & Wires,complete,True,Dates & Wires: Augmented Edition,-60%,False,https://store.steampowered.com/app/3136150/,https://vndb.org/v31255,503,FOUND,Dates & Wires: Augmented Edition,1731283200000,1786132828461,2026-08-08T12:07:45.053966+00:00
3249540,Fling with a Tiefling,2024-11-11,2024-11,steam_store_search,True,True,INTERSECTION,True,,v47650,r125422,Fling with a Tiefling,complete,True,Fling with a Tiefling,Free,True,https://store.steampowered.com/app/3249540/,https://vndb.org/v47650,2503,FOUND,Fling with a Tiefling,1731283200000,1786132828461,2026-08-08T12:07:45.053966+00:00
2625600,Universe Has No Favorites,2024-11-11,2024-11,steam_store_search,True,True,INTERSECTION,True,,v50505,r122120,Universe Has No Favorites,complete,True,Universe Has No Favorites,-72%,False,https://store.steampowered.com/app/2625600/,https://vndb.org/v50505,153,FOUND,Universe Has No Favorites,1731283200000,1786132828461,2026-08-08T12:07:45.053966+00:00
3285200,Good Morning,2024-11-12,2024-11,steam_store_search,True,True,INTERSECTION,True,,v53548,r129268,Good Morning,complete,True,Good Morning,$2.99,False,https://store.steampowered.com/app/3285200/,https://vndb.org/v53548,15,FOUND,Good Morning,1731369600000,1786132828461,2026-08-08T12:07:45.053966+00:00
3141910,Out of Your Mind,2024-11-12,2024-11,steam_store_search,True,True,INTERSECTION,True,,v53503,r129172,Out of Your Mind,complete,True,Out of Your Mind,$6.99,False,https://store.steampowered.com/app/3141910/,https://vndb.org/v53503,29,FOUND,Out of Your Mind,1731369600000,1786132828461,2026-08-08T12:07:45.053966+00:00
3070590,Snowfall Symphony - A tale of Crustallus,2024-11-12,2024-11,steam_store_search,True,True,INTERSECTION,True,,v52417,r148140,Snowfall Symphony - A tale of Crustallus,complete,True,Snowfall Symphony - A tale of Crustallus,Free,True,https://store.steampowered.com/app/3070590/,https://vndb.org/v52417,1784,FOUND,Snowfall Symphony - A tale of Crustallus,1731369600000,1786132828461,2026-08-08T12:07:45.053966+00:00
3283890,Interstate 35,2024-11-13,2024-11,steam_store_search,True,True,INTERSECTION,True,,v53547,r129266,Interstate 35,complete,True,Interstate 35,$7.99,False,https://store.steampowered.com/app/3283890/,https://vndb.org/v53547,557,FOUND,Interstate 35,1731456000000,1786132828461,2026-08-08T12:07:45.053966+00:00
2866430,Scarlet Defiance: The Wall Between Us,2024-11-13,2024-11,steam_store_search,True,True,INTERSECTION,True,,v51143,r123799,Scarlet Defiance: The Wall Between Us,complete,True,Scarlet Defiance: The Wall Between Us,$14.99,False,https://store.steampowered.com/app/2866430/,https://vndb.org/v51143,1042,FOUND,Scarlet Defiance: The Wall Between Us,1731456000000,1786132828461,2026-08-08T12:07:45.053966+00:00
3000310,Cain × Nica,2024-11-14,2024-11,steam_store_search,True,True,INTERSECTION,True,,v51182,r123912,Kain x Nika,complete,True,Cain × Nica,$7.99,False,https://store.steampowered.com/app/3000310/,https://vndb.org/v51182,1455,FOUND,Cain × Nica,1731542400000,1786132828461,2026-08-08T12:07:45.053966+00:00
2911260,Stellifier - an otome game inspired by older idols,2024-11-14,2024-11,steam_store_search,True,True,INTERSECTION,True,,v52152,r126925,Stellifier,complete,True,Stellifier - an otome game inspired by older idols,$14.99,False,https://store.steampowered.com/app/2911260/,https://vndb.org/v52152,989,FOUND,Stellifier - an otome game inspired by older idols,1731542400000,1786132828461,2026-08-08T12:07:45.053966+00:00
3312820,The Automaton of Second London,2024-11-14,2024-11,steam_store_search,True,True,INTERSECTION,True,,v53225,r128453,The Automaton of Second London,complete,True,The Automaton of Second London,$1.99,False,https://store.steampowered.com/app/3312820/,https://vndb.org/v53225,30,FOUND,The Automaton of Second London,1731542400000,1786132828461,2026-08-08T12:07:45.053966+00:00
3135910,The rabbit and Tamaki are Taking a break!2,2024-11-14,2024-11,steam_store_search,True,True,INTERSECTION,True,,v53555,r129312,Usagi to Tamaki wa Oyasumi Chu~! 2,complete,True,The rabbit and Tamaki are Taking a break!2,$6.99,False,https://store.steampowered.com/app/3135910/,https://vndb.org/v53555,30,FOUND,The rabbit and Tamaki are Taking a break!2,1731542400000,1786132828461,2026-08-08T12:07:45.053966+00:00
1389900,大鹏 - The Roc,2024-11-14,2024-11,steam_store_search,True,True,INTERSECTION,True,,v52733,r127331,Dapeng - The Roc,complete,True,大鹏 - The Roc,$4.99,False,https://store.steampowered.com/app/1389900/,https://vndb.org/v52733,1943,FOUND,大鹏 - The Roc,1731542400000,1786132828461,2026-08-08T12:07:45.053966+00:00
3313210,Jeux bleu,2024-11-15,2024-11,steam_store_search,True,True,INTERSECTION,True,,v52846,r127642,Jeux bleu,complete,True,Jeux bleu,$5.99,False,https://store.steampowered.com/app/3313210/,https://vndb.org/v52846,15,FOUND,Jeux bleu,1731628800000,1786132828461,2026-08-08T12:07:45.053966+00:00
2866130,LingTian1: Your Destined Prince,2024-11-15,2024-11,steam_store_search,True,True,INTERSECTION,True,,v55188,r132992;r133003,Lingtian 1 : Ni de Mingding Wangzi,complete;trial,True,LingTian1: Your Destined Prince,$4.99,False,https://store.steampowered.com/app/2866130/,https://vndb.org/v55188,36,FOUND,LingTian1: Your Destined Prince,1731628800000,1786132828461,2026-08-08T12:07:45.053966+00:00
2191680,Mistwinter Bay,2024-11-15,2024-11,steam_store_search,True,True,INTERSECTION,True,,v49092,r118151;r118154,Mistwinter Bay,complete;trial,True,Mistwinter Bay,-40%,False,https://store.steampowered.com/app/2191680/,https://vndb.org/v49092,1510,FOUND,Mistwinter Bay,1731628800000,1786132828461,2026-08-08T12:07:45.053966+00:00
3319070,My clinical death,2024-11-15,2024-11,steam_store_search,True,True,INTERSECTION,True,,v53577,r129344,My clinical death,complete,True,My clinical death,$0.99,False,https://store.steampowered.com/app/3319070/,https://vndb.org/v53577,100,FOUND,My  clinical death,1731628800000,1786132828461,2026-08-08T12:07:45.053966+00:00
2389710,Rain and Respite,2024-11-15,2024-11,steam_store_search,True,True,INTERSECTION,True,,v37827,r94914,Rain and Respite,complete,True,Rain and Respite,$4.99,False,https://store.steampowered.com/app/2389710/,https://vndb.org/v37827,540,FOUND,Rain and Respite,1731628800000,1786132828461,2026-08-08T12:07:45.053966+00:00
3315900,Nusantara: Bermuda,2024-11-18,2024-11,steam_store_search,True,True,INTERSECTION,True,,v20349,r49152,Nusantara: Bermuda Triangle,complete,True,Nusantara: Bermuda,$19.99,False,https://store.steampowered.com/app/3315900/,https://vndb.org/v20349,225,FOUND,Nusantara: Bermuda,1731888000000,1786132828461,2026-08-08T12:07:45.053966+00:00
2899980,Graces: Posthumous Wish,2024-11-20,2024-11,steam_store_search,True,True,INTERSECTION,True,,v48511,r116630;r122973;r136767,Gracii: Posmertnoe Zhelanie,complete;trial,True,Graces: Posthumous Wish,$7.99,False,https://store.steampowered.com/app/2899980/,https://vndb.org/v48511,2704,FOUND,Graces: Posthumous Wish,1732060800000,1786132828461,2026-08-08T12:07:45.053966+00:00
3072220,Ottoman Dreams: Rise of Süleiman,2024-11-20,2024-11,steam_store_search,True,True,INTERSECTION,True,,v53627,r129450,Ottoman Dreams: Rise of Süleiman,complete,True,Ottoman Dreams: Rise of Süleiman,$5.99,False,https://store.steampowered.com/app/3072220/,https://vndb.org/v53627,105,FOUND,Ottoman Dreams: Rise of Süleiman,1732060800000,1786132828461,2026-08-08T12:07:45.053966+00:00
3322260,どきどきメイド部 Shirogane Maid Club,2024-11-20,2024-11,steam_store_search,True,True,INTERSECTION,True,,v5892,r129469,Shucchou♪ Shirogane Gakuen Maid-bu,complete,True,どきどきメイド部 Shirogane Maid Club,-50%,False,https://store.steampowered.com/app/3322260/,https://vndb.org/v5892,1,FOUND,どきどきメイド部 Shirogane Maid Club,1732060800000,1786132828461,2026-08-08T12:07:45.053966+00:00
3269960,Shiina Taki's Decameron,2024-11-21,2024-11,steam_store_search,True,True,INTERSECTION,True,,v53634,r129472,Gushou Yuming Shi Ri Tan,complete,True,Shiina Taki's Decameron,Free,True,https://store.steampowered.com/app/3269960/,https://vndb.org/v53634,148316,FOUND,Shiina Taki's Decameron,1732147200000,1786132828461,2026-08-08T12:07:45.053966+00:00
3329100,Скуфоритянин,2024-11-21,2024-11,steam_store_search,True,True,INTERSECTION,True,,v53504,r129173,Skuforitjanin,complete,True,Скуфоритянин,$0.99,False,https://store.steampowered.com/app/3329100/,https://vndb.org/v53504,496,FOUND,Скуфоритянин,1732147200000,1786132828461,2026-08-08T12:07:45.053966+00:00
3239230,C.V. 私と私の中の人 The Fourth Insider,2024-11-22,2024-11,steam_store_search,True,True,INTERSECTION,True,,v53527,r129210,C.V. Watashi to Watashi no Naka no Hito - The Fourth Insider,complete,True,C.V. 私と私の中の人 The Fourth Insider,$9.99,False,https://store.steampowered.com/app/3239230/,https://vndb.org/v53527,92,FOUND,C.V. 私と私の中の人 The Fourth Insider,1732233600000,1786132828461,2026-08-08T12:07:45.053966+00:00
2953510,I Wanna Be A Game Dev!,2024-11-22,2024-11,steam_store_search,True,True,INTERSECTION,True,,v53149,r128242,I Wanna Be A Game Dev!,complete,True,I Wanna Be A Game Dev!,Free,True,https://store.steampowered.com/app/2953510/,https://vndb.org/v53149,7277,FOUND,I Wanna Be A Game Dev!,1732233600000,1786132828461,2026-08-08T12:07:45.053966+00:00
3270680,Kota`s New Journey,2024-11-22,2024-11,steam_store_search,True,True,INTERSECTION,True,,v53684,r129611,Kota`s New Journey,complete,True,Kota`s New Journey,Free,True,https://store.steampowered.com/app/3270680/,https://vndb.org/v53684,155292,FOUND,Kota`s New Journey,1732233600000,1786132828461,2026-08-08T12:07:45.053966+00:00
2683320,Project Aphotic,2024-11-22,2024-11,steam_store_search,True,True,INTERSECTION,True,,v49021,r117962,Project Aphotic,complete,True,Project Aphotic,$10.99,False,https://store.steampowered.com/app/2683320/,https://vndb.org/v49021,65,FOUND,Project Aphotic,1732233600000,1786132828461,2026-08-08T12:07:45.053966+00:00
3237200,さくらいろテトラプリズム,2024-11-22,2024-11,steam_store_search,True,True,INTERSECTION,True,,v48570,r116777,Sakurairo Tetraprism,complete,True,さくらいろテトラプリズム,$24.99,False,https://store.steampowered.com/app/3237200/,https://vndb.org/v48570,15,FOUND,さくらいろテトラプリズム,1732233600000,1786132828461,2026-08-08T12:07:45.053966+00:00
2795550,秋空回憶 -命運的地平線-,2024-11-22,2024-11,steam_store_search,True,True,INTERSECTION,True,,v46663,r119727,Akizora no Memories ─Unmei no Chiheisen─,complete,True,秋空回憶 -命運的地平線-,$15.99,False,https://store.steampowered.com/app/2795550/,https://vndb.org/v46663,302,FOUND,秋空回憶 -命運的地平線-,1732233600000,1786132828461,2026-08-08T12:07:45.053966+00:00
2673160,Shopping in a Winter Zombieland,2024-11-24,2024-11,steam_store_search,True,True,INTERSECTION,True,,v48240,r115687,Shopping in a Winter Zombieland,complete,True,Shopping in a Winter Zombieland,$1.99,False,https://store.steampowered.com/app/2673160/,https://vndb.org/v48240,136,FOUND,Shopping in a Winter Zombieland,1732406400000,1786132828461,2026-08-08T12:07:45.053966+00:00
3104230,致命终局 Deadly Endgame,2024-11-24,2024-11,steam_store_search,True,True,INTERSECTION,True,,v44124,r126753,Zhiming Zhongju,complete,True,致命终局 Deadly Endgame,$6.99,False,https://store.steampowered.com/app/3104230/,https://vndb.org/v44124,1363,FOUND,致命终局 Deadly Endgame,1732406400000,1786132828461,2026-08-08T12:07:45.053966+00:00
3236040,Blackthorn Witch,2024-11-25,2024-11,steam_store_search,True,True,INTERSECTION,True,,v53679,r129602,Blackthorn Witch,complete,True,Blackthorn Witch,$4.99,False,https://store.steampowered.com/app/3236040/,https://vndb.org/v53679,173,FOUND,Blackthorn Witch,1732492800000,1786132828461,2026-08-08T12:07:45.053966+00:00
3317880,Intrusive Thoughts,2024-11-26,2024-11,steam_store_search,True,True,INTERSECTION,True,,v53682,r129609,Intrusive Thoughts,complete,True,Intrusive Thoughts,$2.00,False,https://store.steampowered.com/app/3317880/,https://vndb.org/v53682,113,FOUND,Intrusive Thoughts,1732579200000,1786132828461,2026-08-08T12:07:45.053966+00:00
3107350,PockeDate! - Pocket Dating Simulator,2024-11-27,2024-11,steam_store_search,True,True,INTERSECTION,True,,v54930,r132397,PockeDate! - Pocket Dating Simulator,complete,True,PockeDate! - Pocket Dating Simulator,Free,True,https://store.steampowered.com/app/3107350/,https://vndb.org/v54930,61584,FOUND,PockeDate! - Pocket Dating Simulator,1732665600000,1786132828461,2026-08-08T12:07:45.053966+00:00
3003020,Steam Prison -Beyond the Steam-,2024-11-27,2024-11,steam_store_search,True,True,INTERSECTION,True,,v49599,r120882,Steam Prison -Beyond the Steam-,complete,True,Steam Prison -Beyond the Steam-,-45%,False,https://store.steampowered.com/app/3003020/,https://vndb.org/v49599,787,FOUND,Steam Prison -Beyond the Steam-,1732665600000,1786132828461,2026-08-08T12:07:45.053966+00:00
3074860,あまつそらに咲く,2024-11-27,2024-11,steam_store_search,True,True,INTERSECTION,True,,v38002,r118475,Amatsu Sora ni Saku,complete,True,あまつそらに咲く,$24.99,False,https://store.steampowered.com/app/3074860/,https://vndb.org/v38002,397,FOUND,あまつそらに咲く,1732665600000,1786132828461,2026-08-08T12:07:45.053966+00:00
3226220,作为游戏和诗歌的世界,2024-11-27,2024-11,steam_store_search,True,True,INTERSECTION,True,,v53125,r128187,Zuowei Youxi He Shige De Shijie,complete,True,作为游戏和诗歌的世界,Free,True,https://store.steampowered.com/app/3226220/,https://vndb.org/v53125,2228,FOUND,作为游戏和诗歌的世界,1732665600000,1786132828461,2026-08-08T12:07:45.053966+00:00
2485910,Sol,2024-11-28,2024-11,steam_store_search,True,True,INTERSECTION,True,,v36196,r125377;r136066,Sol,complete,True,Sol,Free,True,https://store.steampowered.com/app/2485910/,https://vndb.org/v36196,2204,FOUND,Sol,1732752000000,1786132828461,2026-08-08T12:07:45.053966+00:00
3304840,春の音はまるで君に似てて,2024-11-28,2024-11,steam_store_search,True,True,INTERSECTION,True,,v52385,r126636,Bomui Sorineun Machi Neowa Dalmaseo,complete,True,春の音はまるで君に似てて,$9.99,False,https://store.steampowered.com/app/3304840/,https://vndb.org/v52385,832,FOUND,春の音はまるで君に似てて,1732752000000,1786132828461,2026-08-08T12:07:45.053966+00:00
3278350,"Darling, Darling... Dead?",2024-11-29,2024-11,steam_store_search,True,True,INTERSECTION,True,,v53607,r129398,"Darling, Darling... Dead?",complete,True,"Darling, Darling... Dead?",$12.00,False,https://store.steampowered.com/app/3278350/,https://vndb.org/v53607,400,FOUND,"Darling, Darling... Dead?",1732838400000,1786132828461,2026-08-08T12:07:45.053966+00:00
2708270,MINE MEMORY,2024-12-01,2024-12,steam_store_search,True,True,INTERSECTION,True,,v53502,r145341,Mine Memory,complete,True,MINE MEMORY,-20%,False,https://store.steampowered.com/app/2708270/,https://vndb.org/v53502,999,FOUND,MINE MEMORY,1733011200000,1786132828461,2026-08-08T12:07:45.053966+00:00
3282460,"Iridescence ~ A Charming, Seaside Epic!",2024-12-04,2024-12,steam_store_search,True,True,INTERSECTION,True,,v53533,r129226,"Iridescence ~ A Charming, Seaside Epic!",complete,True,"Iridescence ~ A Charming, Seaside Epic!",$9.99,False,https://store.steampowered.com/app/3282460/,https://vndb.org/v53533,312,FOUND,"Iridescence ~ A Charming, Seaside Epic!",1733270400000,1786132828461,2026-08-08T12:07:45.053966+00:00
3155970,NOAH: 2050,2024-12-04,2024-12,steam_store_search,True,True,INTERSECTION,True,,v51174,r123896,NOAH: 2050,complete,True,NOAH: 2050,$6.99,False,https://store.steampowered.com/app/3155970/,https://vndb.org/v51174,23,FOUND,NOAH: 2050,1733270400000,1786132828461,2026-08-08T12:07:45.053966+00:00
3227140,Supersize My Heart,2024-12-05,2024-12,steam_store_search,True,True,INTERSECTION,True,,v53571,r129337,Supersize My Heart,complete,True,Supersize My Heart,$4.99,False,https://store.steampowered.com/app/3227140/,https://vndb.org/v53571,240,FOUND,Supersize My Heart,1733356800000,1786132828461,2026-08-08T12:07:45.053966+00:00
3325130,Year of the Ladybug: Season 1,2024-12-05,2024-12,steam_store_search,True,True,INTERSECTION,True,,v53845,r129920,Year of the Ladybug: Season 1,complete,True,Year of the Ladybug: Season 1,$11.99,False,https://store.steampowered.com/app/3325130/,https://vndb.org/v53845,837,FOUND,Year of the Ladybug: Season 1,1733356800000,1786132828461,2026-08-08T12:07:45.053966+00:00
3331520,Dream of a Nightmarish Runaway,2024-12-07,2024-12,steam_store_search,True,True,INTERSECTION,True,,v53888,r130007,Dream of a Nightmarish Runaway,complete,True,Dream of a Nightmarish Runaway,$2.99,False,https://store.steampowered.com/app/3331520/,https://vndb.org/v53888,30,FOUND,Dream of a Nightmarish Runaway,1733529600000,1786132828461,2026-08-08T12:07:45.053966+00:00
2659250,Arts & Hearts Academy,2024-12-09,2024-12,steam_store_search,True,True,INTERSECTION,True,,v47756,r114728,Arts & Hearts Academy,complete,True,Arts & Hearts Academy,$9.99,False,https://store.steampowered.com/app/2659250/,https://vndb.org/v47756,570,FOUND,Arts & Hearts Academy,1733702400000,1786132828461,2026-08-08T12:07:45.053966+00:00
1919600,Paper Perjury,2024-12-09,2024-12,steam_store_search,True,True,INTERSECTION,True,,v36560,r156652,Paper Perjury,complete,True,Paper Perjury,$19.99,False,https://store.steampowered.com/app/1919600/,https://vndb.org/v36560,4688,FOUND,Paper Perjury,1733702400000,1786132828461,2026-08-08T12:07:45.053966+00:00
3341830,TOY BOX,2024-12-09,2024-12,steam_store_search,True,True,INTERSECTION,True,,v53730,r129694,TOY BOX,complete,True,TOY BOX,Free,True,https://store.steampowered.com/app/3341830/,https://vndb.org/v53730,1873,FOUND,TOY BOX,1733702400000,1786132828461,2026-08-08T12:07:45.053966+00:00
2947970,The Restless Sheep & The Lone Wolf -A Tale of Cutthroat Lovers-,2024-12-09,2024-12,steam_store_search,True,True,INTERSECTION,True,,v21620,r124512,"Nemurenu Hitsuji to Kodoku na Ookami -A Tale of Love, and Cutthroat-",complete,True,The Restless Sheep & The Lone Wolf -A Tale of Cutthroat Lovers-,$19.99,False,https://store.steampowered.com/app/2947970/,https://vndb.org/v21620,2767,FOUND,The Restless Sheep & The Lone Wolf -A Tale of Cutthroat Lovers-,1733702400000,1786132828461,2026-08-08T12:07:45.053966+00:00
2947980,The Restless Sheep & The Lone Wolf -Woolly Eyes GAIDEN-,2024-12-09,2024-12,steam_store_search,True,True,INTERSECTION,True,,v30835,r124513,"Nemurenu Hitsuji to Kodoku na Ookami -A Tale of Love, and Cutthroat- Gaiden",complete,True,The Restless Sheep & The Lone Wolf -Woolly Eyes GAIDEN-,$14.99,False,https://store.steampowered.com/app/2947980/,https://vndb.org/v30835,1211,FOUND,The Restless Sheep & The Lone Wolf -Woolly Eyes GAIDEN-,1733702400000,1786132828461,2026-08-08T12:07:45.053966+00:00
2778160,猩红梦魇 The Nightmare of Scarlet Tempest,2024-12-09,2024-12,steam_store_search,True,True,INTERSECTION,True,,v56466,r135806,Xinghong Mengyan:  The Nightmare of Scarlet Tempest,complete,True,猩红梦魇 The Nightmare of Scarlet Tempest,$9.99,False,https://store.steampowered.com/app/2778160/,https://vndb.org/v56466,523,FOUND,猩红梦魇 The Nightmare of Scarlet Tempest,1733529600000,1786132828461,2026-08-08T12:07:45.053966+00:00
2636560,CELL 0: Cyber Entertainment Leisure Lounge,2024-12-10,2024-12,steam_store_search,True,True,INTERSECTION,True,,v53304,r128659,CELL 0: Cyber Entertainment Leisure Lounge,complete,True,CELL 0: Cyber Entertainment Leisure Lounge,-50%,False,https://store.steampowered.com/app/2636560/,https://vndb.org/v53304,707,FOUND,CELL 0: Cyber Entertainment Leisure Lounge,1733788800000,1786132828461,2026-08-08T12:07:45.053966+00:00
3238510,Fledgling Manor,2024-12-11,2024-12,steam_store_search,True,True,INTERSECTION,True,,v53134,r128204,Fledgling Manor,complete,True,Fledgling Manor,$11.75,False,https://store.steampowered.com/app/3238510/,https://vndb.org/v53134,1974,FOUND,Fledgling Manor,1733875200000,1786132828461,2026-08-08T12:07:45.053966+00:00
3048500,Mr. Rightaway,2024-12-11,2024-12,steam_store_search,True,True,INTERSECTION,True,,v21486,r127288,Tianzuozhihe,complete,True,Mr. Rightaway,Free,True,https://store.steampowered.com/app/3048500/,https://vndb.org/v21486,20394,FOUND,Mr. Rightaway,1733875200000,1786132828461,2026-08-08T12:07:45.053966+00:00
3326910,Night to Meet Chu!,2024-12-11,2024-12,steam_store_search,True,True,INTERSECTION,True,,v50064,r120909,Naitomi~chu! -Obake no Mare to Iyashi no Hitoiki-,complete,True,Night to Meet Chu!,-30%,False,https://store.steampowered.com/app/3326910/,https://vndb.org/v50064,187,FOUND,Night to Meet Chu!,1733875200000,1786132828461,2026-08-08T12:07:45.053966+00:00
3272960,DEAD LAMB WALKING,2024-12-12,2024-12,steam_store_search,True,True,INTERSECTION,True,,v54128,r131792,Dead Lamb Walking,complete,True,DEAD LAMB WALKING,Free,True,https://store.steampowered.com/app/3272960/,https://vndb.org/v54128,4533,FOUND,DEAD LAMB WALKING,1733961600000,1786132828461,2026-08-08T12:07:45.053966+00:00
3234430,The Ouroboros Express,2024-12-12,2024-12,steam_store_search,True,True,INTERSECTION,True,,v50222,r121437,The Ouroboros Express,complete,True,The Ouroboros Express,Free,True,https://store.steampowered.com/app/3234430/,https://vndb.org/v50222,968,FOUND,The Ouroboros Express,1733961600000,1786132828461,2026-08-08T12:07:45.053966+00:00
3083050,箍の外れたビスクドール,2024-12-12,2024-12,steam_store_search,True,True,INTERSECTION,True,,v53983,r130231,Taga no Hazureta Bisque Doll,complete,True,箍の外れたビスクドール,$2.99,False,https://store.steampowered.com/app/3083050/,https://vndb.org/v53983,115,FOUND,箍の外れたビスクドール,1733961600000,1786132828461,2026-08-08T12:07:45.053966+00:00
3361210,"BROK - Natal Tail, A New Christmas",2024-12-13,2024-12,steam_store_search,True,True,INTERSECTION,True,,v53985,r130233;r131648;r131649;r131650,"BROK - Natal Tail, A New Christmas",complete,True,"BROK - Natal Tail, A New Christmas",Free,True,https://store.steampowered.com/app/3361210/,https://vndb.org/v53985,4122,FOUND,"BROK - Natal Tail, A New Christmas",1734048000000,1786132828461,2026-08-08T12:07:45.053966+00:00
2748830,Seedsow Lullaby,2024-12-13,2024-12,steam_store_search,True,True,INTERSECTION,True,,v50081,r120976,Tanetsumi no Uta,complete,True,Seedsow Lullaby,$20.99,False,https://store.steampowered.com/app/2748830/,https://vndb.org/v50081,7728,FOUND,Seedsow Lullaby,1734048000000,1786132828461,2026-08-08T12:07:45.053966+00:00
3328260,女王蟻のPerfume エピソード０-切り裂きジャックの狂愛-/Queen Ant Perfume Episode0-The Mad Love of Jack the Ripper-,2024-12-13,2024-12,steam_store_search,True,True,INTERSECTION,True,,v53984,r130232,Joou Ari no Perfume Episode 0 -Kirisaki Jack no Kyou Ai-,complete,True,女王蟻のPerfume エピソード０-切り裂きジャックの狂愛-/Queen Ant Perfume Episode0-The Mad Love of Jack the Ripper-,Free,True,https://store.steampowered.com/app/3328260/,https://vndb.org/v53984,332,FOUND,女王蟻のPerfume エピソード０-切り裂きジャックの狂愛-/Queen Ant Perfume Episode0-The Mad Love of Jack the Ripper-,1734048000000,1786132828461,2026-08-08T12:07:45.053966+00:00
2873080,The NOexistenceN of you AND me,2024-12-15,2024-12,steam_store_search,True,True,INTERSECTION,True,,v49859,r140966,"Bu/cunzai de Ni, he Wo",complete,True,The NOexistenceN of you AND me,$1.99,False,https://store.steampowered.com/app/2873080/,https://vndb.org/v49859,505938,FOUND,The NOexistenceN of you AND me,1734220800000,1786132828461,2026-08-08T12:07:45.053966+00:00
3012130,Phantom of the Twilight,2024-12-16,2024-12,steam_store_search,True,True,INTERSECTION,True,,v51060,r123603,Hwanghon-ui Yulyeong,complete,True,Phantom of the Twilight,$18.99,False,https://store.steampowered.com/app/3012130/,https://vndb.org/v51060,2131,FOUND,Phantom of the Twilight,1734307200000,1786132828461,2026-08-08T12:07:45.053966+00:00
3016890,Vibrant Frame,2024-12-16,2024-12,steam_store_search,True,True,INTERSECTION,True,,v51071,r123877,Cheongchun Frame,complete,True,Vibrant Frame,$18.99,False,https://store.steampowered.com/app/3016890/,https://vndb.org/v51071,854,FOUND,Vibrant Frame,1734307200000,1786132828461,2026-08-08T12:07:45.053966+00:00
3096440,How to Melt a Maiden's Heart,2024-12-17,2024-12,steam_store_search,True,True,INTERSECTION,True,,v51846,r125378,How to Melt a Maiden's Heart,complete,True,How to Melt a Maiden's Heart,$10.99,False,https://store.steampowered.com/app/3096440/,https://vndb.org/v51846,226,FOUND,How to Melt a Maiden's Heart,1734393600000,1786132828461,2026-08-08T12:07:45.053966+00:00
2396400,Canvas Menagerie,2024-12-18,2024-12,steam_store_search,True,True,INTERSECTION,True,,v37730,r107039,Canvas Menagerie,complete,True,Canvas Menagerie,$14.99,False,https://store.steampowered.com/app/2396400/,https://vndb.org/v37730,104,FOUND,Canvas Menagerie,1734480000000,1786132828461,2026-08-08T12:07:45.053966+00:00
2875990,Dream & Sugar,2024-12-18,2024-12,steam_store_search,True,True,INTERSECTION,True,,v54043,r130402,Dream & Sugar,complete,True,Dream & Sugar,Free,True,https://store.steampowered.com/app/2875990/,https://vndb.org/v54043,669,FOUND,Dream & Sugar,1734480000000,1786132828461,2026-08-08T12:07:45.053966+00:00
2976870,Taiwan Love Story⁵,2024-12-18,2024-12,steam_store_search,True,True,INTERSECTION,True,,v48522,r116658,Taiwan Lian'ai Wuyu⁵,complete,True,Taiwan Love Story⁵,$17.99,False,https://store.steampowered.com/app/2976870/,https://vndb.org/v48522,36598,FOUND,Taiwan Love Story⁵,1734480000000,1786132828461,2026-08-08T12:07:45.053966+00:00
3373530,おしかけケモミミついんず FURRY TWINS,2024-12-18,2024-12,steam_store_search,True,True,INTERSECTION,True,,v1233,r130400,Lovelove Choukyou Futago Shimai,complete,True,おしかけケモミミついんず FURRY TWINS,-50%,False,https://store.steampowered.com/app/3373530/,https://vndb.org/v1233,1,FOUND,おしかけケモミミついんず FURRY TWINS,1734480000000,1786132828461,2026-08-08T12:07:45.053966+00:00
3360070,天鶴之戀,2024-12-18,2024-12,steam_store_search,True,True,INTERSECTION,True,,v54042,r130401,Tian He Zhi Lian,complete,True,天鶴之戀,$0.99,False,https://store.steampowered.com/app/3360070/,https://vndb.org/v54042,58,FOUND,天鶴之戀,1734480000000,1786132828461,2026-08-08T12:07:45.053966+00:00
3376570,"Coffee, Snow, and You",2024-12-19,2024-12,steam_store_search,True,True,INTERSECTION,True,,v53828,r129876,"Coffee, Snow, and You",complete,True,"Coffee, Snow, and You",$2.99,False,https://store.steampowered.com/app/3376570/,https://vndb.org/v53828,568,FOUND,"Coffee, Snow, and You",1734566400000,1786132828461,2026-08-08T12:07:45.053966+00:00
1594100,My Insect Girl Can't Be This Cute,2024-12-19,2024-12,steam_store_search,True,True,INTERSECTION,True,,v50308,r129430,My Insect Girl Can't Be This Cute,complete,True,My Insect Girl Can't Be This Cute,$7.99,False,https://store.steampowered.com/app/1594100/,https://vndb.org/v50308,134,FOUND,My Insect Girl Can't Be This Cute,1734566400000,1786132828461,2026-08-08T12:07:45.053966+00:00
3363590,Secrets In Green,2024-12-19,2024-12,steam_store_search,True,True,INTERSECTION,True,,v53006,r127890,Secrets In Green,complete,True,Secrets In Green,$4.99,False,https://store.steampowered.com/app/3363590/,https://vndb.org/v53006,54,FOUND,Secrets In Green,1734566400000,1786132828461,2026-08-08T12:07:45.053966+00:00
3380830,КВАДРОБЕРЫ,2024-12-19,2024-12,steam_store_search,True,True,INTERSECTION,True,,v54054,r130420,KVADROBERY,complete,True,КВАДРОБЕРЫ,$0.99,False,https://store.steampowered.com/app/3380830/,https://vndb.org/v54054,759,FOUND,КВАДРОБЕРЫ,1734566400000,1786132828461,2026-08-08T12:07:45.053966+00:00
3220070,愚者之梦：零时将至,2024-12-20,2024-12,steam_store_search,True,True,INTERSECTION,True,,v53368,r128803,Yu Zhe Zhi Meng：Ling Shi Jiang Zhi,complete,True,愚者之梦：零时将至,$3.99,False,https://store.steampowered.com/app/3220070/,https://vndb.org/v53368,231,FOUND,愚者之梦：零时将至,1734652800000,1786132828461,2026-08-08T12:07:45.053966+00:00
3049270,­Into the Deep Dark Green Sleep,2024-12-22,2024-12,steam_store_search,True,True,INTERSECTION,True,,v52847,r127646,Fukakute Kurai Midori no Nemuri no Naka e,complete,True,­Into the Deep Dark Green Sleep,$4.99,False,https://store.steampowered.com/app/3049270/,https://vndb.org/v52847,133,FOUND,­Into the Deep Dark Green Sleep,1734825600000,1786132828461,2026-08-08T12:07:45.053966+00:00
2413590,HOPE: Winter Tale,2024-12-23,2024-12,steam_store_search,True,True,INTERSECTION,True,,v50348,r129368,HOPE: Winter Tale,complete,True,HOPE: Winter Tale,$3.99,False,https://store.steampowered.com/app/2413590/,https://vndb.org/v50348,1281,FOUND,HOPE: Winter Tale,1734912000000,1786132828461,2026-08-08T12:07:45.053966+00:00
3355700,紅蜘蛛外伝：暗花,2024-12-23,2024-12,steam_store_search,True,True,INTERSECTION,True,,v53657,r129565,Benigumo Gaiden: Anka,complete,True,紅蜘蛛外伝：暗花,Free,True,https://store.steampowered.com/app/3355700/,https://vndb.org/v53657,541,FOUND,紅蜘蛛外伝：暗花,1734912000000,1786132828461,2026-08-08T12:07:45.053966+00:00
2992240,Banebush,2024-12-25,2024-12,steam_store_search,True,True,INTERSECTION,True,,v55688,r144279,Tvarjuk,complete,True,Banebush,$2.99,False,https://store.steampowered.com/app/2992240/,https://vndb.org/v55688,42781,FOUND,Banebush,1735084800000,1786132828461,2026-08-08T12:07:45.053966+00:00
3228440,Project Nihilum - Zero,2024-12-25,2024-12,steam_store_search,True,True,INTERSECTION,True,,v51191,r130767,Project Nihilum: Zero,complete,True,Project Nihilum - Zero,Free,True,https://store.steampowered.com/app/3228440/,https://vndb.org/v51191,793,FOUND,Project Nihilum - Zero,1735084800000,1786132828461,2026-08-08T12:07:45.053966+00:00
2330960,SMOKY WHITE,2024-12-25,2024-12,steam_store_search,True,True,INTERSECTION,True,,v31975,r127261,SMOKY WHITE,complete,True,SMOKY WHITE,$6.99,False,https://store.steampowered.com/app/2330960/,https://vndb.org/v31975,1928,FOUND,SMOKY WHITE,1735084800000,1786132828461,2026-08-08T12:07:45.053966+00:00
3373550,なつ♡カノ SUMMER GIRLFRIEND,2024-12-25,2024-12,steam_store_search,True,True,INTERSECTION,True,,v2736,r130636,Hara ☆ Kano!! ~Ano Ko to Lovelove Harabote Seikatsu~,complete,True,なつ♡カノ SUMMER GIRLFRIEND,-50%,False,https://store.steampowered.com/app/3373550/,https://vndb.org/v2736,30,FOUND,なつ♡カノ SUMMER GIRLFRIEND,1735084800000,1786132828461,2026-08-08T12:07:45.053966+00:00
2908810,My Fair Cat: Snow,2024-12-26,2024-12,steam_store_search,True,True,INTERSECTION,True,,v50613,r122451,My Fair Cat: Snow,complete,True,My Fair Cat: Snow,$7.99,False,https://store.steampowered.com/app/2908810/,https://vndb.org/v50613,97,FOUND,My Fair Cat: Snow,1735171200000,1786132828461,2026-08-08T12:07:45.053966+00:00
3376180,Telepath of Evil,2024-12-26,2024-12,steam_store_search,True,True,INTERSECTION,True,,v51136,r123788,Ak-ui Telepath,complete,True,Telepath of Evil,Free,True,https://store.steampowered.com/app/3376180/,https://vndb.org/v51136,344,FOUND,Telepath of Evil,1735171200000,1786132828461,2026-08-08T12:07:45.053966+00:00
3334660,Winion Virus,2024-12-26,2024-12,steam_store_search,True,True,INTERSECTION,True,,v54188,r130689;r144745,Winion Virus,complete,True,Winion Virus,$10.99,False,https://store.steampowered.com/app/3334660/,https://vndb.org/v54188,12710,FOUND,Winion Virus,1735171200000,1786132828461,2026-08-08T12:07:45.053966+00:00
3090800,Love and Fear,2024-12-27,2024-12,steam_store_search,True,True,INTERSECTION,True,,v51678,r125104,Ljubov' i strah,complete,True,Love and Fear,$2.99,False,https://store.steampowered.com/app/3090800/,https://vndb.org/v51678,108,FOUND,Love and Fear,1735257600000,1786132828461,2026-08-08T12:07:45.053966+00:00
2594810,Pirates Of Gensokyo,2024-12-27,2024-12,steam_store_search,True,True,INTERSECTION,True,,v26896,r67288,Pirates Of Gensokyo,complete,True,Pirates Of Gensokyo,Free,True,https://store.steampowered.com/app/2594810/,https://vndb.org/v26896,1128,FOUND,Pirates Of Gensokyo,1735257600000,1786132828461,2026-08-08T12:07:45.053966+00:00
3035990,Misericorde Volume Two: White Wool & Snow,2024-12-30,2024-12,steam_store_search,True,True,INTERSECTION,True,,v60641,r105833,Misericorde Volume Two: White Wool & Snow,complete,True,Misericorde Volume Two: White Wool & Snow,$13.99,False,https://store.steampowered.com/app/3035990/,https://vndb.org/v60641,4441,FOUND,Misericorde Volume Two: White Wool & Snow,1735516800000,1786132828461,2026-08-08T12:07:45.053966+00:00
2237520,A Summer in Our Hearts,2024-12-31,2024-12,steam_store_search,True,True,INTERSECTION,True,,v53874,r129987,A Summer in Our Hearts,complete,True,A Summer in Our Hearts,Free,True,https://store.steampowered.com/app/2237520/,https://vndb.org/v53874,1196,FOUND,A Summer in Our Hearts,1735690488278,1786132828461,2026-08-08T12:07:45.053966+00:00
3378000,Nicotine VS Fulanwang,2024-12-31,2024-12,steam_store_search,True,True,INTERSECTION,True,,v61512,r146988,Nigudin really fought against Furong Wangyuan,complete,True,Nicotine VS Fulanwang,Free,True,https://store.steampowered.com/app/3378000/,https://vndb.org/v61512,113863,FOUND,Nicotine VS Fulanwang,1735723567094,1786132828461,2026-08-08T12:07:45.053966+00:00
3384380,Psi Academy: Orientation,2025-01-02,2025-01,steam_store_search,True,True,INTERSECTION,True,,v54279,r130863,Psi Academy: Orientation,complete,True,Psi Academy: Orientation,Free,True,https://store.steampowered.com/app/3384380/,https://vndb.org/v54279,401,FOUND,Psi Academy: Orientation,1735968198869,1786132828461,2026-08-08T12:07:45.053966+00:00
3105150,Near-Death-Expedition,2025-01-03,2025-01,steam_store_search,True,True,INTERSECTION,True,,v51964,r125673;r146006,Near-Death-Expedition,complete,True,Near-Death-Expedition,$7.99,False,https://store.steampowered.com/app/3105150/,https://vndb.org/v51964,743,FOUND,Near-Death-Expedition,1735965393421,1786132828461,2026-08-08T12:07:45.053966+00:00
3364860,少女地獄カルデア｜Galaxy Express Chaldea,2025-01-04,2025-01,steam_store_search,True,True,INTERSECTION,True,,v52201,r126189,Shoujo Jigoku Karudea,complete,True,少女地獄カルデア｜Galaxy Express Chaldea,$14.99,False,https://store.steampowered.com/app/3364860/,https://vndb.org/v52201,38,FOUND,少女地獄カルデア｜Galaxy Express Chaldea,1736098424837,1786132828461,2026-08-08T12:07:45.053966+00:00
2612700,S4U: CITYPUNK 2011 AND LOVE PUNCH,2025-01-08,2025-01,steam_store_search,True,True,INTERSECTION,True,,v54366,r131083,S4U: Dushi Pengke 2011 Yu ai De Zhong Quan,complete,True,S4U: CITYPUNK 2011 AND LOVE PUNCH,$13.99,False,https://store.steampowered.com/app/2612700/,https://vndb.org/v54366,59628,FOUND,S4U: CITYPUNK 2011 AND LOVE PUNCH,1736294400000,1786132828461,2026-08-08T12:07:45.053966+00:00
3209620,The Ethereal Dream,2025-01-09,2025-01,steam_store_search,True,True,INTERSECTION,True,,v50090,r127287,The Ethereal Dream ~Qi Ye zhi Meng~,complete,True,The Ethereal Dream,$19.99,False,https://store.steampowered.com/app/3209620/,https://vndb.org/v50090,6644,FOUND,The Ethereal Dream,1736380800000,1786132828461,2026-08-08T12:07:45.053966+00:00
1427780,A Marble's Muse,2025-01-10,2025-01,steam_store_search,True,True,INTERSECTION,True,,v29904,r77773,A Marble's Muse,complete,True,A Marble's Muse,$4.99,False,https://store.steampowered.com/app/1427780/,https://vndb.org/v29904,60,FOUND,A Marble's Muse,1736467200000,1786132828461,2026-08-08T12:07:45.053966+00:00
3334690,OneRoom ―Yui Hanasaka Memorial―,2025-01-10,2025-01,steam_store_search,True,True,INTERSECTION,True,,v54029,r130377,One Room -Hanasaka Yui Memorial-,complete,True,OneRoom ―Yui Hanasaka Memorial―,$3.99,False,https://store.steampowered.com/app/3334690/,https://vndb.org/v54029,7277,FOUND,OneRoom ―Yui Hanasaka Memorial―,1736467200000,1786132828461,2026-08-08T12:07:45.053966+00:00
2469950,Siren's Call: Escape Velocity,2025-01-10,2025-01,steam_store_search,True,True,INTERSECTION,True,,v34778,r109258,Siren's Call,complete,True,Siren's Call: Escape Velocity,$10.00,False,https://store.steampowered.com/app/2469950/,https://vndb.org/v34778,1240,FOUND,Siren's Call: Escape Velocity,1736467200000,1786132828461,2026-08-08T12:07:45.053966+00:00
2982530,The Shadow Over Cyberspace,2025-01-10,2025-01,steam_store_search,True,True,INTERSECTION,True,,v54399,r131131,The Shadow Over Cyberspace,complete,True,The Shadow Over Cyberspace,Free,True,https://store.steampowered.com/app/2982530/,https://vndb.org/v54399,3830,FOUND,The Shadow Over Cyberspace,1736467200000,1786132828461,2026-08-08T12:07:45.053966+00:00
3352470,Your Android,2025-01-10,2025-01,steam_store_search,True,True,INTERSECTION,True,,v54286,r147682,Your Android,complete,True,Your Android,$4.99,False,https://store.steampowered.com/app/3352470/,https://vndb.org/v54286,541,FOUND,Your Android,1736467200000,1786132828461,2026-08-08T12:07:45.053966+00:00
2403340,大科学家,2025-01-12,2025-01,steam_store_search,True,True,INTERSECTION,True,,v49335,r118893,Da Kexuejia,complete,True,大科学家,Free,True,https://store.steampowered.com/app/2403340/,https://vndb.org/v49335,30697,FOUND,大科学家,1736752936994,1786132828461,2026-08-08T12:07:45.053966+00:00
3143560,Another Way of Gettin' Paid,2025-01-13,2025-01,steam_store_search,True,True,INTERSECTION,True,,v49572,r128132,Ochingin wa Karadabarai,complete,True,Another Way of Gettin' Paid,$19.99,False,https://store.steampowered.com/app/3143560/,https://vndb.org/v49572,1855,FOUND,Another Way of Gettin' Paid,1736726400000,1786132828461,2026-08-08T12:07:45.053966+00:00
3378600,Confluence: An Of Sense and Soul Soliloquy,2025-01-13,2025-01,steam_store_search,True,True,INTERSECTION,True,,v44019,r125889,Confluence: An Of Sense and Soul Soliloquy,complete,True,Confluence: An Of Sense and Soul Soliloquy,Free,True,https://store.steampowered.com/app/3378600/,https://vndb.org/v44019,608,FOUND,Confluence: An Of Sense and Soul Soliloquy,1736905024765,1786132828461,2026-08-08T12:07:45.053966+00:00
3416230,深夜1時の交換手,2025-01-13,2025-01,steam_store_search,True,True,INTERSECTION,True,,v54320,r130985,Shin'ya 1-ji no Koukanshu,complete,True,深夜1時の交換手,$6.99,False,https://store.steampowered.com/app/3416230/,https://vndb.org/v54320,781,FOUND,深夜1時の交換手,1736838268227,1786132828461,2026-08-08T12:07:45.053966+00:00
2974120,Nagi no Koi,2025-01-14,2025-01,steam_store_search,True,True,INTERSECTION,True,,v32189,r129608;r146662,Nagi no Koi,complete,True,Nagi no Koi,$12.99,False,https://store.steampowered.com/app/2974120/,https://vndb.org/v32189,210,FOUND,Nagi no Koi,1736812800000,1786132828461,2026-08-08T12:07:45.053966+00:00
3144370,the Death of the Video Star,2025-01-15,2025-01,steam_store_search,True,True,INTERSECTION,True,,v38689,r124218,the Death of the Video Star,complete,True,the Death of the Video Star,-50%,False,https://store.steampowered.com/app/3144370/,https://vndb.org/v38689,182,FOUND,the Death of the Video Star,1737017300658,1786132828461,2026-08-08T12:07:45.053966+00:00
3386480,Casino Heist: Aruba,2025-01-17,2025-01,steam_store_search,True,True,INTERSECTION,True,,v54452,r131253,Casino Heist: Aruba,complete,True,Casino Heist: Aruba,$8.99,False,https://store.steampowered.com/app/3386480/,https://vndb.org/v54452,47,FOUND,Casino Heist: Aruba,1737120832321,1786132828461,2026-08-08T12:07:45.053966+00:00
3356290,The Accuser and The Abyss,2025-01-21,2025-01,steam_store_search,True,True,INTERSECTION,True,,v54489,r131358;r139266,The Accuser and The Abyss,complete;trial,True,The Accuser and The Abyss,$7.99,False,https://store.steampowered.com/app/3356290/,https://vndb.org/v54489,58,FOUND,The Accuser and The Abyss,1737524386184,1786132828461,2026-08-08T12:07:45.053966+00:00
3014310,Virtual★Happy Land | バーチャル★ハッピーランド,2025-01-21,2025-01,steam_store_search,True,True,INTERSECTION,True,,v54533,r131471,Virtual★Happy Land,complete,True,Virtual★Happy Land | バーチャル★ハッピーランド,$4.99,False,https://store.steampowered.com/app/3014310/,https://vndb.org/v54533,1649,FOUND,Virtual★Happy Land | バーチャル★ハッピーランド,1737529710175,1786132828461,2026-08-08T12:07:45.053966+00:00
2538910,夏末白夜,2025-01-21,2025-01,steam_store_search,True,True,INTERSECTION,True,,v46873,r112503,Xia Mo Baiye,complete,True,夏末白夜,$5.99,False,https://store.steampowered.com/app/2538910/,https://vndb.org/v46873,4924,FOUND,夏末白夜,1737417600000,1786132828461,2026-08-08T12:07:45.053966+00:00
3259210,Ämäränth : The Last Day of My Adolescence,2025-01-22,2025-01,steam_store_search,True,True,INTERSECTION,True,,v54506,r131409,Ämäränth : The Last Day of My Adolescence,complete,True,Ämäränth : The Last Day of My Adolescence,Free,True,https://store.steampowered.com/app/3259210/,https://vndb.org/v54506,2347,FOUND,Ämäränth : The Last Day of My Adolescence,1737504000000,1786132828461,2026-08-08T12:07:45.053966+00:00
3363000,1000 Princes: Born to Love You,2025-01-23,2025-01,steam_store_search,True,True,INTERSECTION,True,,v55187,r132991,1000 Wangzi : Sheng Er Wei Ai Ni,complete,True,1000 Princes: Born to Love You,$4.99,False,https://store.steampowered.com/app/3363000/,https://vndb.org/v55187,4670,FOUND,1000 Princes: Born to Love You,1737763294050,1786132828461,2026-08-08T12:07:45.053966+00:00
3426300,"I Am Here, I Won't Disappear. I Am Here, I Won't...",2025-01-23,2025-01,steam_store_search,True,True,INTERSECTION,True,,v54319,r130984;r134013,"I Am Here, I Won't Disappear. I Am Here, I Won't...",complete,True,"I Am Here, I Won't Disappear. I Am Here, I Won't...",$0.99,False,https://store.steampowered.com/app/3426300/,https://vndb.org/v54319,1547,FOUND,"I Am Here, I Won't Disappear. I Am Here, I Won't...",1737771836487,1786132828461,2026-08-08T12:07:45.053966+00:00
2416490,Legends of Savvarah: Children of the Sun,2025-01-23,2025-01,steam_store_search,True,True,INTERSECTION,True,,v46250,r111065,Legendy Savvary: Deti Solnca,complete,True,Legends of Savvarah: Children of the Sun,$7.99,False,https://store.steampowered.com/app/2416490/,https://vndb.org/v46250,1295,FOUND,Legends of Savvarah: Children of the Sun,1737590400000,1786132828461,2026-08-08T12:07:45.053966+00:00
3427390,Sister's Curriculum After Story,2025-01-23,2025-01,steam_store_search,True,True,INTERSECTION,True,,v54507,r131410,Sister's Curriculum After Story,complete,True,Sister's Curriculum After Story,$6.99,False,https://store.steampowered.com/app/3427390/,https://vndb.org/v54507,234,FOUND,Sister's Curriculum After Story,1737700649629,1786132828461,2026-08-08T12:07:45.053966+00:00
2850190,灾厄黑龙与谎言公主,2025-01-23,2025-01,steam_store_search,True,True,INTERSECTION,True,,v50998,r123484,Zai'e Heilong yu Huangyan Gongzhu,complete,True,灾厄黑龙与谎言公主,$9.99,False,https://store.steampowered.com/app/2850190/,https://vndb.org/v50998,49633,FOUND,灾厄黑龙与谎言公主,1737707786038,1786132828461,2026-08-08T12:07:45.053966+00:00
3171510,Devil's Terminal,2025-01-24,2025-01,vndb_steam_release,True,True,INTERSECTION,True,,v52310,r126429;r135759,Devil's Terminal,complete;trial,True,Devil's Terminal,,False,https://store.steampowered.com/app/3171510/,https://vndb.org/v52310,,NOT_FOUND,,,,2026-08-08T12:07:45.053966+00:00
1957130,Night of Love 🌓,2025-01-24,2025-01,steam_store_search,True,True,INTERSECTION,True,,v35153,r89755,Night of Love 🌓,complete,True,Night of Love 🌓,-67%,False,https://store.steampowered.com/app/1957130/,https://vndb.org/v35153,828,FOUND,Night of Love 🌓,1737676800000,1786132828461,2026-08-08T12:07:45.053966+00:00
3009640,"Sakura, The Jirai-kei Magical Girl",2025-01-24,2025-01,steam_store_search,True,True,INTERSECTION,True,,v54502,r131397,Jiraikei Mahou Shoujo Sakura,complete,True,"Sakura, The Jirai-kei Magical Girl",$12.99,False,https://store.steampowered.com/app/3009640/,https://vndb.org/v54502,371,FOUND,"Sakura, The Jirai-kei Magical Girl",1737778341201,1786132828461,2026-08-08T12:07:45.053966+00:00
3167210,心所向往的北极星,2025-01-24,2025-01,steam_store_search,True,True,INTERSECTION,True,,v54527,r131463,Xin Suo Xiangwang de Beijixing,complete,True,心所向往的北极星,$3.99,False,https://store.steampowered.com/app/3167210/,https://vndb.org/v54527,461,FOUND,心所向往的北极星,1737590400000,1786132828461,2026-08-08T12:07:45.053966+00:00
3353670,Summer flower of summer snow,2025-01-26,2025-01,steam_store_search,True,True,INTERSECTION,True,,v54165,r130653,Xia Xue Hua Ran,complete,True,Summer flower of summer snow,$0.99,False,https://store.steampowered.com/app/3353670/,https://vndb.org/v54165,63,FOUND,Summer flower of summer snow,1737849600000,1786132828461,2026-08-08T12:07:45.053966+00:00
3391150,百禾梦境漫游 Wandering Dreams of Yuri,2025-01-27,2025-01,steam_store_search,True,True,INTERSECTION,True,,v54072,r130484,Baihe Mengjing Manyou,complete,True,百禾梦境漫游 Wandering Dreams of Yuri,$2.99,False,https://store.steampowered.com/app/3391150/,https://vndb.org/v54072,862,FOUND,百禾梦境漫游 Wandering Dreams of Yuri,1738043901656,1786132828461,2026-08-08T12:07:45.053966+00:00
3087090,Always On,2025-01-28,2025-01,steam_store_search,True,True,INTERSECTION,True,,v54579,r131560,Always On,complete,True,Always On,$3.99,False,https://store.steampowered.com/app/3087090/,https://vndb.org/v54579,97,FOUND,Always On,1738108800000,1786132828461,2026-08-08T12:07:45.053966+00:00
3282480,Drinking in the hot spring!,2025-01-29,2025-01,steam_store_search,True,True,INTERSECTION,True,,v54610,r131624;r150594,Onsen de Osake o Nomou!,complete,True,Drinking in the hot spring!,Free,True,https://store.steampowered.com/app/3282480/,https://vndb.org/v54610,2176,FOUND,Drinking in the hot spring!,1738258137033,1786132828461,2026-08-08T12:07:45.053966+00:00
3377010,カレカノトライアル～時をかけるときめき大作戦♪～,2025-01-29,2025-01,steam_store_search,True,True,INTERSECTION,True,,v53896,r130039,KareKano Trial ~Toki o Kakeru Tokimeki Daisakusen♪~,complete,True,カレカノトライアル～時をかけるときめき大作戦♪～,Free,True,https://store.steampowered.com/app/3377010/,https://vndb.org/v53896,239,FOUND,カレカノトライアル～時をかけるときめき大作戦♪～,1738257451897,1786132828461,2026-08-08T12:07:45.053966+00:00
3378070,엑설런트 러브코미디,2025-01-29,2025-01,steam_store_search,True,True,INTERSECTION,True,,v52410,r126696,Excellent Love Comedy,complete,True,엑설런트 러브코미디,$8.99,False,https://store.steampowered.com/app/3378070/,https://vndb.org/v52410,20,FOUND,엑설런트 러브코미디,1738258500791,1786132828461,2026-08-08T12:07:45.053966+00:00
3386250,EPHEMERAL -MINIATURE GARDEN-,2025-01-30,2025-01,steam_store_search,True,True,INTERSECTION,True,,v24964,r131620,EPHEMERAL -MINIATURE GARDEN-,complete,True,EPHEMERAL -MINIATURE GARDEN-,$16.99,False,https://store.steampowered.com/app/3386250/,https://vndb.org/v24964,193,FOUND,EPHEMERAL -MINIATURE GARDEN-,1738290834270,1786132828461,2026-08-08T12:07:45.053966+00:00
2764150,Masquerade: Hell Academy,2025-01-30,2025-01,steam_store_search,True,True,INTERSECTION,True,,v1401,r128774,Masquerade ~Jigoku Gakuen SO/DO/MU~,complete,True,Masquerade: Hell Academy,$14.99,False,https://store.steampowered.com/app/2764150/,https://vndb.org/v1401,312,FOUND,Masquerade: Hell Academy,1738298370879,1786132828461,2026-08-08T12:07:45.053966+00:00
3357580,Winter Hubris,2025-01-30,2025-01,steam_store_search,True,True,INTERSECTION,True,,v57985,r138800,Winter Hubris,complete,True,Winter Hubris,$9.99,False,https://store.steampowered.com/app/3357580/,https://vndb.org/v57985,44,FOUND,Winter Hubris,1738310218436,1786132828461,2026-08-08T12:07:45.053966+00:00
3217970,Yet Another Killing Game,2025-01-30,2025-01,steam_store_search,True,True,INTERSECTION,True,,v53855,r129948,Yet Another Killing Game,complete,True,Yet Another Killing Game,$16.99,False,https://store.steampowered.com/app/3217970/,https://vndb.org/v53855,4012,FOUND,Yet Another Killing Game,1738195200000,1786132828461,2026-08-08T12:07:45.053966+00:00
2497670,Genso Manège,2025-01-31,2025-01,steam_store_search,True,True,INTERSECTION,True,,v25993,r122494,Gensou Manège,complete,True,Genso Manège,$39.99,False,https://store.steampowered.com/app/2497670/,https://vndb.org/v25993,636,FOUND,Genso Manège,1738281600000,1786132828461,2026-08-08T12:07:45.053966+00:00
3438770,ReDo,2025-01-31,2025-01,steam_store_search,True,True,INTERSECTION,True,,v54684,r131768,ReDo,complete,True,ReDo,Free,True,https://store.steampowered.com/app/3438770/,https://vndb.org/v54684,1283,FOUND,ReDo,1738385083204,1786132828461,2026-08-08T12:07:45.053966+00:00
3432210,吃脚,2025-01-31,2025-01,steam_store_search,True,True,INTERSECTION,True,,v54672,r131730,Chi Jiao,complete,True,吃脚,$2.99,False,https://store.steampowered.com/app/3432210/,https://vndb.org/v54672,66,FOUND,吃脚,1738195200000,1786132828461,2026-08-08T12:07:45.053966+00:00
3460020,幻想症 Fantasy illness,2025-01-31,2025-01,steam_store_search,True,True,INTERSECTION,True,,v54673,r131731,Huanxiang Zheng,complete,True,幻想症 Fantasy illness,$0.99,False,https://store.steampowered.com/app/3460020/,https://vndb.org/v54673,536,FOUND,幻想症 Fantasy illness,1738395311198,1786132828461,2026-08-08T12:07:45.053966+00:00
3419460,我和妹妹的日常~,2025-01-31,2025-01,steam_store_search,True,True,INTERSECTION,True,,v54683,r131766,Wo He Meimei de Richang~,complete,True,我和妹妹的日常~,Free,True,https://store.steampowered.com/app/3419460/,https://vndb.org/v54683,1705,FOUND,我和妹妹的日常~,1738395378598,1786132828461,2026-08-08T12:07:45.053966+00:00
2689440,The Dawning Letters -Sunrise-,2025-02-01,2025-02,steam_store_search,True,True,INTERSECTION,True,,v50685,r122641,Poxiao Shifen de Shuxin - Zhaowen Pian,complete,True,The Dawning Letters -Sunrise-,$6.99,False,https://store.steampowered.com/app/2689440/,https://vndb.org/v50685,2291,FOUND,The Dawning Letters -Sunrise-,1738517013309,1786132828461,2026-08-08T12:07:45.053966+00:00
3383640,Atropos,2025-02-02,2025-02,steam_store_search,True,True,INTERSECTION,True,,v47920,r129882,Atropos,complete,True,Atropos,Free,True,https://store.steampowered.com/app/3383640/,https://vndb.org/v47920,1896,FOUND,Atropos,1738568442422,1786132828461,2026-08-08T12:07:45.053966+00:00
1592170,Spirit Swap: Lofi Beats to Match-3 To,2025-02-03,2025-02,steam_store_search,True,True,INTERSECTION,True,,v54718,r131824,Spirit Swap: Lofi Beats to Match-3 To,complete,True,Spirit Swap: Lofi Beats to Match-3 To,$19.99,False,https://store.steampowered.com/app/1592170/,https://vndb.org/v54718,4878,FOUND,Spirit Swap: Lofi Beats to Match-3 To,1738540800000,1786132828461,2026-08-08T12:07:45.053966+00:00
3476870,Foss Park,2025-02-05,2025-02,steam_store_search,True,True,INTERSECTION,True,,v54742,r131884,Foss Park,complete,True,Foss Park,$0.99,False,https://store.steampowered.com/app/3476870/,https://vndb.org/v54742,31,FOUND,Foss Park,1738834838665,1786132828461,2026-08-08T12:07:45.053966+00:00
3451600,Transregnum,2025-02-05,2025-02,steam_store_search,True,True,INTERSECTION,True,,v54743,r131885,Transregnum,complete,True,Transregnum,$2.99,False,https://store.steampowered.com/app/3451600/,https://vndb.org/v54743,100,FOUND,Transregnum,1738858807639,1786132828461,2026-08-08T12:07:45.053966+00:00
3461430,Corporate Suck Up,2025-02-06,2025-02,steam_store_search,True,True,INTERSECTION,True,,v54892,r132294,Corporate Suck Up,complete,True,Corporate Suck Up,$1.99,False,https://store.steampowered.com/app/3461430/,https://vndb.org/v54892,2132,FOUND,Corporate Suck Up,1738893364882,1786132828461,2026-08-08T12:07:45.053966+00:00
3004120,YouthSignal-ユースシグナル,2025-02-06,2025-02,steam_store_search,True,True,INTERSECTION,True,,v28696,r126201,Youth Signal,complete,True,YouthSignal-ユースシグナル,$39.99,False,https://store.steampowered.com/app/3004120/,https://vndb.org/v28696,40,FOUND,YouthSignal-ユースシグナル,1738917004982,1786132828461,2026-08-08T12:07:45.053966+00:00
3296520,The Rise of the New Han Prince,2025-02-07,2025-02,steam_store_search,True,True,INTERSECTION,True,,v54774,r131964,The Rise of the New Han Prince,complete,True,The Rise of the New Han Prince,$8.99,False,https://store.steampowered.com/app/3296520/,https://vndb.org/v54774,1,FOUND,The Rise of the New Han Prince,1738997435902,1786132828461,2026-08-08T12:07:45.053966+00:00
2914480,Welcome to Maison Chichigami,2025-02-07,2025-02,steam_store_search,True,True,INTERSECTION,True,,v44189,r126437,Chichigami-ke no Yakata ~In'yoku no 247~,complete,True,Welcome to Maison Chichigami,$14.99,False,https://store.steampowered.com/app/2914480/,https://vndb.org/v44189,33421,FOUND,Welcome to Maison Chichigami,1738886400000,1786132828461,2026-08-08T12:07:45.053966+00:00
3442950,Witch’s Gaze - The Vanishing Village,2025-02-08,2025-02,steam_store_search,True,True,INTERSECTION,True,,v54535,r131476,Witch’s Gaze - The Vanishing Village,complete,True,Witch’s Gaze - The Vanishing Village,$7.99,False,https://store.steampowered.com/app/3442950/,https://vndb.org/v54535,88,FOUND,Witch’s Gaze - The Vanishing Village,1738886400000,1786132828461,2026-08-08T12:07:45.053966+00:00
3252650,From Beyond,2025-02-09,2025-02,steam_store_search,True,True,INTERSECTION,True,,v53421,r128928,From Beyond,complete,True,From Beyond,$2.99,False,https://store.steampowered.com/app/3252650/,https://vndb.org/v53421,44,FOUND,From Beyond,1739059200000,1786132828461,2026-08-08T12:07:45.053966+00:00
3384350,The Butterfly Collector,2025-02-09,2025-02,steam_store_search,True,True,INTERSECTION,True,,v54799,r132024,Hudie Shoucang Jia,complete,True,The Butterfly Collector,$0.99,False,https://store.steampowered.com/app/3384350/,https://vndb.org/v54799,17917,FOUND,The Butterfly Collector,1739280033278,1786132828461,2026-08-08T12:07:45.053966+00:00
3435340,Sign White,2025-02-10,2025-02,steam_store_search,True,True,INTERSECTION,True,,v54793,r132007,Hayan Sinho,complete,True,Sign White,$9.99,False,https://store.steampowered.com/app/3435340/,https://vndb.org/v54793,80,FOUND,Sign White,1739277546709,1786132828461,2026-08-08T12:07:45.053966+00:00
2993770,우리들의 4분 33초,2025-02-10,2025-02,steam_store_search,True,True,INTERSECTION,True,,v51648,r125046,Urideurui 4bun 33cho,complete,True,우리들의 4분 33초,$5.30,False,https://store.steampowered.com/app/2993770/,https://vndb.org/v51648,34,FOUND,우리들의 4분 33초,1739285547743,1786132828461,2026-08-08T12:07:45.053966+00:00
1359400,Primal Hearts,2025-02-11,2025-02,steam_store_search,True,True,INTERSECTION,True,,v14887,r126675,PRIMAL×HEARTS,complete,True,Primal Hearts,$24.99,False,https://store.steampowered.com/app/1359400/,https://vndb.org/v14887,1143,FOUND,Primal Hearts,1739232000000,1786132828461,2026-08-08T12:07:45.053966+00:00
1368010,Primal Hearts 2,2025-02-11,2025-02,steam_store_search,True,True,INTERSECTION,True,,v17038,r128173,PRIMAL×HEARTS2,complete,True,Primal Hearts 2,$24.99,False,https://store.steampowered.com/app/1368010/,https://vndb.org/v17038,974,FOUND,Primal Hearts 2,1739318400000,1786132828461,2026-08-08T12:07:45.053966+00:00
3515140,Котыха,2025-02-11,2025-02,steam_store_search,True,True,INTERSECTION,True,,v54817,r132070,Kotyha,complete,True,Котыха,$0.99,False,https://store.steampowered.com/app/3515140/,https://vndb.org/v54817,363,FOUND,Котыха,1739232000000,1786132828461,2026-08-08T12:07:45.053966+00:00
3401890,The Seabed's Shining Star,2025-02-12,2025-02,steam_store_search,True,True,INTERSECTION,True,,v54819,r132074,The Seabed's Shining Star,complete,True,The Seabed's Shining Star,Free,True,https://store.steampowered.com/app/3401890/,https://vndb.org/v54819,1613,FOUND,The Seabed's Shining Star,1739430375708,1786132828461,2026-08-08T12:07:45.053966+00:00
2089600,Urban Myth Dissolution Center,2025-02-12,2025-02,steam_store_search,True,True,INTERSECTION,True,,v53545,r129264,Toshi Densetsu Kaitai Center,complete,True,Urban Myth Dissolution Center,$17.99,False,https://store.steampowered.com/app/2089600/,https://vndb.org/v53545,148880,FOUND,Urban Myth Dissolution Center,1739318400000,1786132828461,2026-08-08T12:07:45.053966+00:00
3356700,YAMIKKO TROUBLEMAKER,2025-02-12,2025-02,steam_store_search,True,True,INTERSECTION,True,,v58396,r151633,Yamikko Troublemaker,complete,True,YAMIKKO TROUBLEMAKER,Free,True,https://store.steampowered.com/app/3356700/,https://vndb.org/v58396,5415,FOUND,YAMIKKO TROUBLEMAKER,1739433931687,1786132828461,2026-08-08T12:07:45.053966+00:00
2077400,Lust Trip 💕,2025-02-13,2025-02,steam_store_search,True,True,INTERSECTION,True,,v47895,r115048,Lust Trip 💕,complete,True,Lust Trip 💕,$6.99,False,https://store.steampowered.com/app/2077400/,https://vndb.org/v47895,4379,FOUND,Lust Trip 💕,1739404800000,1786132828461,2026-08-08T12:07:45.053966+00:00
3424470,"The Day Valentine Died, and So Did I!",2025-02-13,2025-02,steam_store_search,True,True,INTERSECTION,True,,v54828,r132090,Kyou wa Valentinus ga Shokei Sareta Hi da yo!,complete,True,"The Day Valentine Died, and So Did I!",Free,True,https://store.steampowered.com/app/3424470/,https://vndb.org/v54828,1322,FOUND,"The Day Valentine Died, and So Did I!",1739516116889,1786132828461,2026-08-08T12:07:45.053966+00:00
2998290,Weirdo,2025-02-13,2025-02,steam_store_search,True,True,INTERSECTION,True,,v51423,r124508,Yiren,complete,True,Weirdo,$10.99,False,https://store.steampowered.com/app/2998290/,https://vndb.org/v51423,683,FOUND,Weirdo,1739491200000,1786132828461,2026-08-08T12:07:45.053966+00:00
2186690,BRXKEN INSIDE,2025-02-14,2025-02,steam_store_search,True,True,INTERSECTION,True,,v41747,r101955,BRXKEN INSIDE,complete,True,BRXKEN INSIDE,$5.99,False,https://store.steampowered.com/app/2186690/,https://vndb.org/v41747,1609,FOUND,BRXKEN INSIDE,1739491200000,1786132828461,2026-08-08T12:07:45.053966+00:00
3446120,Kira☆Kano,2025-02-14,2025-02,steam_store_search,True,True,INTERSECTION,True,,v50832,r131661,Kira☆Kano,complete,True,Kira☆Kano,$14.99,False,https://store.steampowered.com/app/3446120/,https://vndb.org/v50832,3321,FOUND,Kira☆Kano,1739491200000,1786132828461,2026-08-08T12:07:45.053966+00:00
2894820,"Velvet Bite: Softly, with Teeth",2025-02-14,2025-02,steam_store_search,True,True,INTERSECTION,True,,v51670,r124705,"Velvet Bite: Softly, With Teeth",complete,True,"Velvet Bite: Softly, with Teeth",-75%,False,https://store.steampowered.com/app/2894820/,https://vndb.org/v51670,1783,FOUND,"Velvet Bite: Softly, with Teeth",1739491200000,1786132828461,2026-08-08T12:07:45.053966+00:00
3308320,optimal conditions for a sacrifice,2025-02-14,2025-02,steam_store_search,True,True,INTERSECTION,True,,v33190,r93850,optimal conditions for a sacrifice,complete,True,optimal conditions for a sacrifice,$4.99,False,https://store.steampowered.com/app/3308320/,https://vndb.org/v33190,623,FOUND,optimal conditions for a sacrifice,1739404800000,1786132828461,2026-08-08T12:07:45.053966+00:00
3484860,迷雾之村Misty Village,2025-02-14,2025-02,steam_store_search,True,True,INTERSECTION,True,,v55118,r132784,Miwu zhi Cun Misty Village,complete,True,迷雾之村Misty Village,$1.99,False,https://store.steampowered.com/app/3484860/,https://vndb.org/v55118,893,FOUND,迷雾之村Misty Village,1739625360297,1786132828461,2026-08-08T12:07:45.053966+00:00
3495820,КВАРТИРАНТ,2025-02-15,2025-02,steam_store_search,True,True,INTERSECTION,True,,v55047,r132636,KVARTIRANT,complete,True,КВАРТИРАНТ,$0.99,False,https://store.steampowered.com/app/3495820/,https://vndb.org/v55047,758,FOUND,КВАРТИРАНТ,1739624463193,1786132828461,2026-08-08T12:07:45.053966+00:00
2639770,Bad Guys Good Boys - BL,2025-02-16,2025-02,steam_store_search,True,True,INTERSECTION,True,,v48929,r117694,Bad Guys Good Boys,complete,True,Bad Guys Good Boys - BL,$5.99,False,https://store.steampowered.com/app/2639770/,https://vndb.org/v48929,345,FOUND,Bad Guys Good Boys - BL,1739751983158,1786132828461,2026-08-08T12:07:45.053966+00:00
2993720,Cage of Roses,2025-02-16,2025-02,steam_store_search,True,True,INTERSECTION,True,,v50879,r133323,Cage of Roses,complete,True,Cage of Roses,$12.99,False,https://store.steampowered.com/app/2993720/,https://vndb.org/v50879,4986,FOUND,Cage of Roses,1739664000000,1786132828461,2026-08-08T12:07:45.053966+00:00
3338390,SecretPact:Restart,2025-02-17,2025-02,steam_store_search,True,True,INTERSECTION,True,,v54917,r132373,Miyue: Chongqi,complete,True,SecretPact:Restart,$2.99,False,https://store.steampowered.com/app/3338390/,https://vndb.org/v54917,1,FOUND,SecretPact:Restart,1739836800000,1786132828461,2026-08-08T12:07:45.053966+00:00
3484310,Twilight,2025-02-17,2025-02,steam_store_search,True,True,INTERSECTION,True,,v54873,r132255,Sumrak,complete,True,Twilight,$0.99,False,https://store.steampowered.com/app/3484310/,https://vndb.org/v54873,668,FOUND,Twilight,1739862131436,1786132828461,2026-08-08T12:07:45.053966+00:00
3406700,MIKO x MIKO SISTERS 神楽家の巫女と悪霊,2025-02-19,2025-02,steam_store_search,True,True,INTERSECTION,True,,v2737,r132348,Hara Miko Shimai,complete,True,MIKO x MIKO SISTERS 神楽家の巫女と悪霊,-50%,False,https://store.steampowered.com/app/3406700/,https://vndb.org/v2737,1,FOUND,MIKO x MIKO SISTERS 神楽家の巫女と悪霊,1740022792741,1786132828461,2026-08-08T12:07:45.053966+00:00
2118420,Stories from Sol: The Gun-Dog,2025-02-19,2025-02,steam_store_search,True,True,INTERSECTION,True,,v41878,r102180,Stories from Sol: The Gun-Dog,complete,True,Stories from Sol: The Gun-Dog,$14.99,False,https://store.steampowered.com/app/2118420/,https://vndb.org/v41878,18952,FOUND,Stories from Sol: The Gun-Dog,1740009600000,1786132828461,2026-08-08T12:07:45.053966+00:00
3333600,The Mysterious Thief; Forget Me Not,2025-02-19,2025-02,steam_store_search,True,True,INTERSECTION,True,,v53937,r137439,"The Mysterious Thief, Forget Me Not",complete,True,The Mysterious Thief; Forget Me Not,$8.99,False,https://store.steampowered.com/app/3333600/,https://vndb.org/v53937,166,FOUND,The Mysterious Thief; Forget Me Not,1740029588014,1786132828461,2026-08-08T12:07:45.053966+00:00
3432470,ぼくの葬式にようこそ -happy rebirthday-,2025-02-19,2025-02,steam_store_search,True,True,INTERSECTION,True,,v30007,r132347,Boku no Soushiki ni Youkoso,complete,True,ぼくの葬式にようこそ -happy rebirthday-,$4.99,False,https://store.steampowered.com/app/3432470/,https://vndb.org/v30007,130,FOUND,ぼくの葬式にようこそ -happy rebirthday-,1740009600000,1786132828461,2026-08-08T12:07:45.053966+00:00
3488610,Bedtime Story : Saint,2025-02-20,2025-02,steam_store_search,True,True,INTERSECTION,True,,v54905,r132333,Shuiqian Gushi:Shengxin,complete,True,Bedtime Story : Saint,$1.99,False,https://store.steampowered.com/app/3488610/,https://vndb.org/v54905,642,FOUND,Bedtime Story : Saint,1740099225735,1786132828461,2026-08-08T12:07:45.053966+00:00
3424010,The Night of the Exorcism,2025-02-20,2025-02,steam_store_search,True,True,INTERSECTION,True,,v49989,r132266,The Night of the Exorcism,complete,True,The Night of the Exorcism,$6.99,False,https://store.steampowered.com/app/3424010/,https://vndb.org/v49989,189,FOUND,The Night of the Exorcism,1740009600000,1786132828461,2026-08-08T12:07:45.053966+00:00
3460280,Unique Ladies,2025-02-20,2025-02,steam_store_search,True,True,INTERSECTION,True,,v54911,r132349,Unique Ladies,complete,True,Unique Ladies,$6.99,False,https://store.steampowered.com/app/3460280/,https://vndb.org/v54911,24,FOUND,Unique Ladies,1740117476067,1786132828461,2026-08-08T12:07:45.053966+00:00
3509770,片腕のザリガニ - one-armed crayfish,2025-02-20,2025-02,steam_store_search,True,True,INTERSECTION,True,,v54739,r131881,Kataude no Zarigani - one-armed crayfish,complete,True,片腕のザリガニ - one-armed crayfish,$3.99,False,https://store.steampowered.com/app/3509770/,https://vndb.org/v54739,3286,FOUND,片腕のザリガニ - one-armed crayfish,1740009600000,1786132828461,2026-08-08T12:07:45.053966+00:00
2790270,A Tiny Space Adventure,2025-02-21,2025-02,steam_store_search,True,True,INTERSECTION,True,,v55081,r132710,Küçük Bir Uzay Macerası,complete,True,A Tiny Space Adventure,$4.99,False,https://store.steampowered.com/app/2790270/,https://vndb.org/v55081,1,FOUND,A Tiny Space Adventure,1740295518008,1786132828461,2026-08-08T12:07:45.053966+00:00
3137500,EmyLiveShow: How To Write A Bestseller,2025-02-21,2025-02,steam_store_search,True,True,INTERSECTION,True,,v53461,r129035,EmyLiveShow: How To Write A Bestseller,complete,True,EmyLiveShow: How To Write A Bestseller,-70%,False,https://store.steampowered.com/app/3137500/,https://vndb.org/v53461,390,FOUND,EmyLiveShow: How To Write A Bestseller,1740187783535,1786132828461,2026-08-08T12:07:45.053966+00:00
3069410,Re:Fragment ~Absolute Ambition~,2025-02-21,2025-02,steam_store_search,True,True,INTERSECTION,True,,v51388,r124425;r128101,Re:Fragment ~Absolute Ambition~,complete;trial,True,Re:Fragment ~Absolute Ambition~,$16.99,False,https://store.steampowered.com/app/3069410/,https://vndb.org/v51388,1231,FOUND,Re:Fragment ~Absolute Ambition~,1740096000000,1786132828461,2026-08-08T12:07:45.053966+00:00
3408820,Vida,2025-02-21,2025-02,steam_store_search,True,True,INTERSECTION,True,,v54928,r132392,Vida,complete,True,Vida,-80%,False,https://store.steampowered.com/app/3408820/,https://vndb.org/v54928,41,FOUND,Vida,1740203805900,1786132828461,2026-08-08T12:07:45.053966+00:00
3373430,Somnium Eleven,2025-02-23,2025-02,steam_store_search,True,True,INTERSECTION,True,,v56569,r136075;r136077,Somnium Eleven,complete;trial,True,Somnium Eleven,$19.99,False,https://store.steampowered.com/app/3373430/,https://vndb.org/v56569,110,FOUND,Somnium Eleven,1740373728134,1786132828461,2026-08-08T12:07:45.053966+00:00
1559650,許願ReadyGo!,2025-02-23,2025-02,steam_store_search,True,True,INTERSECTION,True,,v58346,r139661,Xuyuan ReadyGo!,complete,True,許願ReadyGo!,$6.99,False,https://store.steampowered.com/app/1559650/,https://vndb.org/v58346,340,FOUND,許願ReadyGo!,1740465897934,1786132828461,2026-08-08T12:07:45.053966+00:00
3441720,Epimutation,2025-02-24,2025-02,steam_store_search,True,True,INTERSECTION,True,,v52970,r127849,Epimutation,complete,True,Epimutation,Free,True,https://store.steampowered.com/app/3441720/,https://vndb.org/v52970,2299,FOUND,Epimutation,1740446896054,1786132828461,2026-08-08T12:07:45.053966+00:00
3445290,R/A\W,2025-02-24,2025-02,steam_store_search,True,True,INTERSECTION,True,,v36829;v38010;v43068;v47734,r132504,Ne mozhet byt'!;Proschanie na Dere;Zapovednik novogo angela;Zver',complete,True,R/A\W,Free,True,https://store.steampowered.com/app/3445290/,https://vndb.org/v36829,1820,FOUND,R/A\W,1740456152251,1786132828461,2026-08-08T12:07:45.053966+00:00
3202710,The Most Perfect Revenge in the World,2025-02-24,2025-02,steam_store_search,True,True,INTERSECTION,True,,v52518,r126969,Sesangeseo Gajang Wanbyeokan Boksu,complete,True,The Most Perfect Revenge in the World,$0.99,False,https://store.steampowered.com/app/3202710/,https://vndb.org/v52518,572,FOUND,The Most Perfect Revenge in the World,1740268800000,1786132828461,2026-08-08T12:07:45.053966+00:00
2663950,再见断刀,2025-02-24,2025-02,steam_store_search,True,True,INTERSECTION,True,,v54920,r132378,ZaiJian Duan Dao,complete,True,再见断刀,$9.99,False,https://store.steampowered.com/app/2663950/,https://vndb.org/v54920,46949,FOUND,再见断刀,1740355200000,1786132828461,2026-08-08T12:07:45.053966+00:00
3445530,Forest of Death Masks,2025-02-25,2025-02,steam_store_search,True,True,INTERSECTION,True,,v54987,r132505,Les Posmertnyh Masok,complete,True,Forest of Death Masks,$6.99,False,https://store.steampowered.com/app/3445530/,https://vndb.org/v54987,75,FOUND,Forest of Death Masks,1740537070638,1786132828461,2026-08-08T12:07:45.053966+00:00
3197720,"Him, the Smile ＆ bloom",2025-02-27,2025-02,steam_store_search,True,True,INTERSECTION,True,,v47546,r128790,Hanaemu Kare to & bloom,complete,True,"Him, the Smile ＆ bloom",-10%,False,https://store.steampowered.com/app/3197720/,https://vndb.org/v47546,1598,FOUND,"Him, the Smile ＆ bloom",1740614400000,1786132828461,2026-08-08T12:07:45.053966+00:00
3386290,On the Q.T.,2025-02-27,2025-02,steam_store_search,True,True,INTERSECTION,True,,v24751,r132578,On the Q.T.,complete,True,On the Q.T.,$16.99,False,https://store.steampowered.com/app/3386290/,https://vndb.org/v24751,93,FOUND,On the Q.T.,1740716819548,1786132828461,2026-08-08T12:07:45.053966+00:00
2828660,The Beautiful Island,2025-02-27,2025-02,steam_store_search,True,True,INTERSECTION,True,,v52178,r126136,The Beautiful Island,complete,True,The Beautiful Island,Free,True,https://store.steampowered.com/app/2828660/,https://vndb.org/v52178,2124,FOUND,The Beautiful Island,1740700800000,1786132828461,2026-08-08T12:07:45.053966+00:00
2205550,Familegion,2025-02-28,2025-02,steam_store_search,True,True,INTERSECTION,True,,v55028,r132602,Familegion,complete,True,Familegion,$2.99,False,https://store.steampowered.com/app/2205550/,https://vndb.org/v55028,129,FOUND,Familegion,1740794790327,1786132828461,2026-08-08T12:07:45.053966+00:00
1394990,Heart of Summer,2025-02-28,2025-02,steam_store_search,True,True,INTERSECTION,True,,v55043,r132631,Heart of Summer,complete,True,Heart of Summer,-30%,False,https://store.steampowered.com/app/1394990/,https://vndb.org/v55043,163,FOUND,Heart of Summer,1740796625147,1786132828461,2026-08-08T12:07:45.053966+00:00
3128580,OMEGA 6 The Triangle Stars,2025-02-28,2025-02,steam_store_search,True,True,INTERSECTION,True,,v40042,r130630,OMEGA 6 The Triangle Stars,complete,True,OMEGA 6 The Triangle Stars,$14.99,False,https://store.steampowered.com/app/3128580/,https://vndb.org/v40042,934,FOUND,OMEGA 6 The Triangle Stars,1740700800000,1786132828461,2026-08-08T12:07:45.053966+00:00
2323650,Clash: Blue Mirage,2025-03-01,2025-03,steam_store_search,True,True,INTERSECTION,True,,v41592,r119529,Clash: Blue Mirage,complete,True,Clash: Blue Mirage,$4.99,False,https://store.steampowered.com/app/2323650/,https://vndb.org/v41592,15,FOUND,Clash: Blue Mirage,1740787200000,1786132828461,2026-08-08T12:07:45.053966+00:00
3513920,Elysium,2025-03-01,2025-03,steam_store_search,True,True,INTERSECTION,True,,v55046,r132711,Jile Shijie,complete,True,Elysium,$0.99,False,https://store.steampowered.com/app/3513920/,https://vndb.org/v55046,1924,FOUND,Elysium,1740900433001,1786132828461,2026-08-08T12:07:45.053966+00:00
3247540,Going Your Own Way - Episode One,2025-03-02,2025-03,steam_store_search,True,True,INTERSECTION,True,,v55300,r133261,Going Your Own Way,complete,True,Going Your Own Way - Episode One,$4.99,False,https://store.steampowered.com/app/3247540/,https://vndb.org/v55300,110,FOUND,Going Your Own Way - Episode One,1740960000000,1786132828461,2026-08-08T12:07:45.053966+00:00
3202110,Deadly Heart Gambit,2025-03-03,2025-03,steam_store_search,True,True,INTERSECTION,True,,v67495,r161985,Deadly Heart Gambit,complete,True,Deadly Heart Gambit,-50%,False,https://store.steampowered.com/app/3202110/,https://vndb.org/v67495,1844,FOUND,Deadly Heart Gambit,1740960000000,1786132828461,2026-08-08T12:07:45.053966+00:00
3221830,Destino Indomable,2025-03-03,2025-03,steam_store_search,True,True,INTERSECTION,True,,v53725,r129688,Destino Indomable,complete,True,Destino Indomable,$12.99,False,https://store.steampowered.com/app/3221830/,https://vndb.org/v53725,200,FOUND,Destino Indomable,1740960000000,1786132828461,2026-08-08T12:07:45.053966+00:00
3330860,Hello Girl,2025-03-03,2025-03,steam_store_search,True,True,INTERSECTION,True,,v45909,r131008,Hello Girl,complete,True,Hello Girl,$6.99,False,https://store.steampowered.com/app/3330860/,https://vndb.org/v45909,1213,FOUND,Hello Girl,1740960000000,1786132828461,2026-08-08T12:07:45.053966+00:00
3398950,Kindred [SnowBound],2025-03-03,2025-03,steam_store_search,True,True,INTERSECTION,True,,v54063,r130457,Kindred [SnowBound],complete,True,Kindred [SnowBound],$2.99,False,https://store.steampowered.com/app/3398950/,https://vndb.org/v54063,450,FOUND,Kindred [SnowBound],1740787200000,1786132828461,2026-08-08T12:07:45.053966+00:00
3194380,SIGNAL: Uncharted Lands,2025-03-03,2025-03,steam_store_search,True,True,INTERSECTION,True,,v52751,r127366,SYHNAL: Nezvidani zemli,complete,True,SIGNAL: Uncharted Lands,$4.99,False,https://store.steampowered.com/app/3194380/,https://vndb.org/v52751,756,FOUND,SIGNAL: Uncharted Lands,1741046400000,1786132828461,2026-08-08T12:07:45.053966+00:00
3240500,Sakura Isekai Adventure 3,2025-03-03,2025-03,steam_store_search,True,True,INTERSECTION,True,,v55059,r132661,Sakura Isekai Adventure 3,complete,True,Sakura Isekai Adventure 3,$9.99,False,https://store.steampowered.com/app/3240500/,https://vndb.org/v55059,429,FOUND,Sakura Isekai Adventure 3,1740960000000,1786132828461,2026-08-08T12:07:45.053966+00:00
3360880,Spirit Driver,2025-03-03,2025-03,steam_store_search,True,True,INTERSECTION,True,,v53390,r128868,Spirit Driver,complete,True,Spirit Driver,$4.99,False,https://store.steampowered.com/app/3360880/,https://vndb.org/v53390,69,FOUND,Spirit Driver,1740960000000,1786132828461,2026-08-08T12:07:45.053966+00:00
3317650,无限骰子,2025-03-03,2025-03,steam_store_search,True,True,INTERSECTION,True,,v55114,r132773,Wuxian Shaizi,complete,True,无限骰子,$5.99,False,https://store.steampowered.com/app/3317650/,https://vndb.org/v55114,289,FOUND,无限骰子,1740787200000,1786132828461,2026-08-08T12:07:45.053966+00:00
3433870,时忆 Memory of Time,2025-03-03,2025-03,steam_store_search,True,True,INTERSECTION,True,,v55097,r132743,Shi Yi,complete,True,时忆 Memory of Time,Free,True,https://store.steampowered.com/app/3433870/,https://vndb.org/v55097,1129,FOUND,时忆 Memory of Time,1740787200000,1786132828461,2026-08-08T12:07:45.053966+00:00
3289270,Firelore: Short Tales,2025-03-04,2025-03,steam_store_search,True,True,INTERSECTION,True,,v55116,r132780,Firelore: Short Tales,complete,True,Firelore: Short Tales,$5.99,False,https://store.steampowered.com/app/3289270/,https://vndb.org/v55116,242,FOUND,Firelore: Short Tales,1741046400000,1786132828461,2026-08-08T12:07:45.053966+00:00
2286070,Tale of REN ~ [Searching for HEART droplets] ~,2025-03-04,2025-03,steam_store_search,True,True,INTERSECTION,True,,v53178,r128334,Tale of REN ~ [Searching for HEART droplets] ~,complete,True,Tale of REN ~ [Searching for HEART droplets] ~,$11.99,False,https://store.steampowered.com/app/2286070/,https://vndb.org/v53178,85,FOUND,Tale of REN ~ [Searching for HEART droplets] ~,1741046400000,1786132828461,2026-08-08T12:07:45.053966+00:00
3225570,The Butterfly Dreams,2025-03-04,2025-03,steam_store_search,True,True,INTERSECTION,True,,v52307,r126421,The Butterfly Dreams,complete,True,The Butterfly Dreams,$3.99,False,https://store.steampowered.com/app/3225570/,https://vndb.org/v52307,33,FOUND,The Butterfly Dreams,1741156053458,1786132828461,2026-08-08T12:07:45.053966+00:00
3463820,Unforgettable: 4th Dimensional Bartending,2025-03-04,2025-03,steam_store_search,True,True,INTERSECTION,True,,v55282,r133230,Unforgettable: 4th Dimensional Bartending,complete,True,Unforgettable: 4th Dimensional Bartending,$3.99,False,https://store.steampowered.com/app/3463820/,https://vndb.org/v55282,348,FOUND,Unforgettable: 4th Dimensional Bartending,1741158035043,1786132828461,2026-08-08T12:07:45.053966+00:00
2983250,AIR,2025-03-05,2025-03,steam_store_search,True,True,INTERSECTION,True,,v36,r132097,AIR,complete,True,AIR,$29.99,False,https://store.steampowered.com/app/2983250/,https://vndb.org/v36,18841,FOUND,AIR,1741132800000,1786132828461,2026-08-08T12:07:45.053966+00:00
2490330,Parasite in Love,2025-03-05,2025-03,steam_store_search,True,True,INTERSECTION,True,,v38544,r96406,Parasite in Love,complete,True,Parasite in Love,Free,True,https://store.steampowered.com/app/2490330/,https://vndb.org/v38544,2077,FOUND,Parasite in Love,1741235484818,1786132828461,2026-08-08T12:07:45.053966+00:00
2392500,Ever 17 - The Out of Infinity,2025-03-06,2025-03,steam_store_search,True,True,INTERSECTION,True,,v19373,r129538,Ever17,complete,True,Ever 17 - The Out of Infinity,$29.99,False,https://store.steampowered.com/app/2392500/,https://vndb.org/v19373,5993,FOUND,Ever 17 - The Out of Infinity,1741219200000,1786132828461,2026-08-08T12:07:45.053966+00:00
2184620,Never 7 - The End of Infinity,2025-03-06,2025-03,steam_store_search,True,True,INTERSECTION,True,,v248,r129540,Never7 -the end of infinity-,complete,True,Never 7 - The End of Infinity,$19.99,False,https://store.steampowered.com/app/2184620/,https://vndb.org/v248,2311,FOUND,Never 7 - The End of Infinity,1741219200000,1786132828461,2026-08-08T12:07:45.053966+00:00
3509460,Through the Edges,2025-03-06,2025-03,steam_store_search,True,True,INTERSECTION,True,,v55131,r132833,Through the Edges,complete,True,Through the Edges,-85%,False,https://store.steampowered.com/app/3509460/,https://vndb.org/v55131,74,FOUND,Through the Edges,1741219200000,1786132828461,2026-08-08T12:07:45.053966+00:00
3103170,Luna's Twilight,2025-03-07,2025-03,steam_store_search,True,True,INTERSECTION,True,,v53100,r128119,Manwol-ui Jeotaek,complete,True,Luna's Twilight,$19.99,False,https://store.steampowered.com/app/3103170/,https://vndb.org/v53100,340,FOUND,Luna's Twilight,1741305600000,1786132828461,2026-08-08T12:07:45.053966+00:00
3436630,NOX AETERNA - Veil of Darkness,2025-03-07,2025-03,steam_store_search,True,True,INTERSECTION,True,,v55156,r132881,NOX AETERNA - Veil of Darkness,complete,True,NOX AETERNA - Veil of Darkness,Free,True,https://store.steampowered.com/app/3436630/,https://vndb.org/v55156,435,FOUND,NOX AETERNA - Veil of Darkness,1741407668230,1786132828461,2026-08-08T12:07:45.053966+00:00
3079280,Saihate Station,2025-03-07,2025-03,steam_store_search,True,True,INTERSECTION,True,,v50880,r139885,Saihate Eki,complete,True,Saihate Station,Free,True,https://store.steampowered.com/app/3079280/,https://vndb.org/v50880,240539,FOUND,Saihate Station,1741219200000,1786132828461,2026-08-08T12:07:45.053966+00:00
3465450,OmOneko,2025-03-08,2025-03,steam_store_search,True,True,INTERSECTION,True,,v38602,r105243,OmOneko,complete,True,OmOneko,Free,True,https://store.steampowered.com/app/3465450/,https://vndb.org/v38602,1833,FOUND,OmOneko,1741493918395,1786132828461,2026-08-08T12:07:45.053966+00:00
2730010,Too Small To Matter,2025-03-08,2025-03,steam_store_search,True,True,INTERSECTION,True,,v50764,r122905,Too Small To Matter,complete,True,Too Small To Matter,$3.99,False,https://store.steampowered.com/app/2730010/,https://vndb.org/v50764,65,FOUND,Too Small To Matter,1741502765056,1786132828461,2026-08-08T12:07:45.053966+00:00
3555670,"Chill with Lisa – She Listens, She Cares, She Supports",2025-03-12,2025-03,steam_store_search,True,True,INTERSECTION,True,,v55184,r132981,"Chill with Lisa – She Listens, She Cares, She Supports",complete,True,"Chill with Lisa – She Listens, She Cares, She Supports",$0.99,False,https://store.steampowered.com/app/3555670/,https://vndb.org/v55184,69,FOUND,"Chill with Lisa – She Listens, She Cares, She Supports",1741828815209,1786132828461,2026-08-08T12:07:45.053966+00:00
2963890,Expelled!,2025-03-12,2025-03,steam_store_search,True,True,INTERSECTION,True,,v55570,r133823,Expelled!,complete,True,Expelled!,$14.99,False,https://store.steampowered.com/app/2963890/,https://vndb.org/v55570,9298,FOUND,Expelled!,1741737600000,1786132828461,2026-08-08T12:07:45.053966+00:00
3245920,Falling for Yaoguais,2025-03-12,2025-03,steam_store_search,True,True,INTERSECTION,True,,v53371,r128810,Yaoguai Budong Tan Lian'ai,complete,True,Falling for Yaoguais,-20%,False,https://store.steampowered.com/app/3245920/,https://vndb.org/v53371,433,FOUND,Falling for Yaoguais,1741737600000,1786132828461,2026-08-08T12:07:45.053966+00:00
2353340,KAMITSUBAKI CITY REGENERATE,2025-03-12,2025-03,steam_store_search,True,True,INTERSECTION,True,,v47007,r112860,Kamitsubaki Shi Kensetsu Chuu. REGENERATE,complete,True,KAMITSUBAKI CITY REGENERATE,$34.99,False,https://store.steampowered.com/app/2353340/,https://vndb.org/v47007,9872,FOUND,KAMITSUBAKI CITY REGENERATE,1741737600000,1786132828461,2026-08-08T12:07:45.053966+00:00
3517180,Muse,2025-03-12,2025-03,vndb_steam_release,True,True,INTERSECTION,True,,v55183,r132977;r132978,Muse,complete;trial,True,Muse,,False,https://store.steampowered.com/app/3517180/,https://vndb.org/v55183,,NOT_FOUND,,,,2026-08-08T12:07:45.053966+00:00
3192560,Phantom Thief Angels: Twin Angel - Labyrinth of Time and World - Re:light,2025-03-13,2025-03,steam_store_search,True,True,INTERSECTION,True,,v16238,r128250,Kaitou Tenshi Twin Angel ~Toki to Sekai no Labyrinth~,complete,True,Phantom Thief Angels: Twin Angel - Labyrinth of Time and World - Re:light,$17.50,False,https://store.steampowered.com/app/3192560/,https://vndb.org/v16238,500,FOUND,Phantom Thief Angels: Twin Angel - Labyrinth of Time and World - Re:light,1741824000000,1786132828461,2026-08-08T12:07:45.053966+00:00
3236000,Syutyaku Gakuen,2025-03-13,2025-03,steam_store_search,True,True,INTERSECTION,True,,v55192,r133210,Shuuchaku Gakuen,complete,True,Syutyaku Gakuen,$5.99,False,https://store.steampowered.com/app/3236000/,https://vndb.org/v55192,1004,FOUND,Syutyaku Gakuen,1741938592183,1786132828461,2026-08-08T12:07:45.053966+00:00
2973410,就労！！わんわんヒューマン,2025-03-13,2025-03,steam_store_search,True,True,INTERSECTION,True,,v49299,r133037,Shuurou!! Wanwan Human,complete,True,就労！！わんわんヒューマン,Free,True,https://store.steampowered.com/app/2973410/,https://vndb.org/v49299,4343,FOUND,就労！！わんわんヒューマン,1741910400000,1786132828461,2026-08-08T12:07:45.053966+00:00
3552560,Stella: into the Shadow,2025-03-14,2025-03,steam_store_search,True,True,INTERSECTION,True,,v55210,r133039;r141564;r141565,Stella: into the Shadow,complete,True,Stella: into the Shadow,Free,True,https://store.steampowered.com/app/3552560/,https://vndb.org/v55210,1581,FOUND,Stella: into the Shadow,1741910400000,1786132828461,2026-08-08T12:07:45.053966+00:00
2743760,Real Anime Situation! DT,2025-03-17,2025-03,steam_store_search,True,True,INTERSECTION,True,,v39872,r126405,Real Eroge Situation! DT,complete,True,Real Anime Situation! DT,$24.99,False,https://store.steampowered.com/app/2743760/,https://vndb.org/v39872,1290,FOUND,Real Anime Situation! DT,1742169600000,1786132828461,2026-08-08T12:07:45.053966+00:00
3546700,Revive,2025-03-17,2025-03,steam_store_search,True,True,INTERSECTION,True,,v55241,r133132,Revive,complete,True,Revive,$0.99,False,https://store.steampowered.com/app/3546700/,https://vndb.org/v55241,91,FOUND,Revive,1742274965595,1786132828461,2026-08-08T12:07:45.053966+00:00
3300740,怪谈事务所：破界,2025-03-17,2025-03,steam_store_search,True,True,INTERSECTION,True,,v55254,r133167,Guaitan Shiwu Suo: Po Jie,complete,True,怪谈事务所：破界,Free,True,https://store.steampowered.com/app/3300740/,https://vndb.org/v55254,494,FOUND,怪谈事务所：破界,1742285403137,1786132828461,2026-08-08T12:07:45.053966+00:00
3329650,Find Love or Die Trying: Til Death Do Us Part,2025-03-18,2025-03,steam_store_search,True,True,INTERSECTION,True,,v55060,r132662,Find Love or Die Trying: Til Death Do Us Part,complete,True,Find Love or Die Trying: Til Death Do Us Part,$4.99,False,https://store.steampowered.com/app/3329650/,https://vndb.org/v55060,3546,FOUND,Find Love or Die Trying: Til Death Do Us Part,1742256000000,1786132828461,2026-08-08T12:07:45.053966+00:00
3565880,Ведьмы зов,2025-03-18,2025-03,steam_store_search,True,True,INTERSECTION,True,,v55255,r133169,Ved'my zov,complete,True,Ведьмы зов,$0.99,False,https://store.steampowered.com/app/3565880/,https://vndb.org/v55255,735,FOUND,Ведьмы зов,1742284850771,1786132828461,2026-08-08T12:07:45.053966+00:00
3425890,メルクストーリア - 癒術士と心の旋律 -,2025-03-18,2025-03,steam_store_search,True,True,INTERSECTION,True,,v61029,r145867,Merc Storia: Yujutsushi to Suzu no Shirabe,complete,True,メルクストーリア - 癒術士と心の旋律 -,Free,True,https://store.steampowered.com/app/3425890/,https://vndb.org/v61029,3402,FOUND,メルクストーリア - 癒術士と心の旋律 -,1742367678355,1786132828461,2026-08-08T12:07:45.053966+00:00
3386300,Secret Crush -Unrequited love-,2025-03-20,2025-03,steam_store_search,True,True,INTERSECTION,True,,v24750,r133233,Secret Crush -Kataomoi-,complete,True,Secret Crush -Unrequited love-,$16.99,False,https://store.steampowered.com/app/3386300/,https://vndb.org/v24750,27,FOUND,Secret Crush -Unrequited love-,1742535468456,1786132828461,2026-08-08T12:07:45.053966+00:00
2566880,MOOD,2025-03-23,2025-03,steam_store_search,True,True,INTERSECTION,True,,v51179,r133285,MOOD,complete,True,MOOD,$5.99,False,https://store.steampowered.com/app/2566880/,https://vndb.org/v51179,6187,FOUND,MOOD,1742787465279,1786132828461,2026-08-08T12:07:45.053966+00:00
3422320,SAIKA,2025-03-23,2025-03,steam_store_search,True,True,INTERSECTION,True,,v54556,r131501,SAIKA,complete,True,SAIKA,$9.99,False,https://store.steampowered.com/app/3422320/,https://vndb.org/v54556,15,FOUND,SAIKA,1742791534323,1786132828461,2026-08-08T12:07:45.053966+00:00
3416270,Cross The Boundaries,2025-03-24,2025-03,steam_store_search,True,True,INTERSECTION,True,,v37137,r135514,Cross the Boundaries,complete,True,Cross The Boundaries,$4.99,False,https://store.steampowered.com/app/3416270/,https://vndb.org/v37137,1422,FOUND,Cross The Boundaries,1742866838907,1786132828461,2026-08-08T12:07:45.053966+00:00
3580630,In The Foundations,2025-03-24,2025-03,steam_store_search,True,True,INTERSECTION,True,,v54389,r133309,In The Foundations,complete,True,In The Foundations,Free,True,https://store.steampowered.com/app/3580630/,https://vndb.org/v54389,1212,FOUND,In The Foundations,1742774400000,1786132828461,2026-08-08T12:07:45.053966+00:00
3175950,Ezrebeth,2025-03-25,2025-03,steam_store_search,True,True,INTERSECTION,True,,v41452,r127206,Ezrebeth (A Holiday Mindfudge),complete,True,Ezrebeth,-20%,False,https://store.steampowered.com/app/3175950/,https://vndb.org/v41452,199,FOUND,Ezrebeth,1742860800000,1786132828461,2026-08-08T12:07:45.053966+00:00
2983140,Trials of Innocence,2025-03-25,2025-03,steam_store_search,True,True,INTERSECTION,True,,v52018,r125773,Zhege Jiahuo Wuzui,complete,True,Trials of Innocence,-20%,False,https://store.steampowered.com/app/2983140/,https://vndb.org/v52018,23989,FOUND,Trials of Innocence,1742860800000,1786132828461,2026-08-08T12:07:45.053966+00:00
3478470,Destind: Mr. Almost Right,2025-03-26,2025-03,steam_store_search,True,True,INTERSECTION,True,,v26905,r132964,Ato 1% de Unmei no Koi,complete,True,Destind: Mr. Almost Right,-50%,False,https://store.steampowered.com/app/3478470/,https://vndb.org/v26905,258,FOUND,Destind: Mr. Almost Right,1743060663654,1786132828461,2026-08-08T12:07:45.053966+00:00
2943040,Memory Girl +,2025-03-26,2025-03,steam_store_search,True,True,INTERSECTION,True,,v36520,r126720,Memory Girl,complete,True,Memory Girl +,-35%,False,https://store.steampowered.com/app/2943040/,https://vndb.org/v36520,728,FOUND,Memory Girl +,1742860800000,1786132828461,2026-08-08T12:07:45.053966+00:00
3430300,Tayutama: Kiss on my Deity,2025-03-26,2025-03,steam_store_search,True,True,INTERSECTION,True,,v828,r131312,Tayutama -Kiss on My Deity-,complete,True,Tayutama: Kiss on my Deity,$34.99,False,https://store.steampowered.com/app/3430300/,https://vndb.org/v828,1219,FOUND,Tayutama: Kiss on my Deity,1742947200000,1786132828461,2026-08-08T12:07:45.053966+00:00
2439220,Disney Villains Cursed Café,2025-03-27,2025-03,steam_store_search,True,True,INTERSECTION,True,,v55362,r133422,Disney Villains Cursed Café,complete,True,Disney Villains Cursed Café,$14.99,False,https://store.steampowered.com/app/2439220/,https://vndb.org/v55362,2273,FOUND,Disney Villains Cursed Café,1743033600000,1786132828461,2026-08-08T12:07:45.053966+00:00
3389860,Puff Love Story,2025-03-27,2025-03,steam_store_search,True,True,INTERSECTION,True,,v54914,r132359,Paofu Aiqing Gushi,complete,True,Puff Love Story,$3.99,False,https://store.steampowered.com/app/3389860/,https://vndb.org/v54914,12672,FOUND,Puff Love Story,1743138488340,1786132828461,2026-08-08T12:07:45.053966+00:00
3478850,Bonjin ~ An Ordinary Man,2025-03-28,2025-03,steam_store_search,True,True,INTERSECTION,True,,v55496,r133679,Bonjin ~ An Ordinary Man,complete,True,Bonjin ~ An Ordinary Man,$3.99,False,https://store.steampowered.com/app/3478850/,https://vndb.org/v55496,416,FOUND,Bonjin ~ An Ordinary Man,1743120000000,1786132828461,2026-08-08T12:07:45.053966+00:00
3466180,Red Supreme,2025-03-28,2025-03,steam_store_search,True,True,INTERSECTION,True,,v47742,r132234,Krasnoe prevoshodstvo,complete,True,Red Supreme,$7.99,False,https://store.steampowered.com/app/3466180/,https://vndb.org/v47742,231,FOUND,Red Supreme,1743224943292,1786132828461,2026-08-08T12:07:45.053966+00:00
3470430,Dere Quartet,2025-03-30,2025-03,steam_store_search,True,True,INTERSECTION,True,,v55418,r133561,Dere Quartet,complete,True,Dere Quartet,Free,True,https://store.steampowered.com/app/3470430/,https://vndb.org/v55418,1365,FOUND,Dere Quartet,1743120000000,1786132828461,2026-08-08T12:07:45.053966+00:00
2404360,翎之歌,2025-03-30,2025-03,steam_store_search,True,True,INTERSECTION,True,,v54886,r132281,Ling zhi Ge,complete,True,翎之歌,$6.99,False,https://store.steampowered.com/app/2404360/,https://vndb.org/v54886,1476,FOUND,翎之歌,1743292800000,1786132828461,2026-08-08T12:07:45.053966+00:00
2697560,Mojika - Truth Rears Its Ugly Head,2025-03-31,2025-03,steam_store_search,True,True,INTERSECTION,True,,v21667,r126593,Minikui Mojika no Ko,complete,True,Mojika - Truth Rears Its Ugly Head,$24.99,False,https://store.steampowered.com/app/2697560/,https://vndb.org/v21667,13895,FOUND,Mojika - Truth Rears Its Ugly Head,1743379200000,1786132828461,2026-08-08T12:07:45.053966+00:00
3327200,Morse Academy,2025-04-01,2025-04,steam_store_search,True,True,INTERSECTION,True,,v55468,r145345,Morse Academy,complete,True,Morse Academy,$2.99,False,https://store.steampowered.com/app/3327200/,https://vndb.org/v55468,742,FOUND,Morse Academy,1743569927194,1786132828461,2026-08-08T12:07:45.053966+00:00
3567810,氷華の雪化粧／Snow Veil,2025-04-01,2025-04,steam_store_search,True,True,INTERSECTION,True,,v55120,r132786,Hyouka no Yukigeshou,complete,True,氷華の雪化粧／Snow Veil,$2.99,False,https://store.steampowered.com/app/3567810/,https://vndb.org/v55120,1,FOUND,氷華の雪化粧／Snow Veil,1743465600000,1786132828461,2026-08-08T12:07:45.053966+00:00
3367000,Threads of Karma,2025-04-02,2025-04,steam_store_search,True,True,INTERSECTION,True,,v55536,r133758,Chang,complete,True,Threads of Karma,$5.99,False,https://store.steampowered.com/app/3367000/,https://vndb.org/v55536,1016,FOUND,Threads of Karma,1743638400000,1786132828461,2026-08-08T12:07:45.053966+00:00
3584100,流木缘Driftwood Fate,2025-04-03,2025-04,steam_store_search,True,True,INTERSECTION,True,,v55265,r133191,Liumu Yuan,complete,True,流木缘Driftwood Fate,Free,True,https://store.steampowered.com/app/3584100/,https://vndb.org/v55265,3175,FOUND,流木缘Driftwood Fate,1743751739520,1786132828461,2026-08-08T12:07:45.053966+00:00
2917740,In Between All Times,2025-04-07,2025-04,steam_store_search,True,True,INTERSECTION,True,,v50831,r142446,Ujugonggang,complete,True,In Between All Times,$11.99,False,https://store.steampowered.com/app/2917740/,https://vndb.org/v50831,431,FOUND,In Between All Times,1744080987859,1786132828461,2026-08-08T12:07:45.053966+00:00
2333930,Kitchen Sync: Aloha!,2025-04-07,2025-04,steam_store_search,True,True,INTERSECTION,True,,v55640,r133968,Kitchen Sync: Aloha!,complete,True,Kitchen Sync: Aloha!,-40%,False,https://store.steampowered.com/app/2333930/,https://vndb.org/v55640,3849,FOUND,Kitchen Sync: Aloha!,1743984000000,1786132828461,2026-08-08T12:07:45.053966+00:00
2514640,All in Abyss: Judge the Fake,2025-04-09,2025-04,steam_store_search,True,True,INTERSECTION,True,,v51024,r123532,All in Abyss: Ikasama Sabaki,complete,True,All in Abyss: Judge the Fake,$15.99,False,https://store.steampowered.com/app/2514640/,https://vndb.org/v51024,11605,FOUND,All in Abyss: Judge the Fake,1744156800000,1786132828461,2026-08-08T12:07:45.053966+00:00
2604320,Memories Off Sousou ~Not always true~,2025-04-09,2025-04,steam_store_search,True,True,INTERSECTION,True,,v47203,r113517,Memories Off Sousou: ~Not always true~,complete,True,Memories Off Sousou ~Not always true~,$39.99,False,https://store.steampowered.com/app/2604320/,https://vndb.org/v47203,2709,FOUND,Memories Off Sousou ~Not always true~,1744156800000,1786132828461,2026-08-08T12:07:45.053966+00:00
3376160,おしかけねーちゃん Can I crash at your place?,2025-04-09,2025-04,steam_store_search,True,True,INTERSECTION,True,,v6380,r134168,Nee Ane Paradise ~Ore to Nee-chan no Amaama Seikatsu~,complete,True,おしかけねーちゃん Can I crash at your place?,-50%,False,https://store.steampowered.com/app/3376160/,https://vndb.org/v6380,1,FOUND,おしかけねーちゃん Can I crash at your place?,1744270953748,1786132828461,2026-08-08T12:07:45.053966+00:00
3604220,美少女スナップ！メタモル写真クラブ School Photo Transformer,2025-04-09,2025-04,steam_store_search,True,True,INTERSECTION,True,,v12491,r134172,Sakigake! Metamorfuck Gakuen! ~Kogane no Chikyuu to Pantsu no Hihou~,complete,True,美少女スナップ！メタモル写真クラブ School Photo Transformer,-50%,False,https://store.steampowered.com/app/3604220/,https://vndb.org/v12491,1,FOUND,美少女スナップ！メタモル写真クラブ School Photo Transformer,1744271744576,1786132828461,2026-08-08T12:07:45.053966+00:00
3423550,ComicKingdom,2025-04-10,2025-04,steam_store_search,True,True,INTERSECTION,True,,v54740,r131882,Manhua Gongheguo,complete,True,ComicKingdom,$2.99,False,https://store.steampowered.com/app/3423550/,https://vndb.org/v54740,653,FOUND,ComicKingdom,1744243200000,1786132828461,2026-08-08T12:07:45.053966+00:00
3574950,Univocity,2025-04-10,2025-04,steam_store_search,True,True,INTERSECTION,True,,v55086,r134485,Univocity,complete,True,Univocity,-50%,False,https://store.steampowered.com/app/3574950/,https://vndb.org/v55086,54,FOUND,Univocity,1744243200000,1786132828461,2026-08-08T12:07:45.053966+00:00
2739420,书恋与君：美少女教我追系花,2025-04-10,2025-04,steam_store_search,True,True,INTERSECTION,True,,v50768,r122926,Shu Lian Yu Jun: Mei Shaonu Jiao Wo Zhui Xi Hua,complete,True,书恋与君：美少女教我追系花,$11.99,False,https://store.steampowered.com/app/2739420/,https://vndb.org/v50768,1057,FOUND,书恋与君：美少女教我追系花,1744243200000,1786132828461,2026-08-08T12:07:45.053966+00:00
3551750,Murder in Crayontopia,2025-04-11,2025-04,steam_store_search,True,True,INTERSECTION,True,,v55777,r134304,Murder in Crayontopia,complete,True,Murder in Crayontopia,$9.99,False,https://store.steampowered.com/app/3551750/,https://vndb.org/v55777,29,FOUND,Murder in Crayontopia,1744329600000,1786132828461,2026-08-08T12:07:45.053966+00:00
3584380,Personal Murder Theater: Strangled Roots,2025-04-11,2025-04,steam_store_search,True,True,INTERSECTION,True,,v55741,r134210,Personal Murder Theater: Raíces Estranguladas,complete,True,Personal Murder Theater: Strangled Roots,$0.99,False,https://store.steampowered.com/app/3584380/,https://vndb.org/v55741,56,FOUND,Personal Murder Theater: Strangled Roots,1744329600000,1786132828461,2026-08-08T12:07:45.053966+00:00
2906400,幻想 · 遇见秦始皇 Fantasy Encountering Emperor Qin Shi Huang,2025-04-11,2025-04,steam_store_search,True,True,INTERSECTION,True,,v55740,r134208,Huanxiang · Yujian Qin Shi Huang,complete,True,幻想 · 遇见秦始皇 Fantasy Encountering Emperor Qin Shi Huang,$6.99,False,https://store.steampowered.com/app/2906400/,https://vndb.org/v55740,583,FOUND,幻想 · 遇见秦始皇 Fantasy Encountering Emperor Qin Shi Huang,1744329600000,1786132828461,2026-08-08T12:07:45.053966+00:00
3672240,Game of hearts,2025-04-13,2025-04,vndb_steam_release,True,True,INTERSECTION,True,,v57173,r137481;r137482,Game of Hearts,complete;trial,True,Game of hearts,,False,https://store.steampowered.com/app/3672240/,https://vndb.org/v57173,,NOT_FOUND,,,,2026-08-08T12:07:45.053966+00:00
2011240,BROKEN God Awakening,2025-04-14,2025-04,steam_store_search,True,True,INTERSECTION,True,,v36162,r91857,Can Shen Juexing,complete,True,BROKEN God Awakening,$4.99,False,https://store.steampowered.com/app/2011240/,https://vndb.org/v36162,572,FOUND,BROKEN God Awakening,1744703665748,1786132828461,2026-08-08T12:07:45.053966+00:00
3574510,Serre,2025-04-15,2025-04,steam_store_search,True,True,INTERSECTION,True,,v23039,r134323,Serre,complete,True,Serre,$4.99,False,https://store.steampowered.com/app/3574510/,https://vndb.org/v23039,3921,FOUND,Serre,1744779442601,1786132828461,2026-08-08T12:07:45.053966+00:00
3096600,Artificial Nexus,2025-04-16,2025-04,steam_store_search,True,True,INTERSECTION,True,,v52348,r126548,Artificial Nexus,complete,True,Artificial Nexus,$9.99,False,https://store.steampowered.com/app/3096600/,https://vndb.org/v52348,120,FOUND,Artificial Nexus,1744848000000,1786132828461,2026-08-08T12:07:45.053966+00:00
3379360,Inhuman Resources: A Literary Machination,2025-04-16,2025-04,steam_store_search,True,True,INTERSECTION,True,,v54982,r132499,Resources Inhumaines,complete,True,Inhuman Resources: A Literary Machination,$14.99,False,https://store.steampowered.com/app/3379360/,https://vndb.org/v54982,1328,FOUND,Inhuman Resources: A Literary Machination,1744761600000,1786132828461,2026-08-08T12:07:45.053966+00:00
2427460,Tattoos and Tulips,2025-04-16,2025-04,steam_store_search,True,True,INTERSECTION,True,,v42872,r106069,Tattoos and Tulips,complete,True,Tattoos and Tulips,Free,True,https://store.steampowered.com/app/2427460/,https://vndb.org/v42872,1155,FOUND,Tattoos and Tulips,1744502400000,1786132828461,2026-08-08T12:07:45.053966+00:00
3008470,Tokachi Detective: The Balloon Case,2025-04-16,2025-04,steam_store_search,True,True,INTERSECTION,True,,v55795,r134350,Tantei Tokachi: Kikyu Jiken,complete,True,Tokachi Detective: The Balloon Case,$1.99,False,https://store.steampowered.com/app/3008470/,https://vndb.org/v55795,63,FOUND,Tokachi Detective: The Balloon Case,1744848000000,1786132828461,2026-08-08T12:07:45.053966+00:00
3503250,信标2010,2025-04-16,2025-04,steam_store_search,True,True,INTERSECTION,True,,v55806,r134385,Xin Biao 2010,complete,True,信标2010,$2.99,False,https://store.steampowered.com/app/3503250/,https://vndb.org/v55806,15,FOUND,信标2010,1744874408702,1786132828461,2026-08-08T12:07:45.053966+00:00
2985750,锈翅 逃离我的家乡 Without Wings,2025-04-16,2025-04,steam_store_search,True,True,INTERSECTION,True,,v51069,r123615,Xiuchi Taoli Wo De Jiaxiang,complete,True,锈翅 逃离我的家乡 Without Wings,$6.99,False,https://store.steampowered.com/app/2985750/,https://vndb.org/v51069,2302,FOUND,锈翅 逃离我的家乡 Without Wings,1744761600000,1786132828461,2026-08-08T12:07:45.053966+00:00
3586520,Beek: Familiar Spirit - Remastered,2025-04-17,2025-04,steam_store_search,True,True,INTERSECTION,True,,v53175,r134419,Beek - Shimo yu Mao Rongrong,complete,True,Beek: Familiar Spirit - Remastered,$3.99,False,https://store.steampowered.com/app/3586520/,https://vndb.org/v53175,1150,FOUND,Beek: Familiar Spirit - Remastered,1744848000000,1786132828461,2026-08-08T12:07:45.053966+00:00
3069120,Love Curse: Find Your Soulmate,2025-04-19,2025-04,steam_store_search,True,True,INTERSECTION,True,,v51590,r124897;r154127,Bu Lian'ai Jiu Wandan le,complete,True,Love Curse: Find Your Soulmate,$14.00,False,https://store.steampowered.com/app/3069120/,https://vndb.org/v51590,76051,FOUND,Love Curse: Find Your Soulmate,1745133748100,1786132828461,2026-08-08T12:07:45.053966+00:00
3530130,봄을 부르는 설녀 - 유나,2025-04-21,2025-04,steam_store_search,True,True,INTERSECTION,True,,v55558,r133792,Bomeul Bureuneun Seollyeo - Yuna Spin-off,complete,True,봄을 부르는 설녀 - 유나,Free,True,https://store.steampowered.com/app/3530130/,https://vndb.org/v55558,870,FOUND,봄을 부르는 설녀 - 유나,1745310905949,1786132828461,2026-08-08T12:07:45.053966+00:00
3443380,Kindaichi Mystery Series: The Honjin Murders,2025-04-23,2025-04,steam_store_search,True,True,INTERSECTION,True,,v55117,r132783,Kindaichi Kousuke Series: Honjin Satsujin Jiken,complete,True,Kindaichi Mystery Series: The Honjin Murders,$12.99,False,https://store.steampowered.com/app/3443380/,https://vndb.org/v55117,3601,FOUND,Kindaichi Mystery Series: The Honjin Murders,1745366400000,1786132828461,2026-08-08T12:07:45.053966+00:00
3213690,Love Live! Nijigasaki High School Idol Club TOKIMEKI Roadmap to Future,2025-04-23,2025-04,steam_store_search,True,True,INTERSECTION,True,,v49151,r129480,Love Live! Nijigasaki Gakuen School Idol Doukoukai: Tokimeki no Mirai Chizu,complete,True,Love Live! Nijigasaki High School Idol Club TOKIMEKI Roadmap to Future,$39.99,False,https://store.steampowered.com/app/3213690/,https://vndb.org/v49151,2947,FOUND,Love Live! Nijigasaki High School Idol Club TOKIMEKI Roadmap to Future,1745366400000,1786132828461,2026-08-08T12:07:45.053966+00:00
3014080,The Hundred Line -Last Defense Academy-,2025-04-23,2025-04,steam_store_search,True,True,INTERSECTION,True,,v54897,r132308;r152291,HUNDRED LINE -Saishuu Bouei Gakuen-,complete,True,The Hundred Line -Last Defense Academy-,-30%,False,https://store.steampowered.com/app/3014080/,https://vndb.org/v54897,137721,FOUND,The Hundred Line -Last Defense Academy-,1745366400000,1786132828461,2026-08-08T12:07:45.053966+00:00
3586280,夢現しろっぷ - Dreamy Syrup -,2025-04-23,2025-04,steam_store_search,True,True,INTERSECTION,True,,v54750,r134562,Yumeutsutsu Syrup -Dreamy Syrup-,complete,True,夢現しろっぷ - Dreamy Syrup -,-30%,False,https://store.steampowered.com/app/3586280/,https://vndb.org/v54750,166,FOUND,夢現しろっぷ - Dreamy Syrup -,1745479341197,1786132828461,2026-08-08T12:07:45.053966+00:00
3193560,Yokai Landlord: Monster Mystery!,2025-04-24,2025-04,steam_store_search,True,True,INTERSECTION,True,,v53197,r128381,Oyaoya? Ooya-san!,complete,True,Yokai Landlord: Monster Mystery!,$17.99,False,https://store.steampowered.com/app/3193560/,https://vndb.org/v53197,3838,FOUND,Yokai Landlord: Monster Mystery!,1745452800000,1786132828461,2026-08-08T12:07:45.053966+00:00
1529640,Hanako's Flower Shop,2025-04-25,2025-04,steam_store_search,True,True,INTERSECTION,True,,v59843,r143069,Hanako's Flower Shop,complete,True,Hanako's Flower Shop,$14.99,False,https://store.steampowered.com/app/1529640/,https://vndb.org/v59843,1144,FOUND,Hanako's Flower Shop,1745539200000,1786132828461,2026-08-08T12:07:45.053966+00:00
3422120,Incelthread,2025-04-25,2025-04,steam_store_search,True,True,INTERSECTION,True,,v54528,r131464,Inceltred,complete,True,Incelthread,Free,True,https://store.steampowered.com/app/3422120/,https://vndb.org/v54528,4210,FOUND,Incelthread,1745650805422,1786132828461,2026-08-08T12:07:45.053966+00:00
3603590,The Ghost of Alcantra,2025-04-25,2025-04,steam_store_search,True,True,INTERSECTION,True,,v55742,r134213,The Ghost of Alcantra,complete,True,The Ghost of Alcantra,Free,True,https://store.steampowered.com/app/3603590/,https://vndb.org/v55742,916,FOUND,The Ghost of Alcantra,1745539200000,1786132828461,2026-08-08T12:07:45.053966+00:00
3660600,ЗУМЕРЫ,2025-04-25,2025-04,steam_store_search,True,True,INTERSECTION,True,,v55907,r134683,ZUMERY,complete,True,ЗУМЕРЫ,$0.99,False,https://store.steampowered.com/app/3660600/,https://vndb.org/v55907,508,FOUND,ЗУМЕРЫ,1745565512257,1786132828461,2026-08-08T12:07:45.053966+00:00
3638590,みすずの国,2025-04-25,2025-04,steam_store_search,True,True,INTERSECTION,True,,v29837,r134170,Misuzu no Kuni,complete,True,みすずの国,$4.99,False,https://store.steampowered.com/app/3638590/,https://vndb.org/v29837,354,FOUND,みすずの国,1745539200000,1786132828461,2026-08-08T12:07:45.053966+00:00
3607020,ライヒェは街灯の下で,2025-04-25,2025-04,steam_store_search,True,True,INTERSECTION,True,,v55469,r133647,Reiche wa Gaitou no Moto de,complete,True,ライヒェは街灯の下で,$3.99,False,https://store.steampowered.com/app/3607020/,https://vndb.org/v55469,543,FOUND,ライヒェは街灯の下で,1745539200000,1786132828461,2026-08-08T12:07:45.053966+00:00
3581850,Diamond Runway,2025-04-27,2025-04,steam_store_search,True,True,INTERSECTION,True,,v55967,r134803,Zuanshi T Tai,complete,True,Diamond Runway,$5.99,False,https://store.steampowered.com/app/3581850/,https://vndb.org/v55967,83,FOUND,Diamond Runway,1745891771375,1786132828461,2026-08-08T12:07:45.053966+00:00
2929120,따님은 제가 데리고 있습니다,2025-04-27,2025-04,steam_store_search,True,True,INTERSECTION,True,,v50433,r121895,Ttanim-eun Jega Deligo Issseubnida,complete,True,따님은 제가 데리고 있습니다,-40%,False,https://store.steampowered.com/app/2929120/,https://vndb.org/v50433,170,FOUND,따님은 제가 데리고 있습니다,1745825367411,1786132828461,2026-08-08T12:07:45.053966+00:00
3634400,Elara,2025-04-28,2025-04,steam_store_search,True,True,INTERSECTION,True,,v55970,r134807,Elara,complete,True,Elara,$4.99,False,https://store.steampowered.com/app/3634400/,https://vndb.org/v55970,30,FOUND,Elara,1745892647298,1786132828461,2026-08-08T12:07:45.053966+00:00
3434050,Queen Naeja's Desires,2025-04-28,2025-04,steam_store_search,True,True,INTERSECTION,True,,v55969,r134805,Queen Naeja's Desires,complete,True,Queen Naeja's Desires,$9.99,False,https://store.steampowered.com/app/3434050/,https://vndb.org/v55969,15,FOUND,Queen Naeja's Desires,1745903992130,1786132828461,2026-08-08T12:07:45.053966+00:00
3589940,The Neverending Summer,2025-04-28,2025-04,steam_store_search,True,True,INTERSECTION,True,,v55413,r133554,Zhou'erfushi de Xiatian,complete,True,The Neverending Summer,$2.99,False,https://store.steampowered.com/app/3589940/,https://vndb.org/v55413,1160,FOUND,The Neverending Summer,1745911808928,1786132828461,2026-08-08T12:07:45.053966+00:00
3461460,刑死のためのカウンセル,2025-04-28,2025-04,steam_store_search,True,True,INTERSECTION,True,,v55412,r133553,Keishi no Tame no Counsel,complete,True,刑死のためのカウンセル,$7.99,False,https://store.steampowered.com/app/3461460/,https://vndb.org/v55412,539,FOUND,刑死のためのカウンセル,1745798400000,1786132828461,2026-08-08T12:07:45.053966+00:00
1048860,Crypterion,2025-04-29,2025-04,steam_store_search,True,True,INTERSECTION,True,,v29297,r75868,Crypterion,complete,True,Crypterion,$12.99,False,https://store.steampowered.com/app/1048860/,https://vndb.org/v29297,995,FOUND,Crypterion,1745884800000,1786132828461,2026-08-08T12:07:45.053966+00:00
3652660,Maline,2025-04-29,2025-04,steam_store_search,True,True,INTERSECTION,True,,v56064,r134950,Maline,complete,True,Maline,Free,True,https://store.steampowered.com/app/3652660/,https://vndb.org/v56064,1179,FOUND,Maline,1745884800000,1786132828461,2026-08-08T12:07:45.053966+00:00
3466470,Nuts For You,2025-04-29,2025-04,steam_store_search,True,True,INTERSECTION,True,,v54068,r132424,Nuts For You,complete,True,Nuts For You,$4.99,False,https://store.steampowered.com/app/3466470/,https://vndb.org/v54068,30,FOUND,Nuts For You,1745986849908,1786132828461,2026-08-08T12:07:45.053966+00:00
3296260,Cafe DReAMLAND,2025-04-30,2025-04,steam_store_search,True,True,INTERSECTION,True,,v55958,r134783;r134813,Cafe DReAMLAND,complete;trial,True,Cafe DReAMLAND,$12.99,False,https://store.steampowered.com/app/3296260/,https://vndb.org/v55958,1994,FOUND,Cafe DReAMLAND,1745971200000,1786132828461,2026-08-08T12:07:45.053966+00:00
3628200,Neko No Sentouki: The Greatest Fighter,2025-04-30,2025-04,steam_store_search,True,True,INTERSECTION,True,,v56108,r135013,Neko No Sentouki: The Greatest Fighter,complete,True,Neko No Sentouki: The Greatest Fighter,$24.99,False,https://store.steampowered.com/app/3628200/,https://vndb.org/v56108,30,FOUND,Neko No Sentouki: The Greatest Fighter,1746073775620,1786132828461,2026-08-08T12:07:45.053966+00:00
2983350,planetarian: Snow Globe,2025-04-30,2025-04,steam_store_search,True,True,INTERSECTION,True,,v27747,r133677,planetarian ~Snow Globe~,complete,True,planetarian: Snow Globe,$3.99,False,https://store.steampowered.com/app/2983350/,https://vndb.org/v27747,6710,FOUND,planetarian: Snow Globe,1745971200000,1786132828461,2026-08-08T12:07:45.053966+00:00
2199510,Herald: The Interactive Period Drama – Complete Edition,2025-05-01,2025-05,steam_store_search,True,True,INTERSECTION,True,,v20866,r94155,Herald,complete,True,Herald: The Interactive Period Drama – Complete Edition,-40%,False,https://store.steampowered.com/app/2199510/,https://vndb.org/v20866,554,FOUND,Herald: The Interactive Period Drama – Complete Edition,1746057600000,1786132828461,2026-08-08T12:07:45.053966+00:00
3556740,A Night Filled With the Sound of Rain,2025-05-02,2025-05,steam_store_search,True,True,INTERSECTION,True,,v53234,r134717,Amaoto ni Michiru Yoru ~A night filled with the sound of rain~,complete,True,A Night Filled With the Sound of Rain,$4.99,False,https://store.steampowered.com/app/3556740/,https://vndb.org/v53234,20609,FOUND,A Night Filled With the Sound of Rain,1746144000000,1786132828461,2026-08-08T12:07:45.053966+00:00
3665680,夢の終わり - Upon the Dream's End -,2025-05-03,2025-05,steam_store_search,True,True,INTERSECTION,True,,v63528,r152113,Yumeno Owari,complete,True,夢の終わり - Upon the Dream's End -,Free,True,https://store.steampowered.com/app/3665680/,https://vndb.org/v63528,680,FOUND,夢の終わり - Upon the Dream's End -,1746057600000,1786132828461,2026-08-08T12:07:45.053966+00:00
2795280,INtLOVErt Game Club,2025-05-04,2025-05,steam_store_search,True,True,INTERSECTION,True,,v42595,r120079,Inkya LoveCome,complete,True,INtLOVErt Game Club,$39.99,False,https://store.steampowered.com/app/2795280/,https://vndb.org/v42595,5757,FOUND,INtLOVErt Game Club,1746418578744,1786132828461,2026-08-08T12:07:45.053966+00:00
2162540,Melbourne: Route 96,2025-05-04,2025-05,steam_store_search,True,True,INTERSECTION,True,,v56178,r135149,Melbourne: Route 96,complete,True,Melbourne: Route 96,$0.99,False,https://store.steampowered.com/app/2162540/,https://vndb.org/v56178,102,FOUND,Melbourne: Route 96,1746505423751,1786132828461,2026-08-08T12:07:45.053966+00:00
3218530,Best Served Cold,2025-05-05,2025-05,steam_store_search,True,True,INTERSECTION,True,,v56175,r135139,Best Served Cold,complete,True,Best Served Cold,$17.99,False,https://store.steampowered.com/app/3218530/,https://vndb.org/v56175,19712,FOUND,Best Served Cold,1746403200000,1786132828461,2026-08-08T12:07:45.053966+00:00
3278330,Forever Time,2025-05-05,2025-05,steam_store_search,True,True,INTERSECTION,True,,v53285,r132737;r151487,Forever Time,complete,True,Forever Time,$8.99,False,https://store.steampowered.com/app/3278330/,https://vndb.org/v53285,330,FOUND,Forever Time,1746585946949,1786132828461,2026-08-08T12:07:45.053966+00:00
3543420,QUIET DAN,2025-05-07,2025-05,steam_store_search,True,True,INTERSECTION,True,,v55077,r140398,TIHIJ DEN,complete,True,QUIET DAN,$1.99,False,https://store.steampowered.com/app/3543420/,https://vndb.org/v55077,30022,FOUND,QUIET DAN,1746576000000,1786132828461,2026-08-08T12:07:45.053966+00:00
3446150,Tsuki ni Yorisou Otome no Sahou 2,2025-05-09,2025-05,steam_store_search,True,True,INTERSECTION,True,,v15293,r133072,Tsuki ni Yorisou Otome no Sahou 2,complete,True,Tsuki ni Yorisou Otome no Sahou 2,-38%,False,https://store.steampowered.com/app/3446150/,https://vndb.org/v15293,12283,FOUND,Tsuki ni Yorisou Otome no Sahou 2,1746748800000,1786132828461,2026-08-08T12:07:45.053966+00:00
3651760,Вторая степень покоя,2025-05-09,2025-05,steam_store_search,True,True,INTERSECTION,True,,v56234,r135278,Vtoraja stepen' pokoja,complete,True,Вторая степень покоя,$4.99,False,https://store.steampowered.com/app/3651760/,https://vndb.org/v56234,238,FOUND,Вторая степень покоя,1746748800000,1786132828461,2026-08-08T12:07:45.053966+00:00
3581210,你能活到第几集,2025-05-12,2025-05,steam_store_search,True,True,INTERSECTION,True,,v56463,r135803,Ni Neng Huo Dao di Ji Ji,complete,True,你能活到第几集,$4.99,False,https://store.steampowered.com/app/3581210/,https://vndb.org/v56463,63,FOUND,你能活到第几集,1747121850724,1786132828461,2026-08-08T12:07:45.053966+00:00
3591190,Mongolian Death Worm Capture Department Activity Record,2025-05-14,2025-05,steam_store_search,True,True,INTERSECTION,True,,v56338,r135493,Mongolian Death Worm Hokaku-bu Katsudou Kiroku,complete,True,Mongolian Death Worm Capture Department Activity Record,$2.99,False,https://store.steampowered.com/app/3591190/,https://vndb.org/v56338,115,FOUND,Mongolian Death Worm Capture Department Activity Record,1747294376408,1786132828461,2026-08-08T12:07:45.053966+00:00
3604230,お嬢様学院のインチキ占い師 Ghost of Boarding School,2025-05-14,2025-05,steam_store_search,True,True,INTERSECTION,True,,v1839,r135442,Shiru☆Shiru!! ~Shiofuki Ojou-sama wa H Sugimasu~,complete,True,お嬢様学院のインチキ占い師 Ghost of Boarding School,-50%,False,https://store.steampowered.com/app/3604230/,https://vndb.org/v1839,1,FOUND,お嬢様学院のインチキ占い師 Ghost of Boarding School,1747294295273,1786132828461,2026-08-08T12:07:45.053966+00:00
2873540,Five Owls,2025-05-16,2025-05,steam_store_search,True,True,INTERSECTION,True,,v54331,r131009,Five Owls,complete,True,Five Owls,$4.99,False,https://store.steampowered.com/app/2873540/,https://vndb.org/v54331,1,FOUND,Five Owls,1747353600000,1786132828461,2026-08-08T12:07:45.053966+00:00
3685540,Wish You All The Best,2025-05-16,2025-05,steam_store_search,True,True,INTERSECTION,True,,v55911,r134694,Zhiyao Ni Xingfu Jiu Hao,complete,True,Wish You All The Best,$0.99,False,https://store.steampowered.com/app/3685540/,https://vndb.org/v55911,863,FOUND,Wish You All The Best,1747353600000,1786132828461,2026-08-08T12:07:45.053966+00:00
3145620,Without a Dawn,2025-05-19,2025-05,steam_store_search,True,True,INTERSECTION,True,,v55078,r152009,Without a Dawn,complete,True,Without a Dawn,$7.99,False,https://store.steampowered.com/app/3145620/,https://vndb.org/v55078,9232,FOUND,Without a Dawn,1747612800000,1786132828461,2026-08-08T12:07:45.053966+00:00
3586750,猫猫旅行社欢迎你！ Momo's Revitalization Project!,2025-05-19,2025-05,steam_store_search,True,True,INTERSECTION,True,,v55020,r132580,Nekoneko Ryokousha: Momoiro Machiokoshi Project!,complete,True,猫猫旅行社欢迎你！ Momo's Revitalization Project!,-30%,False,https://store.steampowered.com/app/3586750/,https://vndb.org/v55020,815,FOUND,猫猫旅行社欢迎你！ Momo's Revitalization Project!,1747727290935,1786132828461,2026-08-08T12:07:45.053966+00:00
3466500,Putrika 1st.cut:The Reason She Must Perish,2025-05-20,2025-05,steam_store_search,True,True,INTERSECTION,True,,v49261,r131962,Putrika 1st.cut:The Reason She Must Perish,complete,True,Putrika 1st.cut:The Reason She Must Perish,$12.99,False,https://store.steampowered.com/app/3466500/,https://vndb.org/v49261,319,FOUND,Putrika 1st.cut:The Reason She Must Perish,1747699200000,1786132828461,2026-08-08T12:07:45.053966+00:00
3449060,Starbright Agency,2025-05-20,2025-05,vndb_steam_release,True,True,INTERSECTION,True,,v56403,r135660;r135661,Starbright Agency,complete;trial,True,Starbright Agency,,False,https://store.steampowered.com/app/3449060/,https://vndb.org/v56403,,NOT_FOUND,,,,2026-08-08T12:07:45.053966+00:00
3474840,Good Lord! Everyone at the Reunion For My Religious All-Girls School Is a Trans Man... And They're Hot?!,2025-05-21,2025-05,steam_store_search,True,True,INTERSECTION,True,,v51512,r135731,Good Lord! Everyone at the Reunion For My Religious All-Girls School Is a Trans Man... And They're Hot?!,complete,True,Good Lord! Everyone at the Reunion For My Religious All-Girls School Is a Trans Man... And They're Hot?!,Free,True,https://store.steampowered.com/app/3474840/,https://vndb.org/v51512,2972,FOUND,Good Lord! Everyone at the Reunion For My Religious All-Girls School Is a Trans Man... And They're Hot?!,1747879344053,1786132828461,2026-08-08T12:07:45.053966+00:00
1716820,Pivot of Hearts,2025-05-21,2025-05,steam_store_search,True,True,INTERSECTION,True,,v33978,r87421,Pivot of Hearts,complete,True,Pivot of Hearts,$13.99,False,https://store.steampowered.com/app/1716820/,https://vndb.org/v33978,463,FOUND,Pivot of Hearts,1747785600000,1786132828461,2026-08-08T12:07:45.053966+00:00
3492320,我亲爱的妹妹 Happy Sisters Life,2025-05-21,2025-05,steam_store_search,True,True,INTERSECTION,True,,v54685,r131767,Wo Qin'ai de Meimei,complete,True,我亲爱的妹妹 Happy Sisters Life,$2.99,False,https://store.steampowered.com/app/3492320/,https://vndb.org/v54685,1312,FOUND,我亲爱的妹妹 Happy Sisters Life,1747612800000,1786132828461,2026-08-08T12:07:45.053966+00:00
2871980,Fearbonding,2025-05-22,2025-05,steam_store_search,True,True,INTERSECTION,True,,v52479,r126871,Fearbonding,complete,True,Fearbonding,$4.99,False,https://store.steampowered.com/app/2871980/,https://vndb.org/v52479,2928,FOUND,Fearbonding,1747964626790,1786132828461,2026-08-08T12:07:45.053966+00:00
3319370,CABALL: sunset hour,2025-05-23,2025-05,steam_store_search,True,True,INTERSECTION,True,,v55169,r132925,CABALL: sunset hour,complete,True,CABALL: sunset hour,$6.99,False,https://store.steampowered.com/app/3319370/,https://vndb.org/v55169,346,FOUND,CABALL: sunset hour,1747958400000,1786132828461,2026-08-08T12:07:45.053966+00:00
3263330,Landmine Princess,2025-05-23,2025-05,steam_store_search,True,True,INTERSECTION,True,,v60542,r144870,Landmine Princess,complete,True,Landmine Princess,$6.99,False,https://store.steampowered.com/app/3263330/,https://vndb.org/v60542,2214,FOUND,Landmine Princess,1747958400000,1786132828461,2026-08-08T12:07:45.053966+00:00
3716280,Rumours of a Roman Empire,2025-05-24,2025-05,steam_store_search,True,True,INTERSECTION,True,,v56398,r135641,Rumours of a Roman Empire,complete,True,Rumours of a Roman Empire,$5.99,False,https://store.steampowered.com/app/3716280/,https://vndb.org/v56398,23,FOUND,Rumours of a Roman Empire,1747785600000,1786132828461,2026-08-08T12:07:45.053966+00:00
3621860,RAIN;CHECK,2025-05-25,2025-05,steam_store_search,True,True,INTERSECTION,True,,v56490,r135840,RAIN;CHECK,complete,True,RAIN;CHECK,$1.99,False,https://store.steampowered.com/app/3621860/,https://vndb.org/v56490,142,FOUND,RAIN;CHECK,1748236815733,1786132828461,2026-08-08T12:07:45.053966+00:00
2788160,Sakura Bunny Girls 2,2025-05-26,2025-05,steam_store_search,True,True,INTERSECTION,True,,v56379,r135591,Sakura Bunny Girls 2,complete,True,Sakura Bunny Girls 2,$9.99,False,https://store.steampowered.com/app/2788160/,https://vndb.org/v56379,530,FOUND,Sakura Bunny Girls 2,1748217600000,1786132828461,2026-08-08T12:07:45.053966+00:00
3665800,The Communist Manifesto ~ A Visual Novel,2025-05-26,2025-05,steam_store_search,True,True,INTERSECTION,True,,v67324,r161457,The Communist Manifesto ~ A Visual Novel,complete,True,The Communist Manifesto ~ A Visual Novel,Free,True,https://store.steampowered.com/app/3665800/,https://vndb.org/v67324,4013,FOUND,The Communist Manifesto ~ A Visual Novel,1748217600000,1786132828461,2026-08-08T12:07:45.053966+00:00
3707090,"They Sold Me a Perfect Mother, But She's Not What She Seems",2025-05-26,2025-05,steam_store_search,True,True,INTERSECTION,True,,v56509,r135876,"They Sold Me a Perfect Mother, But She's Not What She Seems",complete,True,"They Sold Me a Perfect Mother, But She's Not What She Seems",$1.99,False,https://store.steampowered.com/app/3707090/,https://vndb.org/v56509,30,FOUND,"They Sold Me a Perfect Mother, But She's Not What She Seems",1748322063056,1786132828461,2026-08-08T12:07:45.053966+00:00
2364560,Demonheart: The Cursed Trial,2025-05-27,2025-05,steam_store_search,True,True,INTERSECTION,True,,v44020,r106179;r115111,Demonheart: The Cursed Trial,complete,True,Demonheart: The Cursed Trial,$24.99,False,https://store.steampowered.com/app/2364560/,https://vndb.org/v44020,2646,FOUND,Demonheart: The Cursed Trial,1748304000000,1786132828461,2026-08-08T12:07:45.053966+00:00
3291080,DesperaDrops,2025-05-27,2025-05,steam_store_search,True,True,INTERSECTION,True,,v45894,r135395,DesperaDrops,complete,True,DesperaDrops,$49.99,False,https://store.steampowered.com/app/3291080/,https://vndb.org/v45894,733,FOUND,DesperaDrops,1748304000000,1786132828461,2026-08-08T12:07:45.053966+00:00
3315800,Honey Trap Amnesia,2025-05-28,2025-05,steam_store_search,True,True,INTERSECTION,True,,v56541,r135982,Honey Trap Amnesia ~Yandere ya Tsundere ni Yoru Irojikake Gyaku Rape~,complete,True,Honey Trap Amnesia,-30%,False,https://store.steampowered.com/app/3315800/,https://vndb.org/v56541,313,FOUND,Honey Trap Amnesia,1748390400000,1786132828461,2026-08-08T12:07:45.053966+00:00
3725510,Help! I've Been Cursed With a Bubble Butt,2025-05-29,2025-05,steam_store_search,True,True,INTERSECTION,True,,v54608,r136207,Help! I've Been Cursed With a Bubble Butt,complete,True,Help! I've Been Cursed With a Bubble Butt,$2.99,False,https://store.steampowered.com/app/3725510/,https://vndb.org/v54608,289,FOUND,Help! I've Been Cursed With a Bubble Butt,1748563200000,1786132828461,2026-08-08T12:07:45.053966+00:00
3668450,Office Sirens Hard at Work,2025-05-29,2025-05,steam_store_search,True,True,INTERSECTION,True,,v56542,r135983,Office Sirens Hard at Work,complete,True,Office Sirens Hard at Work,$4.99,False,https://store.steampowered.com/app/3668450/,https://vndb.org/v56542,1,FOUND,Office Sirens Hard at Work,1748580104111,1786132828461,2026-08-08T12:07:45.053966+00:00
2492120,SAEKO: Giantess Dating Sim,2025-05-29,2025-05,steam_store_search,True,True,INTERSECTION,True,,v51653,r125515;r135062;r162206,SAEKO: Giantess Dating Sim,complete;trial,True,SAEKO: Giantess Dating Sim,$14.99,False,https://store.steampowered.com/app/2492120/,https://vndb.org/v51653,18786,FOUND,SAEKO: Giantess Dating Sim,1748390400000,1786132828461,2026-08-08T12:07:45.053966+00:00
3698640,Chronicles from the Abyss,2025-05-30,2025-05,steam_store_search,True,True,INTERSECTION,True,,v56221,r135254,Chronicles from the Abyss,complete,True,Chronicles from the Abyss,$3.99,False,https://store.steampowered.com/app/3698640/,https://vndb.org/v56221,221,FOUND,Chronicles from the Abyss,1748655350052,1786132828461,2026-08-08T12:07:45.053966+00:00
3239250,Clover Reset,2025-05-30,2025-05,steam_store_search,True,True,INTERSECTION,True,,v51155,r123846,Clover Reset,complete,True,Clover Reset,$16.99,False,https://store.steampowered.com/app/3239250/,https://vndb.org/v51155,1620,FOUND,Clover Reset,1748563200000,1786132828461,2026-08-08T12:07:45.053966+00:00
1844120,Garenburg Penitence: The Riflebird,2025-05-30,2025-05,steam_store_search,True,True,INTERSECTION,True,,v56416,r135697,Garenburg Penitence: The Riflebird,complete,True,Garenburg Penitence: The Riflebird,$2.99,False,https://store.steampowered.com/app/1844120/,https://vndb.org/v56416,321,FOUND,Garenburg Penitence: The Riflebird,1748563200000,1786132828461,2026-08-08T12:07:45.053966+00:00
2599880,Happiness! Sakura Celebration!,2025-05-30,2025-05,steam_store_search,True,True,INTERSECTION,True,,v22013,r127239,Happiness! 2 Sakura Celebration,complete,True,Happiness! Sakura Celebration!,$19.99,False,https://store.steampowered.com/app/2599880/,https://vndb.org/v22013,783,FOUND,Happiness! Sakura Celebration!,1748563200000,1786132828461,2026-08-08T12:07:45.053966+00:00
3716980,Thank You for Your Time,2025-05-30,2025-05,steam_store_search,True,True,INTERSECTION,True,,v52808,r127552,Thank You for Your Time,complete,True,Thank You for Your Time,Free,True,https://store.steampowered.com/app/3716980/,https://vndb.org/v52808,404,FOUND,Thank You for Your Time,1748563200000,1786132828461,2026-08-08T12:07:45.053966+00:00
3561180,Waiting for you at the end of time,2025-05-30,2025-05,steam_store_search,True,True,INTERSECTION,True,,v55185,r132983,Zai Shijian De Jintou Deng Ni,complete,True,Waiting for you at the end of time,$7.99,False,https://store.steampowered.com/app/3561180/,https://vndb.org/v55185,1,FOUND,Waiting for you at the end of time,1748678005083,1786132828461,2026-08-08T12:07:45.053966+00:00
2901150,Yoru ga Kuru! -Square of the Moon- Remastered,2025-05-30,2025-05,steam_store_search,True,True,INTERSECTION,True,,v499,r122003,Yoru ga Kuru! -Square of the Moon-,complete,True,Yoru ga Kuru! -Square of the Moon- Remastered,$16.99,False,https://store.steampowered.com/app/2901150/,https://vndb.org/v499,3218,FOUND,Yoru ga Kuru! -Square of the Moon- Remastered,1748563200000,1786132828461,2026-08-08T12:07:45.053966+00:00
3549750,In the Midst of a Neverending Season,2025-06-02,2025-06,steam_store_search,True,True,INTERSECTION,True,,v36941,r130733,Owaranai Kisetsu no Mannaka de,complete,True,In the Midst of a Neverending Season,$19.99,False,https://store.steampowered.com/app/3549750/,https://vndb.org/v36941,540,FOUND,In the Midst of a Neverending Season,1748822400000,1786132828461,2026-08-08T12:07:45.053966+00:00
2725340,Game of Fitna Vol. 1,2025-06-04,2025-06,vndb_steam_release,True,True,INTERSECTION,True,,v56679,r136369;r136373,Game of Fitna Vol. 1,complete;trial,True,Game of Fitna Vol. 1,,False,https://store.steampowered.com/app/2725340/,https://vndb.org/v56679,,NOT_FOUND,,,,2026-08-08T12:07:45.053966+00:00
3429170,Gong GO Girl,2025-06-04,2025-06,steam_store_search,True,True,INTERSECTION,True,,v56626,r136233,Gong GO Sonyeo,complete,True,Gong GO Girl,$6.99,False,https://store.steampowered.com/app/3429170/,https://vndb.org/v56626,222,FOUND,Gong GO Girl,1749282763208,1786132828461,2026-08-08T12:07:45.053966+00:00
3344960,夏目友人帳 ～葉月の記～,2025-06-04,2025-06,steam_store_search,True,True,INTERSECTION,True,,v54093,r130517,Natsume Yuujinchou ~Hazuki no Shirushi~,complete,True,夏目友人帳 ～葉月の記～,$49.99,False,https://store.steampowered.com/app/3344960/,https://vndb.org/v54093,3161,FOUND,夏目友人帳 ～葉月の記～,1748995200000,1786132828461,2026-08-08T12:07:45.053966+00:00
3679440,Dichotomy Illusion: The Coser Disassembly Incident,2025-06-07,2025-06,steam_store_search,True,True,INTERSECTION,True,,v56787,r136623,Erfen Guangjing: COSER Jieti Shijian,complete,True,Dichotomy Illusion: The Coser Disassembly Incident,Free,True,https://store.steampowered.com/app/3679440/,https://vndb.org/v56787,15842,FOUND,Dichotomy Illusion: The Coser Disassembly Incident,1749434873128,1786132828461,2026-08-08T12:07:45.053966+00:00
3683010,Mandatory Fun,2025-06-07,2025-06,steam_store_search,True,True,INTERSECTION,True,,v55849,r134487,Mandatory Fun,complete,True,Mandatory Fun,Free,True,https://store.steampowered.com/app/3683010/,https://vndb.org/v55849,742,FOUND,Mandatory Fun,1749442654041,1786132828461,2026-08-08T12:07:45.053966+00:00
3521580,Dreamland,2025-06-09,2025-06,steam_store_search,True,True,INTERSECTION,True,,v56845,r136770,Dreamland,complete,True,Dreamland,Free,True,https://store.steampowered.com/app/3521580/,https://vndb.org/v56845,267,FOUND,Dreamland,1749513600000,1786132828461,2026-08-08T12:07:45.053966+00:00
3104270,KANADE,2025-06-11,2025-06,steam_store_search,True,True,INTERSECTION,True,,v52778,r127440;r152530,KANADE,complete,True,KANADE,$12.99,False,https://store.steampowered.com/app/3104270/,https://vndb.org/v52778,6404,FOUND,KANADE,1749600000000,1786132828461,2026-08-08T12:07:45.053966+00:00
3290440,VIRTUAL GIRL @ WORLD’S END,2025-06-11,2025-06,steam_store_search,True,True,INTERSECTION,True,,v49055,r118091,VIRTUAL GIRL @ WORLD'S END,complete,True,VIRTUAL GIRL @ WORLD’S END,-30%,False,https://store.steampowered.com/app/3290440/,https://vndb.org/v49055,1306,FOUND,VIRTUAL GIRL @ WORLD’S END,1749600000000,1786132828461,2026-08-08T12:07:45.053966+00:00
3708740,Bombardiro Crocodilo: The Naked Clue,2025-06-12,2025-06,steam_store_search,True,True,INTERSECTION,True,,v56136,r135058,Bombardiro Crocodilo: The Naked Clue,complete,True,Bombardiro Crocodilo: The Naked Clue,$1.99,False,https://store.steampowered.com/app/3708740/,https://vndb.org/v56136,460,FOUND,Bombardiro Crocodilo: The Naked Clue,1749777199084,1786132828461,2026-08-08T12:07:45.053966+00:00
3686740,Artificial Affection,2025-06-13,2025-06,steam_store_search,True,True,INTERSECTION,True,,v56884,r136884,Artificial Affection,complete,True,Artificial Affection,$4.99,False,https://store.steampowered.com/app/3686740/,https://vndb.org/v56884,1,FOUND,Artificial Affection,1749946981906,1786132828461,2026-08-08T12:07:45.053966+00:00
3751690,归途,2025-06-13,2025-06,steam_store_search,True,True,INTERSECTION,True,,v56878,r136862,Guitu,complete,True,归途,$1.99,False,https://store.steampowered.com/app/3751690/,https://vndb.org/v56878,68,FOUND,归途,1749885411608,1786132828461,2026-08-08T12:07:45.053966+00:00
3631560,未择之路,2025-06-15,2025-06,steam_store_search,True,True,INTERSECTION,True,,v56904,r136948,Wei Ze Zhi Lu,complete,True,未择之路,Free,True,https://store.steampowered.com/app/3631560/,https://vndb.org/v56904,362,FOUND,未择之路,1750060649664,1786132828461,2026-08-08T12:07:45.053966+00:00
2989270,A Tithe in Blood,2025-06-16,2025-06,steam_store_search,True,True,INTERSECTION,True,,v51138,r123794,A Tithe in Blood,complete,True,A Tithe in Blood,$14.99,False,https://store.steampowered.com/app/2989270/,https://vndb.org/v51138,4028,FOUND,A Tithe in Blood,1750032000000,1786132828461,2026-08-08T12:07:45.053966+00:00
3762460,Stretch,2025-06-16,2025-06,steam_store_search,True,True,INTERSECTION,True,,v56966,r137048,Stretch,complete,True,Stretch,$8.99,False,https://store.steampowered.com/app/3762460/,https://vndb.org/v56966,1,FOUND,Stretch,1750147862255,1786132828461,2026-08-08T12:07:45.053966+00:00
2553080,Beneath the Bleeding Moon,2025-06-17,2025-06,steam_store_search,True,True,INTERSECTION,True,,v46519,r111574,Beneath the Bleeding Moon,complete,True,Beneath the Bleeding Moon,$12.99,False,https://store.steampowered.com/app/2553080/,https://vndb.org/v46519,185,FOUND,Beneath the Bleeding Moon,1750209694915,1786132828461,2026-08-08T12:07:45.053966+00:00
2201320,Date Everything!,2025-06-17,2025-06,steam_store_search,True,True,INTERSECTION,True,,v56590,r136125;r136127,Date Everything!,complete;trial,True,Date Everything!,$29.99,False,https://store.steampowered.com/app/2201320/,https://vndb.org/v56590,399076,FOUND,Date Everything!,1750118400000,1786132828461,2026-08-08T12:07:45.053966+00:00
3632810,Life of Tabayama,2025-06-17,2025-06,steam_store_search,True,True,INTERSECTION,True,,v57097,r137309,Life of Tabayama,complete,True,Life of Tabayama,$0.99,False,https://store.steampowered.com/app/3632810/,https://vndb.org/v57097,44,FOUND,Life of Tabayama,1750118400000,1786132828461,2026-08-08T12:07:45.053966+00:00
3452240,Mayday Trials,2025-06-17,2025-06,steam_store_search,True,True,INTERSECTION,True,,v57117,r137366,Mayday Trials,complete,True,Mayday Trials,$2.99,False,https://store.steampowered.com/app/3452240/,https://vndb.org/v57117,879,FOUND,Mayday Trials,1750303429115,1786132828461,2026-08-08T12:07:45.053966+00:00
3382360,My Dear Can't Speak,2025-06-17,2025-06,steam_store_search,True,True,INTERSECTION,True,,v56996,r137100,Watashi no Musume wa Hanasu Koto ga Dekimasen,complete,True,My Dear Can't Speak,$2.69,False,https://store.steampowered.com/app/3382360/,https://vndb.org/v56996,15,FOUND,My Dear Can't Speak,1750235226025,1786132828461,2026-08-08T12:07:45.053966+00:00
3574770,Pre-Odyssey: Love at First Quack,2025-06-17,2025-06,steam_store_search,True,True,INTERSECTION,True,,v34693,r133262,"Pre-Odyssey: Odysseus, Penelope & her Ducks",complete,True,Pre-Odyssey: Love at First Quack,$5.99,False,https://store.steampowered.com/app/3574770/,https://vndb.org/v34693,544,FOUND,Pre-Odyssey: Love at First Quack,1750118400000,1786132828461,2026-08-08T12:07:45.053966+00:00
3781460,Rent a Girl,2025-06-17,2025-06,steam_store_search,True,True,INTERSECTION,True,,v57056,r137238,Rent a Girl,complete,True,Rent a Girl,$7.99,False,https://store.steampowered.com/app/3781460/,https://vndb.org/v57056,84,FOUND,Rent a Girl,1750226486642,1786132828461,2026-08-08T12:07:45.053966+00:00
3139260,Asphodelium,2025-06-18,2025-06,steam_store_search,True,True,INTERSECTION,True,,v49001,r135829,Asphodelium,complete,True,Asphodelium,$9.99,False,https://store.steampowered.com/app/3139260/,https://vndb.org/v49001,101,FOUND,Asphodelium,1750204800000,1786132828461,2026-08-08T12:07:45.053966+00:00
3543570,Dear Mirror Flower,2025-06-19,2025-06,steam_store_search,True,True,INTERSECTION,True,,v55725,r134169,Yagate Chiriyuku Kagami no Hana e,complete,True,Dear Mirror Flower,$24.99,False,https://store.steampowered.com/app/3543570/,https://vndb.org/v55725,918,FOUND,Dear Mirror Flower,1750291200000,1786132828461,2026-08-08T12:07:45.053966+00:00
3515690,Invisible Wall,2025-06-19,2025-06,steam_store_search,True,True,INTERSECTION,True,,v55753,r134235,Invisible Wall,complete,True,Invisible Wall,$1.49,False,https://store.steampowered.com/app/3515690/,https://vndb.org/v55753,688,FOUND,Invisible Wall,1750390595631,1786132828461,2026-08-08T12:07:45.053966+00:00
3364490,Maid For My Master,2025-06-19,2025-06,steam_store_search,True,True,INTERSECTION,True,,v54117,r130555,Maid For My Master,complete,True,Maid For My Master,$10.99,False,https://store.steampowered.com/app/3364490/,https://vndb.org/v54117,189,FOUND,Maid For My Master,1750392263975,1786132828461,2026-08-08T12:07:45.053966+00:00
3769530,To Grant A Wish,2025-06-19,2025-06,steam_store_search,True,True,INTERSECTION,True,,v45699,r137300,To Grant A Wish,complete,True,To Grant A Wish,$15.00,False,https://store.steampowered.com/app/3769530/,https://vndb.org/v45699,160,FOUND,To Grant A Wish,1750403191620,1786132828461,2026-08-08T12:07:45.053966+00:00
3770040,Angel Detective Agency,2025-06-20,2025-06,steam_store_search,True,True,INTERSECTION,True,,v57105,r137338,Tianshi Zhentanshe,complete,True,Angel Detective Agency,$1.99,False,https://store.steampowered.com/app/3770040/,https://vndb.org/v57105,15,FOUND,Angel Detective Agency,1750491817371,1786132828461,2026-08-08T12:07:45.053966+00:00
3746100,Legends: Saint George,2025-06-20,2025-06,steam_store_search,True,True,INTERSECTION,True,,v56759,r136580,Legends: Saint George,complete,True,Legends: Saint George,$5.99,False,https://store.steampowered.com/app/3746100/,https://vndb.org/v56759,1,FOUND,Legends: Saint George,1750377600000,1786132828461,2026-08-08T12:07:45.053966+00:00
3427740,Sounds of Her Love 2,2025-06-20,2025-06,steam_store_search,True,True,INTERSECTION,True,,v45744,r110050,Sounds of Her Love 2,complete,True,Sounds of Her Love 2,Free,True,https://store.steampowered.com/app/3427740/,https://vndb.org/v45744,1851,FOUND,Sounds of Her Love 2,1750377600000,1786132828461,2026-08-08T12:07:45.053966+00:00
3792300,Синяя Борода,2025-06-20,2025-06,steam_store_search,True,True,INTERSECTION,True,,v57149,r137423,Sinjaja Boroda,complete,True,Синяя Борода,$0.99,False,https://store.steampowered.com/app/3792300/,https://vndb.org/v57149,546,FOUND,Синяя Борода,1750405961834,1786132828461,2026-08-08T12:07:45.053966+00:00
3560830,Metahorror Therapy Session,2025-06-23,2025-06,steam_store_search,True,True,INTERSECTION,True,,v55832,r134465,Metahorror Therapy Session,complete,True,Metahorror Therapy Session,$6.99,False,https://store.steampowered.com/app/3560830/,https://vndb.org/v55832,610,FOUND,Metahorror Therapy Session,1750723200000,1786132828461,2026-08-08T12:07:45.053966+00:00
3750660,The Secret Fake Ring,2025-06-23,2025-06,steam_store_search,True,True,INTERSECTION,True,,v56568,r136073,Himitsu no FakeRing,complete,True,The Secret Fake Ring,$24.99,False,https://store.steampowered.com/app/3750660/,https://vndb.org/v56568,42,FOUND,The Secret Fake Ring,1750755484869,1786132828461,2026-08-08T12:07:45.053966+00:00
3731130,Sweet Girls Collection,2025-06-24,2025-06,steam_store_search,True,True,INTERSECTION,True,,v57225,r137566,Kanmi Girls Collection,complete,True,Sweet Girls Collection,$0.99,False,https://store.steampowered.com/app/3731130/,https://vndb.org/v57225,65,FOUND,Sweet Girls Collection,1750837503426,1786132828461,2026-08-08T12:07:45.053966+00:00
2427820,LongStory 2,2025-06-25,2025-06,steam_store_search,True,True,INTERSECTION,True,,v46431,r111409,LongStory 2,complete,True,LongStory 2,$14.99,False,https://store.steampowered.com/app/2427820/,https://vndb.org/v46431,341,FOUND,LongStory 2,1750809600000,1786132828461,2026-08-08T12:07:45.053966+00:00
3380520,ToHeart,2025-06-25,2025-06,steam_store_search,True,True,INTERSECTION,True,,v30616,r125780;r137090,ToHeart,complete;trial,True,ToHeart,$19.99,False,https://store.steampowered.com/app/3380520/,https://vndb.org/v30616,13611,FOUND,ToHeart,1750809600000,1786132828461,2026-08-08T12:07:45.053966+00:00
3559170,The Garden of Hermeneus,2025-06-26,2025-06,steam_store_search,True,True,INTERSECTION,True,,v49862,r133942,Hermeneus no Hakoniwa,complete,True,The Garden of Hermeneus,$9.99,False,https://store.steampowered.com/app/3559170/,https://vndb.org/v49862,447,FOUND,The Garden of Hermeneus,1751011614853,1786132828461,2026-08-08T12:07:45.053966+00:00
3793930,重生之我亲爱的妹妹复仇计划,2025-06-26,2025-06,steam_store_search,True,True,INTERSECTION,True,,v57278,r137691,Chongsheng Zhi Wo Qin'ai de Meimei Fuchou Jihua,complete,True,重生之我亲爱的妹妹复仇计划,Free,True,https://store.steampowered.com/app/3793930/,https://vndb.org/v57278,3577,FOUND,重生之我亲爱的妹妹复仇计划,1750982400000,1786132828461,2026-08-08T12:07:45.053966+00:00
3418570,Summer Pockets REFLECTION BLUE,2025-06-27,2025-06,steam_store_search,True,True,INTERSECTION,True,,v20424,r102263,Summer Pockets,complete,True,Summer Pockets REFLECTION BLUE,$49.99,False,https://store.steampowered.com/app/3418570/,https://vndb.org/v20424,29580,FOUND,Summer Pockets REFLECTION BLUE,1750982400000,1786132828461,2026-08-08T12:07:45.053966+00:00
3715730,Femboy Love story,2025-06-30,2025-06,steam_store_search,True,True,INTERSECTION,True,,v56201,r135198,Nanniang Lian'ai Wuyu,complete,True,Femboy Love story,$1.99,False,https://store.steampowered.com/app/3715730/,https://vndb.org/v56201,27743,FOUND,Femboy Love story,1751241600000,1786132828461,2026-08-08T12:07:45.053966+00:00
3474870,Love Cult,2025-06-30,2025-06,steam_store_search,True,True,INTERSECTION,True,,v54313,r131375,Love Cult,complete,True,Love Cult,$18.99,False,https://store.steampowered.com/app/3474870/,https://vndb.org/v54313,201,FOUND,Love Cult,1751266800000,1786132828461,2026-08-08T12:07:45.053966+00:00
3655150,NEKOPARA After,2025-06-30,2025-06,steam_store_search,True,True,INTERSECTION,True,,v32946,r93146,Neko Para After: La Vraie Famille,complete,True,NEKOPARA After,$9.99,False,https://store.steampowered.com/app/3655150/,https://vndb.org/v32946,43635,FOUND,NEKOPARA After,1751241600000,1786132828461,2026-08-08T12:07:45.053966+00:00
3783510,牛头镇的快乐故事,2025-06-30,2025-06,steam_store_search,True,True,INTERSECTION,True,,v57443,r137954,Niutou Zhen de Kuaile Gushi,complete,True,牛头镇的快乐故事,$0.99,False,https://store.steampowered.com/app/3783510/,https://vndb.org/v57443,30,FOUND,牛头镇的快乐故事,1751356011223,1786132828461,2026-08-08T12:07:45.053966+00:00
3576610,비행? 청춘!,2025-06-30,2025-06,steam_store_search,True,True,INTERSECTION,True,,v54690,r136951,Bihaeng? Cheongchun!,complete,True,비행? 청춘!,$2.99,False,https://store.steampowered.com/app/3576610/,https://vndb.org/v54690,64,FOUND,비행? 청춘!,1751266800000,1786132828461,2026-08-08T12:07:45.053966+00:00
3449030,"Upwards, Rain! The Post Office of Farewells",2025-07-01,2025-07,steam_store_search,True,True,INTERSECTION,True,,v52910,r132999;r160109,"Upwards, Rain! The Post Office of Farewells",complete,True,"Upwards, Rain! The Post Office of Farewells",$7.99,False,https://store.steampowered.com/app/3449030/,https://vndb.org/v52910,1814,FOUND,"Upwards, Rain! The Post Office of Farewells",1751328000000,1786132828461,2026-08-08T12:07:45.053966+00:00
3531640,You Shouldn't Be Here,2025-07-01,2025-07,steam_store_search,True,True,INTERSECTION,True,,v55335,r133353,You Shouldn't Be Here,complete,True,You Shouldn't Be Here,$1.99,False,https://store.steampowered.com/app/3531640/,https://vndb.org/v55335,1581,FOUND,You Shouldn't Be Here,1751328000000,1786132828461,2026-08-08T12:07:45.053966+00:00
3326660,Sofia in Exchange for Lies,2025-07-02,2025-07,steam_store_search,True,True,INTERSECTION,True,,v57391,r137881,Sofia wa Uso to Hikikae ni,complete,True,Sofia in Exchange for Lies,-20%,False,https://store.steampowered.com/app/3326660/,https://vndb.org/v57391,4655,FOUND,Sofia in Exchange for Lies,1751414400000,1786132828461,2026-08-08T12:07:45.053966+00:00
2443820,52 / 0 = ∞,2025-07-03,2025-07,steam_store_search,True,True,INTERSECTION,True,,v57649,r138312,52 / 0 = ∞,complete,True,52 / 0 = ∞,Free,True,https://store.steampowered.com/app/2443820/,https://vndb.org/v57649,17301,FOUND,52 / 0 = ∞,1751500800000,1786132828461,2026-08-08T12:07:45.053966+00:00
3821160,Побег в Москву 2,2025-07-03,2025-07,steam_store_search,True,True,INTERSECTION,True,,v59087,r141176,Pobeg v Moskvu 2,complete,True,Побег в Москву 2,Free,True,https://store.steampowered.com/app/3821160/,https://vndb.org/v59087,4691,FOUND,Побег в Москву 2,1751500800000,1786132828461,2026-08-08T12:07:45.053966+00:00
3825630,Presidential Psychologist,2025-07-04,2025-07,steam_store_search,True,True,INTERSECTION,True,,v57518,r138105,Presidential Psychologist,complete,True,Presidential Psychologist,-50%,False,https://store.steampowered.com/app/3825630/,https://vndb.org/v57518,41,FOUND,Presidential Psychologist,1751587200000,1786132828461,2026-08-08T12:07:45.053966+00:00
3756530,Pretty Peculiar Lovers,2025-07-04,2025-07,steam_store_search,True,True,INTERSECTION,True,,v57517,r138104,Pretty Peculiar Lovers,complete,True,Pretty Peculiar Lovers,$4.99,False,https://store.steampowered.com/app/3756530/,https://vndb.org/v57517,35,FOUND,Pretty Peculiar Lovers,1751587200000,1786132828461,2026-08-08T12:07:45.053966+00:00
2093940,vivid/stasis,2025-07-05,2025-07,steam_store_search,True,True,INTERSECTION,True,,v67634,r162343,vivid/stasis,complete,True,vivid/stasis,Free,True,https://store.steampowered.com/app/2093940/,https://vndb.org/v67634,95859,FOUND,vivid/stasis,1751673600000,1786132828461,2026-08-08T12:07:45.053966+00:00
3055530,Dare to Lucid Dream,2025-07-07,2025-07,steam_store_search,True,True,INTERSECTION,True,,v52792,r127489,Dare to Lucid Dream,complete,True,Dare to Lucid Dream,$9.99,False,https://store.steampowered.com/app/3055530/,https://vndb.org/v52792,386,FOUND,Dare to Lucid Dream,1751846400000,1786132828461,2026-08-08T12:07:45.053966+00:00
3601840,Adult Life Yuri Bundle by Team ANPIM,2025-07-08,2025-07,steam_store_search,True,True,INTERSECTION,True,,v29808;v32979;v48414;v53795,r133518,"Love Goes Toward Love;My Dream Is To Be A Model, Not A Maid!;The Moon That Fell For The Star;There's No Way I'd Fall in Love With a Womanizer, Right?",complete,True,Adult Life Yuri Bundle by Team ANPIM,Free,True,https://store.steampowered.com/app/3601840/,https://vndb.org/v29808,2312,FOUND,Adult Life Yuri Bundle by Team ANPIM,1751932800000,1786132828461,2026-08-08T12:07:45.053966+00:00
1369790,Marshmallow All the Way Home,2025-07-08,2025-07,steam_store_search,True,True,INTERSECTION,True,,v20622,r132089,Ouchi ni Kaeru made ga Mashimaro Desu,complete,True,Marshmallow All the Way Home,$29.99,False,https://store.steampowered.com/app/1369790/,https://vndb.org/v20622,1806,FOUND,Marshmallow All the Way Home,1751932800000,1786132828461,2026-08-08T12:07:45.053966+00:00
3828350,Spirit Whisperer Conversation With Kamiko,2025-07-09,2025-07,steam_store_search,True,True,INTERSECTION,True,,v57728,r138427,Spirit Whisperer Conversation With Kamiko,complete,True,Spirit Whisperer Conversation With Kamiko,-50%,False,https://store.steampowered.com/app/3828350/,https://vndb.org/v57728,1,FOUND,Spirit Whisperer Conversation With Kamiko,1752130790966,1786132828461,2026-08-08T12:07:45.053966+00:00
3831030,ThroneBreaker,2025-07-09,2025-07,steam_store_search,True,True,INTERSECTION,True,,v57701,r144654,ThroneBreaker,complete,True,ThroneBreaker,$2.99,False,https://store.steampowered.com/app/3831030/,https://vndb.org/v57701,30,FOUND,ThroneBreaker,1752133602673,1786132828461,2026-08-08T12:07:45.053966+00:00
3445830,Return to Ash,2025-07-10,2025-07,steam_store_search,True,True,INTERSECTION,True,,v56629,r136241;r148905,Return to Ash,complete,True,Return to Ash,-20%,False,https://store.steampowered.com/app/3445830/,https://vndb.org/v56629,2046,FOUND,Return to Ash,1752105600000,1786132828461,2026-08-08T12:07:45.053966+00:00
3456830,超探偵シャーロックちゃん ～掟破りのミスディレクション～,2025-07-10,2025-07,steam_store_search,True,True,INTERSECTION,True,,v55119,r132785,Chou-tantei Sherlock-chan ~Okiteyaburi no Misdirection~,complete,True,超探偵シャーロックちゃん ～掟破りのミスディレクション～,$9.99,False,https://store.steampowered.com/app/3456830/,https://vndb.org/v55119,1238,FOUND,超探偵シャーロックちゃん　～掟破りのミスディレクション～,1752192000000,1786132828461,2026-08-08T12:07:45.053966+00:00
3675130,Paradise Sea,2025-07-11,2025-07,steam_store_search,True,True,INTERSECTION,True,,v57762,r138486,Rakuen Jukai,complete,True,Paradise Sea,$2.99,False,https://store.steampowered.com/app/3675130/,https://vndb.org/v57762,104,FOUND,Paradise Sea,1752224332418,1786132828461,2026-08-08T12:07:45.053966+00:00
2583530,Lost Infinity,2025-07-12,2025-07,steam_store_search,True,True,INTERSECTION,True,,v57813,r138555,Poterjannaja beskonechnost',complete,True,Lost Infinity,$3.99,False,https://store.steampowered.com/app/2583530/,https://vndb.org/v57813,918,FOUND,Lost Infinity,1752278400000,1786132828461,2026-08-08T12:07:45.053966+00:00
2528800,Talents,2025-07-13,2025-07,steam_store_search,True,True,INTERSECTION,True,,v44252,r112809,Talents,complete,True,Talents,$19.99,False,https://store.steampowered.com/app/2528800/,https://vndb.org/v44252,455,FOUND,Talents,1752364800000,1786132828461,2026-08-08T12:07:45.053966+00:00
3106780,Veins Like Tapeworms,2025-07-14,2025-07,steam_store_search,True,True,INTERSECTION,True,,v50742,r125413,Veins Like Tapeworms,complete,True,Veins Like Tapeworms,$19.99,False,https://store.steampowered.com/app/3106780/,https://vndb.org/v50742,392,FOUND,Veins Like Tapeworms,1752451200000,1786132828461,2026-08-08T12:07:45.053966+00:00
3837990,シノビザムライ／Shinobi Samurai,2025-07-14,2025-07,steam_store_search,True,True,INTERSECTION,True,,v57444,r137955,Shinobi Samurai,complete,True,シノビザムライ／Shinobi Samurai,$7.99,False,https://store.steampowered.com/app/3837990/,https://vndb.org/v57444,15,FOUND,シノビザムライ／Shinobi Samurai,1752451200000,1786132828461,2026-08-08T12:07:45.053966+00:00
3702810,Hellbound: Reign of El Diablo,2025-07-15,2025-07,steam_store_search,True,True,INTERSECTION,True,,v55787,r134336,Hellbound,complete,True,Hellbound: Reign of El Diablo,$0.99,False,https://store.steampowered.com/app/3702810/,https://vndb.org/v55787,20,FOUND,Hellbound: Reign of El Diablo,1752637821082,1786132828461,2026-08-08T12:07:45.053966+00:00
2161830,Truer than You,2025-07-15,2025-07,steam_store_search,True,True,INTERSECTION,True,,v42099,r102684,Truer than You,complete,True,Truer than You,$15.99,False,https://store.steampowered.com/app/2161830/,https://vndb.org/v42099,76,FOUND,Truer than You,1752537600000,1786132828461,2026-08-08T12:07:45.053966+00:00
3635280,I Offered You the Crown,2025-07-16,2025-07,steam_store_search,True,True,INTERSECTION,True,,v57951,r138749,I Offered You the Crown,complete,True,I Offered You the Crown,$4.99,False,https://store.steampowered.com/app/3635280/,https://vndb.org/v57951,15,FOUND,I Offered You the Crown,1752624000000,1786132828461,2026-08-08T12:07:45.053966+00:00
3026310,BUSTAFELLOWS season2,2025-07-17,2025-07,steam_store_search,True,True,INTERSECTION,True,,v29871,r124561,BUSTAFELLOWS Season 2,complete,True,BUSTAFELLOWS season2,$49.99,False,https://store.steampowered.com/app/3026310/,https://vndb.org/v29871,1512,FOUND,BUSTAFELLOWS season2,1752710400000,1786132828461,2026-08-08T12:07:45.053966+00:00
3718920,Wanna Get Lucky?,2025-07-17,2025-07,steam_store_search,True,True,INTERSECTION,True,,v58686,r140384,Wanna Get Lucky?,complete,True,Wanna Get Lucky?,$1.99,False,https://store.steampowered.com/app/3718920/,https://vndb.org/v58686,55,FOUND,Wanna Get Lucky?,1752710400000,1786132828461,2026-08-08T12:07:45.053966+00:00
3626350,Aenigmarch,2025-07-18,2025-07,steam_store_search,True,True,INTERSECTION,True,,v56639,r136261,Pod arkoj enigmy,complete,True,Aenigmarch,$6.99,False,https://store.steampowered.com/app/3626350/,https://vndb.org/v56639,71,FOUND,Aenigmarch,1752796800000,1786132828461,2026-08-08T12:07:45.053966+00:00
3554600,Life of a Dispatch English Teacher in Japan,2025-07-18,2025-07,steam_store_search,True,True,INTERSECTION,True,,v55397,r142907,Life of a Dispatch English Teacher in Japan,complete,True,Life of a Dispatch English Teacher in Japan,Free,True,https://store.steampowered.com/app/3554600/,https://vndb.org/v55397,831,FOUND,Life of a Dispatch English Teacher in Japan,1752899340058,1786132828461,2026-08-08T12:07:45.053966+00:00
3101040,Magical Girl Witch Trials,2025-07-18,2025-07,steam_store_search,True,True,INTERSECTION,True,,v50283,r121556;r145420,Mahou Shoujo no Majo Saiban,complete,True,Magical Girl Witch Trials,$29.99,False,https://store.steampowered.com/app/3101040/,https://vndb.org/v50283,546461,FOUND,Magical Girl Witch Trials,1752796800000,1786132828461,2026-08-08T12:07:45.053966+00:00
3802110,Reminiscence,2025-07-18,2025-07,steam_store_search,True,True,INTERSECTION,True,,v57484,r138049,Ke Kan Huishou,complete,True,Reminiscence,$1.99,False,https://store.steampowered.com/app/3802110/,https://vndb.org/v57484,148,FOUND,Reminiscence,1752796800000,1786132828461,2026-08-08T12:07:45.053966+00:00
3782920,HARMONIC REFLECTIONS,2025-07-22,2025-07,steam_store_search,True,True,INTERSECTION,True,,v56342,r135498;r140252,Kioku no Kenban,complete,True,HARMONIC REFLECTIONS,$14.99,False,https://store.steampowered.com/app/3782920/,https://vndb.org/v56342,3051,FOUND,HARMONIC REFLECTIONS,1753264137755,1786132828461,2026-08-08T12:07:45.053966+00:00
3639520,Togainu no Chi: True Blood NITRO ARCHIVE,2025-07-23,2025-07,steam_store_search,True,True,INTERSECTION,True,,v434,r132491;r139986,Togainu no Chi,complete,True,Togainu no Chi: True Blood NITRO ARCHIVE,$29.99,False,https://store.steampowered.com/app/3639520/,https://vndb.org/v434,1338,FOUND,Togainu no Chi: True Blood NITRO ARCHIVE,1753228800000,1786132828461,2026-08-08T12:07:45.053966+00:00
3208730,Akizora Memories - Horizon of Fate -,2025-07-24,2025-07,steam_store_search,True,True,INTERSECTION,True,,v46663,r129131,Akizora no Memories ─Unmei no Chiheisen─,complete,True,Akizora Memories - Horizon of Fate -,-25%,False,https://store.steampowered.com/app/3208730/,https://vndb.org/v46663,290,FOUND,Akizora Memories - Horizon of Fate -,1753315200000,1786132828461,2026-08-08T12:07:45.053966+00:00
3868300,Los Angeles 1985,2025-07-24,2025-07,steam_store_search,True,True,INTERSECTION,True,,v58233,r139441,Los Angeles 1985,complete,True,Los Angeles 1985,$4.99,False,https://store.steampowered.com/app/3868300/,https://vndb.org/v58233,49,FOUND,Los Angeles 1985,1753411853783,1786132828461,2026-08-08T12:07:45.053966+00:00
3772330,The Cheated Man's Revenge: Triple the Payback,2025-07-24,2025-07,steam_store_search,True,True,INTERSECTION,True,,v58234,r139445,"Gui Nan Fuchou Ji: Yiyahaiya, San Bei Fenghuan",complete,True,The Cheated Man's Revenge: Triple the Payback,-76%,False,https://store.steampowered.com/app/3772330/,https://vndb.org/v58234,8964,FOUND,The Cheated Man's Revenge: Triple the Payback,1753315200000,1786132828461,2026-08-08T12:07:45.053966+00:00
1408090,The Office Type,2025-07-24,2025-07,steam_store_search,True,True,INTERSECTION,True,,v36597,r92647,The Office Type,complete,True,The Office Type,$19.99,False,https://store.steampowered.com/app/1408090/,https://vndb.org/v36597,322,FOUND,The Office Type,1753428130550,1786132828461,2026-08-08T12:07:45.053966+00:00
3849220,暮雨流花+,2025-07-24,2025-07,steam_store_search,True,True,INTERSECTION,True,,v58237,r139449,Muyu Liuhua +,complete,True,暮雨流花+,Free,True,https://store.steampowered.com/app/3849220/,https://vndb.org/v58237,1046,FOUND,暮雨流花+,1753432307693,1786132828461,2026-08-08T12:07:45.053966+00:00
3113990,Futamata Ren'ai: Two Times the Trouble,2025-07-25,2025-07,steam_store_search,True,True,INTERSECTION,True,,v32811,r125883,Futamata Ren'ai,complete,True,Futamata Ren'ai: Two Times the Trouble,$19.99,False,https://store.steampowered.com/app/3113990/,https://vndb.org/v32811,8034,FOUND,Futamata Ren'ai: Two Times the Trouble,1753401600000,1786132828461,2026-08-08T12:07:45.053966+00:00
2752180,No Sleep For Kaname Date - From AI: THE SOMNIUM FILES,2025-07-25,2025-07,steam_store_search,True,True,INTERSECTION,True,,v55357,r133404;r134058,Date Kaname wa Nemuranai – From AI: Somnium Files,complete,True,No Sleep For Kaname Date - From AI: THE SOMNIUM FILES,$39.99,False,https://store.steampowered.com/app/2752180/,https://vndb.org/v55357,23727,FOUND,No Sleep For Kaname Date - From AI: THE SOMNIUM FILES,1753401600000,1786132828461,2026-08-08T12:07:45.053966+00:00
3821890,Parallel Convergence,2025-07-25,2025-07,steam_store_search,True,True,INTERSECTION,True,,v58265,r139491,Parallel Convergence,complete,True,Parallel Convergence,Free,True,https://store.steampowered.com/app/3821890/,https://vndb.org/v58265,472,FOUND,Parallel Convergence,1753504712075,1786132828461,2026-08-08T12:07:45.053966+00:00
3778680,The Day in a Life of a Dayfly,2025-07-25,2025-07,steam_store_search,True,True,INTERSECTION,True,,v57454,r137979,Odin den' iz zhizni babochki-odnodnevki,complete,True,The Day in a Life of a Dayfly,Free,True,https://store.steampowered.com/app/3778680/,https://vndb.org/v57454,1765,FOUND,The Day in a Life of a Dayfly,1753401600000,1786132828461,2026-08-08T12:07:45.053966+00:00
2726960,搜查一刻,2025-07-25,2025-07,steam_store_search,True,True,INTERSECTION,True,,v49213,r118470,Soucha Yi Ke,complete,True,搜查一刻,$9.99,False,https://store.steampowered.com/app/2726960/,https://vndb.org/v49213,752,FOUND,搜查一刻,1753517079974,1786132828461,2026-08-08T12:07:45.053966+00:00
2931620,My Furry Protogen 3 🐾,2025-07-26,2025-07,steam_store_search,True,True,INTERSECTION,True,,v50825,r123098,My Furry Protogen 3 🐾,complete,True,My Furry Protogen 3 🐾,-30%,False,https://store.steampowered.com/app/2931620/,https://vndb.org/v50825,3808,FOUND,My Furry Protogen 3 🐾,1753401600000,1786132828461,2026-08-08T12:07:45.053966+00:00
2672030,たんぽぽプラネット-Dandelion Planet-,2025-07-26,2025-07,steam_store_search,True,True,INTERSECTION,True,,v59428,r142189,Tanpopo Planet -Dandelion Planet-,complete,True,たんぽぽプラネット-Dandelion Planet-,$12.99,False,https://store.steampowered.com/app/2672030/,https://vndb.org/v59428,204,FOUND,たんぽぽプラネット-Dandelion Planet-,1753488000000,1786132828461,2026-08-08T12:07:45.053966+00:00
3412620,"Her Love, Like Poison",2025-07-28,2025-07,steam_store_search,True,True,INTERSECTION,True,,v54297,r156714,"Her Love, Like Poison",complete,True,"Her Love, Like Poison",$6.99,False,https://store.steampowered.com/app/3412620/,https://vndb.org/v54297,3514,FOUND,"Her Love, Like Poison",1753760684917,1786132828461,2026-08-08T12:07:45.053966+00:00
3205360,"City Lights, Old Flames",2025-07-29,2025-07,steam_store_search,True,True,INTERSECTION,True,,v51517,r128226,"City Lights, Old Flames",complete,True,"City Lights, Old Flames",$5.99,False,https://store.steampowered.com/app/3205360/,https://vndb.org/v51517,40,FOUND,"City Lights, Old Flames",1753924438447,1786132828461,2026-08-08T12:07:45.053966+00:00
3829130,Scarlet Wolf,2025-07-30,2025-07,steam_store_search,True,True,INTERSECTION,True,,v47876,r139106,Ona risovala alyh volkov,complete,True,Scarlet Wolf,$3.99,False,https://store.steampowered.com/app/3829130/,https://vndb.org/v47876,234,FOUND,Scarlet Wolf,1753920000000,1786132828461,2026-08-08T12:07:45.053966+00:00
3690420,"Dreaming in Cherry Blossoms, I Fall in Love with You",2025-07-31,2025-07,steam_store_search,True,True,INTERSECTION,True,,v50441,r134679,Beonnamuui Jeongnyeongeul Idol-ro Mandeuneun Beop,complete,True,"Dreaming in Cherry Blossoms, I Fall in Love with You",$24.99,False,https://store.steampowered.com/app/3690420/,https://vndb.org/v50441,308,FOUND,"Dreaming in Cherry Blossoms, I Fall in Love with You",1753920000000,1786132828461,2026-08-08T12:07:45.053966+00:00
2923120,Star's Peaces: Memorial Edition,2025-07-31,2025-07,steam_store_search,True,True,INTERSECTION,True,,v32385,r133727,Star's★Peaces - Ren'ai Ouen ⇒ Tomodachi Kakutoku Keikaku,complete,True,Star's Peaces: Memorial Edition,$9.99,False,https://store.steampowered.com/app/2923120/,https://vndb.org/v32385,38,FOUND,Star's Peaces: Memorial Edition,1754024892741,1786132828461,2026-08-08T12:07:45.053966+00:00
3675470,The Aquarium does not dance Special Edition,2025-07-31,2025-07,steam_store_search,True,True,INTERSECTION,True,,v55113,r137624,Aquarium wa Odoranai,complete,True,The Aquarium does not dance Special Edition,-25%,False,https://store.steampowered.com/app/3675470/,https://vndb.org/v55113,10238,FOUND,The Aquarium does not dance Special Edition,1753920000000,1786132828461,2026-08-08T12:07:45.053966+00:00
3854310,Steventon Street: Deluxe Edition,2025-08-01,2025-08,steam_store_search,True,True,INTERSECTION,True,,v57194,r138557,Steventon Street,complete,True,Steventon Street: Deluxe Edition,$4.99,False,https://store.steampowered.com/app/3854310/,https://vndb.org/v57194,36,FOUND,Steventon Street: Deluxe Edition,1753920000000,1786132828461,2026-08-08T12:07:45.053966+00:00
3854880,Sunrider Legends Tactics,2025-08-01,2025-08,steam_store_search,True,True,INTERSECTION,True,,v58411,r139815,Sunrider Legends Tactics,complete,True,Sunrider Legends Tactics,$29.99,False,https://store.steampowered.com/app/3854880/,https://vndb.org/v58411,1003,FOUND,Sunrider Legends Tactics,1754006400000,1786132828461,2026-08-08T12:07:45.053966+00:00
3376020,Kimochii Classroom,2025-08-02,2025-08,steam_store_search,True,True,INTERSECTION,True,,v53836,r129888,Kimochii Classroom,complete,True,Kimochii Classroom,Free,True,https://store.steampowered.com/app/3376020/,https://vndb.org/v53836,6755,FOUND,Kimochii Classroom,1754189201541,1786132828461,2026-08-08T12:07:45.053966+00:00
3585630,this game will end in 205 clicks.,2025-08-05,2025-08,steam_store_search,True,True,INTERSECTION,True,,v58179,r139339;r143162,this game will end in 205 clicks.,complete,True,this game will end in 205 clicks.,Free,True,https://store.steampowered.com/app/3585630/,https://vndb.org/v58179,23178,FOUND,this game will end in 205 clicks.,1754352000000,1786132828461,2026-08-08T12:07:45.053966+00:00
2396990,Fate/hollow ataraxia REMASTERED,2025-08-06,2025-08,steam_store_search,True,True,INTERSECTION,True,,v50,r125890,Fate/hollow ataraxia,complete,True,Fate/hollow ataraxia REMASTERED,$29.99,False,https://store.steampowered.com/app/2396990/,https://vndb.org/v50,43359,FOUND,Fate/hollow ataraxia REMASTERED,1754438400000,1786132828461,2026-08-08T12:07:45.053966+00:00
2538520,Double Date - Yuri Visual Novel,2025-08-07,2025-08,steam_store_search,True,True,INTERSECTION,True,,v55799,r134369,Double Date,complete,True,Double Date - Yuri Visual Novel,$4.99,False,https://store.steampowered.com/app/2538520/,https://vndb.org/v55799,331,FOUND,Double Date - Yuri Visual Novel,1754524800000,1786132828461,2026-08-08T12:07:45.053966+00:00
1404300,Drops of Death,2025-08-07,2025-08,steam_store_search,True,True,INTERSECTION,True,,v29346,r74979,Drops of Death,complete,True,Drops of Death,-20%,False,https://store.steampowered.com/app/1404300/,https://vndb.org/v29346,3207,FOUND,Drops of Death,1754524800000,1786132828461,2026-08-08T12:07:45.053966+00:00
3807550,Mycopsychosys: Remastered,2025-08-07,2025-08,steam_store_search,True,True,INTERSECTION,True,,v47278,r140455,Mycopsychosys,complete,True,Mycopsychosys: Remastered,$4.99,False,https://store.steampowered.com/app/3807550/,https://vndb.org/v47278,4466,FOUND,Mycopsychosys: Remastered,1754625653138,1786132828461,2026-08-08T12:07:45.053966+00:00
3280020,Eclipse : Special Forces,2025-08-08,2025-08,steam_store_search,True,True,INTERSECTION,True,,v54846,r132173;r140125,Eclipse: Special Forces,complete;trial,True,Eclipse : Special Forces,-25%,False,https://store.steampowered.com/app/3280020/,https://vndb.org/v54846,824,FOUND,Eclipse : Special Forces,1754611200000,1786132828461,2026-08-08T12:07:45.053966+00:00
1806330,Lavender Quartz 境界秤動,2025-08-08,2025-08,steam_store_search,True,True,INTERSECTION,True,,v57977,r138790,Lavender Quartz Kyoukai Hyoudou,complete,True,Lavender Quartz 境界秤動,$11.99,False,https://store.steampowered.com/app/1806330/,https://vndb.org/v57977,5157,FOUND,Lavender Quartz 境界秤動,1754611200000,1786132828461,2026-08-08T12:07:45.053966+00:00
3550540,Moonlit Dreamland,2025-08-08,2025-08,steam_store_search,True,True,INTERSECTION,True,,v58567,r140119,Yue Ming Menghuan,complete,True,Moonlit Dreamland,$1.99,False,https://store.steampowered.com/app/3550540/,https://vndb.org/v58567,15,FOUND,Moonlit Dreamland,1754611200000,1786132828461,2026-08-08T12:07:45.053966+00:00
3272510,Eyes of Rain,2025-08-09,2025-08,steam_store_search,True,True,INTERSECTION,True,,v61922,r147890,Eyes of Rain,complete,True,Eyes of Rain,$1.99,False,https://store.steampowered.com/app/3272510/,https://vndb.org/v61922,15,FOUND,Eyes of Rain,1754791977916,1786132828461,2026-08-08T12:07:45.053966+00:00
3885160,Drunk But Not Wasted Knight,2025-08-11,2025-08,steam_store_search,True,True,INTERSECTION,True,,v58589,r140169,Drunk But Not Wasted Knight,complete,True,Drunk But Not Wasted Knight,-50%,False,https://store.steampowered.com/app/3885160/,https://vndb.org/v58589,15,FOUND,Drunk But Not Wasted Knight,1755049309123,1786132828461,2026-08-08T12:07:45.053966+00:00
3885180,Spirit Whisperer Conversation With Akari,2025-08-11,2025-08,steam_store_search,True,True,INTERSECTION,True,,v58588,r140167,Spirit Whisperer Conversation With Akari,complete,True,Spirit Whisperer Conversation With Akari,$5.99,False,https://store.steampowered.com/app/3885180/,https://vndb.org/v58588,1,FOUND,Spirit Whisperer Conversation With Akari,1754975880728,1786132828461,2026-08-08T12:07:45.053966+00:00
3671830,Harem Of Three Thousand,2025-08-13,2025-08,steam_store_search,True,True,INTERSECTION,True,,v60461,r144627,Hougong Sanqian Ren,complete,True,Harem Of Three Thousand,$10.99,False,https://store.steampowered.com/app/3671830/,https://vndb.org/v60461,485,FOUND,Harem Of Three Thousand,1755226185882,1786132828461,2026-08-08T12:07:45.053966+00:00
3625380,おかゆにゅ～～む！~Okayunyumu！~,2025-08-13,2025-08,steam_store_search,True,True,INTERSECTION,True,,v53291,r134394,Okayu Nyumu!,complete,True,おかゆにゅ～～む！~Okayunyumu！~,$23.99,False,https://store.steampowered.com/app/3625380/,https://vndb.org/v53291,1835,FOUND,おかゆにゅ～～む！~Okayunyumu！~ ,1755155858624,1786132828461,2026-08-08T12:07:45.053966+00:00
2182990,Autumn with the Shiba Inu,2025-08-14,2025-08,steam_store_search,True,True,INTERSECTION,True,,v57587,r138211,Autumn with the Shiba Inu,complete,True,Autumn with the Shiba Inu,$7.99,False,https://store.steampowered.com/app/2182990/,https://vndb.org/v57587,42,FOUND,Autumn with the Shiba Inu,1755129600000,1786132828461,2026-08-08T12:07:45.053966+00:00
3644110,Frog & Blade,2025-08-14,2025-08,steam_store_search,True,True,INTERSECTION,True,,v38580,r140375,Kaeru to Kenki,complete,True,Frog & Blade,$8.99,False,https://store.steampowered.com/app/3644110/,https://vndb.org/v38580,29,FOUND,Frog & Blade,1755129600000,1786132828461,2026-08-08T12:07:45.053966+00:00
3197710,Iwakura Aria,2025-08-14,2025-08,steam_store_search,True,True,INTERSECTION,True,,v49686,r130091,Iwakura Aria,complete,True,Iwakura Aria,$39.99,False,https://store.steampowered.com/app/3197710/,https://vndb.org/v49686,1168,FOUND,Iwakura Aria,1755129600000,1786132828461,2026-08-08T12:07:45.053966+00:00
3903190,The Bygone Days of Her and the Flowers,2025-08-14,2025-08,steam_store_search,True,True,INTERSECTION,True,,v58681,r140373,Zhi Shuyu 「Ta yu Hua」de Wangri,complete,True,The Bygone Days of Her and the Flowers,Free,True,https://store.steampowered.com/app/3903190/,https://vndb.org/v58681,6499,FOUND,The Bygone Days of Her and the Flowers,1755238019101,1786132828461,2026-08-08T12:07:45.053966+00:00
3730100,Whispers from the Star,2025-08-14,2025-08,steam_store_search,True,True,INTERSECTION,True,,v58972,r140925;r143479,Whispers from the Star,complete,True,Whispers from the Star,$9.99,False,https://store.steampowered.com/app/3730100/,https://vndb.org/v58972,69272,FOUND,Whispers from the Star,1755129600000,1786132828461,2026-08-08T12:07:45.053966+00:00
3907610,君の心臓とコスモスを見る,2025-08-14,2025-08,steam_store_search,True,True,INTERSECTION,True,,v58682,r140374,Kimi no Shinzou to Cosmos o Miru,complete,True,君の心臓とコスモスを見る,$0.99,False,https://store.steampowered.com/app/3907610/,https://vndb.org/v58682,68,FOUND,君の心臓とコスモスを見る,1755129600000,1786132828461,2026-08-08T12:07:45.053966+00:00
3544100,重返大学时代,2025-08-14,2025-08,steam_store_search,True,True,INTERSECTION,True,,v58704,r140419,Chong Fan Daxue Shidai,complete,True,重返大学时代,$3.99,False,https://store.steampowered.com/app/3544100/,https://vndb.org/v58704,67,FOUND,重返大学时代,1755242661830,1786132828461,2026-08-08T12:07:45.053966+00:00
3267520,MATCH APP!,2025-08-15,2025-08,steam_store_search,True,True,INTERSECTION,True,,v58687,r140386,MATCH APP!,complete,True,MATCH APP!,$4.99,False,https://store.steampowered.com/app/3267520/,https://vndb.org/v58687,64,FOUND,MATCH APP!,1755216000000,1786132828461,2026-08-08T12:07:45.053966+00:00
3411510,Stellar Code,2025-08-15,2025-08,steam_store_search,True,True,INTERSECTION,True,,v54091,r130516,Stellar Code,complete,True,Stellar Code,$24.98,False,https://store.steampowered.com/app/3411510/,https://vndb.org/v54091,7456,FOUND,Stellar Code,1755216000000,1786132828461,2026-08-08T12:07:45.053966+00:00
3391660,Submansion,2025-08-15,2025-08,steam_store_search,True,True,INTERSECTION,True,,v53903,r130051,Submansion,complete,True,Submansion,$4.99,False,https://store.steampowered.com/app/3391660/,https://vndb.org/v53903,298,FOUND,Submansion,1755216000000,1786132828461,2026-08-08T12:07:45.053966+00:00
3918230,同桌！我喜欢你,2025-08-15,2025-08,steam_store_search,True,True,INTERSECTION,True,,v58617,r140219,Tongzhuo! Wo Xihuan Ni,complete,True,同桌！我喜欢你,$1.99,False,https://store.steampowered.com/app/3918230/,https://vndb.org/v58617,686,FOUND,同桌！我喜欢你,1755129600000,1786132828461,2026-08-08T12:07:45.053966+00:00
3304050,日進月歩,2025-08-15,2025-08,steam_store_search,True,True,INTERSECTION,True,,v54270,r130828,Nisshin Geppo,complete,True,日進月歩,$9.99,False,https://store.steampowered.com/app/3304050/,https://vndb.org/v54270,1,FOUND,日進月歩,1755216000000,1786132828461,2026-08-08T12:07:45.053966+00:00
1981690,WTC : Love's Labour's Lost,2025-08-16,2025-08,steam_store_search,True,True,INTERSECTION,True,,v36645,r140440,WTC : Love's Labour's Lost,complete,True,WTC : Love's Labour's Lost,$14.99,False,https://store.steampowered.com/app/1981690/,https://vndb.org/v36645,55,FOUND,WTC : Love's Labour's Lost,1755302400000,1786132828461,2026-08-08T12:07:45.053966+00:00
2539790,夏日事件簿 Summer Fantasy,2025-08-16,2025-08,steam_store_search,True,True,INTERSECTION,True,,v47757,r114731,Xiari Shijian Bu,complete,True,夏日事件簿 Summer Fantasy,$10.99,False,https://store.steampowered.com/app/2539790/,https://vndb.org/v47757,334,FOUND,夏日事件簿 Summer Fantasy,1755413043692,1786132828461,2026-08-08T12:07:45.053966+00:00
3299340,游郭惊梦,2025-08-16,2025-08,steam_store_search,True,True,INTERSECTION,True,,v54322,r130987,You Guo Jing Meng,complete,True,游郭惊梦,$9.99,False,https://store.steampowered.com/app/3299340/,https://vndb.org/v54322,547,FOUND,游郭惊梦,1755413425516,1786132828461,2026-08-08T12:07:45.053966+00:00
2646610,Lost Seed,2025-08-17,2025-08,steam_store_search,True,True,INTERSECTION,True,,v48786,r117296,Lost Seed,complete,True,Lost Seed,$12.99,False,https://store.steampowered.com/app/2646610/,https://vndb.org/v48786,685,FOUND,Lost Seed,1755489042967,1786132828461,2026-08-08T12:07:45.053966+00:00
3707780,永不停息的黑暗之歌 ~ Endless Black Song,2025-08-17,2025-08,steam_store_search,True,True,INTERSECTION,True,,v61098,r146059,Yong Bu Tingxi de Hei'an zhi Ge,complete,True,永不停息的黑暗之歌 ~ Endless Black Song,Free,True,https://store.steampowered.com/app/3707780/,https://vndb.org/v61098,64321,FOUND,永不停息的黑暗之歌 ~ Endless Black Song,1755503738272,1786132828461,2026-08-08T12:07:45.053966+00:00
3860040,躁のあなた鬱のあたし｜Manic you and depressed me,2025-08-17,2025-08,steam_store_search,True,True,INTERSECTION,True,,v55541,r138113,"Sou no Anata, Utsu no Atashi",complete,True,躁のあなた鬱のあたし｜Manic you and depressed me,$14.99,False,https://store.steampowered.com/app/3860040/,https://vndb.org/v55541,82,FOUND,躁のあなた鬱のあたし｜Manic you and depressed me,1755475200000,1786132828461,2026-08-08T12:07:45.053966+00:00
3549690,Moondusk Masquerade,2025-08-18,2025-08,steam_store_search,True,True,INTERSECTION,True,,v55270,r133206,Moondusk Masquerade,complete,True,Moondusk Masquerade,$10.99,False,https://store.steampowered.com/app/3549690/,https://vndb.org/v55270,475,FOUND,Moondusk Masquerade,1755576842258,1786132828461,2026-08-08T12:07:45.053966+00:00
3913560,Presidential Social Media Manager,2025-08-18,2025-08,steam_store_search,True,True,INTERSECTION,True,,v58644,r140297,Presidential Social Media Manager,complete,True,Presidential Social Media Manager,-50%,False,https://store.steampowered.com/app/3913560/,https://vndb.org/v58644,1,FOUND,Presidential Social Media Manager,1755579211533,1786132828461,2026-08-08T12:07:45.053966+00:00
3528450,Sweet Home,2025-08-18,2025-08,steam_store_search,True,True,INTERSECTION,True,,v55286,r133238;r147859,Zhifangzi,complete,True,Sweet Home,$7.99,False,https://store.steampowered.com/app/3528450/,https://vndb.org/v55286,278382,FOUND,Sweet Home,1755475200000,1786132828461,2026-08-08T12:07:45.053966+00:00
2992980,The Heavens,2025-08-18,2025-08,steam_store_search,True,True,INTERSECTION,True,,v47666,r140574,Nebesa,complete,True,The Heavens,Free,True,https://store.steampowered.com/app/2992980/,https://vndb.org/v47666,2140,FOUND,The Heavens,1755585726441,1786132828461,2026-08-08T12:07:45.053966+00:00
3914000,FuSha,2025-08-19,2025-08,steam_store_search,True,True,INTERSECTION,True,,v66501,r159532,FuSha,complete,True,FuSha,$1.99,False,https://store.steampowered.com/app/3914000/,https://vndb.org/v66501,369,FOUND,FuSha,1755590247267,1786132828461,2026-08-08T12:07:45.053966+00:00
3813660,春琉ト怪夜,2025-08-19,2025-08,steam_store_search,True,True,INTERSECTION,True,,v58147,r139267,Haru to Kaiya,complete,True,春琉ト怪夜,Free,True,https://store.steampowered.com/app/3813660/,https://vndb.org/v58147,3332,FOUND,春琉ト怪夜,1755561600000,1786132828461,2026-08-08T12:07:45.053966+00:00
3640850,Dragon Detective: A Friend from the Shadows,2025-08-20,2025-08,steam_store_search,True,True,INTERSECTION,True,,v58621,r140231,Dragon Detective: A Friend from the Shadows,complete,True,Dragon Detective: A Friend from the Shadows,$9.99,False,https://store.steampowered.com/app/3640850/,https://vndb.org/v58621,718,FOUND,Dragon Detective: A Friend from the Shadows,1755734400000,1786132828461,2026-08-08T12:07:45.053966+00:00
3577000,断罪室,2025-08-20,2025-08,steam_store_search,True,True,INTERSECTION,True,,v39357,r140653,Danzai Shitsu,complete,True,断罪室,$5.00,False,https://store.steampowered.com/app/3577000/,https://vndb.org/v39357,213,FOUND,断罪室,1755760280321,1786132828461,2026-08-08T12:07:45.053966+00:00
2701070,Major\Minor 2.0: (Re)Vision,2025-08-21,2025-08,steam_store_search,True,True,INTERSECTION,True,,v18747,r115491,Major\Minor,complete,True,Major\Minor 2.0: (Re)Vision,$9.99,False,https://store.steampowered.com/app/2701070/,https://vndb.org/v18747,481,FOUND,Major\Minor 2.0: (Re)Vision,1755734400000,1786132828461,2026-08-08T12:07:45.053966+00:00
3921950,Burned One,2025-08-22,2025-08,steam_store_search,True,True,INTERSECTION,True,,v58879,r140748,Pogorelec,complete,True,Burned One,$11.99,False,https://store.steampowered.com/app/3921950/,https://vndb.org/v58879,502,FOUND,Burned One,1755931354027,1786132828461,2026-08-08T12:07:45.053966+00:00
3762650,DEATH TRAIN!!! Samara – Voronezh.,2025-08-22,2025-08,steam_store_search,True,True,INTERSECTION,True,,v56606,r136189,SMERTEL'NYJ PLACKART!!! Samara — Voronezh.,complete,True,DEATH TRAIN!!! Samara – Voronezh.,$2.99,False,https://store.steampowered.com/app/3762650/,https://vndb.org/v56606,1363,FOUND,DEATH TRAIN!!! Samara – Voronezh.,1755820800000,1786132828461,2026-08-08T12:07:45.053966+00:00
3446170,Kono Aozora ni Yakusoku o Refine,2025-08-22,2025-08,steam_store_search,True,True,INTERSECTION,True,,v182,r134678,Kono Aozora ni Yakusoku o,complete,True,Kono Aozora ni Yakusoku o Refine,$29.99,False,https://store.steampowered.com/app/3446170/,https://vndb.org/v182,2831,FOUND,Kono Aozora ni Yakusoku o Refine,1755820800000,1786132828461,2026-08-08T12:07:45.053966+00:00
3160030,Ai Love,2025-08-24,2025-08,steam_store_search,True,True,INTERSECTION,True,,v59041,r141112,Ai Ai,complete,True,Ai Love,$1.79,False,https://store.steampowered.com/app/3160030/,https://vndb.org/v59041,378,FOUND,Ai Love,1755993600000,1786132828461,2026-08-08T12:07:45.053966+00:00
3689660,Night Patrol Rules,2025-08-24,2025-08,steam_store_search,True,True,INTERSECTION,True,,v56251,r135305,Yexun Shouze,complete,True,Night Patrol Rules,Free,True,https://store.steampowered.com/app/3689660/,https://vndb.org/v56251,17948,FOUND,Night Patrol Rules,1755993600000,1786132828461,2026-08-08T12:07:45.053966+00:00
3542850,ATTENTION DEFICIT - A story about ADHD,2025-08-25,2025-08,vndb_steam_release,True,True,INTERSECTION,True,,v59007,r140996;r140997,ATTENTION DEFICIT: A story about ADHD,complete;trial,True,ATTENTION DEFICIT - A story about ADHD,,False,https://store.steampowered.com/app/3542850/,https://vndb.org/v59007,,NOT_FOUND,,,,2026-08-08T12:07:45.053966+00:00
3894260,Drown the Bride,2025-08-25,2025-08,steam_store_search,True,True,INTERSECTION,True,,v52963,r140893,Drown the Bride,complete,True,Drown the Bride,$2.99,False,https://store.steampowered.com/app/3894260/,https://vndb.org/v52963,90,FOUND,Drown the Bride,1756173311239,1786132828461,2026-08-08T12:07:45.053966+00:00
2529750,Raining City: Millions Recollections,2025-08-25,2025-08,steam_store_search,True,True,INTERSECTION,True,,v46521,r111580,Yi Shu Zhuiyi,complete,True,Raining City: Millions Recollections,$11.99,False,https://store.steampowered.com/app/2529750/,https://vndb.org/v46521,4888,FOUND,Raining City: Millions Recollections,1756080000000,1786132828461,2026-08-08T12:07:45.053966+00:00
2692730,Three Wishes,2025-08-25,2025-08,steam_store_search,True,True,INTERSECTION,True,,v51145,r123802,Three Wishes,complete,True,Three Wishes,$11.99,False,https://store.steampowered.com/app/2692730/,https://vndb.org/v51145,970,FOUND,Three Wishes,1756189815065,1786132828461,2026-08-08T12:07:45.053966+00:00
3914270,FALL,2025-08-26,2025-08,steam_store_search,True,True,INTERSECTION,True,,v59106,r141231,Zheyi,complete,True,FALL,Free,True,https://store.steampowered.com/app/3914270/,https://vndb.org/v59106,1651,FOUND,FALL,1756280298658,1786132828461,2026-08-08T12:07:45.053966+00:00
2981450,Mystery Lover:Nonexistent Memories,2025-08-26,2025-08,steam_store_search,True,True,INTERSECTION,True,,v52741,r127350,Lian'ai Qitan ~Bu Cunzai de Huiyi~,complete,True,Mystery Lover:Nonexistent Memories,$13.99,False,https://store.steampowered.com/app/2981450/,https://vndb.org/v52741,7838,FOUND,Mystery Lover:Nonexistent Memories,1756166400000,1786132828461,2026-08-08T12:07:45.053966+00:00
3244350,Burial of Shortcake,2025-08-27,2025-08,steam_store_search,True,True,INTERSECTION,True,,v54123,r131690,Shortcake no Maisou,complete,True,Burial of Shortcake,$4.99,False,https://store.steampowered.com/app/3244350/,https://vndb.org/v54123,597,FOUND,Burial of Shortcake,1756343348733,1786132828461,2026-08-08T12:07:45.053966+00:00
2914490,Death end re;Quest: Code Z,2025-08-27,2025-08,steam_store_search,True,True,INTERSECTION,True,,v50566,r136372,Death end re;Quest Code Z,complete,True,Death end re;Quest: Code Z,-50%,False,https://store.steampowered.com/app/2914490/,https://vndb.org/v50566,2352,FOUND,Death end re;Quest: Code Z,1756345070688,1786132828461,2026-08-08T12:07:45.053966+00:00
3899510,"ギャルと優等生と夏休み Gal, Geek and Summer",2025-08-27,2025-08,steam_store_search,True,True,INTERSECTION,True,,v22132,r141071,Watashi wa Kuro Bitch ~Seijun Shoujo no Ochi Seikatsu~,complete,True,"ギャルと優等生と夏休み Gal, Geek and Summer",-50%,False,https://store.steampowered.com/app/3899510/,https://vndb.org/v22132,1,FOUND,"ギャルと優等生と夏休み Gal, Geek and Summer",1756364455553,1786132828461,2026-08-08T12:07:45.053966+00:00
3723280,Aperture Dating Simulator,2025-08-28,2025-08,vndb_steam_release,True,True,INTERSECTION,True,,v56207,r135229,Aperture Dating Simulator,complete,True,Aperture Dating Simulator,Free,True,https://store.steampowered.com/app/3723280/,https://vndb.org/v56207,,NOT_FOUND,,,,2026-08-08T12:07:45.053966+00:00
3741730,Fallstreak 2: Traum,2025-08-28,2025-08,steam_store_search,True,True,INTERSECTION,True,,v59028,r141061,Fallstreak 2: Traum,complete,True,Fallstreak 2: Traum,$9.99,False,https://store.steampowered.com/app/3741730/,https://vndb.org/v59028,405,FOUND,Fallstreak 2: Traum,1756434018747,1786132828461,2026-08-08T12:07:45.053966+00:00
3847100,アイアイ喫茶店,2025-08-28,2025-08,steam_store_search,True,True,INTERSECTION,True,,v58873,r140726,Aiai Kissaten,complete,True,アイアイ喫茶店,$3.83,False,https://store.steampowered.com/app/3847100/,https://vndb.org/v58873,10551,FOUND,アイアイ喫茶店,1756425600000,1786132828461,2026-08-08T12:07:45.053966+00:00
3702160,イロハニホヘト,2025-08-28,2025-08,steam_store_search,True,True,INTERSECTION,True,,v31672,r140810,Irohanihoheto,complete,True,イロハニホヘト,Free,True,https://store.steampowered.com/app/3702160/,https://vndb.org/v31672,23444,FOUND,イロハニホヘト,1756339200000,1786132828461,2026-08-08T12:07:45.053966+00:00
3770470,FrenchConnection,2025-08-29,2025-08,steam_store_search,True,True,INTERSECTION,True,,v53639,r138167,French Connection,complete,True,FrenchConnection,$10.99,False,https://store.steampowered.com/app/3770470/,https://vndb.org/v53639,347,FOUND,FrenchConnection,1756606528885,1786132828461,2026-08-08T12:07:45.053966+00:00
3800840,Phoenyx: Breaking The Cycle,2025-08-29,2025-08,steam_store_search,True,True,INTERSECTION,True,,v59048,r141126,Phoenyx: Breaking The Cycle,complete,True,Phoenyx: Breaking The Cycle,$4.99,False,https://store.steampowered.com/app/3800840/,https://vndb.org/v59048,15,FOUND,Phoenyx: Breaking The Cycle,1756527589207,1786132828461,2026-08-08T12:07:45.053966+00:00
3221170,唯,2025-08-30,2025-08,steam_store_search,True,True,INTERSECTION,True,,v53038,r127948,Wei,complete,True,唯,$5.99,False,https://store.steampowered.com/app/3221170/,https://vndb.org/v53038,4404,FOUND,唯,1756624383358,1786132828461,2026-08-08T12:07:45.053966+00:00
3769330,Road Trip to the End of the World,2025-08-31,2025-08,steam_store_search,True,True,INTERSECTION,True,,v59094,r141205,Road Trip to the End of the World,complete,True,Road Trip to the End of the World,Free,True,https://store.steampowered.com/app/3769330/,https://vndb.org/v59094,6710,FOUND,Road Trip to the End of the World,1756701929311,1786132828461,2026-08-08T12:07:45.053966+00:00
3832560,Boxuchan: The Visual Novel ~ Prologue,2025-09-01,2025-09,steam_store_search,True,True,INTERSECTION,True,,v59129,r141283,Boxuchan: The Visual Novel ~ Prologue,complete,True,Boxuchan: The Visual Novel ~ Prologue,$1.99,False,https://store.steampowered.com/app/3832560/,https://vndb.org/v59129,86,FOUND,Boxuchan: The Visual Novel ~ Prologue,1756684800000,1786132828461,2026-08-08T12:07:45.053966+00:00
3861190,ECHO Re:Kill,2025-09-01,2025-09,steam_store_search,True,True,INTERSECTION,True,,v59148,r141319,ECHO Re:Kill,complete,True,ECHO Re:Kill,$1.99,False,https://store.steampowered.com/app/3861190/,https://vndb.org/v59148,15,FOUND,ECHO Re:Kill,1756771200000,1786132828461,2026-08-08T12:07:45.053966+00:00
2818010,Sinking The Boats,2025-09-02,2025-09,steam_store_search,True,True,INTERSECTION,True,,v56708,r136422,Chen Zhou,complete,True,Sinking The Boats,$6.99,False,https://store.steampowered.com/app/2818010/,https://vndb.org/v56708,727,FOUND,Sinking The Boats,1756771200000,1786132828461,2026-08-08T12:07:45.053966+00:00
2698470,Kemono Teatime,2025-09-03,2025-09,steam_store_search,True,True,INTERSECTION,True,,v61533,r147031,Kemono Teatime,complete,True,Kemono Teatime,-30%,False,https://store.steampowered.com/app/2698470/,https://vndb.org/v61533,39525,FOUND,Kemono Teatime,1756944000000,1786132828461,2026-08-08T12:07:45.053966+00:00
3419810,はじめるセカイの理想論 -goodbye world index,2025-09-04,2025-09,steam_store_search,True,True,INTERSECTION,True,,v47458,r140126,Hajimeru Sekai no Risouron -goodbye world index-,complete,True,はじめるセカイの理想論 -goodbye world index,$19.99,False,https://store.steampowered.com/app/3419810/,https://vndb.org/v47458,1700,FOUND,はじめるセカイの理想論 -goodbye world index,1756944000000,1786132828461,2026-08-08T12:07:45.053966+00:00
3291920,未語,2025-09-04,2025-09,steam_store_search,True,True,INTERSECTION,True,,v53370,r128809,Wei Yu,complete,True,未語,$0.99,False,https://store.steampowered.com/app/3291920/,https://vndb.org/v53370,1,FOUND,未語,1757057367070,1786132828461,2026-08-08T12:07:45.053966+00:00
3216500,SHUTEN ORDER,2025-09-05,2025-09,steam_store_search,True,True,INTERSECTION,True,,v56364,r135547,Shuuten Kyoudan,complete,True,SHUTEN ORDER,$49.99,False,https://store.steampowered.com/app/3216500/,https://vndb.org/v56364,18024,FOUND,SHUTEN ORDER,1757030400000,1786132828461,2026-08-08T12:07:45.053966+00:00
3789280,taking my Dark Knight Girlfriend to the corner store,2025-09-05,2025-09,steam_store_search,True,True,INTERSECTION,True,,v59179,r141409,taking my Dark Knight Girlfriend to the corner store,complete,True,taking my Dark Knight Girlfriend to the corner store,Free,True,https://store.steampowered.com/app/3789280/,https://vndb.org/v59179,9110,FOUND,taking my Dark Knight Girlfriend to the corner store,1757137072473,1786132828461,2026-08-08T12:07:45.053966+00:00
3954630,谍影：余烬,2025-09-05,2025-09,steam_store_search,True,True,INTERSECTION,True,,v59157,r141345,Dieying: Yujin,complete,True,谍影：余烬,$0.99,False,https://store.steampowered.com/app/3954630/,https://vndb.org/v59157,335,FOUND,谍影：余烬,1757030400000,1786132828461,2026-08-08T12:07:45.053966+00:00
3548050,The Lost Song,2025-09-06,2025-09,steam_store_search,True,True,INTERSECTION,True,,v54810,r141411,Mayou Uta,complete,True,The Lost Song,$2.99,False,https://store.steampowered.com/app/3548050/,https://vndb.org/v54810,1,FOUND,The Lost Song,1757224516244,1786132828461,2026-08-08T12:07:45.053966+00:00
3772010,初遇时,2025-09-06,2025-09,steam_store_search,True,True,INTERSECTION,True,,v56560,r136059,Chuyu Shi,complete,True,初遇时,$3.99,False,https://store.steampowered.com/app/3772010/,https://vndb.org/v56560,1196,FOUND,初遇时,1757229283488,1786132828461,2026-08-08T12:07:45.053966+00:00
3164710,"Quality Dreams, Reasonably Priced",2025-09-07,2025-09,steam_store_search,True,True,INTERSECTION,True,,v51612,r129846,"Quality Dreams, Reasonably Priced",complete,True,"Quality Dreams, Reasonably Priced",-25%,False,https://store.steampowered.com/app/3164710/,https://vndb.org/v51612,527,FOUND,"Quality Dreams, Reasonably Priced",1757203200000,1786132828461,2026-08-08T12:07:45.053966+00:00
3410630,Waning Flowers of a World Eternal - The Rainbow Appears After Flowering Rain,2025-09-08,2025-09,steam_store_search,True,True,INTERSECTION,True,,v19658,r133980,Karenai Sekai to Owaru Hana,complete,True,Waning Flowers of a World Eternal - The Rainbow Appears After Flowering Rain,$19.99,False,https://store.steampowered.com/app/3410630/,https://vndb.org/v19658,5649,FOUND,Waning Flowers of a World Eternal - The Rainbow Appears After Flowering Rain,1757289600000,1786132828461,2026-08-08T12:07:45.053966+00:00
3967480,Echoes of Baikal,2025-09-09,2025-09,steam_store_search,True,True,INTERSECTION,True,,v59240,r141553,Echoes of Baikal,complete,True,Echoes of Baikal,$2.99,False,https://store.steampowered.com/app/3967480/,https://vndb.org/v59240,409,FOUND,Echoes of Baikal,1757469282245,1786132828461,2026-08-08T12:07:45.053966+00:00
3382240,恋爱猪脚饭,2025-09-09,2025-09,steam_store_search,True,True,INTERSECTION,True,,v54812,r132056;r161801,Lian Ai Zhu Jiao Fan,complete,True,恋爱猪脚饭,$1.99,False,https://store.steampowered.com/app/3382240/,https://vndb.org/v54812,6491,FOUND,恋爱猪脚饭,1757376000000,1786132828461,2026-08-08T12:07:45.053966+00:00
3353620,缚戎人：唐建中十三年,2025-09-09,2025-09,steam_store_search,True,True,INTERSECTION,True,,v54163,r130651,Fu Rong Ren: Tang Jianzhong Shisan-nian,complete,True,缚戎人：唐建中十三年,$6.99,False,https://store.steampowered.com/app/3353620/,https://vndb.org/v54163,977,FOUND,缚戎人：唐建中十三年,1757376000000,1786132828461,2026-08-08T12:07:45.053966+00:00
3779900,First Steps in Learning about Pregnancy,2025-09-11,2025-09,steam_store_search,True,True,INTERSECTION,True,,v59251,r141589,Hajimete no Ninshin Matsumoto Daihoku Chiiki-hen,complete,True,First Steps in Learning about Pregnancy,Free,True,https://store.steampowered.com/app/3779900/,https://vndb.org/v59251,740,FOUND,First Steps in Learning about Pregnancy,1757661814551,1786132828461,2026-08-08T12:07:45.053966+00:00
3176190,Sips and Sonnets,2025-09-11,2025-09,steam_store_search,True,True,INTERSECTION,True,,v56555,r136019,Sips and Sonnets,complete,True,Sips and Sonnets,-15%,False,https://store.steampowered.com/app/3176190/,https://vndb.org/v56555,843,FOUND,Sips and Sonnets,1757548800000,1786132828461,2026-08-08T12:07:45.053966+00:00
3895700,Summer Reunion,2025-09-11,2025-09,steam_store_search,True,True,INTERSECTION,True,,v58958,r140882,Natsu no Saikai,complete,True,Summer Reunion,$12.99,False,https://store.steampowered.com/app/3895700/,https://vndb.org/v58958,39,FOUND,Summer Reunion,1757662174267,1786132828461,2026-08-08T12:07:45.053966+00:00
3155290,"Hold Me Tight All Night, Onii-chan!",2025-09-12,2025-09,steam_store_search,True,True,INTERSECTION,True,,v22345,r126929,"Onii-chan, Asa made Zutto Gyutte Shite!",complete,True,"Hold Me Tight All Night, Onii-chan!",$19.99,False,https://store.steampowered.com/app/3155290/,https://vndb.org/v22345,18899,FOUND,"Hold Me Tight All Night, Onii-chan!",1757635200000,1786132828461,2026-08-08T12:07:45.053966+00:00
3704230,House of Petals,2025-09-12,2025-09,vndb_steam_release,True,True,INTERSECTION,True,,v58030,r138929;r141729,House of Petals,complete;trial,True,House of Petals,Free,True,https://store.steampowered.com/app/3704230/,https://vndb.org/v58030,,NOT_FOUND,,,,2026-08-08T12:07:45.053966+00:00
3793580,MAHOUTEQ!,2025-09-12,2025-09,steam_store_search,True,True,INTERSECTION,True,,v59268,r147232,MAHOUTEQ!,complete,True,MAHOUTEQ!,$1.99,False,https://store.steampowered.com/app/3793580/,https://vndb.org/v59268,11766,FOUND,MAHOUTEQ!,1757734744064,1786132828461,2026-08-08T12:07:45.053966+00:00
3700140,PIG,2025-09-12,2025-09,steam_store_search,True,True,INTERSECTION,True,,v58125,r139236,PIG,complete,True,PIG,Free,True,https://store.steampowered.com/app/3700140/,https://vndb.org/v58125,1398,FOUND,PIG,1757737354457,1786132828461,2026-08-08T12:07:45.053966+00:00
3986210,かみひより ～食騙り編～,2025-09-12,2025-09,steam_store_search,True,True,INTERSECTION,True,,v59275,r141651,Kami Hiyori ~Shoku Katari Hen~,complete,True,かみひより ～食騙り編～,$3.99,False,https://store.steampowered.com/app/3986210/,https://vndb.org/v59275,15,FOUND,かみひより ～食騙り編～,1757746735585,1786132828461,2026-08-08T12:07:45.053966+00:00
3415460,恋愛花道,2025-09-12,2025-09,steam_store_search,True,True,INTERSECTION,True,,v59259,r141607,Ren'ai Hanamichi,complete,True,恋愛花道,$4.99,False,https://store.steampowered.com/app/3415460/,https://vndb.org/v59259,71,FOUND,恋愛花道,1757635200000,1786132828461,2026-08-08T12:07:45.053966+00:00
3757560,恋与未歇之雨,2025-09-14,2025-09,steam_store_search,True,True,INTERSECTION,True,,v56809,r136654,Lian Yu Weixie Zhiyu,complete,True,恋与未歇之雨,Free,True,https://store.steampowered.com/app/3757560/,https://vndb.org/v56809,6501,FOUND,恋与未歇之雨,1757921604292,1786132828461,2026-08-08T12:07:45.053966+00:00
2367120,Blood Lily Ghoststories,2025-09-15,2025-09,steam_store_search,True,True,INTERSECTION,True,,v59357,r141927,Xue Baihe Guaitan,complete,True,Blood Lily Ghoststories,-20%,False,https://store.steampowered.com/app/2367120/,https://vndb.org/v59357,1741,FOUND,Blood Lily Ghoststories,1757894400000,1786132828461,2026-08-08T12:07:45.053966+00:00
3795490,Don't Get Your Hopes Up,2025-09-16,2025-09,steam_store_search,True,True,INTERSECTION,True,,v59580,r142531,Don't Get Your Hopes Up,complete,True,Don't Get Your Hopes Up,Free,True,https://store.steampowered.com/app/3795490/,https://vndb.org/v59580,2701,FOUND,Don't Get Your Hopes Up,1758073935666,1786132828461,2026-08-08T12:07:45.053966+00:00
2507560,Type-NOISE: Shonen Shojo,2025-09-16,2025-09,steam_store_search,True,True,INTERSECTION,True,,v51021,r123529,Zatsuon-kei Shounen Shoujo,complete,True,Type-NOISE: Shonen Shojo,$19.99,False,https://store.steampowered.com/app/2507560/,https://vndb.org/v51021,3595,FOUND,Type-NOISE: Shonen Shojo,1757980800000,1786132828461,2026-08-08T12:07:45.053966+00:00
1969170,The Murder Hotel,2025-09-17,2025-09,steam_store_search,True,True,INTERSECTION,True,,v59394,r142070,The Murder Hotel,complete,True,The Murder Hotel,$19.99,False,https://store.steampowered.com/app/1969170/,https://vndb.org/v59394,945,FOUND,The Murder Hotel,1758176751433,1786132828461,2026-08-08T12:07:45.053966+00:00
3298390,Blumenia - Historias de un Mundo de Plantas,2025-09-18,2025-09,steam_store_search,True,True,INTERSECTION,True,,v54996,r132518,Blumenia - Historias de un Mundo de Plantas,complete,True,Blumenia - Historias de un Mundo de Plantas,$4.99,False,https://store.steampowered.com/app/3298390/,https://vndb.org/v54996,30,FOUND,Blumenia - Historias de un Mundo de Plantas,1758153600000,1786132828461,2026-08-08T12:07:45.053966+00:00
2923050,Burden of Truth,2025-09-18,2025-09,steam_store_search,True,True,INTERSECTION,True,,v53887,r130005,Burden of Truth,complete,True,Burden of Truth,$14.99,False,https://store.steampowered.com/app/2923050/,https://vndb.org/v53887,297,FOUND,Burden of Truth,1758153600000,1786132828461,2026-08-08T12:07:45.053966+00:00
2988620,I Hate My Waifu Streamer,2025-09-18,2025-09,steam_store_search,True,True,INTERSECTION,True,,v60276,r144270,Nenavizhu svoju vajfu-strimershu,complete,True,I Hate My Waifu Streamer,$9.99,False,https://store.steampowered.com/app/2988620/,https://vndb.org/v60276,15405,FOUND,I Hate My Waifu Streamer,1758153600000,1786132828461,2026-08-08T12:07:45.053966+00:00
3247130,Liquor Love Lady,2025-09-18,2025-09,steam_store_search,True,True,INTERSECTION,True,,v53036,r138070,"Suldo, Sarangdo Eoryeoun Agassi",complete,True,Liquor Love Lady,$14.99,False,https://store.steampowered.com/app/3247130/,https://vndb.org/v53036,130,FOUND,Liquor Love Lady,1758339057882,1786132828461,2026-08-08T12:07:45.053966+00:00
2871350,Shadows of Betrayal,2025-09-18,2025-09,steam_store_search,True,True,INTERSECTION,True,,v59415,r142118,Shadows of Betrayal,complete,True,Shadows of Betrayal,$5.99,False,https://store.steampowered.com/app/2871350/,https://vndb.org/v59415,30,FOUND,Shadows of Betrayal,1758153600000,1786132828461,2026-08-08T12:07:45.053966+00:00
2299690,香恋Ready！,2025-09-18,2025-09,steam_store_search,True,True,INTERSECTION,True,,v53898,r130041,Xianglian Ready!,complete,True,香恋Ready！,$9.99,False,https://store.steampowered.com/app/2299690/,https://vndb.org/v53898,1694,FOUND,香恋Ready！,1758153600000,1786132828461,2026-08-08T12:07:45.053966+00:00
3721930,NATURAL CORDE,2025-09-19,2025-09,steam_store_search,True,True,INTERSECTION,True,,v29845,r139575,"NATURALCORDE -Aiyoku no Iro ni Somerarete, Watashi wa Arugamama no Jibun ni Naru-",complete,True,NATURAL CORDE,$14.99,False,https://store.steampowered.com/app/3721930/,https://vndb.org/v29845,1800,FOUND,NATURAL CORDE,1758240000000,1786132828461,2026-08-08T12:07:45.053966+00:00
3764120,你的牛子,2025-09-19,2025-09,steam_store_search,True,True,INTERSECTION,True,,v57858,r138614,Ni De Niuzi,complete,True,你的牛子,$1.99,False,https://store.steampowered.com/app/3764120/,https://vndb.org/v57858,1600,FOUND,你的牛子,1758351952287,1786132828461,2026-08-08T12:07:45.053966+00:00
3964050,Midnight's Curse,2025-09-20,2025-09,steam_store_search,True,True,INTERSECTION,True,,v57641,r142177,Prokljatie polunochi,complete,True,Midnight's Curse,$0.99,False,https://store.steampowered.com/app/3964050/,https://vndb.org/v57641,1183,FOUND,Midnight's Curse,1758426986928,1786132828461,2026-08-08T12:07:45.053966+00:00
3980000,欺心恋曲/亵渎神明的少女 Deceptiive Love Ballad The Blasphemer 偽りの恋の旋律/神を冒涜する少女,2025-09-20,2025-09,steam_store_search,True,True,INTERSECTION,True,,v59425,r142184,Qinxin Lianqu/Xiedu Shenming De Shaonü,complete,True,欺心恋曲/亵渎神明的少女 Deceptiive Love Ballad The Blasphemer 偽りの恋の旋律/神を冒涜する少女,$2.50,False,https://store.steampowered.com/app/3980000/,https://vndb.org/v59425,299,FOUND,欺心恋曲/亵渎神明的少女 Deceptiive Love Ballad The Blasphemer 偽りの恋の旋律/神を冒涜する少女,1758326400000,1786132828461,2026-08-08T12:07:45.053966+00:00
3741950,방과 후 특별지도 (After-school Confession),2025-09-20,2025-09,steam_store_search,True,True,INTERSECTION,True,,v55798,r134368,Banggwa Hu Teukbyeoljido,complete,True,방과 후 특별지도 (After-school Confession),$10.99,False,https://store.steampowered.com/app/3741950/,https://vndb.org/v55798,1,FOUND,방과 후 특별지도 (After-school Confession),1758440242413,1786132828461,2026-08-08T12:07:45.053966+00:00
3993640,"Walk this road, again",2025-09-22,2025-09,steam_store_search,True,True,INTERSECTION,True,,v59458,r142273;r142599,"Dasi, Gil-eul Geotda.",complete,True,"Walk this road, again",Free,True,https://store.steampowered.com/app/3993640/,https://vndb.org/v59458,1169,FOUND,"Walk this road, again",1758696447548,1786132828461,2026-08-08T12:07:45.053966+00:00
3021350,透明的她与真实的我,2025-09-22,2025-09,steam_store_search,True,True,INTERSECTION,True,,v52175,r126125,Touming De Ta Yu Zhenshi De Wo,complete,True,透明的她与真实的我,$10.99,False,https://store.steampowered.com/app/3021350/,https://vndb.org/v52175,2155,FOUND,透明的她与真实的我,1758499200000,1786132828461,2026-08-08T12:07:45.053966+00:00
3866180,Dear my『 』,2025-09-24,2025-09,steam_store_search,True,True,INTERSECTION,True,,v59076,r141160,Dear my『 』,complete,True,Dear my『 』,Free,True,https://store.steampowered.com/app/3866180/,https://vndb.org/v59076,193,FOUND,Dear my『 』,1758850388314,1786132828461,2026-08-08T12:07:45.053966+00:00
3484890,Irene. The Window,2025-09-24,2025-09,vndb_steam_release,True,True,INTERSECTION,True,,v58638,r140277;r142580,Irene. The Window,complete;trial,True,Irene. The Window,,False,https://store.steampowered.com/app/3484890/,https://vndb.org/v58638,,NOT_FOUND,,,,2026-08-08T12:07:45.053966+00:00
3595800,ROAD59 A Yakuza’s Last Stand,2025-09-24,2025-09,steam_store_search,True,True,INTERSECTION,True,,v54131,r130586,ROAD59 -Shin Jidai Ninkyou Tokku- Matenrou Monochro Kousou,complete,True,ROAD59 A Yakuza’s Last Stand,-30%,False,https://store.steampowered.com/app/3595800/,https://vndb.org/v54131,791,FOUND,ROAD59　A Yakuza’s Last Stand,1758672000000,1786132828461,2026-08-08T12:07:45.053966+00:00
3928080,GOLOD,2025-09-25,2025-09,steam_store_search,True,True,INTERSECTION,True,,v59575,r142522,GOLOD,complete,True,GOLOD,$1.99,False,https://store.steampowered.com/app/3928080/,https://vndb.org/v59575,103,FOUND,GOLOD,1758758400000,1786132828461,2026-08-08T12:07:45.053966+00:00
3417470,Jurnal Risa: Dark Destiny,2025-09-25,2025-09,steam_store_search,True,True,INTERSECTION,True,,v59576,r142523,Jurnal Risa: Dark Destiny,complete,True,Jurnal Risa: Dark Destiny,-50%,False,https://store.steampowered.com/app/3417470/,https://vndb.org/v59576,293,FOUND,Jurnal Risa: Dark Destiny,1758758400000,1786132828461,2026-08-08T12:07:45.053966+00:00
3913290,PRIVET. ETO NE BOL'NO.,2025-09-25,2025-09,steam_store_search,True,True,INTERSECTION,True,,v58065,r139208,PRIVET. ETO NE BOL'NO.,complete,True,PRIVET. ETO NE BOL'NO.,$2.99,False,https://store.steampowered.com/app/3913290/,https://vndb.org/v58065,125,FOUND,PRIVET. ETO NE BOL'NO.,1758860179787,1786132828461,2026-08-08T12:07:45.053966+00:00
3997610,The Wish Guide Without BE,2025-09-26,2025-09,steam_store_search,True,True,INTERSECTION,True,,v59577,r142525,Juedui Buxiang BE de Yuanwang Gonglue Fa,complete,True,The Wish Guide Without BE,$4.99,False,https://store.steampowered.com/app/3997610/,https://vndb.org/v59577,299,FOUND,The Wish Guide Without BE,1758758400000,1786132828461,2026-08-08T12:07:45.053966+00:00
3971860,キミが消えてしまう前に,2025-09-26,2025-09,steam_store_search,True,True,INTERSECTION,True,,v54293,r130911,Kimi ga Kiete Shimau Mae ni,complete,True,キミが消えてしまう前に,$3.99,False,https://store.steampowered.com/app/3971860/,https://vndb.org/v54293,996,FOUND,キミが消えてしまう前に,1758957136357,1786132828461,2026-08-08T12:07:45.053966+00:00
2186270,"她毕业了 So Long, My Youth",2025-09-26,2025-09,steam_store_search,True,True,INTERSECTION,True,,v59573,r142518,Ta Biye Le,complete,True,"她毕业了 So Long, My Youth",$1.99,False,https://store.steampowered.com/app/2186270/,https://vndb.org/v59573,945,FOUND,"她毕业了 So Long, My Youth",1758844800000,1786132828461,2026-08-08T12:07:45.053966+00:00
3709690,ACCIDENTALLY,2025-09-29,2025-09,steam_store_search,True,True,INTERSECTION,True,,v57427,r137934,Ibangindeul,complete,True,ACCIDENTALLY,-50%,False,https://store.steampowered.com/app/3709690/,https://vndb.org/v57427,755,FOUND,ACCIDENTALLY,1759192161984,1786132828461,2026-08-08T12:07:45.053966+00:00
3585640,Lavender Field,2025-09-29,2025-09,steam_store_search,True,True,INTERSECTION,True,,v58741,r144631,Lavandove pole,complete,True,Lavender Field,$4.99,False,https://store.steampowered.com/app/3585640/,https://vndb.org/v58741,20,FOUND,Lavender Field,1759190400000,1786132828461,2026-08-08T12:07:45.053966+00:00
3960800,Murder at Chateau de Rouge,2025-09-29,2025-09,steam_store_search,True,True,INTERSECTION,True,,v59744,r142837,Murder at Chateau de Rouge,complete,True,Murder at Chateau de Rouge,$4.99,False,https://store.steampowered.com/app/3960800/,https://vndb.org/v59744,15,FOUND,Murder at Chateau de Rouge,1759205411691,1786132828461,2026-08-08T12:07:45.053966+00:00
4101510,Onigashima,2025-09-29,2025-09,vndb_steam_release,True,True,INTERSECTION,True,,v59632,r142629,Onigashima,complete,True,Onigashima,Free,True,https://store.steampowered.com/app/4101510/,https://vndb.org/v59632,,NOT_FOUND,,,,2026-08-08T12:07:45.053966+00:00
3464370,Sani Yang's Laboratory,2025-09-29,2025-09,steam_store_search,True,True,INTERSECTION,True,,v52409,r135863,Sani Yang Yeongusil,complete,True,Sani Yang's Laboratory,$24.99,False,https://store.steampowered.com/app/3464370/,https://vndb.org/v52409,20242,FOUND,Sani Yang's Laboratory,1759104000000,1786132828461,2026-08-08T12:07:45.053966+00:00
3978150,soundless - A MODERN SALEM IN REMOTE AREA -,2025-09-29,2025-09,steam_store_search,True,True,INTERSECTION,True,,v21745,r108665,soundless - A MODERN SALEM IN REMOTE AREA -,complete,True,soundless - A MODERN SALEM IN REMOTE AREA -,Free,True,https://store.steampowered.com/app/3978150/,https://vndb.org/v21745,1512,FOUND,soundless - A MODERN SALEM IN REMOTE AREA -,1759104000000,1786132828461,2026-08-08T12:07:45.053966+00:00
3546540,Aker Fern 2,2025-09-30,2025-09,steam_store_search,True,True,INTERSECTION,True,,v44234,r142889,Aker Fern 2,complete,True,Aker Fern 2,Free,True,https://store.steampowered.com/app/3546540/,https://vndb.org/v44234,741,FOUND,Aker Fern 2,1759215600000,1786132828461,2026-08-08T12:07:45.053966+00:00
3850170,Dropkick Rick,2025-09-30,2025-09,steam_store_search,True,True,INTERSECTION,True,,v59760,r142879,Dropkick Rick,complete,True,Dropkick Rick,$5.99,False,https://store.steampowered.com/app/3850170/,https://vndb.org/v59760,41,FOUND,Dropkick Rick,1759190400000,1786132828461,2026-08-08T12:07:45.053966+00:00
1803850,Lock & Key: A Magical Girl Mystery,2025-09-30,2025-09,steam_store_search,True,True,INTERSECTION,True,,v27159,r67944,Lock and Key: A Magical Girl Mystery,complete,True,Lock & Key: A Magical Girl Mystery,$14.99,False,https://store.steampowered.com/app/1803850/,https://vndb.org/v27159,485,FOUND,Lock & Key: A Magical Girl Mystery,1759190400000,1786132828461,2026-08-08T12:07:45.053966+00:00
3645710,My Silly Science Summer in the Past,2025-09-30,2025-09,steam_store_search,True,True,INTERSECTION,True,,v56818,r136689,My Silly Science Summer in the Past,complete,True,My Silly Science Summer in the Past,Free,True,https://store.steampowered.com/app/3645710/,https://vndb.org/v56818,768,FOUND,My Silly Science Summer in the Past,1759190400000,1786132828461,2026-08-08T12:07:45.053966+00:00
3918960,Pursuing My Uncle,2025-09-30,2025-09,steam_store_search,True,True,INTERSECTION,True,,v59745,r142838,Ojisan o Datosu Made,complete,True,Pursuing My Uncle,$1.99,False,https://store.steampowered.com/app/3918960/,https://vndb.org/v59745,3213,FOUND,Pursuing My Uncle,1759302147388,1786132828461,2026-08-08T12:07:45.053966+00:00
3840970,Casey Noir and Carved Pumpkin's Latte,2025-10-01,2025-10,steam_store_search,True,True,INTERSECTION,True,,v52968,r139726,Casey Noir and Carved Pumpkin's Latte,complete,True,Casey Noir and Carved Pumpkin's Latte,Free,True,https://store.steampowered.com/app/3840970/,https://vndb.org/v52968,1090,FOUND,Casey Noir and Carved Pumpkin's Latte,1759276800000,1786132828461,2026-08-08T12:07:45.053966+00:00
3995450,POSSUM BOY!: The Ballad of Joey Virginia,2025-10-01,2025-10,steam_store_search,True,True,INTERSECTION,True,,v59013,r141009,How am I supposed to fit in at college when there aren't any other animal people but I'm a POSSUM BOY!: The Ballad of Joey Virginia,complete,True,POSSUM BOY!: The Ballad of Joey Virginia,$4.99,False,https://store.steampowered.com/app/3995450/,https://vndb.org/v59013,93,FOUND,POSSUM BOY!: The Ballad of Joey Virginia,1759276800000,1786132828461,2026-08-08T12:07:45.053966+00:00
3349510,The Ancient Magus' Bride Midsummer Pilgrimage,2025-10-01,2025-10,steam_store_search,True,True,INTERSECTION,True,,v55134,r132837,Mahoutsukai no Yome: Seika no Maboroshi to Yumemiru Tabiji,complete,True,The Ancient Magus' Bride Midsummer Pilgrimage,$36.30,False,https://store.steampowered.com/app/3349510/,https://vndb.org/v55134,380,FOUND,The Ancient Magus' Bride Midsummer Pilgrimage,1759276800000,1786132828461,2026-08-08T12:07:45.053966+00:00
3606360,Everybody Wants My Girl,2025-10-03,2025-10,steam_store_search,True,True,INTERSECTION,True,,v17153,r135219,Dare mo ga Kanojo o Neratteru.,complete,True,Everybody Wants My Girl,$14.99,False,https://store.steampowered.com/app/3606360/,https://vndb.org/v17153,2150,FOUND,Everybody Wants My Girl,1759449600000,1786132828461,2026-08-08T12:07:45.053966+00:00
3366940,Lover Interface,2025-10-03,2025-10,steam_store_search,True,True,INTERSECTION,True,,v55232,r133105,Lover Interface,complete,True,Lover Interface,$10.99,False,https://store.steampowered.com/app/3366940/,https://vndb.org/v55232,33,FOUND,Lover Interface,1759449600000,1786132828461,2026-08-08T12:07:45.053966+00:00
3847750,Throne of Hearts: Rise from the Nightmare,2025-10-03,2025-10,steam_store_search,True,True,INTERSECTION,True,,v58241,r139455,Throne of Hearts: Rise from the Nightmare,complete,True,Throne of Hearts: Rise from the Nightmare,$7.00,False,https://store.steampowered.com/app/3847750/,https://vndb.org/v58241,43,FOUND,Throne of Hearts: Rise from the Nightmare,1759276800000,1786132828461,2026-08-08T12:07:45.053966+00:00
3451930,"Tricks, Treats and Mirrors - An EoG Side Story",2025-10-03,2025-10,steam_store_search,True,True,INTERSECTION,True,,v52835,r127621,"Tricks, Treats and Mirrors - An EoG Side Story",complete,True,"Tricks, Treats and Mirrors - An EoG Side Story",Free,True,https://store.steampowered.com/app/3451930/,https://vndb.org/v52835,161,FOUND,"Tricks, Treats and Mirrors - An EoG Side Story",1759449600000,1786132828461,2026-08-08T12:07:45.053966+00:00
3620740,Paper Kite: Threads of Longing,2025-10-04,2025-10,steam_store_search,True,True,INTERSECTION,True,,v55726,r134171,Weiwan Xinjian: Zhiyuan,complete,True,Paper Kite: Threads of Longing,$9.99,False,https://store.steampowered.com/app/3620740/,https://vndb.org/v55726,2897,FOUND,Paper Kite: Threads of Longing,1759536000000,1786132828461,2026-08-08T12:07:45.053966+00:00
3294690,Yomegami: My Sweet Goddess,2025-10-07,2025-10,steam_store_search,True,True,INTERSECTION,True,,v19686,r109819,Yomegami: My Sweet Goddess!,complete,True,Yomegami: My Sweet Goddess,$19.99,False,https://store.steampowered.com/app/3294690/,https://vndb.org/v19686,966,FOUND,Yomegami: My Sweet Goddess,1759795200000,1786132828461,2026-08-08T12:07:45.053966+00:00
4038000,Don’t Make Her Open Her Eyes!,2025-10-08,2025-10,steam_store_search,True,True,INTERSECTION,True,,v59870,r143121,Don’t Make Her Open Her Eyes!,complete,True,Don’t Make Her Open Her Eyes!,$2.99,False,https://store.steampowered.com/app/4038000/,https://vndb.org/v59870,79,FOUND,Don’t Make Her Open Her Eyes!,1759973900821,1786132828461,2026-08-08T12:07:45.053966+00:00
4034290,VHS Romance,2025-10-08,2025-10,steam_store_search,True,True,INTERSECTION,True,,v59873,r143124,VHS Romance,complete,True,VHS Romance,$9.99,False,https://store.steampowered.com/app/4034290/,https://vndb.org/v59873,49,FOUND,VHS Romance,1759881600000,1786132828461,2026-08-08T12:07:45.053966+00:00
4002520,アルタイル号の殺人,2025-10-08,2025-10,steam_store_search,True,True,INTERSECTION,True,,v50124,r121179;r162071,Altair Gou no Satsujin,complete,True,アルタイル号の殺人,$10.99,False,https://store.steampowered.com/app/4002520/,https://vndb.org/v50124,349,FOUND,アルタイル号の殺人,1759991641216,1786132828461,2026-08-08T12:07:45.053966+00:00
3005930,BatteryNote,2025-10-09,2025-10,steam_store_search,True,True,INTERSECTION,True,,v58538,r140060,BatteryNote,complete,True,BatteryNote,$11.99,False,https://store.steampowered.com/app/3005930/,https://vndb.org/v58538,3038,FOUND,BatteryNote,1759968000000,1786132828461,2026-08-08T12:07:45.053966+00:00
3910540,Tar and Feather,2025-10-09,2025-10,steam_store_search,True,True,INTERSECTION,True,,v59733,r142824,Tar and Feather,complete,True,Tar and Feather,$2.99,False,https://store.steampowered.com/app/3910540/,https://vndb.org/v59733,20,FOUND,Tar and Feather,1760074384070,1786132828461,2026-08-08T12:07:45.053966+00:00
1728290,Decide 4 God,2025-10-11,2025-10,steam_store_search,True,True,INTERSECTION,True,,v32669,r84295,Decide 4 God,complete,True,Decide 4 God,$29.99,False,https://store.steampowered.com/app/1728290/,https://vndb.org/v32669,734,FOUND,Decide 4 God,1760140800000,1786132828461,2026-08-08T12:07:45.053966+00:00
3114280,Eternal ONE,2025-10-11,2025-10,steam_store_search,True,True,INTERSECTION,True,,v57184,r143240,Eternal ONE,complete,True,Eternal ONE,$4.99,False,https://store.steampowered.com/app/3114280/,https://vndb.org/v57184,94,FOUND,Eternal ONE,1760234030363,1786132828461,2026-08-08T12:07:45.053966+00:00
1788160,House Ghost,2025-10-12,2025-10,steam_store_search,True,True,INTERSECTION,True,,v58471,r139932,House Ghost,complete,True,House Ghost,$4.99,False,https://store.steampowered.com/app/1788160/,https://vndb.org/v58471,80,FOUND,House Ghost,1760313600000,1786132828461,2026-08-08T12:07:45.053966+00:00
3389200,我的恋爱逃生攻略 Love to Live,2025-10-13,2025-10,steam_store_search,True,True,INTERSECTION,True,,v54856,r132209,Wo de Lian'ai Taosheng Gonglve,complete,True,我的恋爱逃生攻略 Love to Live,$9.99,False,https://store.steampowered.com/app/3389200/,https://vndb.org/v54856,23755,FOUND,我的恋爱逃生攻略 Love to Live,1760424566417,1786132828461,2026-08-08T12:07:45.053966+00:00
4007780,Autumn Rail,2025-10-15,2025-10,steam_store_search,True,True,INTERSECTION,True,,v60140,r143708,Autumn Rail,complete,True,Autumn Rail,$5.99,False,https://store.steampowered.com/app/4007780/,https://vndb.org/v60140,36,FOUND,Autumn Rail,1760661822995,1786132828461,2026-08-08T12:07:45.053966+00:00
3280110,GHOST TRAVELER: Adventures in Edo,2025-10-15,2025-10,steam_store_search,True,True,INTERSECTION,True,,v54132,r130587,Tensei Yuukaku: Ghost Traveler,complete,True,GHOST TRAVELER: Adventures in Edo,$24.99,False,https://store.steampowered.com/app/3280110/,https://vndb.org/v54132,82,FOUND,GHOST TRAVELER: Adventures in Edo,1760486400000,1786132828461,2026-08-08T12:07:45.053966+00:00
4036110,Mobile Murder Mystery,2025-10-16,2025-10,steam_store_search,True,True,INTERSECTION,True,,v60107,r143645,Mobile Murder Mystery,complete,True,Mobile Murder Mystery,Free,True,https://store.steampowered.com/app/4036110/,https://vndb.org/v60107,1886,FOUND,Mobile Murder Mystery,1760673871948,1786132828461,2026-08-08T12:07:45.053966+00:00
3443640,Detective Araka,2025-10-17,2025-10,steam_store_search,True,True,INTERSECTION,True,,v58707,r140424,Inkai Tantei Araka ~JK Taimaishi Mystery-fu ADV~,complete,True,Detective Araka,$11.99,False,https://store.steampowered.com/app/3443640/,https://vndb.org/v58707,1109,FOUND,Detective Araka,1760659200000,1786132828461,2026-08-08T12:07:45.053966+00:00
3858510,Mutual Harrow,2025-10-17,2025-10,steam_store_search,True,True,INTERSECTION,True,,v60104,r143639,Mutual Harrow,complete,True,Mutual Harrow,$2.99,False,https://store.steampowered.com/app/3858510/,https://vndb.org/v60104,246,FOUND,Mutual Harrow,1760761082281,1786132828461,2026-08-08T12:07:45.053966+00:00
3960930,Umbral Crown: Mark,2025-10-17,2025-10,steam_store_search,True,True,INTERSECTION,True,,v60881,r145645;r145646,Umbral Crown: Mark,complete,True,Umbral Crown: Mark,Free,True,https://store.steampowered.com/app/3960930/,https://vndb.org/v60881,550,FOUND,Umbral Crown: Mark,1760659200000,1786132828461,2026-08-08T12:07:45.053966+00:00
3438840,Kill Ralph,2025-10-21,2025-10,steam_store_search,True,True,INTERSECTION,True,,v59845,r143071,Kill Ralph,complete,True,Kill Ralph,$6.99,False,https://store.steampowered.com/app/3438840/,https://vndb.org/v59845,1041,FOUND,Kill Ralph,1761004800000,1786132828461,2026-08-08T12:07:45.053966+00:00
3877760,Twincantation,2025-10-22,2025-10,steam_store_search,True,True,INTERSECTION,True,,v60185,r143859,Twincantation,complete,True,Twincantation,-60%,False,https://store.steampowered.com/app/3877760/,https://vndb.org/v60185,567,FOUND,Twincantation,1761091200000,1786132828461,2026-08-08T12:07:45.053966+00:00
3793430,X.E.H.A. Rogue,2025-10-22,2025-10,steam_store_search,True,True,INTERSECTION,True,,v60210,r143994,X.E.H.A. Rogue,complete,True,X.E.H.A. Rogue,$1.99,False,https://store.steampowered.com/app/3793430/,https://vndb.org/v60210,15,FOUND,X.E.H.A. Rogue,1761205752027,1786132828461,2026-08-08T12:07:45.053966+00:00
3851750,US Visual Novel,2025-10-23,2025-10,steam_store_search,True,True,INTERSECTION,True,,v60221,r144028,US Visual Novel,complete,True,US Visual Novel,$9.99,False,https://store.steampowered.com/app/3851750/,https://vndb.org/v60221,15,FOUND,US Visual Novel,1761291155556,1786132828461,2026-08-08T12:07:45.053966+00:00
3848620,渣男游戏,2025-10-23,2025-10,steam_store_search,True,True,INTERSECTION,True,,v60246,r144122,Zha Nan Youxi,complete,True,渣男游戏,$9.99,False,https://store.steampowered.com/app/3848620/,https://vndb.org/v60246,75,FOUND,渣男游戏,1761293627766,1786132828461,2026-08-08T12:07:45.053966+00:00
3516580,Ballshit,2025-10-24,2025-10,steam_store_search,True,True,INTERSECTION,True,,v60202,r143948,Wu Ji Zhi Tan,complete,True,Ballshit,-20%,False,https://store.steampowered.com/app/3516580/,https://vndb.org/v60202,3338,FOUND,Ballshit,1761264000000,1786132828461,2026-08-08T12:07:45.053966+00:00
3466660,Isekai Revitalizer,2025-10-24,2025-10,steam_store_search,True,True,INTERSECTION,True,,v26551,r132526,"Tanezuke Ojisan Isekai e ~Haramase-shi Tanemaki Gonzou, Elf no Sato e Nagaretsuku Hen~",complete,True,Isekai Revitalizer,$14.99,False,https://store.steampowered.com/app/3466660/,https://vndb.org/v26551,945,FOUND,Isekai Revitalizer,1761264000000,1786132828461,2026-08-08T12:07:45.053966+00:00
3691640,Love Craft,2025-10-24,2025-10,steam_store_search,True,True,INTERSECTION,True,,v60211,r144000,Love Craft,complete,True,Love Craft,$9.99,False,https://store.steampowered.com/app/3691640/,https://vndb.org/v60211,3325,FOUND,Love Craft,1761363787433,1786132828461,2026-08-08T12:07:45.053966+00:00
4015120,Luce Spenta,2025-10-24,2025-10,steam_store_search,True,True,INTERSECTION,True,,v59794,r142990;r142991,Luce Spenta,complete;trial,True,Luce Spenta,-20%,False,https://store.steampowered.com/app/4015120/,https://vndb.org/v59794,691,FOUND,Luce Spenta,1761264000000,1786132828461,2026-08-08T12:07:45.053966+00:00
4052180,Cold Verdict 3,2025-10-27,2025-10,steam_store_search,True,True,INTERSECTION,True,,v60275,r144268,Cold Verdict 3,complete,True,Cold Verdict 3,$2.99,False,https://store.steampowered.com/app/4052180/,https://vndb.org/v60275,74,FOUND,Cold Verdict 3,1761523200000,1786132828461,2026-08-08T12:07:45.053966+00:00
3489460,Loop//Error,2025-10-27,2025-10,steam_store_search,True,True,INTERSECTION,True,,v60274,r144267,Loop//Error,complete,True,Loop//Error,$2.99,False,https://store.steampowered.com/app/3489460/,https://vndb.org/v60274,833,FOUND,Loop//Error,1761523200000,1786132828461,2026-08-08T12:07:45.053966+00:00
2937500,Making Friends,2025-10-27,2025-10,steam_store_search,True,True,INTERSECTION,True,,v34472,r88535,Making Friends,complete,True,Making Friends,$4.99,False,https://store.steampowered.com/app/2937500/,https://vndb.org/v34472,30,FOUND,Making Friends,1761626033124,1786132828461,2026-08-08T12:07:45.053966+00:00
2920010,Comet Angel,2025-10-28,2025-10,steam_store_search,True,True,INTERSECTION,True,,v52857,r127664,Comet Angel,complete,True,Comet Angel,$7.99,False,https://store.steampowered.com/app/2920010/,https://vndb.org/v52857,257,FOUND,Comet Angel,1761609600000,1786132828461,2026-08-08T12:07:45.053966+00:00
4013450,Doki Doki: School of Muscular Finance,2025-10-28,2025-10,steam_store_search,True,True,INTERSECTION,True,,v59731,r142815;r151474,Doki Doki: Mengnan Jinrong Xueyuan,complete,True,Doki Doki: School of Muscular Finance,$19.99,False,https://store.steampowered.com/app/4013450/,https://vndb.org/v59731,70,FOUND,Doki Doki: School of Muscular Finance,1761708434737,1786132828461,2026-08-08T12:07:45.053966+00:00
3700580,Livber: Smoke and Mirrors,2025-10-28,2025-10,steam_store_search,True,True,INTERSECTION,True,,v56179,r135151,Livber: Smoke and Mirrors,complete,True,Livber: Smoke and Mirrors,-50%,False,https://store.steampowered.com/app/3700580/,https://vndb.org/v56179,737,FOUND,Livber: Smoke and Mirrors,1761609600000,1786132828461,2026-08-08T12:07:45.053966+00:00
2920880,Truth Universally Acknowledged,2025-10-28,2025-10,steam_store_search,True,True,INTERSECTION,True,,v54459,r131281,Truth Universally Acknowledged,complete,True,Truth Universally Acknowledged,$4.99,False,https://store.steampowered.com/app/2920880/,https://vndb.org/v54459,97,FOUND,Truth Universally Acknowledged,1761727892471,1786132828461,2026-08-08T12:07:45.053966+00:00
3838280,极乐妹土！3,2025-10-28,2025-10,steam_store_search,True,True,INTERSECTION,True,,v21766,r142083,Imouto Paradise! 3 ~Onii-chan to Gonin no Imouto no Sugo~ku! Ecchi Shimakuri na Mainichi~,complete,True,极乐妹土！3,$24.99,False,https://store.steampowered.com/app/3838280/,https://vndb.org/v21766,3459,FOUND,极乐妹土！3,1761609600000,1786132828461,2026-08-08T12:07:45.053966+00:00
3287600,D.C. Re:tune,2025-10-29,2025-10,steam_store_search,True,True,INTERSECTION,True,,v264,r131137,D.C. ~Da Capo~,complete,True,D.C. Re:tune,$59.99,False,https://store.steampowered.com/app/3287600/,https://vndb.org/v264,936,FOUND,D.C. Re:tune,1761696000000,1786132828461,2026-08-08T12:07:45.053966+00:00
2967730,THE SACRED MEMORY,2025-10-29,2025-10,steam_store_search,True,True,INTERSECTION,True,,v50554,r122236,THE SACRED MEMORY,complete,True,THE SACRED MEMORY,$1.99,False,https://store.steampowered.com/app/2967730/,https://vndb.org/v50554,301,FOUND,THE SACRED MEMORY,1761609600000,1786132828461,2026-08-08T12:07:45.053966+00:00
3357980,回ル！ハッカー探偵,2025-10-29,2025-10,steam_store_search,True,True,INTERSECTION,True,,v60283,r144296,Kairu! HakkaTantei,complete,True,回ル！ハッカー探偵,Free,True,https://store.steampowered.com/app/3357980/,https://vndb.org/v60283,1295,FOUND,回ル！ハッカー探偵,1761696000000,1786132828461,2026-08-08T12:07:45.053966+00:00
3639970,神椿學園新聞部(KAMITSUBAKI ACADEMY NEWSPAPER CLUB),2025-10-29,2025-10,steam_store_search,True,True,INTERSECTION,True,,v55733,r134190,Kamitsubaki Gakuen Shinbunbu,complete,True,神椿學園新聞部(KAMITSUBAKI ACADEMY NEWSPAPER CLUB),$29.99,False,https://store.steampowered.com/app/3639970/,https://vndb.org/v55733,1549,FOUND,神椿學園新聞部(KAMITSUBAKI ACADEMY NEWSPAPER CLUB),1761696000000,1786132828461,2026-08-08T12:07:45.053966+00:00
3054820,DevilConnection,2025-10-30,2025-10,steam_store_search,True,True,INTERSECTION,True,,v61726,r147501,Devil Connection,complete,True,DevilConnection,$16.66,False,https://store.steampowered.com/app/3054820/,https://vndb.org/v61726,29397,FOUND,DevilConnection,1761782400000,1786132828461,2026-08-08T12:07:45.053966+00:00
3658600,Foxy Trouble,2025-10-30,2025-10,steam_store_search,True,True,INTERSECTION,True,,v60302,r144347,Ai Shang!Xiao Hu Niang,complete,True,Foxy Trouble,$2.99,False,https://store.steampowered.com/app/3658600/,https://vndb.org/v60302,866,FOUND,Foxy Trouble,1761904349442,1786132828461,2026-08-08T12:07:45.053966+00:00
3891500,Re: promise - Promise of Linaria,2025-10-30,2025-10,steam_store_search,True,True,INTERSECTION,True,,v59188,r141422,Re: promise ~Linaria no Yakusoku~,complete,True,Re: promise - Promise of Linaria,$19.99,False,https://store.steampowered.com/app/3891500/,https://vndb.org/v59188,28,FOUND,Re: promise - Promise of Linaria,1761782400000,1786132828461,2026-08-08T12:07:45.053966+00:00
3975790,連呪,2025-10-30,2025-10,steam_store_search,True,True,INTERSECTION,True,,v60048,r143499,Renzu,complete,True,連呪,$59.99,False,https://store.steampowered.com/app/3975790/,https://vndb.org/v60048,15,FOUND,連呪,1761812429257,1786132828461,2026-08-08T12:07:45.053966+00:00
3943990,Callana's Misery,2025-10-31,2025-10,steam_store_search,True,True,INTERSECTION,True,,v60610,r145078,Callana's Misery,complete,True,Callana's Misery,$8.99,False,https://store.steampowered.com/app/3943990/,https://vndb.org/v60610,1,FOUND,Callana's Misery,1761959590249,1786132828461,2026-08-08T12:07:45.053966+00:00
3454520,Death Drive,2025-10-31,2025-10,steam_store_search,True,True,INTERSECTION,True,,v54944,r132425,Death Drive,complete,True,Death Drive,Free,True,https://store.steampowered.com/app/3454520/,https://vndb.org/v54944,3491,FOUND,Death Drive,1761961546691,1786132828461,2026-08-08T12:07:45.053966+00:00
2693410,The Reason for Your Smile,2025-10-31,2025-10,steam_store_search,True,True,INTERSECTION,True,,v19320,r104002,Egao no Riyuu,complete,True,The Reason for Your Smile,$14.99,False,https://store.steampowered.com/app/2693410/,https://vndb.org/v19320,697,FOUND,The Reason for Your Smile,1761868800000,1786132828461,2026-08-08T12:07:45.053966+00:00
3422290,The Way We All Go,2025-10-31,2025-10,steam_store_search,True,True,INTERSECTION,True,,v15506,r130765,The Way We All Go,complete,True,The Way We All Go,-30%,False,https://store.steampowered.com/app/3422290/,https://vndb.org/v15506,204,FOUND,The Way We All Go,1761979744711,1786132828461,2026-08-08T12:07:45.053966+00:00
3533290,迷雾岛屿：9号万能试剂,2025-10-31,2025-10,steam_store_search,True,True,INTERSECTION,True,,v60329,r144402,Miwu Daoyu: 9 Hao Wanneng Shiji,complete,True,迷雾岛屿：9号万能试剂,$3.99,False,https://store.steampowered.com/app/3533290/,https://vndb.org/v60329,504,FOUND,迷雾岛屿：9号万能试剂,1761984104489,1786132828461,2026-08-08T12:07:45.053966+00:00
4078030,EVERY MORNING MY ALARM CLOCK KILLS ME,2025-11-01,2025-11,steam_store_search,True,True,INTERSECTION,True,,v57640,r144547,Kazhdoe utro budil'nik menja ubivaet,complete,True,EVERY MORNING MY ALARM CLOCK KILLS ME,$0.99,False,https://store.steampowered.com/app/4078030/,https://vndb.org/v57640,1642,FOUND,EVERY MORNING MY ALARM CLOCK KILLS ME,1762136436103,1786132828461,2026-08-08T12:07:45.053966+00:00
4088400,Hello my World! Lily.,2025-11-01,2025-11,steam_store_search,True,True,INTERSECTION,True,,v60108,r143647,"Privet, moj Mir! Lili.",complete,True,Hello my World! Lily.,Free,True,https://store.steampowered.com/app/4088400/,https://vndb.org/v60108,1786,FOUND,Hello my World! Lily.,1761955200000,1786132828461,2026-08-08T12:07:45.053966+00:00
3736150,氷点下30度の絶望,2025-11-02,2025-11,steam_store_search,True,True,INTERSECTION,True,,v58104,r139200,Hyoutenka 30° no Zetsubou,complete,True,氷点下30度の絶望,Free,True,https://store.steampowered.com/app/3736150/,https://vndb.org/v58104,23334,FOUND,氷点下30度の絶望,1762041600000,1786132828461,2026-08-08T12:07:45.053966+00:00
3536080,Dark Cage1：Reincarnation For Salvation,2025-11-03,2025-11,steam_store_search,True,True,INTERSECTION,True,,v59947,r143289,Lishijie Xueyuan 1: Zhongmo Lunhui Jiushu,complete,True,Dark Cage1：Reincarnation For Salvation,$4.99,False,https://store.steampowered.com/app/3536080/,https://vndb.org/v59947,154,FOUND,Dark Cage1：Reincarnation For Salvation,1761955200000,1786132828461,2026-08-08T12:07:45.053966+00:00
4076360,ThroneBreaker : Iron Crown,2025-11-03,2025-11,steam_store_search,True,True,INTERSECTION,True,,v60472,r144656,ThroneBreaker : Iron Crown,complete,True,ThroneBreaker : Iron Crown,$2.99,False,https://store.steampowered.com/app/4076360/,https://vndb.org/v60472,36,FOUND,ThroneBreaker : Iron Crown,1762242116658,1786132828461,2026-08-08T12:07:45.053966+00:00
4016920,唯独记得我 WHO I AM,2025-11-03,2025-11,steam_store_search,True,True,INTERSECTION,True,,v60050,r143501;r144851,Wei Du Ji De Wo,complete,True,唯独记得我 WHO I AM,$1.99,False,https://store.steampowered.com/app/4016920/,https://vndb.org/v60050,96,FOUND,唯独记得我 WHO I AM,1762245540678,1786132828461,2026-08-08T12:07:45.053966+00:00
3040110,Outsider,2025-11-04,2025-11,steam_store_search,True,True,INTERSECTION,True,,v54808,r132046,Outsider,complete,True,Outsider,$12.99,False,https://store.steampowered.com/app/3040110/,https://vndb.org/v54808,76,FOUND,Outsider,1762322207469,1786132828461,2026-08-08T12:07:45.053966+00:00
3761560,Rising Odds,2025-11-04,2025-11,steam_store_search,True,True,INTERSECTION,True,,v59021,r141044,Rising Odds,complete,True,Rising Odds,-20%,False,https://store.steampowered.com/app/3761560/,https://vndb.org/v59021,140,FOUND,Rising Odds,1762325635054,1786132828461,2026-08-08T12:07:45.053966+00:00
3582360,Snowfall's Mystery,2025-11-04,2025-11,steam_store_search,True,True,INTERSECTION,True,,v60416,r144548;r144594,Snowfall's Mystery,complete;trial,True,Snowfall's Mystery,$2.99,False,https://store.steampowered.com/app/3582360/,https://vndb.org/v60416,1644,FOUND,Snowfall's Mystery,1762327728131,1786132828461,2026-08-08T12:07:45.053966+00:00
3725910,London: Echoes of the Past,2025-11-05,2025-11,steam_store_search,True,True,INTERSECTION,True,,v56419,r135707,London Jiu Ying：xin di zhi shi,complete,True,London: Echoes of the Past,$6.99,False,https://store.steampowered.com/app/3725910/,https://vndb.org/v56419,4846,FOUND,London: Echoes of the Past,1762300800000,1786132828461,2026-08-08T12:07:45.053966+00:00
4109060,Oblivio: Lost In The World,2025-11-05,2025-11,steam_store_search,True,True,INTERSECTION,True,,v60473,r144657,Oblivio: Lost In The World,complete,True,Oblivio: Lost In The World,$1.49,False,https://store.steampowered.com/app/4109060/,https://vndb.org/v60473,57,FOUND,Oblivio: Lost In The World,1762214400000,1786132828461,2026-08-08T12:07:45.053966+00:00
3637820,Addy,2025-11-06,2025-11,steam_store_search,True,True,INTERSECTION,True,,v60474,r144660,Addy,complete,True,Addy,$4.99,False,https://store.steampowered.com/app/3637820/,https://vndb.org/v60474,74,FOUND,Addy,1762475920988,1786132828461,2026-08-08T12:07:45.053966+00:00
3865150,Tiny Shadows Interwoven Hearts,2025-11-06,2025-11,steam_store_search,True,True,INTERSECTION,True,,v58650,r156965,"Xiaoxiao de Shenying, Chongdie de Neixin",complete,True,Tiny Shadows Interwoven Hearts,Free,True,https://store.steampowered.com/app/3865150/,https://vndb.org/v58650,63887,FOUND,Tiny Shadows Interwoven Hearts,1762387200000,1786132828461,2026-08-08T12:07:45.053966+00:00
3035620,Tuna Rice,2025-11-06,2025-11,vndb_steam_release,True,True,INTERSECTION,True,,v46093,r144610,Tuna Rice,complete,True,Tuna Rice,Free,True,https://store.steampowered.com/app/3035620/,https://vndb.org/v46093,,NOT_FOUND,,,,2026-08-08T12:07:45.053966+00:00
3690570,Ms Vampire Love to Date with Me,2025-11-07,2025-11,steam_store_search,True,True,INTERSECTION,True,,v60508,r144756,Xixuegui Daxiaojie Xiang he Wo Tanlian'ai,complete,True,Ms Vampire Love to Date with Me,-15%,False,https://store.steampowered.com/app/3690570/,https://vndb.org/v60508,575,FOUND,Ms Vampire Love to Date with Me,1762473600000,1786132828461,2026-08-08T12:07:45.053966+00:00
3383360,Sibling Souls,2025-11-07,2025-11,steam_store_search,True,True,INTERSECTION,True,,v54733,r131853;r137930,Sibling Souls,complete;trial,True,Sibling Souls,-30%,False,https://store.steampowered.com/app/3383360/,https://vndb.org/v54733,256,FOUND,Sibling Souls,1762473600000,1786132828461,2026-08-08T12:07:45.053966+00:00
3922750,UBAI: To Take Another Man's Property,2025-11-07,2025-11,steam_store_search,True,True,INTERSECTION,True,,v15581,r142216,"Ubai ~Hito no Onna, Urimasu~",complete,True,UBAI: To Take Another Man's Property,$14.99,False,https://store.steampowered.com/app/3922750/,https://vndb.org/v15581,1837,FOUND,UBAI: To Take Another Man's Property,1762473600000,1786132828461,2026-08-08T12:07:45.053966+00:00
3790640,Criminally Yours,2025-11-08,2025-11,steam_store_search,True,True,INTERSECTION,True,,v55025,r141100,Criminally Yours,complete,True,Criminally Yours,$4.99,False,https://store.steampowered.com/app/3790640/,https://vndb.org/v55025,2387,FOUND,Criminally Yours,1762738958878,1786132828461,2026-08-08T12:07:45.053966+00:00
3143300,Amairo Chocolate 3,2025-11-10,2025-11,steam_store_search,True,True,INTERSECTION,True,,v41339,r124954,Amairo Chocolata 3,complete,True,Amairo Chocolate 3,$29.99,False,https://store.steampowered.com/app/3143300/,https://vndb.org/v41339,2255,FOUND,Amairo Chocolate 3,1762732800000,1786132828461,2026-08-08T12:07:45.053966+00:00
4122860,Z.A.T.O. // I Love the World and Everything In It,2025-11-10,2025-11,steam_store_search,True,True,INTERSECTION,True,,v58641,r140289,Z.A.T.O. // I Love the World and Everything In It,complete,True,Z.A.T.O. // I Love the World and Everything In It,Free,True,https://store.steampowered.com/app/4122860/,https://vndb.org/v58641,186971,FOUND,Z.A.T.O. // I Love the World and Everything In It,1762732800000,1786132828461,2026-08-08T12:07:45.053966+00:00
4108010,The Girl In White,2025-11-12,2025-11,steam_store_search,True,True,INTERSECTION,True,,v59484,r142324,The Girl In White,complete,True,The Girl In White,$7.99,False,https://store.steampowered.com/app/4108010/,https://vndb.org/v59484,55,FOUND,The Girl In White,1762732800000,1786132828461,2026-08-08T12:07:45.053966+00:00
3751890,我的26岁女房客：在云端(My 26-Year-Old Female Tenant),2025-11-12,2025-11,steam_store_search,True,True,INTERSECTION,True,,v60569,r144952,Wo de 26 Sui Nu Fangke: Zai Yunduan,complete,True,我的26岁女房客：在云端(My 26-Year-Old Female Tenant),$9.99,False,https://store.steampowered.com/app/3751890/,https://vndb.org/v60569,29668,FOUND,我的26岁女房客：在云端(My 26-Year-Old Female Tenant),1763020428411,1786132828461,2026-08-08T12:07:45.053966+00:00
4006140,Trail of Stars,2025-11-13,2025-11,steam_store_search,True,True,INTERSECTION,True,,v54616,r131645,Trail of Stars,complete,True,Trail of Stars,Free,True,https://store.steampowered.com/app/4006140/,https://vndb.org/v54616,1566,FOUND,Trail of Stars,1762992000000,1786132828461,2026-08-08T12:07:45.053966+00:00
3976490,A Christmas Carol: But With Anime Girls,2025-11-14,2025-11,steam_store_search,True,True,INTERSECTION,True,,v59893,r143168,A Christmas Carol: But With Anime Girls,complete,True,A Christmas Carol: But With Anime Girls,$3.99,False,https://store.steampowered.com/app/3976490/,https://vndb.org/v59893,15,FOUND,A Christmas Carol: But With Anime Girls,1762992000000,1786132828461,2026-08-08T12:07:45.053966+00:00
2551380,Beyond R: Rule Ripper,2025-11-14,2025-11,steam_store_search,True,True,INTERSECTION,True,,v39825,r142501;r145879,Beyond R: Rule Ripper,complete;trial,True,Beyond R: Rule Ripper,-30%,False,https://store.steampowered.com/app/2551380/,https://vndb.org/v39825,551,FOUND,Beyond R: Rule Ripper,1763078400000,1786132828461,2026-08-08T12:07:45.053966+00:00
3396670,I Write Games Not Tragedies,2025-11-14,2025-11,steam_store_search,True,True,INTERSECTION,True,,v60660,r145222,I Write Games Not Tragedies,complete,True,I Write Games Not Tragedies,$12.99,False,https://store.steampowered.com/app/3396670/,https://vndb.org/v60660,729,FOUND,I Write Games Not Tragedies,1763177803501,1786132828461,2026-08-08T12:07:45.053966+00:00
4113920,Prometheus in a jar,2025-11-14,2025-11,steam_store_search,True,True,INTERSECTION,True,,v60574,r144964,Gang Zhong de Puluo Mi Xiu Si,complete,True,Prometheus in a jar,Free,True,https://store.steampowered.com/app/4113920/,https://vndb.org/v60574,695,FOUND,Prometheus in a jar,1763078400000,1786132828461,2026-08-08T12:07:45.053966+00:00
3805930,イツワリの令嬢少年,2025-11-14,2025-11,steam_store_search,True,True,INTERSECTION,True,,v63801,r152835,Itsuwari no Reijou Shounen,complete,True,イツワリの令嬢少年,Free,True,https://store.steampowered.com/app/3805930/,https://vndb.org/v63801,212,FOUND,イツワリの令嬢少年,1763078400000,1786132828461,2026-08-08T12:07:45.053966+00:00
2622330,Alternate Tales of Ryukyu:Bonds of the Red Sakura Trees,2025-11-17,2025-11,steam_store_search,True,True,INTERSECTION,True,,v33578,r144517,Ryuukyuu Ibun: Shuou no Kei,complete,True,Alternate Tales of Ryukyu:Bonds of the Red Sakura Trees,$8.99,False,https://store.steampowered.com/app/2622330/,https://vndb.org/v33578,30,FOUND,Alternate Tales of Ryukyu:Bonds of the Red Sakura Trees,1763337600000,1786132828461,2026-08-08T12:07:45.053966+00:00
3928710,Busty Barrister Barbara,2025-11-17,2025-11,steam_store_search,True,True,INTERSECTION,True,,v60593,r145035,Busty Barrister Barbara,complete,True,Busty Barrister Barbara,$4.99,False,https://store.steampowered.com/app/3928710/,https://vndb.org/v60593,1,FOUND,Busty Barrister Barbara,1763428356578,1786132828461,2026-08-08T12:07:45.053966+00:00
3742820,Home Sweet Homecoming,2025-11-17,2025-11,steam_store_search,True,True,INTERSECTION,True,,v24935,r136812,E School Life,complete,True,Home Sweet Homecoming,$24.99,False,https://store.steampowered.com/app/3742820/,https://vndb.org/v24935,1235,FOUND,Home Sweet Homecoming,1763337600000,1786132828461,2026-08-08T12:07:45.053966+00:00
4040810,Stay Alive For Me,2025-11-17,2025-11,steam_store_search,True,True,INTERSECTION,True,,v60580,r144988,Stay Alive For Me,complete,True,Stay Alive For Me,Free,True,https://store.steampowered.com/app/4040810/,https://vndb.org/v60580,450,FOUND,Stay Alive For Me,1763337600000,1786132828461,2026-08-08T12:07:45.053966+00:00
4093430,茧房Echo,2025-11-17,2025-11,steam_store_search,True,True,INTERSECTION,True,,v60592,r145034,Jian Fang,complete,True,茧房Echo,$1.99,False,https://store.steampowered.com/app/4093430/,https://vndb.org/v60592,15,FOUND,茧房Echo,1763366685038,1786132828461,2026-08-08T12:07:45.053966+00:00
2075510,AIXIN: Goddess' Love,2025-11-18,2025-11,steam_store_search,True,True,INTERSECTION,True,,v59393,r142067,Millennium of Liross: Goddess' Love,complete,True,AIXIN: Goddess' Love,-36%,False,https://store.steampowered.com/app/2075510/,https://vndb.org/v59393,664,FOUND,AIXIN: Goddess' Love,1763424000000,1786132828461,2026-08-08T12:07:45.053966+00:00
3399200,Billie Beetleneck -A detective tale-,2025-11-18,2025-11,steam_store_search,True,True,INTERSECTION,True,,v60584,r145004,Billie Beetleneck -A detective tale-,complete,True,Billie Beetleneck -A detective tale-,Free,True,https://store.steampowered.com/app/3399200/,https://vndb.org/v60584,297,FOUND,Billie Beetleneck -A detective tale-,1763514353881,1786132828461,2026-08-08T12:07:45.053966+00:00
3731020,Five Hearts Under One Roof season2,2025-11-18,2025-11,steam_store_search,True,True,INTERSECTION,True,,v58838,r140670,Hasugsaengi Jeonbu Minyeoibnidaman? SEASON 2,complete,True,Five Hearts Under One Roof season2,-25%,False,https://store.steampowered.com/app/3731020/,https://vndb.org/v58838,83344,FOUND,Five Hearts Under One Roof season2,1763519972444,1786132828461,2026-08-08T12:07:45.053966+00:00
4011850,Good Morning My Darling,2025-11-18,2025-11,steam_store_search,True,True,INTERSECTION,True,,v60571,r144954,Good Morning My Darling,complete,True,Good Morning My Darling,Free,True,https://store.steampowered.com/app/4011850/,https://vndb.org/v60571,519,FOUND,Good Morning My Darling,1763424000000,1786132828461,2026-08-08T12:07:45.053966+00:00
3248420,My Love for You is Evermore,2025-11-19,2025-11,steam_store_search,True,True,INTERSECTION,True,,v31200,r144585,My Love for You Is Evermore,complete,True,My Love for You is Evermore,$24.99,False,https://store.steampowered.com/app/3248420/,https://vndb.org/v31200,64,FOUND,My Love for You is Evermore,1763612324365,1786132828461,2026-08-08T12:07:45.053966+00:00
4099090,Where the Heart Rests,2025-11-19,2025-11,steam_store_search,True,True,INTERSECTION,True,,v60444,r144606,Where the Heart Rests,complete,True,Where the Heart Rests,$11.99,False,https://store.steampowered.com/app/4099090/,https://vndb.org/v60444,63,FOUND,Where the Heart Rests,1763623768833,1786132828461,2026-08-08T12:07:45.053966+00:00
4134120,エスケープゴート ～吾妻衛士の冤罪～,2025-11-19,2025-11,steam_store_search,True,True,INTERSECTION,True,,v59800,r144535,Escapegoat ~Azuma Eiji no Enzai~,complete,True,エスケープゴート ～吾妻衛士の冤罪～,$12.99,False,https://store.steampowered.com/app/4134120/,https://vndb.org/v59800,159,FOUND,エスケープゴート ～吾妻衛士の冤罪～,1763624538130,1786132828461,2026-08-08T12:07:45.053966+00:00
3651010,高中生模拟器The Existence Theory of the No.13 High School,2025-11-19,2025-11,steam_store_search,True,True,INTERSECTION,True,,v60611,r145079,Gaozhongsheng Moniqi,complete,True,高中生模拟器The Existence Theory of the No.13 High School,$5.99,False,https://store.steampowered.com/app/3651010/,https://vndb.org/v60611,435,FOUND,高中生模拟器The Existence Theory of the No.13 High School,1763510400000,1786132828461,2026-08-08T12:07:45.053966+00:00
2425680,The Witch In The Woods,2025-11-20,2025-11,steam_store_search,True,True,INTERSECTION,True,,v44938,r107945,Lin Zhong Nüwu,complete,True,The Witch In The Woods,$4.99,False,https://store.steampowered.com/app/2425680/,https://vndb.org/v44938,528,FOUND,The Witch In The Woods,1763596800000,1786132828461,2026-08-08T12:07:45.053966+00:00
4028620,Alibi for love,2025-11-21,2025-11,steam_store_search,True,True,INTERSECTION,True,,v60463,r144629,Lian'ai de Buzaichang Zhengming,complete,True,Alibi for love,$0.99,False,https://store.steampowered.com/app/4028620/,https://vndb.org/v60463,80,FOUND,Alibi for love,1763798808471,1786132828461,2026-08-08T12:07:45.053966+00:00
2113350,Heartspell: Horizon Academy,2025-11-21,2025-11,steam_store_search,True,True,INTERSECTION,True,,v52452,r126799,Heartspell: Horizon Academy,complete,True,Heartspell: Horizon Academy,$19.99,False,https://store.steampowered.com/app/2113350/,https://vndb.org/v52452,2303,FOUND,Heartspell: Horizon Academy,1763683200000,1786132828461,2026-08-08T12:07:45.053966+00:00
4105570,FUSHA2 Nocturnal Fishing,2025-11-24,2025-11,steam_store_search,True,True,INTERSECTION,True,,v66502,r159533,FuSha 2 Yediao,complete,True,FUSHA2 Nocturnal Fishing,$1.99,False,https://store.steampowered.com/app/4105570/,https://vndb.org/v66502,167,FOUND,FUSHA2  Nocturnal Fishing,1764057236897,1786132828461,2026-08-08T12:07:45.053966+00:00
3513190,File Tricks,2025-11-24,2025-11,steam_store_search,True,True,INTERSECTION,True,,v60619,r145114,Dang'an Guiji,complete,True,File Tricks,$4.99,False,https://store.steampowered.com/app/3513190/,https://vndb.org/v60619,81,FOUND,File Tricks,1763942400000,1786132828461,2026-08-08T12:07:45.053966+00:00
3709790,Zerowake GATES,2025-11-25,2025-11,steam_store_search,True,True,INTERSECTION,True,,v61020,r145852,Jeroweikeu Geiteu,complete,True,Zerowake GATES,Free,True,https://store.steampowered.com/app/3709790/,https://vndb.org/v61020,15929,FOUND,Zerowake GATES,1764028800000,1786132828461,2026-08-08T12:07:45.053966+00:00
2689930,"Detective Instinct: Farewell, My Beloved",2025-11-26,2025-11,steam_store_search,True,True,INTERSECTION,True,,v52017,r125772,"Detective Instinct: Farewell, My Beloved",complete,True,"Detective Instinct: Farewell, My Beloved",$19.99,False,https://store.steampowered.com/app/2689930/,https://vndb.org/v52017,8743,FOUND,"Detective Instinct: Farewell, My Beloved",1764115200000,1786132828461,2026-08-08T12:07:45.053966+00:00
4144840,Doctor Visit,2025-11-26,2025-11,steam_store_search,True,True,INTERSECTION,True,,v60689,r145285,Doctor Visit,complete,True,Doctor Visit,$5.99,False,https://store.steampowered.com/app/4144840/,https://vndb.org/v60689,15,FOUND,Doctor Visit,1764209562372,1786132828461,2026-08-08T12:07:45.053966+00:00
2656440,Knight Case Files,2025-11-26,2025-11,steam_store_search,True,True,INTERSECTION,True,,v47805,r114841;r119890,Knight Case Files,complete;trial,True,Knight Case Files,$14.99,False,https://store.steampowered.com/app/2656440/,https://vndb.org/v47805,113,FOUND,Knight Case Files,1764115200000,1786132828461,2026-08-08T12:07:45.053966+00:00
4156430,Next Please,2025-11-26,2025-11,steam_store_search,True,True,INTERSECTION,True,,v60688,r145284,Next Please,complete,True,Next Please,$5.99,False,https://store.steampowered.com/app/4156430/,https://vndb.org/v60688,15,FOUND,Next Please,1764220996962,1786132828461,2026-08-08T12:07:45.053966+00:00
3987860,風雨来記5,2025-11-26,2025-11,steam_store_search,True,True,INTERSECTION,True,,v55197,r143494,Fuuraiki 5,complete,True,風雨来記5,$59.99,False,https://store.steampowered.com/app/3987860/,https://vndb.org/v55197,314,FOUND,風雨来記5,1764235830094,1786132828461,2026-08-08T12:07:45.053966+00:00
3427870,"I Will Never Fall For My Tsundere Classmate, So I Will Just Date A Background Character Instead!",2025-11-27,2025-11,steam_store_search,True,True,INTERSECTION,True,,v58314,r139574,"I Will Never Fall For My Tsundere Classmate, So I Will Just Date A Background Character Instead!",complete,True,"I Will Never Fall For My Tsundere Classmate, So I Will Just Date A Background Character Instead!",Free,True,https://store.steampowered.com/app/3427870/,https://vndb.org/v58314,2391,FOUND,"I Will Never Fall For My Tsundere Classmate, So I Will Just Date A Background Character Instead!",1764201600000,1786132828461,2026-08-08T12:07:45.053966+00:00
3850870,Knights College 2,2025-11-27,2025-11,steam_store_search,True,True,INTERSECTION,True,,v60690,r145286,Knights College 2,complete,True,Knights College 2,$24.99,False,https://store.steampowered.com/app/3850870/,https://vndb.org/v60690,9357,FOUND,Knights College 2,1764388712077,1786132828461,2026-08-08T12:07:45.053966+00:00
3825890,MELON PARKER -We are Whatever Club!-,2025-11-27,2025-11,steam_store_search,True,True,INTERSECTION,True,,v58851,r140696,Melon Parker ~Kimi ga Nandemo-bu no Buchou-san!~,complete,True,MELON PARKER -We are Whatever Club!-,-30%,False,https://store.steampowered.com/app/3825890/,https://vndb.org/v58851,1,FOUND,MELON PARKER -We are Whatever Club!-,1764401672631,1786132828461,2026-08-08T12:07:45.053966+00:00
3357480,Space is Red,2025-11-27,2025-11,steam_store_search,True,True,INTERSECTION,True,,v4104,r130960,Krasnyj kosmos,complete,True,Space is Red,$6.99,False,https://store.steampowered.com/app/3357480/,https://vndb.org/v4104,360,FOUND,Space is Red,1764201600000,1786132828461,2026-08-08T12:07:45.053966+00:00
3895980,The Case of the Catacombs: A Tale from Atruxia,2025-11-27,2025-11,steam_store_search,True,True,INTERSECTION,True,,v60692,r145287,The Case of the Catacombs: A Tale from Atruxia,complete,True,The Case of the Catacombs: A Tale from Atruxia,$1.99,False,https://store.steampowered.com/app/3895980/,https://vndb.org/v60692,76,FOUND,The Case of the Catacombs: A Tale from Atruxia,1764201600000,1786132828461,2026-08-08T12:07:45.053966+00:00
3915200,我非圣贤 / 我非聖賢,2025-11-27,2025-11,steam_store_search,True,True,INTERSECTION,True,,v61452,r146856,Wo Fei Shengxian,complete,True,我非圣贤 / 我非聖賢,Free,True,https://store.steampowered.com/app/3915200/,https://vndb.org/v61452,3049,FOUND,我非圣贤 / 我非聖賢,1764402150203,1786132828461,2026-08-08T12:07:45.053966+00:00
4100060,线缘交织-世道-,2025-11-27,2025-11,steam_store_search,True,True,INTERSECTION,True,,v60507,r144755,Xianyuan Jiaozhi -Shidao-,complete,True,线缘交织-世道-,$9.99,False,https://store.steampowered.com/app/4100060/,https://vndb.org/v60507,1,FOUND,线缘交织-世道-,1764402456838,1786132828461,2026-08-08T12:07:45.053966+00:00
3476730,Killer Chat! - Original Edition,2025-11-28,2025-11,steam_store_search,True,True,INTERSECTION,True,,v52995,r127875,Killer Chat!,complete,True,Killer Chat! - Original Edition,Free,True,https://store.steampowered.com/app/3476730/,https://vndb.org/v52995,87186,FOUND,Killer Chat! - Original Edition,1764288000000,1786132828461,2026-08-08T12:07:45.053966+00:00
4076470,La Fille aux Pommes / The Apple Girl,2025-11-28,2025-11,steam_store_search,True,True,INTERSECTION,True,,v56506,r135878,La Fille aux Pommes,complete,True,La Fille aux Pommes / The Apple Girl,$4.99,False,https://store.steampowered.com/app/4076470/,https://vndb.org/v56506,295,FOUND,La Fille aux Pommes / The Apple Girl,1764288000000,1786132828461,2026-08-08T12:07:45.053966+00:00
2937520,Sacred Earth - Reverie,2025-11-28,2025-11,steam_store_search,True,True,INTERSECTION,True,,v60097,r143610;r143611,Sacred Earth - Reverie,complete;trial,True,Sacred Earth - Reverie,$19.99,False,https://store.steampowered.com/app/2937520/,https://vndb.org/v60097,277,FOUND,Sacred Earth - Reverie,1764201600000,1786132828461,2026-08-08T12:07:45.053966+00:00
3795270,荧惑焚心录Yinghuo,2025-11-28,2025-11,steam_store_search,True,True,INTERSECTION,True,,v60757,r145437,Yinghuo Fen Xin Lu,complete,True,荧惑焚心录Yinghuo,$3.99,False,https://store.steampowered.com/app/3795270/,https://vndb.org/v60757,102,FOUND,荧惑焚心录Yinghuo,1764402496218,1786132828461,2026-08-08T12:07:45.053966+00:00
4164560,五重心跳 Five Heartbeats,2025-11-30,2025-11,vndb_steam_release,True,True,INTERSECTION,True,,v60603,r145062;r148489,Wu Chong Xintiao,complete;trial,True,五重心跳 Five Heartbeats,,False,https://store.steampowered.com/app/4164560/,https://vndb.org/v60603,,NOT_FOUND,,,,2026-08-08T12:07:45.053966+00:00
3049110,The Father's Story,2025-12-01,2025-12,steam_store_search,True,True,INTERSECTION,True,,v60573,r144960,The Father's Story,complete,True,The Father's Story,$3.37,False,https://store.steampowered.com/app/3049110/,https://vndb.org/v60573,20,FOUND,The Father's Story,1764547200000,1786132828461,2026-08-08T12:07:45.053966+00:00
4129000,Yuletide Regicide,2025-12-01,2025-12,steam_store_search,True,True,INTERSECTION,True,,v60727,r145371,Yuletide Regicide,complete,True,Yuletide Regicide,Free,True,https://store.steampowered.com/app/4129000/,https://vndb.org/v60727,611,FOUND,Yuletide Regicide,1764578680074,1786132828461,2026-08-08T12:07:45.053966+00:00
3765590,我的高冷女友 MY COLD GIRLFRIEND,2025-12-01,2025-12,steam_store_search,True,True,INTERSECTION,True,,v56624,r136231,Wo de Gaoleng Nüyou,complete,True,我的高冷女友 MY COLD GIRLFRIEND,$1.99,False,https://store.steampowered.com/app/3765590/,https://vndb.org/v56624,12902,FOUND,我的高冷女友 MY COLD GIRLFRIEND,1764547200000,1786132828461,2026-08-08T12:07:45.053966+00:00
4182230,A Singular Portrait,2025-12-02,2025-12,steam_store_search,True,True,INTERSECTION,True,,v60756,r145431,Um Singular Retrato,complete,True,A Singular Portrait,$5.99,False,https://store.steampowered.com/app/4182230/,https://vndb.org/v60756,39,FOUND,A Singular Portrait,1764747428129,1786132828461,2026-08-08T12:07:45.053966+00:00
4111490,Dual Magic Universe:YONG XINGYING,2025-12-02,2025-12,steam_store_search,True,True,INTERSECTION,True,,v60758,r145438,Shuangchong Mofa Yuzhou: Yong Xingying,complete,True,Dual Magic Universe:YONG XINGYING,$4.99,False,https://store.steampowered.com/app/4111490/,https://vndb.org/v60758,1,FOUND,Dual Magic Universe:YONG XINGYING,1764749492940,1786132828461,2026-08-08T12:07:45.053966+00:00
4089750,Space Novel: Forsaken Cargo,2025-12-02,2025-12,steam_store_search,True,True,INTERSECTION,True,,v60936,r145710,Space Novel: Forsaken Cargo,complete,True,Space Novel: Forsaken Cargo,$5.99,False,https://store.steampowered.com/app/4089750/,https://vndb.org/v60936,30,FOUND,Space Novel: Forsaken Cargo,1764633600000,1786132828461,2026-08-08T12:07:45.053966+00:00
4175380,Presidential Shaman,2025-12-03,2025-12,steam_store_search,True,True,INTERSECTION,True,,v60937,r145711,Presidential Shaman,complete,True,Presidential Shaman,$5.99,False,https://store.steampowered.com/app/4175380/,https://vndb.org/v60937,1,FOUND,Presidential Shaman,1764824952173,1786132828461,2026-08-08T12:07:45.053966+00:00
4093400,Sisterly Bliss ~Don't Let Mom Find Out~,2025-12-03,2025-12,steam_store_search,True,True,INTERSECTION,True,,v13107,r145465,Tsui Yuri ~Okaa-san ni wa Naisho da yo~,complete,True,Sisterly Bliss ~Don't Let Mom Find Out~,$24.99,False,https://store.steampowered.com/app/4093400/,https://vndb.org/v13107,1193,FOUND,Sisterly Bliss ~Don't Let Mom Find Out~,1764720000000,1786132828461,2026-08-08T12:07:45.053966+00:00
4043300,Winterlight - Where silence says it all,2025-12-03,2025-12,steam_store_search,True,True,INTERSECTION,True,,v60595,r145046,Winterlight - Where silence says it all,complete,True,Winterlight - Where silence says it all,$4.99,False,https://store.steampowered.com/app/4043300/,https://vndb.org/v60595,30,FOUND,Winterlight - Where silence says it all,1764720000000,1786132828461,2026-08-08T12:07:45.053966+00:00
4116190,Mi primer amor,2025-12-04,2025-12,steam_store_search,True,True,INTERSECTION,True,,v61028,r145865,Mi Primer Amor,complete,True,Mi primer amor,$3.99,False,https://store.steampowered.com/app/4116190/,https://vndb.org/v61028,123,FOUND,Mi primer amor,1764908415188,1786132828461,2026-08-08T12:07:45.053966+00:00
4155500,Elezion,2025-12-05,2025-12,steam_store_search,True,True,INTERSECTION,True,,v60939,r145713,Elezion,complete,True,Elezion,$3.99,False,https://store.steampowered.com/app/4155500/,https://vndb.org/v60939,15,FOUND,Elezion,1764892800000,1786132828461,2026-08-08T12:07:45.053966+00:00
1421250,Tiny Bunny,2025-12-05,2025-12,steam_store_search,True,True,INTERSECTION,True,,v21418;v64946,r155785;r77636,Zajchik;Zajchik: Rebuild,complete,True,Tiny Bunny,-32%,False,https://store.steampowered.com/app/1421250/,https://vndb.org/v21418,539433,FOUND,Tiny Bunny,1764892800000,1786132828461,2026-08-08T12:07:45.053966+00:00
3136880,我与她们的大学画相,2025-12-05,2025-12,steam_store_search,True,True,INTERSECTION,True,,v52288,r126386,Wo yu Tamen de Daxue Huaxiang,complete,True,我与她们的大学画相,$3.99,False,https://store.steampowered.com/app/3136880/,https://vndb.org/v52288,2145,FOUND,我与她们的大学画相,1765007313378,1786132828461,2026-08-08T12:07:45.053966+00:00
2750780,月华辉映之刻,2025-12-05,2025-12,steam_store_search,True,True,INTERSECTION,True,,v50851,r123154,Yuehua Huiying zhi Ke,complete,True,月华辉映之刻,$11.99,False,https://store.steampowered.com/app/2750780/,https://vndb.org/v50851,74906,FOUND,月华辉映之刻,1764892800000,1786132828461,2026-08-08T12:07:45.053966+00:00
4065050,bygone snow,2025-12-06,2025-12,steam_store_search,True,True,INTERSECTION,True,,v59480,r142321,bygone snow,complete,True,bygone snow,Free,True,https://store.steampowered.com/app/4065050/,https://vndb.org/v59480,2390,FOUND,bygone snow,1764892800000,1786132828461,2026-08-08T12:07:45.053966+00:00
3563380,Mari's Magical Deliveries,2025-12-08,2025-12,steam_store_search,True,True,INTERSECTION,True,,v44669,r135744,Mari's Magical Deliveries,complete,True,Mari's Magical Deliveries,$4.99,False,https://store.steampowered.com/app/3563380/,https://vndb.org/v44669,49,FOUND,Mari's Magical Deliveries,1765152000000,1786132828461,2026-08-08T12:07:45.053966+00:00
3741640,Pippa and Your Phantasmal Problem,2025-12-08,2025-12,steam_store_search,True,True,INTERSECTION,True,,v52955,r127833;r155634,Pippa and Your Phantasmal Problem,complete,True,Pippa and Your Phantasmal Problem,Free,True,https://store.steampowered.com/app/3741640/,https://vndb.org/v52955,1596,FOUND,Pippa and Your Phantasmal Problem,1765263522670,1786132828461,2026-08-08T12:07:45.053966+00:00
3738050,The Ice Cream Culprit,2025-12-08,2025-12,steam_store_search,True,True,INTERSECTION,True,,v51776,r125281;r154014,The Ice Cream Culprit,complete,True,The Ice Cream Culprit,Free,True,https://store.steampowered.com/app/3738050/,https://vndb.org/v51776,2229,FOUND,The Ice Cream Culprit,1765271189012,1786132828461,2026-08-08T12:07:45.053966+00:00
4190630,Обо: Шоу Теней,2025-12-08,2025-12,steam_store_search,True,True,INTERSECTION,True,,v60940,r145714,Obo: Shou Tenej,complete,True,Обо: Шоу Теней,Free,True,https://store.steampowered.com/app/4190630/,https://vndb.org/v60940,935,FOUND,Обо: Шоу Теней,1765276655431,1786132828461,2026-08-08T12:07:45.053966+00:00
3987620,Love Limit,2025-12-09,2025-12,steam_store_search,True,True,INTERSECTION,True,,v51561,r124837,Love Limit,complete,True,Love Limit,Free,True,https://store.steampowered.com/app/3987620/,https://vndb.org/v51561,1760,FOUND,Love Limit,1765342780925,1786132828461,2026-08-08T12:07:45.053966+00:00
3991720,Sisters Connect,2025-12-10,2025-12,steam_store_search,True,True,INTERSECTION,True,,v53538,r144314,Xiangyao Sushuo de Xinyi,complete,True,Sisters Connect,$15.99,False,https://store.steampowered.com/app/3991720/,https://vndb.org/v53538,2637,FOUND,Sisters Connect,1765432350973,1786132828461,2026-08-08T12:07:45.053966+00:00
4209810,Cadentia Farnese,2025-12-11,2025-12,steam_store_search,True,True,INTERSECTION,True,,v61026,r145861,Cadentia Farnese,complete,True,Cadentia Farnese,Free,True,https://store.steampowered.com/app/4209810/,https://vndb.org/v61026,124,FOUND,Cadentia Farnese,1765588411564,1786132828461,2026-08-08T12:07:45.053966+00:00
3811040,Femboy Streamer,2025-12-11,2025-12,steam_store_search,True,True,INTERSECTION,True,,v60502,r144748,Femboy Streamer,complete,True,Femboy Streamer,$11.99,False,https://store.steampowered.com/app/3811040/,https://vndb.org/v60502,252,FOUND,Femboy Streamer,1765411200000,1786132828461,2026-08-08T12:07:45.053966+00:00
3807440,Taste of the Sea,2025-12-11,2025-12,steam_store_search,True,True,INTERSECTION,True,,v59366,r141961,Taste of the Sea,complete,True,Taste of the Sea,-30%,False,https://store.steampowered.com/app/3807440/,https://vndb.org/v59366,58,FOUND,Taste of the Sea,1765522930129,1786132828461,2026-08-08T12:07:45.053966+00:00
4154800,아테네 학원 ~사랑과 진리의 변증법적 검증~,2025-12-11,2025-12,steam_store_search,True,True,INTERSECTION,True,,v59075,r141159,Atene Hagwon ~ Saranggwa Jilliui Byeonjeungbeopjeok Geomjeung ~,complete,True,아테네 학원 ~사랑과 진리의 변증법적 검증~,Free,True,https://store.steampowered.com/app/4154800/,https://vndb.org/v59075,162,FOUND,아테네 학원 ~사랑과 진리의 변증법적 검증~,1765152000000,1786132828461,2026-08-08T12:07:45.053966+00:00
4141140,Dark Nights - Reflections,2025-12-12,2025-12,steam_store_search,True,True,INTERSECTION,True,,v23714,r139835,Dark Nights,complete,True,Dark Nights - Reflections,$7.20,False,https://store.steampowered.com/app/4141140/,https://vndb.org/v23714,868,FOUND,Dark Nights - Reflections,1765497600000,1786132828461,2026-08-08T12:07:45.053966+00:00
3835610,Enshrined: Sword of Fates,2025-12-12,2025-12,steam_store_search,True,True,INTERSECTION,True,,v59687,r142747,Enshrined: Sword of Fates,complete,True,Enshrined: Sword of Fates,$7.99,False,https://store.steampowered.com/app/3835610/,https://vndb.org/v59687,872,FOUND,Enshrined: Sword of Fates,1765497600000,1786132828461,2026-08-08T12:07:45.053966+00:00
3628380,SAS：绝响诡计 | Case 0 风暴蝴蝶,2025-12-12,2025-12,steam_store_search,True,True,INTERSECTION,True,,v61035,r145890,SAS: Juexiang Guiji | Case 0 Fengbao Hudie,complete,True,SAS：绝响诡计 | Case 0 风暴蝴蝶,Free,True,https://store.steampowered.com/app/3628380/,https://vndb.org/v61035,13472,FOUND,SAS：绝响诡计 | Case 0 风暴蝴蝶,1765603433087,1786132828461,2026-08-08T12:07:45.053966+00:00
3813140,This Winter of Ours,2025-12-12,2025-12,steam_store_search,True,True,INTERSECTION,True,,v54651,r145885;r147299,This Winter of Ours,complete,True,This Winter of Ours,Free,True,https://store.steampowered.com/app/3813140/,https://vndb.org/v54651,5553,FOUND,This Winter of Ours,1765497600000,1786132828461,2026-08-08T12:07:45.053966+00:00
3429850,Winter Heat,2025-12-12,2025-12,steam_store_search,True,True,INTERSECTION,True,,v54231,r133515,Winter Heat,complete,True,Winter Heat,$19.99,False,https://store.steampowered.com/app/3429850/,https://vndb.org/v54231,84,FOUND,Winter Heat,1765610520689,1786132828461,2026-08-08T12:07:45.053966+00:00
4056350,Serene Night Dreamlight,2025-12-13,2025-12,steam_store_search,True,True,INTERSECTION,True,,v60200,r143935,Baiye Mengqing,complete,True,Serene Night Dreamlight,Free,True,https://store.steampowered.com/app/4056350/,https://vndb.org/v60200,1525,FOUND,Serene Night Dreamlight,1765694533710,1786132828461,2026-08-08T12:07:45.053966+00:00
3971880,NEKO-NIN exHeart SPIN! LOVE+PLUS,2025-12-14,2025-12,steam_store_search,True,True,INTERSECTION,True,,v53385,r135566,Neko-nin exHeart SPIN! LOVE+PLUS,complete,True,NEKO-NIN exHeart SPIN! LOVE+PLUS,$5.99,False,https://store.steampowered.com/app/3971880/,https://vndb.org/v53385,543,FOUND,NEKO-NIN exHeart SPIN! LOVE+PLUS,1765756800000,1786132828461,2026-08-08T12:07:45.053966+00:00
4186480,На недельку до второго,2025-12-14,2025-12,steam_store_search,True,True,INTERSECTION,True,,v61228,r146288,Na nedel'ku do vtorogo,complete,True,На недельку до второго,$4.99,False,https://store.steampowered.com/app/4186480/,https://vndb.org/v61228,488,FOUND,На недельку до второго,1765670400000,1786132828461,2026-08-08T12:07:45.053966+00:00
3981550,The Tiny World,2025-12-15,2025-12,steam_store_search,True,True,INTERSECTION,True,,v60841,r145592,Malen'kij Mir,complete,True,The Tiny World,$4.99,False,https://store.steampowered.com/app/3981550/,https://vndb.org/v60841,350,FOUND,The Tiny World,1765756800000,1786132828461,2026-08-08T12:07:45.053966+00:00
3943440,WAGAMAMA HIGH SPEC OC,2025-12-15,2025-12,steam_store_search,True,True,INTERSECTION,True,,v20524,r123215;r145149,Wagamama High Spec OC,complete,True,WAGAMAMA HIGH SPEC OC,-20%,False,https://store.steampowered.com/app/3943440/,https://vndb.org/v20524,1050,FOUND,WAGAMAMA HIGH SPEC OC,1765756800000,1786132828461,2026-08-08T12:07:45.053966+00:00
4184500,Growing Apart From Yuika,2025-12-17,2025-12,steam_store_search,True,True,INTERSECTION,True,,v61231,r146297,Growing Apart From Yuika,complete,True,Growing Apart From Yuika,$5.99,False,https://store.steampowered.com/app/4184500/,https://vndb.org/v61231,1,FOUND,Growing Apart From Yuika,1766114838069,1786132828461,2026-08-08T12:07:45.053966+00:00
3040610,Irresistible Mistakes,2025-12-17,2025-12,steam_store_search,True,True,INTERSECTION,True,,v21036,r142091,Ano Yoru Kara Kimi ni Koi Shiteta,complete,True,Irresistible Mistakes,-30%,False,https://store.steampowered.com/app/3040610/,https://vndb.org/v21036,29,FOUND,Irresistible Mistakes,1766042553951,1786132828461,2026-08-08T12:07:45.053966+00:00
3125150,A Maiden's Serenade,2025-12-18,2025-12,steam_store_search,True,True,INTERSECTION,True,,v11072,r79040,Chiisana Kanojo no Serenade,complete,True,A Maiden's Serenade,$19.99,False,https://store.steampowered.com/app/3125150/,https://vndb.org/v11072,388,FOUND,A Maiden's Serenade,1766016000000,1786132828461,2026-08-08T12:07:45.053966+00:00
1826650,Ahhnalog 112,2025-12-18,2025-12,steam_store_search,True,True,INTERSECTION,True,,v60720,r145357,Ahhnalog 112,complete,True,Ahhnalog 112,$5.99,False,https://store.steampowered.com/app/1826650/,https://vndb.org/v60720,30,FOUND,Ahhnalog 112,1766104924873,1786132828461,2026-08-08T12:07:45.053966+00:00
4047760,Eggshit,2025-12-18,2025-12,steam_store_search,True,True,INTERSECTION,True,,v61232,r146298,You Ji Bu Tan,complete,True,Eggshit,Free,True,https://store.steampowered.com/app/4047760/,https://vndb.org/v61232,747,FOUND,Eggshit,1766016000000,1786132828461,2026-08-08T12:07:45.053966+00:00
4214110,Entwined: The Visual Novel,2025-12-18,2025-12,steam_store_search,True,True,INTERSECTION,True,,v61089,r146038,Entwined: The Visual Novel,complete,True,Entwined: The Visual Novel,$2.99,False,https://store.steampowered.com/app/4214110/,https://vndb.org/v61089,30,FOUND,Entwined: The Visual Novel,1766016000000,1786132828461,2026-08-08T12:07:45.053966+00:00
3785640,Gentle Psycho :: Yan Side,2025-12-18,2025-12,steam_store_search,True,True,INTERSECTION,True,,v56930,r136982,Gentle Psycho :: Yan Side,complete,True,Gentle Psycho :: Yan Side,-20%,False,https://store.steampowered.com/app/3785640/,https://vndb.org/v56930,363,FOUND,Gentle Psycho :: Yan Side,1766198182200,1786132828461,2026-08-08T12:07:45.053966+00:00
3109240,Fallen Seeds II,2025-12-19,2025-12,vndb_steam_release,True,True,INTERSECTION,True,,v58440,r139884;r146411,Fallen Seeds II,complete;trial,True,Fallen Seeds II,,False,https://store.steampowered.com/app/3109240/,https://vndb.org/v58440,,NOT_FOUND,,,,2026-08-08T12:07:45.053966+00:00
4041240,LOVEPICAL-POPPY!,2025-12-19,2025-12,steam_store_search,True,True,INTERSECTION,True,,v48420,r144699,LOVEPICAL-POPPY!,complete,True,LOVEPICAL-POPPY!,$29.99,False,https://store.steampowered.com/app/4041240/,https://vndb.org/v48420,6100,FOUND,LOVEPICAL-POPPY!,1766202416900,1786132828461,2026-08-08T12:07:45.053966+00:00
3789180,Mass of Consumption,2025-12-20,2025-12,steam_store_search,True,True,INTERSECTION,True,,v58344,r139649,Mass of Consumption,complete,True,Mass of Consumption,$4.99,False,https://store.steampowered.com/app/3789180/,https://vndb.org/v58344,36,FOUND,Mass of Consumption,1766291032533,1786132828461,2026-08-08T12:07:45.053966+00:00
3896070,30 minutes until my brain dies,2025-12-22,2025-12,steam_store_search,True,True,INTERSECTION,True,,v61277,r146397,30 minutes until my brain dies,complete,True,30 minutes until my brain dies,$0.99,False,https://store.steampowered.com/app/3896070/,https://vndb.org/v61277,75,FOUND,30 minutes until my brain dies,1766448260356,1786132828461,2026-08-08T12:07:45.053966+00:00
3495110,A Killer Chat! Christmas,2025-12-22,2025-12,steam_store_search,True,True,INTERSECTION,True,,v54199,r146405,A Very Killer Chat! Christmas,complete,True,A Killer Chat! Christmas,$9.99,False,https://store.steampowered.com/app/3495110/,https://vndb.org/v54199,2445,FOUND,A Killer Chat! Christmas,1766448437206,1786132828461,2026-08-08T12:07:45.053966+00:00
4059600,Coffee Fox: Kim Sam-wol,2025-12-22,2025-12,steam_store_search,True,True,INTERSECTION,True,,v59255,r141599;r155558,Coffee Yeou Kim Samwol,complete,True,Coffee Fox: Kim Sam-wol,$16.99,False,https://store.steampowered.com/app/4059600/,https://vndb.org/v59255,32,FOUND,Coffee Fox: Kim Sam-wol,1766476959588,1786132828461,2026-08-08T12:07:45.053966+00:00
4229050,Error: Girlfriend Not Found,2025-12-22,2025-12,steam_store_search,True,True,INTERSECTION,True,,v60965,r145763,Error: Girlfriend Not Found,complete,True,Error: Girlfriend Not Found,$0.99,False,https://store.steampowered.com/app/4229050/,https://vndb.org/v60965,201,FOUND,Error: Girlfriend Not Found,1766455466755,1786132828461,2026-08-08T12:07:45.053966+00:00
4043890,Monroe Murders,2025-12-22,2025-12,steam_store_search,True,True,INTERSECTION,True,,v61286,r146414,Monroe Murders,complete,True,Monroe Murders,$5.99,False,https://store.steampowered.com/app/4043890/,https://vndb.org/v61286,41,FOUND,Monroe Murders,1766464658523,1786132828461,2026-08-08T12:07:45.053966+00:00
3102750,The happiness of maggots,2025-12-22,2025-12,steam_store_search,True,True,INTERSECTION,True,,v61317,r146476,Quchong de Xingfu,complete,True,The happiness of maggots,$4.99,False,https://store.steampowered.com/app/3102750/,https://vndb.org/v61317,858,FOUND,The happiness of maggots,1766476699969,1786132828461,2026-08-08T12:07:45.053966+00:00
4159200,蛆虫的幸福：腐甲病,2025-12-22,2025-12,steam_store_search,True,True,INTERSECTION,True,,v61318,r146478,Quchong de Xingfu: Fu Jia Bing,complete,True,蛆虫的幸福：腐甲病,$0.99,False,https://store.steampowered.com/app/4159200/,https://vndb.org/v61318,79,FOUND,蛆虫的幸福：腐甲病,1766476699978,1786132828461,2026-08-08T12:07:45.053966+00:00
4031490,Kissrim,2025-12-24,2025-12,steam_store_search,True,True,INTERSECTION,True,,v56400,r141087,Kissrim,complete,True,Kissrim,$17.99,False,https://store.steampowered.com/app/4031490/,https://vndb.org/v56400,242,FOUND,Kissrim,1766658221729,1786132828461,2026-08-08T12:07:45.053966+00:00
3790060,Bound Between Desks,2025-12-25,2025-12,steam_store_search,True,True,INTERSECTION,True,,v67400,r161689,Bound Between Desks,complete,True,Bound Between Desks,Free,True,https://store.steampowered.com/app/3790060/,https://vndb.org/v67400,774,FOUND,Bound Between Desks,1766620800000,1786132828461,2026-08-08T12:07:45.053966+00:00
4222340,Denpa Nightmares,2025-12-25,2025-12,steam_store_search,True,True,INTERSECTION,True,,v61284,r146412,Dianbo Yeyin Meng,complete,True,Denpa Nightmares,Free,True,https://store.steampowered.com/app/4222340/,https://vndb.org/v61284,3571,FOUND,Denpa Nightmares,1766620800000,1786132828461,2026-08-08T12:07:45.053966+00:00
3521800,The Gilded Lady: Life and Love in a Cyborg Shop,2025-12-26,2025-12,vndb_steam_release,True,True,INTERSECTION,True,,v61838,r147714;r147715,The Gilded Lady: Life and Love in a Cyborg Shop,complete;trial,True,The Gilded Lady: Life and Love in a Cyborg Shop,,False,https://store.steampowered.com/app/3521800/,https://vndb.org/v61838,,NOT_FOUND,,,,2026-08-08T12:07:45.053966+00:00
3709950,光芒世界·暗影中的少女,2025-12-26,2025-12,steam_store_search,True,True,INTERSECTION,True,,v61250,r146341;r155518,Guangmang Shijie: Anying Zhong de Shaonü,complete,True,光芒世界·暗影中的少女,Free,True,https://store.steampowered.com/app/3709950/,https://vndb.org/v61250,2156,FOUND,光芒世界·暗影中的少女,1766741443252,1786132828461,2026-08-08T12:07:45.053966+00:00
4081900,The Seven Bad Apples,2025-12-27,2025-12,steam_store_search,True,True,INTERSECTION,True,,v61609,r154801,The Seven Bad Apples,complete,True,The Seven Bad Apples,$3.99,False,https://store.steampowered.com/app/4081900/,https://vndb.org/v61609,71,FOUND,The Seven Bad Apples,1766620800000,1786132828461,2026-08-08T12:07:45.053966+00:00
4202570,Killing Magician,2025-12-31,2025-12,steam_store_search,True,True,INTERSECTION,True,,v61129,r146104,Jugineun Mabeopsonyeo,complete,True,Killing Magician,$7.99,False,https://store.steampowered.com/app/4202570/,https://vndb.org/v61129,814,FOUND,Killing Magician,1767052800000,1786132828461,2026-08-08T12:07:45.053966+00:00
3631890,cijian appearance,2025-12-31,2025-12,steam_store_search,True,True,INTERSECTION,True,,v56204,r135211,Ci Jian Xiang,complete,True,cijian appearance,$2.40,False,https://store.steampowered.com/app/3631890/,https://vndb.org/v56204,426,FOUND,cijian appearance,1767255108592,1786132828461,2026-08-08T12:07:45.053966+00:00
4199640,某天成为妹妹,2025-12-31,2025-12,steam_store_search,True,True,INTERSECTION,True,,v60862,r145621,Motian Chengwei Meimei,complete,True,某天成为妹妹,$1.99,False,https://store.steampowered.com/app/4199640/,https://vndb.org/v60862,230,FOUND,某天成为妹妹,1767139200000,1786132828461,2026-08-08T12:07:45.053966+00:00
